key,0,1,2,3
#,Item,Order,Category,SortKey
int32,Item,uint16,CabinetCategory,byte
0,"Gallant Coronet",201,"Class/Job Gear",1
1,"Gallant Surcoat",202,"Class/Job Gear",1
2,"Gallant Cuisses",204,"Class/Job Gear",1
3,"Gallant Gauntlets",203,"Class/Job Gear",1
4,"Gallant Sollerets",205,"Class/Job Gear",1
5,"Temple Circlet",2001,"Class/Job Gear",2
6,"Temple Cyclas",2002,"Class/Job Gear",2
7,"Temple Gaskins",2004,"Class/Job Gear",2
8,"Temple Gloves",2003,"Class/Job Gear",2
9,"Temple Boots",2005,"Class/Job Gear",2
10,"Fighter's Burgeonet",401,"Class/Job Gear",3
11,"Fighter's Cuirass",402,"Class/Job Gear",3
12,"Fighter's Breeches",404,"Class/Job Gear",3
13,"Fighter's Gauntlets",403,"Class/Job Gear",3
14,"Fighter's Jackboots",405,"Class/Job Gear",3
15,"Drachen Armet",1401,"Class/Job Gear",4
16,"Drachen Mail",1402,"Class/Job Gear",4
17,"Drachen Breeches",1404,"Class/Job Gear",4
18,"Drachen Gauntlets",1403,"Class/Job Gear",4
19,"Drachen Greaves",1405,"Class/Job Gear",4
20,"Choral Chapeau",3201,"Class/Job Gear",5
21,"Choral Shirt",3202,"Class/Job Gear",5
22,"Choral Tights",3204,"Class/Job Gear",5
23,"Choral Ringbands",3203,"Class/Job Gear",5
24,"Choral Sandals",3205,"Class/Job Gear",5
25,"Healer's Circlet",5201,"Class/Job Gear",7
26,"Healer's Robe",5202,"Class/Job Gear",7
27,"Healer's Culottes",5204,"Class/Job Gear",7
28,"Healer's Gloves",5203,"Class/Job Gear",7
29,"Healer's Boots",5205,"Class/Job Gear",7
30,"Wizard's Petasos",4201,"Class/Job Gear",8
31,"Wizard's Coat",4202,"Class/Job Gear",8
32,"Wizard's Tonban",4204,"Class/Job Gear",8
33,"Wizard's Gloves",4203,"Class/Job Gear",8
34,"Wizard's Crakows",4205,"Class/Job Gear",8
35,"Dragon Kabuto",37004,"Seasonal Gear 4",44
36,"Crimson Dragon Kabuto",37005,"Seasonal Gear 4",44
37,"Golden Dragon Kabuto",37006,"Seasonal Gear 4",44
38,"Black Dragon Kabuto",37007,"Seasonal Gear 4",44
39,"Paramour's Pendant",38001,"Seasonal Gear 4",55
40,"Platinum Paramour's Pendant",38002,"Seasonal Gear 4",55
41,"Band of Eternal Passion",38003,"Seasonal Gear 4",55
42,"Peach Blossoms",30001,"Seasonal Gear 1",12
43,"Pristine Egg Cap",31001,"Seasonal Gear 1",19
44,"Vibrant Egg Cap",31002,"Seasonal Gear 1",19
45,"Brilliant Egg Cap",31003,"Seasonal Gear 1",19
46,"Midnight Egg Cap",31004,"Seasonal Gear 1",19
47,"Chocobo Egg Cap",31005,"Seasonal Gear 1",19
48,"Pristine Egg Ring",31006,"Seasonal Gear 1",19
49,"Vibrant Egg Ring",31007,"Seasonal Gear 1",19
50,"Brilliant Egg Ring",31008,"Seasonal Gear 1",19
51,"Midnight Egg Ring",31009,"Seasonal Gear 1",19
52,"Chocobo Egg Ring",31010,"Seasonal Gear 1",19
53,"Red Summer Top",33001,"Seasonal Gear 2",26
54,"Green Summer Top",33002,"Seasonal Gear 2",26
55,"Blue Summer Top",33003,"Seasonal Gear 2",26
56,"Solar Summer Top",33004,"Seasonal Gear 2",26
57,"Lunar Summer Top",33005,"Seasonal Gear 2",26
58,"Red Summer Halter",33008,"Seasonal Gear 2",26
59,"Green Summer Halter",33009,"Seasonal Gear 2",26
60,"Blue Summer Halter",33010,"Seasonal Gear 2",26
61,"Solar Summer Halter",33011,"Seasonal Gear 2",26
62,"Lunar Summer Halter",33012,"Seasonal Gear 2",26
63,"Red Summer Trunks",33015,"Seasonal Gear 2",26
64,"Green Summer Trunks",33016,"Seasonal Gear 2",26
65,"Blue Summer Trunks",33017,"Seasonal Gear 2",26
66,"Solar Summer Trunks",33018,"Seasonal Gear 2",26
67,"Lunar Summer Trunks",33019,"Seasonal Gear 2",26
68,"Red Summer Tanga",33022,"Seasonal Gear 2",26
69,"Green Summer Tanga",33023,"Seasonal Gear 2",26
70,"Blue Summer Tanga",33024,"Seasonal Gear 2",26
71,"Solar Summer Tanga",33025,"Seasonal Gear 2",26
72,"Lunar Summer Tanga",33026,"Seasonal Gear 2",26
73,"Pumpkin Head",35001,"Seasonal Gear 3",36
74,"Unripened Pumpkin Head",35002,"Seasonal Gear 3",36
75,"White Pumpkin Head",35003,"Seasonal Gear 3",36
76,"Ripened Pumpkin Head",35004,"Seasonal Gear 3",36
77,"Reindeer Antlers",36001,"Seasonal Gear 4",62
78,"Reindeer Suit",36002,"Seasonal Gear 4",62
79,"Moonlet",36003,"Seasonal Gear 4",62
80,"Patriot's Choker",42014,"Exclusive Extras",83
81,"Lord's Yukata (Blue)",33029,"Seasonal Gear 2",26
82,"Lord's Yukata (Green)",33030,"Seasonal Gear 2",26
83,"Lord's Yukata (Grey)",33031,"Seasonal Gear 2",26
84,"Lady's Yukata (Red)",33032,"Seasonal Gear 2",26
85,"Lady's Yukata (Blue)",33033,"Seasonal Gear 2",26
86,"Lady's Yukata (Black)",33034,"Seasonal Gear 2",26
87,"Lord's Drawers (Black)",33035,"Seasonal Gear 2",26
88,"Lord's Drawers (White)",33036,"Seasonal Gear 2",26
89,"Lord's Drawers (Gold)",33037,"Seasonal Gear 2",26
90,"Lady's Knickers (Black)",33038,"Seasonal Gear 2",26
91,"Lady's Knickers (White)",33039,"Seasonal Gear 2",26
92,"Lady's Knickers (Gold)",33040,"Seasonal Gear 2",26
93,"Lord's Clogs",33041,"Seasonal Gear 2",26
94,"Lady's Clogs",33042,"Seasonal Gear 2",26
95,"Woolen Sugarloaf Hat (Red)",42004,"Exclusive Extras",83
96,"Star-spangled Subligar",42005,"Exclusive Extras",83
97,"Peregrine Helm",42003,"Exclusive Extras",83
98,"Scarf of Wondrous Wit",42013,"Exclusive Extras",83
99,"White Ravens",42012,"Exclusive Extras",83
100,"Butcher's Crown",40101,"Achievements",76
101,"Chronicler's Crown",40601,"Achievements",81
102,"Paragon's Crown",40301,"Achievements",78
103,"Gambler's Crown",40401,"Achievements",79
104,"Saw of the Luminary",40501,"Achievements",80
105,"Hammer of the Luminary",40502,"Achievements",80
106,"Mallet of the Luminary",40503,"Achievements",80
107,"Gavel of the Luminary",40504,"Achievements",80
108,"Knife of the Luminary",40505,"Achievements",80
109,"Needle of the Luminary",40506,"Achievements",80
110,"Alembic of the Luminary",40507,"Achievements",80
111,"Pan of the Luminary",40508,"Achievements",80
112,"Pick of the Luminary",40509,"Achievements",80
113,"Axe of the Luminary",40510,"Achievements",80
114,"Rod of the Luminary",40511,"Achievements",80
115,"Maelstrom Escutcheon",40701,"Achievements",82
116,"Immortal Flames Escutcheon",40703,"Achievements",82
117,"Twin Adder Escutcheon",40702,"Achievements",82
118,"Crimson Standard Earrings",40704,"Achievements",82
119,"Tipping Scales Earrings",40706,"Achievements",82
120,"Lily and Serpent Earrings",40705,"Achievements",82
121,"Crimson Standard Ring",40707,"Achievements",82
122,"Tipping Scales Ring",40709,"Achievements",82
123,"Lily and Serpent Ring",40708,"Achievements",82
124,"Chocobo Mask",40001,"Achievements",75
125,"Dalamud Horn",40002,"Achievements",75
126,"Evoker's Horn",4401,"Class/Job Gear",9
127,"Evoker's Doublet",4402,"Class/Job Gear",9
128,"Evoker's Waistclout",4404,"Class/Job Gear",9
129,"Evoker's Ringbands",4403,"Class/Job Gear",9
130,"Evoker's Thighboots",4405,"Class/Job Gear",9
131,"Scholar's Mortarboard",5401,"Class/Job Gear",10
132,"Scholar's Gown",5402,"Class/Job Gear",10
133,"Scholar's Culottes",5404,"Class/Job Gear",10
134,"Scholar's Gloves",5403,"Class/Job Gear",10
135,"Scholar's Boots",5405,"Class/Job Gear",10
136,"Moogle Cap",42051,"Exclusive Extras",84
137,"Helm of Light",42052,"Exclusive Extras",84
138,"Moogle Earrings",42352,"Exclusive Extras",90
139,"Cactuar Earring",42007,"Exclusive Extras",83
140,"Bomb Earrings",42008,"Exclusive Extras",83
141,"Black Summer Top",42451,"Exclusive Extras",92
142,"Black Summer Trunks",42453,"Exclusive Extras",92
143,"Black Summer Halter",42452,"Exclusive Extras",92
144,"Black Summer Tanga",42454,"Exclusive Extras",92
145,"Ninja Hatsuburi",2601,"Class/Job Gear",6
146,"Ninja Chainmail",2602,"Class/Job Gear",6
147,"Ninja Hakama",2604,"Class/Job Gear",6
148,"Ninja Tekko",2603,"Class/Job Gear",6
149,"Ninja Kyahan",2605,"Class/Job Gear",6
150,"Garlond Goggles",42001,"Exclusive Extras",83
151,"Onion Helm",42002,"Exclusive Extras",83
152,"Asuran Armguards",42351,"Exclusive Extras",90
153,"Hermes' Shoes",42006,"Exclusive Extras",83
154,"Silver Snake Kabuto",37008,"Seasonal Gear 4",44
155,"Uma Kabuto",37051,"Seasonal Gear 4",45
156,"Crimson Uma Kabuto",37052,"Seasonal Gear 4",45
157,"Golden Uma Kabuto",37053,"Seasonal Gear 4",45
158,"Black Uma Kabuto",37054,"Seasonal Gear 4",45
159,"Summer Evening Top",33006,"Seasonal Gear 2",26
160,"Striped Summer Top",33007,"Seasonal Gear 2",26
161,"Summer Morning Halter",33013,"Seasonal Gear 2",26
162,"Striped Summer Halter",33014,"Seasonal Gear 2",26
163,"Summer Evening Trunks",33020,"Seasonal Gear 2",26
164,"Striped Summer Trunks",33021,"Seasonal Gear 2",26
165,"Summer Morning Tanga",33027,"Seasonal Gear 2",26
166,"Striped Summer Tanga",33028,"Seasonal Gear 2",26
167,"The Howling Spirit",35005,"Seasonal Gear 3",36
168,"The Wailing Spirit",35006,"Seasonal Gear 3",36
169,"Paragon's Gown",40111,"Achievements",76
170,"Warlord's Crown",40302,"Achievements",78
171,"Partisan's Crown",40307,"Achievements",78
172,"Master Gladiator's Ring",40102,"Achievements",76
173,"Master Pugilist's Ring",40103,"Achievements",76
174,"Master Marauder's Ring",40104,"Achievements",76
175,"Master Lancer's Ring",40105,"Achievements",76
176,"Master Archer's Ring",40106,"Achievements",76
177,"Master Conjurer's Ring",40108,"Achievements",76
178,"Master Thaumaturge's Ring",40109,"Achievements",76
179,"Master Arcanist's Ring",40110,"Achievements",76
180,"Master Carpenter's Ring",40512,"Achievements",80
181,"Master Blacksmith's Ring",40513,"Achievements",80
182,"Master Armorer's Ring",40514,"Achievements",80
183,"Master Goldsmith's Ring",40515,"Achievements",80
184,"Master Leatherworker's Ring",40516,"Achievements",80
185,"Master Weaver's Ring",40517,"Achievements",80
186,"Master Alchemist's Ring",40518,"Achievements",80
187,"Master Culinarian's Ring",40519,"Achievements",80
188,"Master Miner's Ring",40520,"Achievements",80
189,"Master Botanist's Ring",40521,"Achievements",80
190,"Master Fisher's Ring",40522,"Achievements",80
191,"Crimson Standard Bracelet",40710,"Achievements",82
192,"Lily and Serpent Bracelet",40711,"Achievements",82
193,"Tipping Scales Bracelet",40712,"Achievements",82
194,"Chocobo Suit",40112,"Achievements",76
195,"Ullikummi",7001,"Class/Job Gear",131
196,"Vulcan",7201,"Class/Job Gear",132
197,"Kurdalegon",7401,"Class/Job Gear",133
198,"Urcaguary",7601,"Class/Job Gear",134
199,"Pinga",7801,"Class/Job Gear",135
200,"Clotho",8001,"Class/Job Gear",136
201,"Paracelsus",8201,"Class/Job Gear",137
202,"Chantico",8401,"Class/Job Gear",138
203,"Mammon",9001,"Class/Job Gear",139
204,"Rauni",9201,"Class/Job Gear",140
205,"Halcyon Rod",9401,"Class/Job Gear",141
206,"Blazefire Saber",39051,"Seasonal Gear 5",69
207,"Vega Knuckles",39052,"Seasonal Gear 5",69
208,"l'Cie Bardiche",39053,"Seasonal Gear 5",69
209,"Bladed Lance",39054,"Seasonal Gear 5",69
210,"Starseeker",39055,"Seasonal Gear 5",69
211,"Binding Rod",39056,"Seasonal Gear 5",69
212,"Mog's Staff",39057,"Seasonal Gear 5",69
213,"Grimoire Wing",39058,"Seasonal Gear 5",69
214,"Bohemian's Coat",39059,"Seasonal Gear 5",69
215,"Bohemian's Gloves",39060,"Seasonal Gear 5",69
216,"Bohemian's Trousers",39061,"Seasonal Gear 5",69
217,"Bohemian's Boots",39062,"Seasonal Gear 5",69
218,"Guardian Corps Coat",39063,"Seasonal Gear 5",69
219,"Guardian Corps Gauntlets",39064,"Seasonal Gear 5",69
220,"Guardian Corps Skirt",39065,"Seasonal Gear 5",69
221,"Guardian Corps Boots",39066,"Seasonal Gear 5",69
222,"Thug's Mug",39201,"Seasonal Gear 5",72
223,"Snowman Head",36004,"Seasonal Gear 4",62
224,"Snowman Suit",36005,"Seasonal Gear 4",62
225,"Snowman Mitts",36006,"Seasonal Gear 4",62
226,"Valentione Hat",38051,"Seasonal Gear 4",56
227,"Valentione Apron",38052,"Seasonal Gear 4",56
228,"Valentione Apron Dress",38053,"Seasonal Gear 4",56
229,"Valentione Mitts",38054,"Seasonal Gear 4",56
230,"Valentione Trousers",38055,"Seasonal Gear 4",56
231,"Valentione Skirt",38056,"Seasonal Gear 4",56
232,"Valentione Pattens",38057,"Seasonal Gear 4",56
233,"Lord's Yukata (Blackflame)",33051,"Seasonal Gear 2",27
234,"Lord's Yukata (Whiteflame)",33052,"Seasonal Gear 2",27
235,"Lord's Yukata (Blueflame)",33053,"Seasonal Gear 2",27
236,"Lady's Yukata (Redfly)",33054,"Seasonal Gear 2",27
237,"Lady's Yukata (Bluefly)",33055,"Seasonal Gear 2",27
238,"Lady's Yukata (Pinkfly)",33056,"Seasonal Gear 2",27
239,"Eerie Hat",35051,"Seasonal Gear 3",37
240,"Eerie Robe",35052,"Seasonal Gear 3",37
241,"Eerie Tights",35053,"Seasonal Gear 3",37
242,"Eerie Crakows",35054,"Seasonal Gear 3",37
243,"Pumpkin Earrings",35055,"Seasonal Gear 3",37
244,"The Best Gown Ever",40308,"Achievements",78
245,"Ironworks Fishing Rod",40523,"Achievements",80
246,"Master Rogue's Ring",40107,"Achievements",76
247,"Hitsuji Kabuto",37101,"Seasonal Gear 4",46
248,"Black Hitsuji Kabuto",37102,"Seasonal Gear 4",46
249,"Crimson Hitsuji Kabuto",37103,"Seasonal Gear 4",46
250,"White Hitsuji Kabuto",37104,"Seasonal Gear 4",46
251,"Starlight Sugarloaf Hat",36051,"Seasonal Gear 4",63
252,"Starlight Tunic",36052,"Seasonal Gear 4",63
253,"Starlight Tights",36053,"Seasonal Gear 4",63
254,"Starlight Boots",36054,"Seasonal Gear 4",63
255,"False Mustache",36055,"Seasonal Gear 4",63
256,"",0,"Exclusive Extras",0
257,"",0,"Exclusive Extras",0
258,"",0,"Exclusive Extras",0
259,"",0,"Exclusive Extras",0
260,"Southern Seas Vest",33101,"Seasonal Gear 2",28
261,"Southern Seas Swimsuit",33103,"Seasonal Gear 2",28
262,"Southern Seas Trunks",33105,"Seasonal Gear 2",28
263,"Southern Seas Tanga",33106,"Seasonal Gear 2",28
264,"Striped Southern Seas Vest",33102,"Seasonal Gear 2",28
265,"Striped Southern Seas Swimsuit",33104,"Seasonal Gear 2",28
266,"",0,"Exclusive Extras",0
267,"Baron Helm",42101,"Exclusive Extras",85
268,"Baron Circlet",42102,"Exclusive Extras",85
269,"Baron Earrings",42103,"Exclusive Extras",85
270,"Wild Rose Bandana",42409,"Exclusive Extras",91
271,"Wild Rose Cuirass",42410,"Exclusive Extras",91
272,"Wild Rose Armguards",42411,"Exclusive Extras",91
273,"Wild Rose Breeches",42412,"Exclusive Extras",91
274,"Wild Rose Boots",42413,"Exclusive Extras",91
275,"Field Commander's Helm",40201,"Achievements",77
276,"Field Commander's Coat",40202,"Achievements",77
277,"Field Commander's Gloves",40203,"Achievements",77
278,"Field Commander's Slops",40204,"Achievements",77
279,"Field Commander's Boots",40205,"Achievements",77
280,"Slime Earrings",39202,"Seasonal Gear 5",72
281,"Goblin Cap",42455,"Exclusive Extras",92
282,"Dodo Earring",42009,"Exclusive Extras",83
283,"King Slime Crown",39203,"Seasonal Gear 5",72
284,"Fat Chocobo Head",42456,"Exclusive Extras",92
285,"Strife Vest",42401,"Exclusive Extras",91
286,"Strife Gloves",42402,"Exclusive Extras",91
287,"Strife Bags",42403,"Exclusive Extras",91
288,"Strife Boots",42404,"Exclusive Extras",91
289,"Peach Blossom Choker",30052,"Seasonal Gear 1",13
290,"Egg Earrings",31051,"Seasonal Gear 1",20
291,"Midnight Egg Earrings",31052,"Seasonal Gear 1",20
292,"Brilliant Egg Earrings",31053,"Seasonal Gear 1",20
293,"Vibrant Egg Earrings",31054,"Seasonal Gear 1",20
294,"Racing Chocobo Mask",40309,"Achievements",78
295,"Witch's Hat",35101,"Seasonal Gear 3",38
296,"Witch's Coatee",35102,"Seasonal Gear 3",38
297,"Witch's Gloves",35103,"Seasonal Gear 3",38
298,"Witch's Thighboots",35104,"Seasonal Gear 3",38
299,"Amatsu Hachigane",39001,"Seasonal Gear 5",68
300,"Amatsu Togi",39002,"Seasonal Gear 5",68
301,"Amatsu Tekko",39003,"Seasonal Gear 5",68
302,"Amatsu Haidate",39004,"Seasonal Gear 5",68
303,"Amatsu Sune-ate",39005,"Seasonal Gear 5",68
304,"Reindeer Antler Headband",36101,"Seasonal Gear 4",64
305,"Reindeer Gloves",36102,"Seasonal Gear 4",64
306,"Reindeer Hooves",36103,"Seasonal Gear 4",64
307,"Saint's Beard",36104,"Seasonal Gear 4",64
308,"Saint's Cap",36105,"Seasonal Gear 4",64
309,"See No Helm",37151,"Seasonal Gear 4",47
310,"Speak No Helm",37152,"Seasonal Gear 4",47
311,"Hear No Helm",37153,"Seasonal Gear 4",47
312,"Black-feathered Flat Hat",38101,"Seasonal Gear 4",57
313,"Red-feathered Flat Hat",38102,"Seasonal Gear 4",57
314,"Platinum Paramour's Earrings",38103,"Seasonal Gear 4",57
315,"Paramour's Earrings",38104,"Seasonal Gear 4",57
316,"Lord's Suikan",30101,"Seasonal Gear 1",14
317,"Lady's Suikan",30103,"Seasonal Gear 1",14
318,"Little Lord's Clogs",30102,"Seasonal Gear 1",14
319,"Little Lady's Clogs",30104,"Seasonal Gear 1",14
320,"Goobbue Earring",42010,"Exclusive Extras",83
321,"Tantalus Vest",42405,"Exclusive Extras",91
322,"Tantalus Cuffs",42406,"Exclusive Extras",91
323,"Tantalus Breeches",42407,"Exclusive Extras",91
324,"Tantalus Boots",42408,"Exclusive Extras",91
325,"Expeditioner's Flyers",40305,"Achievements",78
326,"Whisker of the Brave Cat",39251,"Seasonal Gear 5",73
327,"Ears of the Moon Rabbit",39253,"Seasonal Gear 5",73
328,"Paw of the Crimson Cat",39254,"Seasonal Gear 5",73
329,"Spear of the Spark Serpent",39255,"Seasonal Gear 5",73
330,"Bow of the White Wisp",39256,"Seasonal Gear 5",73
331,"Twintails of the Flame Fox",39257,"Seasonal Gear 5",73
332,"Fang of the Fearless Cat",39258,"Seasonal Gear 5",73
333,"Musket of the Metal Cat",39259,"Seasonal Gear 5",73
334,"Cane of the Shrine Guardian",39260,"Seasonal Gear 5",73
335,"Staff of the Snow Maiden",39261,"Seasonal Gear 5",73
336,"Book of the Eerie Mutt",39262,"Seasonal Gear 5",73
337,"Codex of the Shrine Guardian",39263,"Seasonal Gear 5",73
338,"Globe of the Lucky Snake",39264,"Seasonal Gear 5",73
339,"Buckler of the Legendary Cat",39252,"Seasonal Gear 5",73
340,"Yo-kai Watch",39269,"Seasonal Gear 5",73
341,"Legacy Warrior Coronet",33151,"Seasonal Gear 2",29
342,"Legacy Warrior Mail",33152,"Seasonal Gear 2",29
343,"Legacy Warrior Armguards",33153,"Seasonal Gear 2",29
344,"Legacy Warrior Breeches",33154,"Seasonal Gear 2",29
345,"Legacy Warrior Sabatons",33155,"Seasonal Gear 2",29
346,"Hatchling Earring",42011,"Exclusive Extras",83
347,"Dragon Monocle",40306,"Achievements",78
348,"Starlight Robe",36151,"Seasonal Gear 4",65
349,"Vampire's Vest",35151,"Seasonal Gear 3",39
350,"Red Tori Kabuto",37201,"Seasonal Gear 4",48
351,"Black Tori Kabuto",37202,"Seasonal Gear 4",48
352,"Leonhart Jacket",42414,"Exclusive Extras",91
353,"Leonhart Gloves",42415,"Exclusive Extras",91
354,"Leonhart Bottoms",42416,"Exclusive Extras",91
355,"Leonhart Boots",42417,"Exclusive Extras",91
356,"Songbird Hat",30156,"Seasonal Gear 1",15
357,"Songbird Jacket",30157,"Seasonal Gear 1",15
358,"Songbird Gloves",30158,"Seasonal Gear 1",15
359,"Songbird Skirt",30159,"Seasonal Gear 1",15
360,"Songbird Boots",30160,"Seasonal Gear 1",15
361,"Royal Seneschal's Chapeau",30151,"Seasonal Gear 1",15
362,"Royal Seneschal's Coat",30152,"Seasonal Gear 1",15
363,"Royal Seneschal's Fingerless Gloves",30153,"Seasonal Gear 1",15
364,"Royal Seneschal's Breeches",30154,"Seasonal Gear 1",15
365,"Royal Seneschal's Boots",30155,"Seasonal Gear 1",15
366,"Chicken Knife",42151,"Exclusive Extras",86
367,"Ala Mhigan Earrings",42152,"Exclusive Extras",86
368,"Faire Joi",33201,"Seasonal Gear 2",30
369,"Faire Kohakama",33202,"Seasonal Gear 2",30
370,"Faire Zori",33203,"Seasonal Gear 2",30
371,"Werewolf Head",35201,"Seasonal Gear 3",40
372,"Werewolf Body",35202,"Seasonal Gear 3",40
373,"Werewolf Arms",35203,"Seasonal Gear 3",40
374,"Werewolf Bottoms",35204,"Seasonal Gear 3",40
375,"Werewolf Feet",35205,"Seasonal Gear 3",40
376,"Werewolf Legs",35206,"Seasonal Gear 3",40
377,"White Inu Kabuto",37251,"Seasonal Gear 4",49
378,"Black Inu Kabuto",37252,"Seasonal Gear 4",49
379,"Inoshishi Kabuto",37301,"Seasonal Gear 4",50
380,"Crimson Inoshishi Kabuto",37302,"Seasonal Gear 4",50
381,"Inferno Mask",42551,"Exclusive Extras",94
382,"Crag Mask",42552,"Exclusive Extras",94
383,"Housemaid's Brim",42558,"Exclusive Extras",94
384,"Housemaid's Apron Dress",42559,"Exclusive Extras",94
385,"Housemaid's Wristdresses",42560,"Exclusive Extras",94
386,"Housemaid's Bloomers",42561,"Exclusive Extras",94
387,"Housemaid's Pumps",42562,"Exclusive Extras",94
388,"Butler's Monocle",42553,"Exclusive Extras",94
389,"Butler's Jacket",42554,"Exclusive Extras",94
390,"Butler's Gloves",42555,"Exclusive Extras",94
391,"Butler's Slacks",42556,"Exclusive Extras",94
392,"Butler's Gaiters",42557,"Exclusive Extras",94
393,"Far Eastern Journey Battle Staff",42563,"Exclusive Extras",94
394,"Far Eastern Journey Circlet",42564,"Exclusive Extras",94
395,"Far Eastern Journey Jacket",42565,"Exclusive Extras",94
396,"Far Eastern Journey Armlets",42566,"Exclusive Extras",94
397,"Far Eastern Journey Bottoms",42567,"Exclusive Extras",94
398,"Far Eastern Journey Shoes",42568,"Exclusive Extras",94
399,"Cait Sith Ears",42353,"Exclusive Extras",90
400,"Moogle Head",42501,"Exclusive Extras",93
401,"Moogle Body",42502,"Exclusive Extras",93
402,"Moogle Arms",42503,"Exclusive Extras",93
403,"Moogle Buns",42504,"Exclusive Extras",93
404,"Moogle Legs",42505,"Exclusive Extras",93
405,"Abes Jacket",42506,"Exclusive Extras",93
406,"Abes Gloves",42507,"Exclusive Extras",93
407,"Abes Halfslops",42508,"Exclusive Extras",93
408,"Abes Boots",42509,"Exclusive Extras",93
409,"High Summoner's Dress",42510,"Exclusive Extras",93
410,"High Summoner's Armlets",42511,"Exclusive Extras",93
411,"High Summoner's Boots",42512,"Exclusive Extras",93
412,"Endless Summer Glasses",33251,"Seasonal Gear 2",31
413,"Endless Summer Top",33252,"Seasonal Gear 2",31
414,"Endless Summer Bottom",33253,"Seasonal Gear 2",31
415,"Endless Summer Sandals",33254,"Seasonal Gear 2",31
416,"Choir Hat",36201,"Seasonal Gear 4",66
417,"Choir Robe",36202,"Seasonal Gear 4",66
418,"Choir Shoes",36203,"Seasonal Gear 4",66
419,"Crimson Nezumi Kabuto",37351,"Seasonal Gear 4",51
420,"Cobalt Nezumi Kabuto",37352,"Seasonal Gear 4",51
421,"Matoya's Hat",42354,"Exclusive Extras",90
422,"Aetheryte Earring",42202,"Exclusive Extras",87
423,"Lucian Prince's Jacket",39101,"Seasonal Gear 5",70
424,"Lucian Prince's Fingerless Glove",39102,"Seasonal Gear 5",70
425,"Lucian Prince's Bottoms",39103,"Seasonal Gear 5",70
426,"Lucian Prince's Boots",39104,"Seasonal Gear 5",70
427,"Flower Crown",30201,"Seasonal Gear 1",16
428,"Spriggan Jacket",31101,"Seasonal Gear 1",21
429,"Spriggan Bottoms",31102,"Seasonal Gear 1",21
430,"Spriggan Boots",31103,"Seasonal Gear 1",21
431,"Gigas Greatsword",38151,"Seasonal Gear 4",58
432,"Tonberry Knife",38152,"Seasonal Gear 4",58
433,"Moonfire Hachimaki",33301,"Seasonal Gear 2",32
434,"White Painted Moogle Mask",33302,"Seasonal Gear 2",32
435,"Black Painted Moogle Mask",33303,"Seasonal Gear 2",32
436,"Painted Namazu Mask",33304,"Seasonal Gear 2",32
437,"White Moonfire Happi",33305,"Seasonal Gear 2",32
438,"Red Moonfire Happi",33306,"Seasonal Gear 2",32
439,"Black Moonfire Happi",33307,"Seasonal Gear 2",32
440,"Moonfire Tabi",33308,"Seasonal Gear 2",32
441,"Revolver",42201,"Exclusive Extras",87
442,"Ribbon",42457,"Exclusive Extras",92
443,"Crimson Ushi Kabuto",37401,"Seasonal Gear 4",52
444,"Black Ushi Kabuto",37402,"Seasonal Gear 4",52
445,"Valentione Rose Hat",38201,"Seasonal Gear 4",59
446,"Valentione Rose Waistcoat",38202,"Seasonal Gear 4",59
447,"Valentione Rose Gloves",38203,"Seasonal Gear 4",59
448,"Valentione Rose Slacks",38204,"Seasonal Gear 4",59
449,"Valentione Rose Shoes",38205,"Seasonal Gear 4",59
450,"Valentione Forget-me-not Hat",38206,"Seasonal Gear 4",59
451,"Valentione Forget-me-not Waistcoat",38207,"Seasonal Gear 4",59
452,"Valentione Forget-me-not Gloves",38208,"Seasonal Gear 4",59
453,"Valentione Forget-me-not Slacks",38209,"Seasonal Gear 4",59
454,"Valentione Forget-me-not Shoes",38210,"Seasonal Gear 4",59
455,"Valentione Acacia Hat",38211,"Seasonal Gear 4",59
456,"Valentione Acacia Waistcoat",38212,"Seasonal Gear 4",59
457,"Valentione Acacia Gloves",38213,"Seasonal Gear 4",59
458,"Valentione Acacia Slacks",38214,"Seasonal Gear 4",59
459,"Valentione Acacia Shoes",38215,"Seasonal Gear 4",59
460,"Valentione Rose Ribboned Hat",38216,"Seasonal Gear 4",59
461,"Valentione Rose Dress",38217,"Seasonal Gear 4",59
462,"Valentione Rose Ribboned Gloves",38218,"Seasonal Gear 4",59
463,"Valentione Rose Tights",38219,"Seasonal Gear 4",59
464,"Valentione Rose Heels",38220,"Seasonal Gear 4",59
465,"Valentione Forget-me-not Ribboned Hat",38221,"Seasonal Gear 4",59
466,"Valentione Forget-me-not Dress",38222,"Seasonal Gear 4",59
467,"Valentione Forget-me-not Ribboned Gloves",38223,"Seasonal Gear 4",59
468,"Valentione Forget-me-not Tights",38224,"Seasonal Gear 4",59
469,"Valentione Forget-me-not Heels",38225,"Seasonal Gear 4",59
470,"Valentione Acacia Ribboned Hat",38226,"Seasonal Gear 4",59
471,"Valentione Acacia Dress",38227,"Seasonal Gear 4",59
472,"Valentione Acacia Ribboned Gloves",38228,"Seasonal Gear 4",59
473,"Valentione Acacia Tights",38229,"Seasonal Gear 4",59
474,"Valentione Acacia Heels",38230,"Seasonal Gear 4",59
475,"Seneschal's Monocle",30251,"Seasonal Gear 1",17
476,"Princess's Peach Corsage",30252,"Seasonal Gear 1",17
477,"Rabbit Head",31151,"Seasonal Gear 1",22
478,"Rabbit Suit",31152,"Seasonal Gear 1",22
479,"Dapper Rabbit Suit",31153,"Seasonal Gear 1",22
480,"Kupo Crown",40546,"Achievements",80
481,"Summer's Flame Hat",33351,"Seasonal Gear 2",33
482,"Summer's Flame Top",33352,"Seasonal Gear 2",33
483,"Summer's Flame Wrist Torque",33353,"Seasonal Gear 2",33
484,"Summer's Flame Pareo",33354,"Seasonal Gear 2",33
485,"Summer's Flame Sandals",33355,"Seasonal Gear 2",33
486,"Bozjan Earring",40113,"Achievements",76
487,"Katana of the King's Counsel",39265,"Seasonal Gear 5",73
488,"Rapier of the Serpent Lord",39266,"Seasonal Gear 5",73
489,"Gunblade of the Yo-kai King",39267,"Seasonal Gear 5",73
490,"Glaives of the Dark Princess",39268,"Seasonal Gear 5",73
491,"Lovely Moogle Cap",38251,"Seasonal Gear 4",60
492,"Golden Tora Kabuto",37451,"Seasonal Gear 4",53
493,"Silver Tora Kabuto",37452,"Seasonal Gear 4",53
494,"Menphina's Earring",42252,"Exclusive Extras",88
495,"Fat Cat Earrings",42513,"Exclusive Extras",93
496,"Great Serpent of Ringa",42514,"Exclusive Extras",93
497,"Chicken Head",31201,"Seasonal Gear 1",23
498,"Chicken Suit",31202,"Seasonal Gear 1",23
499,"Heavensturn Domaru",37501,"Seasonal Gear 4",54
500,"Heavensturn Kote",37502,"Seasonal Gear 4",54
501,"Heavensturn Haidate",37503,"Seasonal Gear 4",54
502,"Heavensturn Sune-ate",37504,"Seasonal Gear 4",54
503,"Little Lady's Crown",30301,"Seasonal Gear 1",18
504,"Clown's Hat",35251,"Seasonal Gear 3",41
505,"Clown's Top",35252,"Seasonal Gear 3",41
506,"Clown's Shortgloves",35253,"Seasonal Gear 3",41
507,"Clown's Bottoms",35254,"Seasonal Gear 3",41
508,"Clown's Boots",35255,"Seasonal Gear 3",41
509,"Death Scythe",42251,"Exclusive Extras",88
510,"Migratory Plume",40304,"Achievements",78
511,"Summer Sunset Bandana",33401,"Seasonal Gear 2",34
512,"Summer Sunset Beach Cover-up",33402,"Seasonal Gear 2",34
513,"Summer Sunset Wrist Torques",33403,"Seasonal Gear 2",34
514,"Summer Sunset Bottoms",33404,"Seasonal Gear 2",34
515,"Summer Sunset Sandals",33405,"Seasonal Gear 2",34
516,"Valentione Emissary's Hat",38301,"Seasonal Gear 4",61
517,"Valentione Emissary's Jacket",38302,"Seasonal Gear 4",61
518,"Valentione Emissary's Bottoms",38303,"Seasonal Gear 4",61
519,"Valentione Emissary's Boots",38304,"Seasonal Gear 4",61
520,"Valentione Emissary's Dress Hat",38305,"Seasonal Gear 4",61
521,"Valentione Emissary's Ruffled Dress",38306,"Seasonal Gear 4",61
522,"Valentione Emissary's Culottes",38307,"Seasonal Gear 4",61
523,"Valentione Emissary's Dress Boots",38308,"Seasonal Gear 4",61
524,"Tonberry Head",31251,"Seasonal Gear 1",24
525,"Tonberry Body",31252,"Seasonal Gear 1",24
526,"Tonberry Hands",31253,"Seasonal Gear 1",24
527,"Tonberry Culottes",31254,"Seasonal Gear 1",24
528,"Tonberry Boots",31255,"Seasonal Gear 1",24
529,"Wake Doctor's Mask",35301,"Seasonal Gear 3",42
530,"Wake Doctor's White Coat",35302,"Seasonal Gear 3",42
531,"Wake Doctor's Rubber Gloves",35303,"Seasonal Gear 3",42
532,"Wake Doctor's Bottoms",35304,"Seasonal Gear 3",42
533,"Wake Doctor's Shoes",35305,"Seasonal Gear 3",42
534,"Phoenix Riser Helmet",33451,"Seasonal Gear 2",35
535,"Phoenix Riser Suit",33452,"Seasonal Gear 2",35
536,"Unorthodox Saint's Cap",36251,"Seasonal Gear 4",67
537,"Unorthodox Saint's Halfrobe",36252,"Seasonal Gear 4",67
538,"Unorthodox Saint's Gloves",36253,"Seasonal Gear 4",67
539,"Unorthodox Saint's Bottoms",36254,"Seasonal Gear 4",67
540,"Unorthodox Saint's Longboots",36255,"Seasonal Gear 4",67
541,"Scion Chronocler's Cowl",44151,"Costumes",99
542,"Scion Chronocler's Ringbands",44152,"Costumes",99
543,"Scion Chronocler's Tights",44153,"Costumes",99
544,"Scion Chronocler's Caligae",44154,"Costumes",99
545,"Far Eastern Matriarch's Sun Hat",54104,"Fashions",161
546,"Far Eastern Matriarch's Dress",54105,"Fashions",161
547,"Far Eastern Matriarch's Boots",54106,"Fashions",161
548,"Far Eastern Patriarch's Hat",54101,"Fashions",161
549,"Far Eastern Patriarch's Tunic",54102,"Fashions",161
550,"Far Eastern Patriarch's Longboots",54103,"Fashions",161
551,"Yellow-pommed Moogle Cap",58001,"Mascots",142
552,"Ruby Carbuncle Slippers",58053,"Mascots",143
553,"Topaz Carbuncle Slippers",58052,"Mascots",143
554,"Emerald Carbuncle Slippers",58051,"Mascots",143
555,"Replica Manderville Earrings",50002,"Fashions",116
556,"Metian Vest",39151,"Seasonal Gear 5",71
557,"Metian Gauntlets",39152,"Seasonal Gear 5",71
558,"Metian Chausses",39153,"Seasonal Gear 5",71
559,"Metian Sollerets",39154,"Seasonal Gear 5",71
560,"Gentlebean Knit Cap",39303,"Seasonal Gear 5",74
561,"Gentlebean Parka",39304,"Seasonal Gear 5",74
562,"Gentlebean Bottoms",39305,"Seasonal Gear 5",74
563,"Gentlebean Shoes",39306,"Seasonal Gear 5",74
564,"Matte Winner's Crown",39301,"Seasonal Gear 5",74
565,"Imp Head",32001,"Seasonal Gear 1",25
566,"Imp Suit",32002,"Seasonal Gear 1",25
567,"Scion Conjurer's Dalmatica",44101,"Costumes",98
568,"Scion Conjurer's Chausses",44102,"Costumes",98
569,"Scion Conjurer's Pattens",44103,"Costumes",98
570,"Scion Thief's Tunic",44051,"Costumes",97
571,"Scion Thief's Halfgloves",44052,"Costumes",97
572,"Scion Thief's Gaskins",44053,"Costumes",97
573,"Scion Thief's Armored Caligae",44054,"Costumes",97
574,"Scion Thaumaturge's Monocle",44201,"Costumes",100
575,"Scion Thaumaturge's Robe",44202,"Costumes",100
576,"Scion Thaumaturge's Gauntlets",44203,"Costumes",100
577,"Scion Thaumaturge's Gaskins",44204,"Costumes",100
578,"Scion Thaumaturge's Moccasins",44205,"Costumes",100
579,"Scion Striker's Visor",44251,"Costumes",101
580,"Scion Striker's Attire",44252,"Costumes",101
581,"Antecedent's Attire",44001,"Costumes",96
582,"Ironworks Engineer's Goggles",46051,"Costumes",105
583,"Ironworks Engineer's Doublet",46052,"Costumes",105
584,"Ironworks Engineer's Gloves",46053,"Costumes",105
585,"Ironworks Engineer's Slops",46054,"Costumes",105
586,"Ironworks Engineer's Boots",46055,"Costumes",105
587,"Head Engineer's Goggles",46001,"Costumes",106
588,"Head Engineer's Attire",46002,"Costumes",106
589,"Scion Healer's Robe",44104,"Costumes",98
590,"Scion Healer's Halftights",44105,"Costumes",98
591,"Scion Healer's Highboots",44106,"Costumes",98
592,"Scion Rogue's Jacket",44055,"Costumes",97
593,"Scion Rogue's Armguards",44056,"Costumes",97
594,"Scion Rogue's Gaskins",44057,"Costumes",97
595,"Scion Rogue's Boots",44058,"Costumes",97
596,"Scion Liberator's Jacket",44253,"Costumes",101
597,"Scion Liberator's Fingerless Gloves",44254,"Costumes",101
598,"Scion Liberator's Pantalettes",44255,"Costumes",101
599,"Scion Liberator's Sabatons",44256,"Costumes",101
600,"Scion Liberator's Earrings",44257,"Costumes",101
601,"Doman Liege's Dogi",46351,"Costumes",110
602,"Doman Liege's Kote",46352,"Costumes",110
603,"Doman Liege's Kyakui",46353,"Costumes",110
604,"Doman Liege's Kyahan",46354,"Costumes",110
605,"Leal Samurai's Kasa",46401,"Costumes",111
606,"Leal Samurai's Dogi",46402,"Costumes",111
607,"Leal Samurai's Tekko",46403,"Costumes",111
608,"Leal Samurai's Tsutsu-hakama",46404,"Costumes",111
609,"Leal Samurai's Geta",46405,"Costumes",111
610,"Ward Knight's Armor",46264,"Costumes",107
611,"Ward Knight's Gauntlets",46265,"Costumes",107
612,"Ward Knight's Trousers",46266,"Costumes",107
613,"Ward Knight's Sabatons",46267,"Costumes",107
614,"Ward Mage's Robe",46268,"Costumes",107
615,"Ward Mage's Dress Gloves",46269,"Costumes",107
616,"Ward Mage's Trousers",46270,"Costumes",107
617,"Ward Mage's Sabatons",46271,"Costumes",107
618,"Lord Commander's Coat",46201,"Costumes",108
619,"Lord Commander's Gloves",46202,"Costumes",108
620,"Blackbosom Hat",46157,"Costumes",104
621,"Blackbosom Dress",46158,"Costumes",104
622,"Blackbosom Dress Gloves",46159,"Costumes",104
623,"Blackbosom Boots",46160,"Costumes",104
624,"Cracked Manderville Monocle",46101,"Costumes",103
625,"Torn Manderville Coatee",46102,"Costumes",103
626,"Singed Manderville Gloves",46103,"Costumes",103
627,"Stained Manderville Bottoms",46104,"Costumes",103
628,"Scuffed Manderville Gaiters",46105,"Costumes",103
629,"Gown of Light",44002,"Costumes",96
630,"Skirt of Light",44003,"Costumes",96
631,"Scion Hearer's Hood",44351,"Costumes",102
632,"Scion Hearer's Coat",44352,"Costumes",102
633,"Scion Hearer's Shoes",44353,"Costumes",102
634,"Majestic Dress",46451,"Costumes",112
635,"Majestic Wristdresses",46452,"Costumes",112
636,"Majestic Boots",46453,"Costumes",112
637,"Scion Sorceress's Headdress",44108,"Costumes",98
638,"Scion Sorceress's Robe",44109,"Costumes",98
639,"Scion Sorceress's Shadowtalons",44110,"Costumes",98
640,"Scion Sorceress's High Boots",44111,"Costumes",98
641,"Sharlayan Prodigy's Suit",44301,"Costumes",95
642,"Brand-new Alphinaud's Attire",44302,"Costumes",95
643,"Oracle Top",46551,"Costumes",113
644,"Oracle Pantalettes",46552,"Costumes",113
645,"Oracle Leggings",46553,"Costumes",113
646,"Omega-M Attire",46501,"Costumes",115
647,"Omega-M Ear Cuffs",46502,"Costumes",115
648,"Omega-F Attire",46503,"Costumes",115
649,"Omega-F Earrings",46504,"Costumes",115
650,"Lyse's Leadership Attire",44258,"Costumes",101
651,"Gaia's Attire",46608,"Costumes",114
652,"Ecliptic Hyposkhesphyra",46606,"Costumes",114
653,"Umbral Hyposkhesphyra",46607,"Costumes",114
654,"Stygian Hyposkhesphyra",46605,"Costumes",114
655,"Stark Hyposkhesphyra",46604,"Costumes",114
656,"Shadow Hyposkhesphyra",46603,"Costumes",114
657,"Black Hyposkhesphyra",46602,"Costumes",114
658,"Obscure Hyposkhesphyra",46601,"Costumes",114
659,"Brand-new Alisaie's Attire",44303,"Costumes",95
660,"Iceheart Robe",46301,"Costumes",109
661,"Iceheart Armlets",46302,"Costumes",109
662,"Iceheart Bottoms",46303,"Costumes",109
663,"Iceheart Thighboots",46304,"Costumes",109
664,"Radiance",46251,"Costumes",107
665,"Ultimum",46252,"Costumes",107
666,"Ward Knight's Shield",46253,"Costumes",107
667,"Greycloud",46254,"Costumes",107
668,"Bloody Anne",46255,"Costumes",107
669,"Stampede",46256,"Costumes",107
670,"Shattered Heart",46257,"Costumes",107
671,"Winter",46258,"Costumes",107
672,"Hordebane",46259,"Costumes",107
673,"The Destroyer's Stead",46260,"Costumes",107
674,"Widowbreaker",46261,"Costumes",107
675,"Imagination",46262,"Costumes",107
676,"Worm of the Dell",46263,"Costumes",107
677,"Blackbosom Grim Reaper",46151,"Costumes",104
678,"Blackbosom Soul Reaper",46152,"Costumes",104
679,"Blackbosom Fate Reaper",46153,"Costumes",104
680,"Blackbosom Void Reaper",46154,"Costumes",104
681,"Blackbosom Blood Reaper",46155,"Costumes",104
682,"Nightseeker",44107,"Costumes",98
683,"Blackbosom Heart Reaper",46156,"Costumes",104
684,"Loyal Housemaid's Brim",50256,"Fashions",149
685,"Loyal Housemaid's Apron Dress",50257,"Fashions",149
686,"Loyal Housemaid's Wristdresses",50258,"Fashions",149
687,"Loyal Housemaid's Bloomers",50259,"Fashions",149
688,"Loyal Housemaid's Pumps",50260,"Fashions",149
689,"Loyal Butler's Monocle",50251,"Fashions",149
690,"Loyal Butler's Jacket",50252,"Fashions",149
691,"Loyal Butler's Gloves",50253,"Fashions",149
692,"Loyal Butler's Slacks",50254,"Fashions",149
693,"Loyal Butler's Gaiters",50255,"Fashions",149
694,"Exclusive Far Eastern Journey Circlet",50152,"Fashions",147
695,"Exclusive Far Eastern Journey Jacket",50153,"Fashions",147
696,"Exclusive Far Eastern Journey Armlets",50154,"Fashions",147
697,"Exclusive Far Eastern Journey Bottoms",50155,"Fashions",147
698,"Exclusive Far Eastern Journey Shoes",50156,"Fashions",147
699,"Far Eastern Lady's Dress",54004,"Fashions",159
700,"Far Eastern Lady's Loincloth",54005,"Fashions",159
701,"Far Eastern Lady's Crakows",54006,"Fashions",159
702,"Far Eastern Lord's Robe",54001,"Fashions",159
703,"Far Eastern Lord's Trousers",54002,"Fashions",159
704,"Far Eastern Lord's Crakows",54003,"Fashions",159
705,"Fuga Haori",50051,"Fashions",145
706,"Fuga Hakama",50052,"Fashions",145
707,"Far Eastern Noble's Mortarboard",54051,"Fashions",160
708,"Far Eastern Noble's Robe",54052,"Fashions",160
709,"Far Eastern Noble's Armlets",54053,"Fashions",160
710,"Far Eastern Noble's Petticoat",54054,"Fashions",160
711,"Far Eastern Noble's Sandals",54055,"Fashions",160
712,"Far Eastern Gentleman's Hat",54151,"Fashions",162
713,"Far Eastern Gentleman's Robe",54152,"Fashions",162
714,"Far Eastern Gentleman's Trousers",54153,"Fashions",162
715,"Far Eastern Gentleman's Boots",54154,"Fashions",162
716,"Far Eastern Beauty's Hairpin",54155,"Fashions",162
717,"Far Eastern Beauty's Robe",54156,"Fashions",162
718,"Far Eastern Beauty's Skirt",54157,"Fashions",162
719,"Far Eastern Beauty's Boots",54158,"Fashions",162
720,"Star of the Nezha Lord",50201,"Fashions",148
721,"Nezha Lord's Jacket",50202,"Fashions",148
722,"Nezha Lord's Gloves",50203,"Fashions",148
723,"Nezha Lord's Slops",50204,"Fashions",148
724,"Nezha Lord's Boots",50205,"Fashions",148
725,"Star of the Nezha Lady",50206,"Fashions",148
726,"Nezha Lady's Jacket",50207,"Fashions",148
727,"Nezha Lady's Gloves",50208,"Fashions",148
728,"Nezha Lady's Slops",50209,"Fashions",148
729,"Nezha Lady's Kneeboots",50210,"Fashions",148
730,"Angelic Circlet",50101,"Fashions",146
731,"Angelic Wings",50102,"Fashions",146
732,"Angelic Chaplets",50103,"Fashions",146
733,"Angelic Slops",50104,"Fashions",146
734,"Angelic Thighboots",50105,"Fashions",146
735,"Demonic Horns",50106,"Fashions",146
736,"Demonic Wings",50107,"Fashions",146
737,"Demonic Gloves",50108,"Fashions",146
738,"Demonic Slops",50109,"Fashions",146
739,"Demonic Thighboots",50110,"Fashions",146
740,"Faerie Tale Prince's Circlet",50301,"Fashions",150
741,"Faerie Tale Prince's Vest",50302,"Fashions",150
742,"Faerie Tale Prince's Gloves",50303,"Fashions",150
743,"Faerie Tale Prince's Slops",50304,"Fashions",150
744,"Faerie Tale Prince's Boots",50305,"Fashions",150
745,"Faerie Tale Princess's Tiara",50306,"Fashions",150
746,"Faerie Tale Princess's Dress",50307,"Fashions",150
747,"Faerie Tale Princess's Gloves",50308,"Fashions",150
748,"Faerie Tale Princess's Long Skirt",50309,"Fashions",150
749,"Faerie Tale Princess's Heels",50310,"Fashions",150
750,"Far Eastern Schoolgirl's Hair Ribbon",54304,"Fashions",165
751,"Far Eastern Schoolgirl's Hakama",54305,"Fashions",165
752,"Far Eastern Schoolgirl's Boots",54306,"Fashions",165
753,"Far Eastern Schoolboy's Hat",54301,"Fashions",165
754,"Far Eastern Schoolboy's Hakama",54302,"Fashions",165
755,"Far Eastern Schoolboy's Zori",54303,"Fashions",165
756,"Far Eastern Enforcer's Hat",50351,"Fashions",151
757,"Far Eastern Enforcer's Robe",50352,"Fashions",151
758,"Far Eastern Enforcer's Cuffs",50353,"Fashions",151
759,"Far Eastern Enforcer's Trousers",50354,"Fashions",151
760,"Far Eastern Enforcer's Boots",50355,"Fashions",151
761,"Far Eastern Socialite's Hat",50356,"Fashions",151
762,"Far Eastern Socialite's Dress",50357,"Fashions",151
763,"Far Eastern Socialite's Gloves",50358,"Fashions",151
764,"Far Eastern Socialite's Skirt",50359,"Fashions",151
765,"Far Eastern Socialite's Boots",50360,"Fashions",151
766,"Far Eastern Officer's Hat",54251,"Fashions",164
767,"Far Eastern Officer's Robe",54252,"Fashions",164
768,"Far Eastern Officer's Armband",54253,"Fashions",164
769,"Far Eastern Officer's Bottoms",54254,"Fashions",164
770,"Far Eastern Officer's Boots",54255,"Fashions",164
771,"Far Eastern Maiden's Hat",54256,"Fashions",164
772,"Far Eastern Maiden's Tunic",54257,"Fashions",164
773,"Far Eastern Maiden's Armband",54258,"Fashions",164
774,"Far Eastern Maiden's Bottoms",54259,"Fashions",164
775,"Far Eastern Maiden's Boots",54260,"Fashions",164
776,"Mheg Deaca Circlet",50451,"Fashions",153
777,"Mheg Deaca Robe",50452,"Fashions",153
778,"Mheg Deaca Bottoms",50453,"Fashions",153
779,"Mheg Deaca Boots",50454,"Fashions",153
780,"Peacock Hat",50401,"Fashions",152
781,"Peacock Robe",50402,"Fashions",152
782,"Peacock Gloves",50403,"Fashions",152
783,"Peacock Skirt",50404,"Fashions",152
784,"Peacock Shoes",50405,"Fashions",152
785,"Dirndl's Hat",50506,"Fashions",154
786,"Dirndl's Bodice",50507,"Fashions",154
787,"Dirndl's Wrist Torque",50508,"Fashions",154
788,"Dirndl's Long Skirt",50509,"Fashions",154
789,"Dirndl's Pumps",50510,"Fashions",154
790,"Bergsteiger's Hat",50501,"Fashions",154
791,"Bergsteiger's Jacket",50502,"Fashions",154
792,"Bergsteiger's Halfgloves",50503,"Fashions",154
793,"Bergsteiger's Halfslops",50504,"Fashions",154
794,"Bergsteiger's Boots",50505,"Fashions",154
795,"Collegiate Blazer (Tie)",50551,"Fashions",155
796,"Collegiate Slacks",50552,"Fashions",155
797,"Collegiate Shoes (Short Socks)",50553,"Fashions",155
798,"Collegiate Blazer (Bow)",50554,"Fashions",155
799,"Collegiate Skirt",50555,"Fashions",155
800,"Collegiate Shoes (Tall Socks)",50556,"Fashions",155
801,"Far Eastern Lord Errant's Hat",54351,"Fashions",166
802,"Far Eastern Lord Errant's Jacket",54352,"Fashions",166
803,"Far Eastern Lord Errant's Wristbands",54353,"Fashions",166
804,"Far Eastern Lord Errant's Trousers",54354,"Fashions",166
805,"Far Eastern Lord Errant's Shoes",54355,"Fashions",166
806,"Far Eastern Lady Errant's Hat",54356,"Fashions",166
807,"Far Eastern Lady Errant's Coat",54357,"Fashions",166
808,"Far Eastern Lady Errant's Gloves",54358,"Fashions",166
809,"Far Eastern Lady Errant's Skirt",54359,"Fashions",166
810,"Far Eastern Lady Errant's Boots",54360,"Fashions",166
811,"Resshi Hachigane",50601,"Fashions",156
812,"Resshi Haori",50602,"Fashions",156
813,"Resshi Tsutsu-hakama",50603,"Fashions",156
814,"Resshi Zori",50604,"Fashions",156
815,"Street Cap",50651,"Fashions",157
816,"Street Top",50652,"Fashions",157
817,"Street Handwear",50654,"Fashions",157
818,"Street Cargo Trousers",50655,"Fashions",157
819,"Street High-top Shoes",50656,"Fashions",157
820,"Street Jacket",50653,"Fashions",157
821,"Far Northern Headpiece",50511,"Fashions",154
822,"Far Northern Tunic",50512,"Fashions",154
823,"Far Northern Felted Gloves",50513,"Fashions",154
824,"Far Northern Bottoms",50514,"Fashions",154
825,"Far Northern Boots",50515,"Fashions",154
826,"Educand's Cap",50557,"Fashions",155
827,"Educand's Jacket",50558,"Fashions",155
828,"Educand's Slacks",50559,"Fashions",155
829,"Educand's Shoes",50560,"Fashions",155
830,"Educand's Sailor Top",50561,"Fashions",155
831,"Educand's Sailor Skirt",50562,"Fashions",155
832,"Educand's Loafers",50563,"Fashions",155
833,"Seigneur's Beret",50311,"Fashions",150
834,"Seigneur's Jerkin",50312,"Fashions",150
835,"Seigneur's Gloves",50313,"Fashions",150
836,"Seigneur's Breeches",50314,"Fashions",150
837,"Seigneur's Longboots",50315,"Fashions",150
838,"Magitek Ear Guards",50701,"Fashions",158
839,"Magitek Jacket",50702,"Fashions",158
840,"Magitek Fingerstalls",50703,"Fashions",158
841,"Magitek Bottoms",50704,"Fashions",158
842,"Magitek Shoes",50705,"Fashions",158
843,"Emerald Carbuncle Ears",58054,"Mascots",143
844,"Emerald Carbuncle Jacket",58055,"Mascots",143
845,"Emerald Carbuncle Boots",58056,"Mascots",143
846,"Topaz Carbuncle Ears",58057,"Mascots",143
847,"Topaz Carbuncle Jacket",58058,"Mascots",143
848,"Topaz Carbuncle Boots",58059,"Mascots",143
849,"Ruby Carbuncle Ears",58060,"Mascots",143
850,"Ruby Carbuncle Jacket",58061,"Mascots",143
851,"Ruby Carbuncle Boots",58062,"Mascots",143
852,"Fat Cat Hood",58101,"Mascots",144
853,"Fat Cat Loungewear",58102,"Mascots",144
854,"Fat Cat Halfslops",58103,"Mascots",144
855,"Fat Cat Slippers",58104,"Mascots",144
856,"Fat Cat Shorts",58105,"Mascots",144
857,"Woodland Warden's Top",50455,"Fashions",153
858,"Woodland Warden's Fingerstalls",50456,"Fashions",153
859,"Woodland Warden's Breeches",50457,"Fashions",153
860,"Woodland Warden's Longboots",50459,"Fashions",153
861,"Woodland Warden's Skirt",50458,"Fashions",153
862,"Crystarium Prodigy's Top",44304,"Costumes",95
863,"Crystarium Prodigy's Fingerless Gloves",44305,"Costumes",95
864,"Crystarium Prodigy's Hose",44306,"Costumes",95
865,"Crystarium Prodigy's Thighboots",44307,"Costumes",95
866,"Far Eastern Performer's Mask",54401,"Fashions",167
867,"Far Eastern Performer's Halfrobe",54402,"Fashions",167
868,"Far Eastern Performer's Trousers",54403,"Fashions",167
869,"Far Eastern Performer's Shoes",54404,"Fashions",167
870,"Sweet Dream Cap",36007,"Seasonal Gear 4",62
871,"Sweet Dream Tunic",36008,"Seasonal Gear 4",62
872,"Sweet Dream Boots",36009,"Seasonal Gear 4",62
873,"Tetsuji Usagi Kabuto",37001,"Seasonal Gear 4",44
874,"Black Tetsuji Usagi Kabuto",37002,"Seasonal Gear 4",44
875,"Silver Tetsuji Usagi Kabuto",37003,"Seasonal Gear 4",44
876,"Exclusive Far Eastern Journey Battle Staff",50151,"Fashions",147
877,"Replica White Ravens",50001,"Fashions",116
878,"Glossy Winner's Crown",39302,"Seasonal Gear 5",74
879,"Azeyma's Earrings",42302,"Exclusive Extras",89
880,"",54201,"Fashions",163
881,"",54202,"Fashions",163
882,"",54203,"Fashions",163
883,"",54204,"Fashions",163
884,"",54205,"Fashions",163
885,"",54206,"Fashions",163
886,"Chocobo Brush",42301,"Exclusive Extras",89
887,"Night of Devilry Horns",35351,"Seasonal Gear 3",43
888,"Night of Devilry Shirt",35352,"Seasonal Gear 3",43
889,"Night of Devilry Fingerless Gloves",35353,"Seasonal Gear 3",43
890,"Night of Devilry Trousers",35354,"Seasonal Gear 3",43
891,"Night of Devilry Boots",35355,"Seasonal Gear 3",43
892,"Dynasty Crown",40303,"Achievements",78
893,"Seneschal Prince's Headset",30351,"Seasonal Gear 1",117
894,"Seneschal Prince's Jacket",30352,"Seasonal Gear 1",117
895,"Seneschal Prince's Gloves",30353,"Seasonal Gear 1",117
896,"Seneschal Prince's Trousers",30354,"Seasonal Gear 1",117
897,"Seneschal Prince's Longboots",30355,"Seasonal Gear 1",117
898,"Leisurewear Knit Cap",50751,"Fashions",118
899,"Leisurewear High-cut Shirt",50752,"Fashions",118
900,"",0,"Fashions",0
901,"Leisurewear Sweatpants",50755,"Fashions",118
902,"Leisurewear Shoes",50756,"Fashions",118
903,"Leisurewear High-cut Knit Top",50753,"Fashions",118
904,"Belt-leather Beret",50801,"Fashions",119
905,"Belt-leather Harness Top",50802,"Fashions",119
906,"Belt-leather Fingerstalls",50804,"Fashions",119
907,"Belt-leather Trousers",50805,"Fashions",119
908,"Belt-leather Boots",50807,"Fashions",119
909,"Open-back Belt-leather Harness Top",50803,"Fashions",119
910,"Cropped Belt-leather Slops",50806,"Fashions",119
911,"Belt-leather Loafers",50808,"Fashions",119
912,"Ex-arch's Jacket",44403,"Costumes",121
913,"Ex-arch's Bracers",44404,"Costumes",121
914,"Ex-arch's Halfslops",44405,"Costumes",121
915,"Ex-arch's Boots",44406,"Costumes",121
916,"Zero's Order Chapeau",46652,"Costumes",122
917,"Zero's Order Cuirass",46653,"Costumes",122
918,"Zero's Order Flanchard",46654,"Costumes",122
919,"Zero's Order Earring",46655,"Costumes",122
920,"King of Leonis Mail",56001,"Fashions",123
921,"King of Leonis Armguards",56002,"Fashions",123
922,"King of Leonis Brais",56003,"Fashions",123
923,"King of Leonis Boots",56004,"Fashions",123
924,"Queen of Hourne Bliaud",56005,"Fashions",123
925,"The Warden's Earring",46706,"Costumes",125
926,"Queen of Hourne Tights",56007,"Fashions",123
927,"Queen of Hourne Boots",56008,"Fashions",123
928,"Ex-arch's Cane",44402,"Costumes",121
929,"Ex-arch's Rod",44401,"Costumes",121
930,"Zero's Order Death Scythe",46651,"Costumes",122
931,"The Warden's Wreath",46701,"Costumes",125
932,"The Warden's Dress",46702,"Costumes",125
933,"The Warden's Vambraces",46703,"Costumes",125
934,"The Warden's Tanga",46704,"Costumes",125
935,"The Warden's Thighboots",46705,"Costumes",125
936,"Crystarium Rebel's Top",44308,"Costumes",95
937,"Crystarium Rebel's Wrist Torque",44309,"Costumes",95
938,"Crystarium Rebel's Halftights",44310,"Costumes",95
939,"Crystarium Rebel's Thighboots",44311,"Costumes",95
940,"Maritime Mirrored Sunglasses",33501,"Seasonal Gear 2",124
941,"Maritime Top",33502,"Seasonal Gear 2",124
942,"Maritime Shorts",33503,"Seasonal Gear 2",124
943,"Maritime Sandals",33504,"Seasonal Gear 2",124
944,"Alternative Cap",50851,"Fashions",120
945,"Alternative Shirt",50852,"Fashions",120
946,"Alternative Leather Bracelets",50853,"Fashions",120
947,"Alternative Trousers",50854,"Fashions",120
948,"Alternative Spiked Shoes",50855,"Fashions",120
949,"Galatea Crown",46751,"Costumes",126
950,"Galatea Bustier",46752,"Costumes",126
951,"Galatea Tights",46753,"Costumes",126
952,"Galatea Heels",46754,"Costumes",126
953,"Ramza's Coat",56051,"Fashions",127
954,"Ramza's Gloves",56052,"Fashions",127
955,"Ramza's Thighboots",56053,"Fashions",127
956,"Ovelia's Dress",56054,"Fashions",127
957,"Ovelia's Drawers",56055,"Fashions",127
958,"Ovelia's Boots",56056,"Fashions",127
959,"Gaffgarion's Burgeonet",56057,"Fashions",127
960,"Gaffgarion's Mail",56058,"Fashions",127
961,"Gaffgarion's Vambraces",56059,"Fashions",127
962,"Gaffgarion's Gaskins",56060,"Fashions",127
963,"Gaffgarion's Boots",56061,"Fashions",127
964,"Cozy Valentione Beret",38351,"Seasonal Gear 4",168
965,"Cozy Valentione Cardigan",38352,"Seasonal Gear 4",168
966,"Cozy Valentione Slacks",38353,"Seasonal Gear 4",168
967,"Cozy Valentione Shoes",38354,"Seasonal Gear 4",168
968,"Comfy Valentione Beret",38355,"Seasonal Gear 4",168
969,"Comfy Valentione Cardigan",38356,"Seasonal Gear 4",168
970,"Comfy Valentione Skirt",38357,"Seasonal Gear 4",168
971,"Painted Eggy Eyeglasses",31301,"Seasonal Gear 1",169
972,"Party Eggy Eyeglasses",31302,"Seasonal Gear 1",169
973,"Slim Frame Eggy Eyeglasses",31303,"Seasonal Gear 1",169
974,"Spriggan Eyeglasses",31304,"Seasonal Gear 1",169
975,"Chicken Eyeglasses",31305,"Seasonal Gear 1",169
976,"Blooming Eyeglasses",31306,"Seasonal Gear 1",169
977,"Realm-roamer's Jacket",56151,"Fashions",128
978,"Realm-roamer's Gauntlets",56152,"Fashions",128
979,"Realm-roamer's Slops",56153,"Fashions",128
980,"Realm-roamer's Greaves",56154,"Fashions",128
981,"Realm-roamer's Earrings",56155,"Fashions",128
982,"En Fortune-teller's Top",56156,"Fashions",128
983,"En Fortune-teller's Wrist Torque",56157,"Fashions",128
984,"En Fortune-teller's Skirt",56158,"Fashions",128
985,"En Fortune-teller's Boots",56159,"Fashions",128
986,"En Fortune-teller's Earrings",56160,"Fashions",128
987,"Vibran Princess's Tiara",56161,"Fashions",128
988,"Vibran Princess's Dress",56162,"Fashions",128
989,"Vibran Princess's Dress Gloves",56163,"Fashions",128
990,"Vibran Princess's Bottoms",56164,"Fashions",128
991,"Vibran Princess's Bootlets",56165,"Fashions",128
992,"Eastern Technomask",50901,"Fashions",129
993,"Eastern Technojacket",50902,"Fashions",129
994,"Eastern Technogloves",50903,"Fashions",129
995,"Eastern Technogaskins",50904,"Fashions",129
996,"Eastern Technoshoes",50905,"Fashions",129
997,"Humble Overalls",56101,"Fashions",130
998,"Humble Gloves",56102,"Fashions",130
999,"Humble Boots",56103,"Fashions",130
1000,"Battlefield Rose's Eyeguard",56104,"Fashions",130
1001,"Battlefield Rose's Coat",56105,"Fashions",130
1002,"Battlefield Rose's Manicae",56106,"Fashions",130
1003,"Battlefield Rose's Tights",56107,"Fashions",130
1004,"Battlefield Rose's Sollerets",56108,"Fashions",130
1005,"Oversized Ulala Neotunic",30401,"Seasonal Gear 1",170
1006,"Oversized Masha Neotunic",30402,"Seasonal Gear 1",170
1007,"Oversized Narumi Neotunic",30403,"Seasonal Gear 1",170
1008,"Oversized Picot Neotunic",30404,"Seasonal Gear 1",170
1009,"Aunt Tii's Neotunic",50951,"Fashions",171
1010,"Oversized Aunt Tii's Neotunic",50952,"Fashions",171
1011,"Form-fitting Aunt Tii's Neotunic",50953,"Fashions",171
1012,"Neo Queen's Tiara",46801,"Costumes",172
1013,"Neo Queen's Dress",46802,"Costumes",172
1014,"Neo Citizen's Hooded Tunic",46803,"Costumes",172
1015,"Neo Citizen's Shorts",46804,"Costumes",172
1016,"Neo Citizen's Shoes",46805,"Costumes",172
1017,"Yozakura's Joi",46851,"Costumes",173
1018,"Yozakura's Gloves",46852,"Costumes",173
1019,"Yozakura's Kyakui",46853,"Costumes",173
1020,"Yozakura's Zori",46854,"Costumes",173
1021,"Alternative Leather Ribbon",50856,"Fashions",120
1022,"Alternative Ruffled Dress",50857,"Fashions",120
1023,"Alternative False Nails",50858,"Fashions",120
1024,"Alternative Bloomers",50859,"Fashions",120
1025,"Alternative Boots",50860,"Fashions",120
1026,"Graffiti Neotunic",50954,"Fashions",171
1027,"Oversized Graffiti Neotunic",50955,"Fashions",171
1028,"Form-fitting Graffiti Neotunic",50956,"Fashions",171
1029,"",50957,"Fashions",171
1030,"",50958,"Fashions",171
1031,"",50959,"Fashions",171
1032,"Blessed Millkeep's Saw",40524,"Achievements",80
1033,"Blessed Forgekeep's Hammer",40525,"Achievements",80
1034,"Blessed Hammerkeep's Beetle",40526,"Achievements",80
1035,"Blessed Gemkeep's Mallet",40527,"Achievements",80
1036,"Blessed Hidekeep's Knife",40528,"Achievements",80
1037,"Blessed Boltkeep's Needle",40529,"Achievements",80
1038,"Blessed Cauldronkeep's Alembic",40530,"Achievements",80
1039,"Blessed Galleykeep's Frypan",40531,"Achievements",80
1040,"Blessed Minekeep's Pickaxe",40532,"Achievements",80
1041,"Blessed Fieldkeep's Hatchet",40533,"Achievements",80
1042,"Blessed Tacklekeep's Rod",40534,"Achievements",80
1043,"Eversharp Earring",40206,"Achievements",77
1044,"Eversharp Choker",40207,"Achievements",77
1045,"Eversharp Wristbands",40208,"Achievements",77
1046,"Eversharp Ring",40209,"Achievements",77
1047,"Blessed Millking's Saw",40535,"Achievements",80
1048,"Blessed Forgeking's Hammer",40536,"Achievements",80
1049,"Blessed Hammerking's Beetle",40537,"Achievements",80
1050,"Blessed Gemking's Mallet",40538,"Achievements",80
1051,"Blessed Hideking's Knife",40539,"Achievements",80
1052,"Blessed Boltking's Needle",40540,"Achievements",80
1053,"Blessed Cauldronking's Alembic",40541,"Achievements",80
1054,"Blessed Galleyking's Frypan",40542,"Achievements",80
1055,"Blessed Mineking's Pickaxe",40543,"Achievements",80
1056,"Blessed Fieldking's Hatchet",40544,"Achievements",80
1057,"Blessed Tackleking's Rod",40545,"Achievements",80
1058,"Resplendent Minefiend's Pickaxe",40547,"Achievements",80
1059,"Resplendent Fieldfiend's Hatchet",40548,"Achievements",80
1060,"Resplendent Tacklefiend's Rod",40549,"Achievements",80
1061,"Riversbreath Longsword",24001,"Dungeon Gear",189
1062,"Riversbreath Tonfas",24010,"Dungeon Gear",189
1063,"Riversbreath Labrys",24002,"Dungeon Gear",189
1064,"Riversbreath Spear",24007,"Dungeon Gear",189
1065,"Riversbreath Longbow",24016,"Dungeon Gear",189
1066,"Riversbreath Cane",24026,"Dungeon Gear",189
1067,"Riversbreath Staff",24021,"Dungeon Gear",189
1068,"Riversbreath Grimoire",24022,"Dungeon Gear",189
1069,"Riversbreath Codex",24027,"Dungeon Gear",189
1070,"Riversbreath Jambiyas",24013,"Dungeon Gear",189
1071,"Riversbreath Faussar",24003,"Dungeon Gear",189
1072,"Riversbreath Culverin",24017,"Dungeon Gear",189
1073,"Riversbreath Star Globe",24028,"Dungeon Gear",189
1074,"Riversbreath Blade",24011,"Dungeon Gear",189
1075,"Riversbreath Tuck",24023,"Dungeon Gear",189
1076,"Riversbreath Bayonet",24004,"Dungeon Gear",189
1077,"Riversbreath Tathlums",24018,"Dungeon Gear",189
1078,"Riversbreath War Scythe",24008,"Dungeon Gear",189
1079,"Riversbreath Pendulums",24029,"Dungeon Gear",189
1080,"Riversbreath Twinfangs",24014,"Dungeon Gear",189
1081,"Riversbreath Round Brush",24024,"Dungeon Gear",189
1082,"Riversbreath Shield",24035,"Dungeon Gear",189
1083,"Riversbreath Pelt of Fending",24051,"Dungeon Gear",189
1084,"Riversbreath Jacket of Fending",24061,"Dungeon Gear",189
1085,"Riversbreath Armguards of Fending",24071,"Dungeon Gear",189
1086,"Riversbreath Bottoms of Fending",24081,"Dungeon Gear",189
1087,"Riversbreath Boots of Fending",24091,"Dungeon Gear",189
1088,"Riversbreath Pelt of Maiming",24052,"Dungeon Gear",189
1089,"Riversbreath Jacket of Maiming",24062,"Dungeon Gear",189
1090,"Riversbreath Armguards of Maiming",24072,"Dungeon Gear",189
1091,"Riversbreath Bottoms of Maiming",24082,"Dungeon Gear",189
1092,"Riversbreath Boots of Maiming",24092,"Dungeon Gear",189
1093,"Riversbreath Halfmask of Striking",24053,"Dungeon Gear",189
1094,"Riversbreath Chestpiece of Striking",24063,"Dungeon Gear",189
1095,"Riversbreath Armguards of Striking",24073,"Dungeon Gear",189
1096,"Riversbreath Hose of Striking",24083,"Dungeon Gear",189
1097,"Riversbreath Greaves of Striking",24093,"Dungeon Gear",189
1098,"Riversbreath Mask of Aiming",24055,"Dungeon Gear",189
1099,"Riversbreath Chestpiece of Aiming",24065,"Dungeon Gear",189
1100,"Riversbreath Fingerwraps of Aiming",24075,"Dungeon Gear",189
1101,"Riversbreath Bottoms of Aiming",24085,"Dungeon Gear",189
1102,"Riversbreath Boots of Aiming",24095,"Dungeon Gear",189
1103,"Riversbreath Halfmask of Scouting",24054,"Dungeon Gear",189
1104,"Riversbreath Chestpiece of Scouting",24064,"Dungeon Gear",189
1105,"Riversbreath Armguards of Scouting",24074,"Dungeon Gear",189
1106,"Riversbreath Hose of Scouting",24084,"Dungeon Gear",189
1107,"Riversbreath Greaves of Scouting",24094,"Dungeon Gear",189
1108,"Riversbreath Goggles of Healing",24057,"Dungeon Gear",189
1109,"Riversbreath Chestwrap of Healing",24067,"Dungeon Gear",189
1110,"Riversbreath Fingerwraps of Healing",24077,"Dungeon Gear",189
1111,"Riversbreath Breeches of Healing",24087,"Dungeon Gear",189
1112,"Riversbreath Sandals of Healing",24097,"Dungeon Gear",189
1113,"Riversbreath Goggles of Casting",24056,"Dungeon Gear",189
1114,"Riversbreath Chestwrap of Casting",24066,"Dungeon Gear",189
1115,"Riversbreath Fingerwraps of Casting",24076,"Dungeon Gear",189
1116,"Riversbreath Breeches of Casting",24086,"Dungeon Gear",189
1117,"Riversbreath Sandals of Casting",24096,"Dungeon Gear",189
1118,"Riversbreath Earring of Fending",24101,"Dungeon Gear",189
1119,"Riversbreath Earring of Slaying",24102,"Dungeon Gear",189
1120,"Riversbreath Earring of Aiming",24104,"Dungeon Gear",189
1121,"Riversbreath Earring of Healing",24107,"Dungeon Gear",189
1122,"Riversbreath Earring of Casting",24106,"Dungeon Gear",189
1123,"Riversbreath Necklace of Fending",24111,"Dungeon Gear",189
1124,"Riversbreath Necklace of Slaying",24112,"Dungeon Gear",189
1125,"Riversbreath Necklace of Aiming",24114,"Dungeon Gear",189
1126,"Riversbreath Necklace of Healing",24117,"Dungeon Gear",189
1127,"Riversbreath Necklace of Casting",24116,"Dungeon Gear",189
1128,"Riversbreath Bracelet of Fending",24121,"Dungeon Gear",189
1129,"Riversbreath Bracelet of Slaying",24122,"Dungeon Gear",189
1130,"Riversbreath Bracelet of Aiming",24124,"Dungeon Gear",189
1131,"Riversbreath Bracelet of Healing",24127,"Dungeon Gear",189
1132,"Riversbreath Bracelet of Casting",24126,"Dungeon Gear",189
1133,"Riversbreath Ring of Fending",24131,"Dungeon Gear",189
1134,"Riversbreath Ring of Slaying",24132,"Dungeon Gear",189
1135,"Riversbreath Ring of Aiming",24134,"Dungeon Gear",189
1136,"Riversbreath Ring of Healing",24137,"Dungeon Gear",189
1137,"Riversbreath Ring of Casting",24136,"Dungeon Gear",189
1138,"Zormor Sword",24151,"Dungeon Gear",190
1139,"Zormor Tonfas",24160,"Dungeon Gear",190
1140,"Zormor War Axe",24152,"Dungeon Gear",190
1141,"Zormor Spear",24157,"Dungeon Gear",190
1142,"Zormor Bow",24166,"Dungeon Gear",190
1143,"Zormor Cane",24176,"Dungeon Gear",190
1144,"Zormor Rod",24171,"Dungeon Gear",190
1145,"Zormor Grimoire",24172,"Dungeon Gear",190
1146,"Zormor Codex",24177,"Dungeon Gear",190
1147,"Zormor Daggers",24163,"Dungeon Gear",190
1148,"Zormor Greatsword",24153,"Dungeon Gear",190
1149,"Zormor Culverin",24167,"Dungeon Gear",190
1150,"Zormor Star Globe",24178,"Dungeon Gear",190
1151,"Zormor Tachi",24161,"Dungeon Gear",190
1152,"Zormor Rapier",24173,"Dungeon Gear",190
1153,"Zormor Gunblade",24154,"Dungeon Gear",190
1154,"Zormor Chakrams",24168,"Dungeon Gear",190
1155,"Zormor Sickle",24158,"Dungeon Gear",190
1156,"Zormor Dzi",24179,"Dungeon Gear",190
1157,"Zormor Twinfangs",24164,"Dungeon Gear",190
1158,"Zormor Fan Brush",24174,"Dungeon Gear",190
1159,"Zormor Round Shield",24185,"Dungeon Gear",190
1160,"Zormor Cap of Fending",24201,"Dungeon Gear",190
1161,"Zormor Poncho of Fending",24211,"Dungeon Gear",190
1162,"Zormor Chaplets of Fending",24221,"Dungeon Gear",190
1163,"Zormor Bottoms of Fending",24231,"Dungeon Gear",190
1164,"Zormor Gaiters of Fending",24241,"Dungeon Gear",190
1165,"Zormor Cap of Maiming",24202,"Dungeon Gear",190
1166,"Zormor Poncho of Maiming",24212,"Dungeon Gear",190
1167,"Zormor Chaplets of Maiming",24222,"Dungeon Gear",190
1168,"Zormor Bottoms of Maiming",24232,"Dungeon Gear",190
1169,"Zormor Gaiters of Maiming",24242,"Dungeon Gear",190
1170,"Zormor Cap of Striking",24203,"Dungeon Gear",190
1171,"Zormor Poncho of Striking",24213,"Dungeon Gear",190
1172,"Zormor Chaplets of Striking",24223,"Dungeon Gear",190
1173,"Zormor Sarouel of Striking",24233,"Dungeon Gear",190
1174,"Zormor Sandals of Striking",24243,"Dungeon Gear",190
1175,"Zormor Turban of Aiming",24205,"Dungeon Gear",190
1176,"Zormor Poncho of Aiming",24215,"Dungeon Gear",190
1177,"Zormor Chaplets of Aiming",24225,"Dungeon Gear",190
1178,"Zormor Bottoms of Aiming",24235,"Dungeon Gear",190
1179,"Zormor Gaiters of Aiming",24245,"Dungeon Gear",190
1180,"Zormor Cap of Scouting",24204,"Dungeon Gear",190
1181,"Zormor Poncho of Scouting",24214,"Dungeon Gear",190
1182,"Zormor Chaplets of Scouting",24224,"Dungeon Gear",190
1183,"Zormor Sarouel of Scouting",24234,"Dungeon Gear",190
1184,"Zormor Sandals of Scouting",24244,"Dungeon Gear",190
1185,"Zormor Turban of Healing",24207,"Dungeon Gear",190
1186,"Zormor Poncho of Healing",24217,"Dungeon Gear",190
1187,"Zormor Chaplets of Healing",24227,"Dungeon Gear",190
1188,"Zormor Sarouel of Healing",24237,"Dungeon Gear",190
1189,"Zormor Sandals of Healing",24247,"Dungeon Gear",190
1190,"Zormor Cap of Casting",24206,"Dungeon Gear",190
1191,"Zormor Poncho of Casting",24216,"Dungeon Gear",190
1192,"Zormor Chaplets of Casting",24226,"Dungeon Gear",190
1193,"Zormor Bottoms of Casting",24236,"Dungeon Gear",190
1194,"Zormor Gaiters of Casting",24246,"Dungeon Gear",190
1195,"Zormor Earrings of Fending",24251,"Dungeon Gear",190
1196,"Zormor Earrings of Slaying",24252,"Dungeon Gear",190
1197,"Zormor Earrings of Aiming",24254,"Dungeon Gear",190
1198,"Zormor Earrings of Healing",24257,"Dungeon Gear",190
1199,"Zormor Earrings of Casting",24256,"Dungeon Gear",190
1200,"Zormor Necklace of Fending",24261,"Dungeon Gear",190
1201,"Zormor Necklace of Slaying",24262,"Dungeon Gear",190
1202,"Zormor Necklace of Aiming",24264,"Dungeon Gear",190
1203,"Zormor Necklace of Healing",24267,"Dungeon Gear",190
1204,"Zormor Necklace of Casting",24266,"Dungeon Gear",190
1205,"Zormor Bracelet of Fending",24271,"Dungeon Gear",190
1206,"Zormor Bracelet of Slaying",24272,"Dungeon Gear",190
1207,"Zormor Bracelet of Aiming",24274,"Dungeon Gear",190
1208,"Zormor Bracelet of Healing",24277,"Dungeon Gear",190
1209,"Zormor Bracelet of Casting",24276,"Dungeon Gear",190
1210,"Zormor Ring of Fending",24281,"Dungeon Gear",190
1211,"Zormor Ring of Slaying",24282,"Dungeon Gear",190
1212,"Zormor Ring of Aiming",24284,"Dungeon Gear",190
1213,"Zormor Ring of Healing",24287,"Dungeon Gear",190
1214,"Zormor Ring of Casting",24286,"Dungeon Gear",190
1215,"Skydeep Sword",24301,"Dungeon Gear",191
1216,"Skydeep Claws",24310,"Dungeon Gear",191
1217,"Skydeep Labrys",24302,"Dungeon Gear",191
1218,"Skydeep Partisan",24307,"Dungeon Gear",191
1219,"Skydeep Composite Bow",24316,"Dungeon Gear",191
1220,"Skydeep Cane",24326,"Dungeon Gear",191
1221,"Skydeep Rod",24321,"Dungeon Gear",191
1222,"Skydeep Grimoire",24322,"Dungeon Gear",191
1223,"Skydeep Codex",24327,"Dungeon Gear",191
1224,"Skydeep Daggers",24313,"Dungeon Gear",191
1225,"Skydeep Greatsword",24303,"Dungeon Gear",191
1226,"Skydeep Pistol",24317,"Dungeon Gear",191
1227,"Skydeep Star Globe",24328,"Dungeon Gear",191
1228,"Skydeep Blade",24311,"Dungeon Gear",191
1229,"Skydeep Hanger",24323,"Dungeon Gear",191
1230,"Skydeep Manatrigger",24304,"Dungeon Gear",191
1231,"Skydeep Tathlums",24318,"Dungeon Gear",191
1232,"Skydeep War Scythe",24308,"Dungeon Gear",191
1233,"Skydeep Milpreves",24329,"Dungeon Gear",191
1234,"Skydeep Twinfangs",24314,"Dungeon Gear",191
1235,"Skydeep Flat Brush",24324,"Dungeon Gear",191
1236,"Skydeep Kite Shield",24335,"Dungeon Gear",191
1237,"Skydeep Helm of Fending",24351,"Dungeon Gear",191
1238,"Skydeep Mail of Fending",24361,"Dungeon Gear",191
1239,"Skydeep Gauntlets of Fending",24371,"Dungeon Gear",191
1240,"Skydeep Breeches of Fending",24381,"Dungeon Gear",191
1241,"Skydeep Boots of Fending",24391,"Dungeon Gear",191
1242,"Skydeep Helm of Maiming",24352,"Dungeon Gear",191
1243,"Skydeep Mail of Maiming",24362,"Dungeon Gear",191
1244,"Skydeep Armguards of Maiming",24372,"Dungeon Gear",191
1245,"Skydeep Trousers of Maiming",24382,"Dungeon Gear",191
1246,"Skydeep Thighboots of Maiming",24392,"Dungeon Gear",191
1247,"Skydeep Headband of Striking",24353,"Dungeon Gear",191
1248,"Skydeep Mail of Striking",24363,"Dungeon Gear",191
1249,"Skydeep Armguards of Striking",24373,"Dungeon Gear",191
1250,"Skydeep Breeches of Striking",24383,"Dungeon Gear",191
1251,"Skydeep Thighboots of Striking",24393,"Dungeon Gear",191
1252,"Skydeep Headband of Aiming",24355,"Dungeon Gear",191
1253,"Skydeep Coat of Aiming",24365,"Dungeon Gear",191
1254,"Skydeep Armguards of Aiming",24375,"Dungeon Gear",191
1255,"Skydeep Trousers of Aiming",24385,"Dungeon Gear",191
1256,"Skydeep Thighboots of Aiming",24395,"Dungeon Gear",191
1257,"Skydeep Bandana of Scouting",24354,"Dungeon Gear",191
1258,"Skydeep Coat of Scouting",24364,"Dungeon Gear",191
1259,"Skydeep Armguards of Scouting",24374,"Dungeon Gear",191
1260,"Skydeep Trousers of Scouting",24384,"Dungeon Gear",191
1261,"Skydeep Thighboots of Scouting",24394,"Dungeon Gear",191
1262,"Skydeep Visor of Healing",24357,"Dungeon Gear",191
1263,"Skydeep Robe of Healing",24367,"Dungeon Gear",191
1264,"Skydeep Armguards of Healing",24377,"Dungeon Gear",191
1265,"Skydeep Tights of Healing",24387,"Dungeon Gear",191
1266,"Skydeep Shoes of Healing",24397,"Dungeon Gear",191
1267,"Skydeep Visor of Casting",24356,"Dungeon Gear",191
1268,"Skydeep Robe of Casting",24366,"Dungeon Gear",191
1269,"Skydeep Armguards of Casting",24376,"Dungeon Gear",191
1270,"Skydeep Tights of Casting",24386,"Dungeon Gear",191
1271,"Skydeep Shoes of Casting",24396,"Dungeon Gear",191
1272,"Skydeep Earrings of Fending",24401,"Dungeon Gear",191
1273,"Skydeep Earrings of Slaying",24402,"Dungeon Gear",191
1274,"Skydeep Earrings of Aiming",24404,"Dungeon Gear",191
1275,"Skydeep Earrings of Healing",24407,"Dungeon Gear",191
1276,"Skydeep Earrings of Casting",24406,"Dungeon Gear",191
1277,"Skydeep Necklace of Fending",24411,"Dungeon Gear",191
1278,"Skydeep Necklace of Slaying",24412,"Dungeon Gear",191
1279,"Skydeep Necklace of Aiming",24414,"Dungeon Gear",191
1280,"Skydeep Necklace of Healing",24417,"Dungeon Gear",191
1281,"Skydeep Necklace of Casting",24416,"Dungeon Gear",191
1282,"Skydeep Bracelets of Fending",24421,"Dungeon Gear",191
1283,"Skydeep Bracelets of Slaying",24422,"Dungeon Gear",191
1284,"Skydeep Bracelets of Aiming",24424,"Dungeon Gear",191
1285,"Skydeep Bracelets of Healing",24427,"Dungeon Gear",191
1286,"Skydeep Bracelets of Casting",24426,"Dungeon Gear",191
1287,"Skydeep Ring of Fending",24431,"Dungeon Gear",191
1288,"Skydeep Ring of Slaying",24432,"Dungeon Gear",191
1289,"Skydeep Ring of Aiming",24434,"Dungeon Gear",191
1290,"Skydeep Ring of Healing",24437,"Dungeon Gear",191
1291,"Skydeep Ring of Casting",24436,"Dungeon Gear",191
1292,"Vanguard Longsword",24451,"Dungeon Gear",192
1293,"Vanguard Claws",24460,"Dungeon Gear",192
1294,"Vanguard War Axe",24452,"Dungeon Gear",192
1295,"Vanguard Spear",24457,"Dungeon Gear",192
1296,"Vanguard Composite Bow",24466,"Dungeon Gear",192
1297,"Vanguard Cane",24476,"Dungeon Gear",192
1298,"Vanguard Rod",24471,"Dungeon Gear",192
1299,"Vanguard Index",24472,"Dungeon Gear",192
1300,"Vanguard Codex",24477,"Dungeon Gear",192
1301,"Vanguard Daggers",24463,"Dungeon Gear",192
1302,"Vanguard Greatsword ",24453,"Dungeon Gear",192
1303,"Vanguard Pistol ",24467,"Dungeon Gear",192
1304,"Vanguard Astrometer ",24478,"Dungeon Gear",192
1305,"Vanguard Samurai Blade ",24461,"Dungeon Gear",192
1306,"Vanguard Rapier ",24473,"Dungeon Gear",192
1307,"Vanguard Gunblade",24454,"Dungeon Gear",192
1308,"Vanguard War Quoits",24468,"Dungeon Gear",192
1309,"Vanguard War Scythe",24458,"Dungeon Gear",192
1310,"Vanguard Syrinxi",24479,"Dungeon Gear",192
1311,"Vanguard Twinfangs",24464,"Dungeon Gear",192
1312,"Vanguard Angle Brush",24474,"Dungeon Gear",192
1313,"Vanguard Shield",24485,"Dungeon Gear",192
1314,"Vanguard Helm of Fending",24501,"Dungeon Gear",192
1315,"Vanguard Armor of Fending",24511,"Dungeon Gear",192
1316,"Vanguard Gauntlets of Fending",24521,"Dungeon Gear",192
1317,"Vanguard Brais of Fending",24531,"Dungeon Gear",192
1318,"Vanguard Sabatons of Fending",24541,"Dungeon Gear",192
1319,"Vanguard Helm of Maiming",24502,"Dungeon Gear",192
1320,"Vanguard Armor of Maiming",24512,"Dungeon Gear",192
1321,"Vanguard Gauntlets of Maiming",24522,"Dungeon Gear",192
1322,"Vanguard Brais of Maiming",24532,"Dungeon Gear",192
1323,"Vanguard Sabatons of Maiming",24542,"Dungeon Gear",192
1324,"Vanguard Mask of Striking",24503,"Dungeon Gear",192
1325,"Vanguard Bolero of Striking",24513,"Dungeon Gear",192
1326,"Vanguard Gloves of Striking",24523,"Dungeon Gear",192
1327,"Vanguard Breeches of Striking",24533,"Dungeon Gear",192
1328,"Vanguard Shoes of Striking",24543,"Dungeon Gear",192
1329,"Vanguard Mask of Aiming",24505,"Dungeon Gear",192
1330,"Vanguard Bolero of Aiming",24515,"Dungeon Gear",192
1331,"Vanguard Gloves of Aiming",24525,"Dungeon Gear",192
1332,"Vanguard Breeches of Aiming",24535,"Dungeon Gear",192
1333,"Vanguard Shoes of Aiming",24545,"Dungeon Gear",192
1334,"Vanguard Mask of Scouting",24504,"Dungeon Gear",192
1335,"Vanguard Bolero of Scouting",24514,"Dungeon Gear",192
1336,"Vanguard Gloves of Scouting",24524,"Dungeon Gear",192
1337,"Vanguard Breeches of Scouting",24534,"Dungeon Gear",192
1338,"Vanguard Shoes of Scouting",24544,"Dungeon Gear",192
1339,"Vanguard Mask of Healing",24507,"Dungeon Gear",192
1340,"Vanguard Jacket of Healing",24517,"Dungeon Gear",192
1341,"Vanguard Halfgloves of Healing",24527,"Dungeon Gear",192
1342,"Vanguard Halfslops of Healing",24537,"Dungeon Gear",192
1343,"Vanguard Shoes of Healing",24547,"Dungeon Gear",192
1344,"Vanguard Mask of Casting",24506,"Dungeon Gear",192
1345,"Vanguard Jacket of Casting",24516,"Dungeon Gear",192
1346,"Vanguard Halfgloves of Casting",24526,"Dungeon Gear",192
1347,"Vanguard Halfslops of Casting",24536,"Dungeon Gear",192
1348,"Vanguard Shoes of Casting",24546,"Dungeon Gear",192
1349,"Vanguard Earrings of Fending",24551,"Dungeon Gear",192
1350,"Vanguard Earrings of Slaying",24552,"Dungeon Gear",192
1351,"Vanguard Earrings of Aiming",24554,"Dungeon Gear",192
1352,"Vanguard Earrings of Healing",24557,"Dungeon Gear",192
1353,"Vanguard Earrings of Casting",24556,"Dungeon Gear",192
1354,"Vanguard Neckband of Fending",24561,"Dungeon Gear",192
1355,"Vanguard Neckband of Slaying",24562,"Dungeon Gear",192
1356,"Vanguard Neckband of Aiming",24564,"Dungeon Gear",192
1357,"Vanguard Neckband of Healing",24567,"Dungeon Gear",192
1358,"Vanguard Neckband of Casting",24566,"Dungeon Gear",192
1359,"Vanguard Bracelets of Fending",24571,"Dungeon Gear",192
1360,"Vanguard Bracelets of Slaying",24572,"Dungeon Gear",192
1361,"Vanguard Bracelets of Aiming",24574,"Dungeon Gear",192
1362,"Vanguard Bracelets of Healing",24577,"Dungeon Gear",192
1363,"Vanguard Bracelets of Casting",24576,"Dungeon Gear",192
1364,"Vanguard Ring of Fending",24581,"Dungeon Gear",192
1365,"Vanguard Ring of Slaying",24582,"Dungeon Gear",192
1366,"Vanguard Ring of Aiming",24584,"Dungeon Gear",192
1367,"Vanguard Ring of Healing",24587,"Dungeon Gear",192
1368,"Vanguard Ring of Casting",24586,"Dungeon Gear",192
1369,"Origenics Earrings of Fending",24701,"Dungeon Gear",193
1370,"Origenics Earrings of Slaying",24702,"Dungeon Gear",193
1371,"Origenics Earrings of Aiming",24704,"Dungeon Gear",193
1372,"Origenics Earrings of Healing",24707,"Dungeon Gear",193
1373,"Origenics Earrings of Casting",24706,"Dungeon Gear",193
1374,"Origenics Choker of Fending",24711,"Dungeon Gear",193
1375,"Origenics Choker of Slaying",24712,"Dungeon Gear",193
1376,"Origenics Choker of Aiming",24714,"Dungeon Gear",193
1377,"Origenics Choker of Healing",24717,"Dungeon Gear",193
1378,"Origenics Choker of Casting",24716,"Dungeon Gear",193
1379,"Origenics Wristlet of Fending",24721,"Dungeon Gear",193
1380,"Origenics Wristlet of Slaying",24722,"Dungeon Gear",193
1381,"Origenics Wristlet of Aiming",24724,"Dungeon Gear",193
1382,"Origenics Wristlet of Healing",24727,"Dungeon Gear",193
1383,"Origenics Wristlet of Casting",24726,"Dungeon Gear",193
1384,"Origenics Ring of Fending",24731,"Dungeon Gear",193
1385,"Origenics Ring of Slaying",24732,"Dungeon Gear",193
1386,"Origenics Ring of Aiming",24734,"Dungeon Gear",193
1387,"Origenics Ring of Healing",24737,"Dungeon Gear",193
1388,"Origenics Ring of Casting",24736,"Dungeon Gear",193
1389,"Epochal Earrings of Fending",24851,"Dungeon Gear",194
1390,"Epochal Earrings of Slaying",24852,"Dungeon Gear",194
1391,"Epochal Earrings of Aiming",24854,"Dungeon Gear",194
1392,"Epochal Earrings of Healing",24857,"Dungeon Gear",194
1393,"Epochal Earrings of Casting",24856,"Dungeon Gear",194
1394,"Epochal Choker of Fending",24861,"Dungeon Gear",194
1395,"Epochal Choker of Slaying",24862,"Dungeon Gear",194
1396,"Epochal Choker of Aiming",24864,"Dungeon Gear",194
1397,"Epochal Choker of Healing",24867,"Dungeon Gear",194
1398,"Epochal Choker of Casting",24866,"Dungeon Gear",194
1399,"Epochal Bracelet of Fending",24871,"Dungeon Gear",194
1400,"Epochal Bracelet of Slaying",24872,"Dungeon Gear",194
1401,"Epochal Bracelet of Aiming",24874,"Dungeon Gear",194
1402,"Epochal Bracelet of Healing",24877,"Dungeon Gear",194
1403,"Epochal Bracelet of Casting",24876,"Dungeon Gear",194
1404,"Epochal Ring of Fending",24881,"Dungeon Gear",194
1405,"Epochal Ring of Slaying",24882,"Dungeon Gear",194
1406,"Epochal Ring of Aiming",24884,"Dungeon Gear",194
1407,"Epochal Ring of Healing",24887,"Dungeon Gear",194
1408,"Epochal Ring of Casting",24886,"Dungeon Gear",194
1409,"Yuweyawata Hairpin of Fending",24951,"Dungeon Gear",195
1410,"Yuweyawata Coat of Fending",24961,"Dungeon Gear",195
1411,"Yuweyawata Dress Gloves of Fending",24971,"Dungeon Gear",195
1412,"Yuweyawata Bottoms of Fending",24981,"Dungeon Gear",195
1413,"Yuweyawata Boots of Fending",24991,"Dungeon Gear",195
1414,"Yuweyawata Cap of Maiming",24952,"Dungeon Gear",195
1415,"Yuweyawata Coat of Maiming",24962,"Dungeon Gear",195
1416,"Yuweyawata Gloves of Maiming",24972,"Dungeon Gear",195
1417,"Yuweyawata Gaskins of Maiming",24982,"Dungeon Gear",195
1418,"Yuweyawata Boots of Maiming",24992,"Dungeon Gear",195
1419,"Yuweyawata Hairpin of Striking",24953,"Dungeon Gear",195
1420,"Yuweyawata Jacket of Striking",24963,"Dungeon Gear",195
1421,"Yuweyawata Dress Gloves of Striking",24973,"Dungeon Gear",195
1422,"Yuweyawata Bottoms of Striking",24983,"Dungeon Gear",195
1423,"Yuweyawata Boots of Striking",24993,"Dungeon Gear",195
1424,"Yuweyawata Cap of Aiming",24955,"Dungeon Gear",195
1425,"Yuweyawata Coat of Aiming",24965,"Dungeon Gear",195
1426,"Yuweyawata Gloves of Aiming",24975,"Dungeon Gear",195
1427,"Yuweyawata Gaskins of Aiming",24985,"Dungeon Gear",195
1428,"Yuweyawata Boots of Aiming",24995,"Dungeon Gear",195
1429,"Yuweyawata Cap of Scouting",24954,"Dungeon Gear",195
1430,"Yuweyawata Coat of Scouting",24964,"Dungeon Gear",195
1431,"Yuweyawata Gloves of Scouting",24974,"Dungeon Gear",195
1432,"Yuweyawata Gaskins of Scouting",24984,"Dungeon Gear",195
1433,"Yuweyawata Boots of Scouting",24994,"Dungeon Gear",195
1434,"Yuweyawata Hat of Healing",24957,"Dungeon Gear",195
1435,"Yuweyawata Robe of Healing",24967,"Dungeon Gear",195
1436,"Yuweyawata Gloves of Healing",24977,"Dungeon Gear",195
1437,"Yuweyawata Brais of Healing",24987,"Dungeon Gear",195
1438,"Yuweyawata Boots of Healing",24997,"Dungeon Gear",195
1439,"Yuweyawata Hat of Casting",24956,"Dungeon Gear",195
1440,"Yuweyawata Robe of Casting",24966,"Dungeon Gear",195
1441,"Yuweyawata Gloves of Casting",24976,"Dungeon Gear",195
1442,"Yuweyawata Brais of Casting",24986,"Dungeon Gear",195
1443,"Yuweyawata Boots of Casting",24996,"Dungeon Gear",195
1444,"Yuweyawata Earrings of Fending",25001,"Dungeon Gear",195
1445,"Yuweyawata Earrings of Slaying",25002,"Dungeon Gear",195
1446,"Yuweyawata Earrings of Aiming",25004,"Dungeon Gear",195
1447,"Yuweyawata Earrings of Healing",25007,"Dungeon Gear",195
1448,"Yuweyawata Earrings of Casting",25006,"Dungeon Gear",195
1449,"Yuweyawata Necklace of Fending",25011,"Dungeon Gear",195
1450,"Yuweyawata Necklace of Slaying",25012,"Dungeon Gear",195
1451,"Yuweyawata Necklace of Aiming",25014,"Dungeon Gear",195
1452,"Yuweyawata Necklace of Healing",25017,"Dungeon Gear",195
1453,"Yuweyawata Necklace of Casting",25016,"Dungeon Gear",195
1454,"Yuweyawata Amulet of Fending",25021,"Dungeon Gear",195
1455,"Yuweyawata Amulet of Slaying",25022,"Dungeon Gear",195
1456,"Yuweyawata Amulet of Aiming",25024,"Dungeon Gear",195
1457,"Yuweyawata Amulet of Healing",25027,"Dungeon Gear",195
1458,"Yuweyawata Amulet of Casting",25026,"Dungeon Gear",195
1459,"Yuweyawata Ring of Fending",25031,"Dungeon Gear",195
1460,"Yuweyawata Ring of Slaying",25032,"Dungeon Gear",195
1461,"Yuweyawata Ring of Aiming",25034,"Dungeon Gear",195
1462,"Yuweyawata Ring of Healing",25037,"Dungeon Gear",195
1463,"Yuweyawata Ring of Casting",25036,"Dungeon Gear",195
1464,"Underkeep Helm of Fending",25101,"Dungeon Gear",196
1465,"Underkeep Surcoat of Fending",25111,"Dungeon Gear",196
1466,"Underkeep Gauntlets of Fending",25121,"Dungeon Gear",196
1467,"Underkeep Trousers of Fending",25131,"Dungeon Gear",196
1468,"Underkeep Sabatons of Fending",25141,"Dungeon Gear",196
1469,"Underkeep Helm of Maiming",25102,"Dungeon Gear",196
1470,"Underkeep Surcoat of Maiming",25112,"Dungeon Gear",196
1471,"Underkeep Gloves of Maiming",25122,"Dungeon Gear",196
1472,"Underkeep Pantaloons of Maiming",25132,"Dungeon Gear",196
1473,"Underkeep Sabatons of Maiming",25142,"Dungeon Gear",196
1474,"Underkeep Headgear of Striking",25103,"Dungeon Gear",196
1475,"Underkeep Coat of Striking",25113,"Dungeon Gear",196
1476,"Underkeep Gloves of Striking",25123,"Dungeon Gear",196
1477,"Underkeep Breeches of Striking",25133,"Dungeon Gear",196
1478,"Underkeep Thighboots of Striking",25143,"Dungeon Gear",196
1479,"Underkeep Helm of Aiming",25105,"Dungeon Gear",196
1480,"Underkeep Jacket of Aiming",25115,"Dungeon Gear",196
1481,"Underkeep Gloves of Aiming",25125,"Dungeon Gear",196
1482,"Underkeep Breeches of Aiming",25135,"Dungeon Gear",196
1483,"Underkeep Thighboots of Aiming",25145,"Dungeon Gear",196
1484,"Underkeep Headgear of Scouting",25104,"Dungeon Gear",196
1485,"Underkeep Jacket of Scouting",25114,"Dungeon Gear",196
1486,"Underkeep Gloves of Scouting",25124,"Dungeon Gear",196
1487,"Underkeep Pantaloons of Scouting",25134,"Dungeon Gear",196
1488,"Underkeep Sabatons of Scouting",25144,"Dungeon Gear",196
1489,"Underkeep Helm of Healing",25107,"Dungeon Gear",196
1490,"Underkeep Coat of Healing",25117,"Dungeon Gear",196
1491,"Underkeep Gloves of Healing",25127,"Dungeon Gear",196
1492,"Underkeep Pantaloons of Healing",25137,"Dungeon Gear",196
1493,"Underkeep Sabatons of Healing",25147,"Dungeon Gear",196
1494,"Underkeep Helm of Casting",25106,"Dungeon Gear",196
1495,"Underkeep Coat of Casting",25116,"Dungeon Gear",196
1496,"Underkeep Gloves of Casting",25126,"Dungeon Gear",196
1497,"Underkeep Pantaloons of Casting",25136,"Dungeon Gear",196
1498,"Underkeep Sabatons of Casting",25146,"Dungeon Gear",196
1499,"Underkeep Earrings of Fending",25151,"Dungeon Gear",196
1500,"Underkeep Earrings of Slaying",25152,"Dungeon Gear",196
1501,"Underkeep Earrings of Aiming",25154,"Dungeon Gear",196
1502,"Underkeep Earrings of Healing",25157,"Dungeon Gear",196
1503,"Underkeep Earrings of Casting",25156,"Dungeon Gear",196
1504,"Underkeep Neckband of Fending",25161,"Dungeon Gear",196
1505,"Underkeep Neckband of Slaying",25162,"Dungeon Gear",196
1506,"Underkeep Neckband of Aiming",25164,"Dungeon Gear",196
1507,"Underkeep Neckband of Healing",25167,"Dungeon Gear",196
1508,"Underkeep Neckband of Casting",25166,"Dungeon Gear",196
1509,"Underkeep Wristband of Fending",25171,"Dungeon Gear",196
1510,"Underkeep Wristband of Slaying",25172,"Dungeon Gear",196
1511,"Underkeep Wristband of Aiming",25174,"Dungeon Gear",196
1512,"Underkeep Wristband of Healing",25177,"Dungeon Gear",196
1513,"Underkeep Wristband of Casting",25176,"Dungeon Gear",196
1514,"Underkeep Ring of Fending",25181,"Dungeon Gear",196
1515,"Underkeep Ring of Slaying",25182,"Dungeon Gear",196
1516,"Underkeep Ring of Aiming",25184,"Dungeon Gear",196
1517,"Underkeep Ring of Healing",25187,"Dungeon Gear",196
1518,"Underkeep Ring of Casting",25186,"Dungeon Gear",196
1519,"Mistic Memory Sallet of Fending",25251,"Dungeon Gear",197
1520,"Mistic Memory Mail of Fending",25261,"Dungeon Gear",197
1521,"Mistic Memory Vambraces of Fending",25271,"Dungeon Gear",197
1522,"Mistic Memory Gaskins of Fending",25281,"Dungeon Gear",197
1523,"Mistic Memory Greaves of Fending",25291,"Dungeon Gear",197
1524,"Mistic Memory Sallet of Maiming",25252,"Dungeon Gear",197
1525,"Mistic Memory Mail of Maiming",25262,"Dungeon Gear",197
1526,"Mistic Memory Vambraces of Maiming",25272,"Dungeon Gear",197
1527,"Mistic Memory Gaskins of Maiming",25282,"Dungeon Gear",197
1528,"Mistic Memory Greaves of Maiming",25292,"Dungeon Gear",197
1529,"Mistic Memory Eyepatch of Striking",25253,"Dungeon Gear",197
1530,"Mistic Memory Shirt of Striking",25263,"Dungeon Gear",197
1531,"Mistic Memory Bracers of Striking",25273,"Dungeon Gear",197
1532,"Mistic Memory Brais of Striking",25283,"Dungeon Gear",197
1533,"Mistic Memory Boots of Striking",25293,"Dungeon Gear",197
1534,"Mistic Memory Hat of Aiming",25255,"Dungeon Gear",197
1535,"Mistic Memory Top of Aiming",25265,"Dungeon Gear",197
1536,"Mistic Memory Gloves of Aiming",25275,"Dungeon Gear",197
1537,"Mistic Memory Sarouel of Aiming",25285,"Dungeon Gear",197
1538,"Mistic Memory Boots of Aiming",25295,"Dungeon Gear",197
1539,"Mistic Memory Eyepatch of Scouting",25254,"Dungeon Gear",197
1540,"Mistic Memory Shirt of Scouting",25264,"Dungeon Gear",197
1541,"Mistic Memory Bracers of Scouting",25274,"Dungeon Gear",197
1542,"Mistic Memory Brais of Scouting",25284,"Dungeon Gear",197
1543,"Mistic Memory Boots of Scouting",25294,"Dungeon Gear",197
1544,"Mistic Memory Head Wrap of Healing",25257,"Dungeon Gear",197
1545,"Mistic Memory Coat of Healing",25267,"Dungeon Gear",197
1546,"Mistic Memory Armlets of Healing",25277,"Dungeon Gear",197
1547,"Mistic Memory Bottoms of Healing",25287,"Dungeon Gear",197
1548,"Mistic Memory Boots of Healing",25297,"Dungeon Gear",197
1549,"Mistic Memory Head Wrap of Casting",25256,"Dungeon Gear",197
1550,"Mistic Memory Coat of Casting",25266,"Dungeon Gear",197
1551,"Mistic Memory Armlets of Casting",25276,"Dungeon Gear",197
1552,"Mistic Memory Bottoms of Casting",25286,"Dungeon Gear",197
1553,"Mistic Memory Boots of Casting",25296,"Dungeon Gear",197
1554,"Mistic Memory Earrings of Fending",25301,"Dungeon Gear",197
1555,"Mistic Memory Earrings of Slaying",25302,"Dungeon Gear",197
1556,"Mistic Memory Earrings of Aiming",25304,"Dungeon Gear",197
1557,"Mistic Memory Earrings of Healing",25307,"Dungeon Gear",197
1558,"Mistic Memory Earrings of Casting",25306,"Dungeon Gear",197
1559,"Mistic Memory Choker of Fending",25311,"Dungeon Gear",197
1560,"Mistic Memory Choker of Slaying",25312,"Dungeon Gear",197
1561,"Mistic Memory Choker of Aiming",25314,"Dungeon Gear",197
1562,"Mistic Memory Choker of Healing",25317,"Dungeon Gear",197
1563,"Mistic Memory Choker of Casting",25316,"Dungeon Gear",197
1564,"Mistic Memory Bracelet of Fending",25321,"Dungeon Gear",197
1565,"Mistic Memory Bracelet of Slaying",25322,"Dungeon Gear",197
1566,"Mistic Memory Bracelet of Aiming",25324,"Dungeon Gear",197
1567,"Mistic Memory Bracelet of Healing",25327,"Dungeon Gear",197
1568,"Mistic Memory Bracelet of Casting",25326,"Dungeon Gear",197
1569,"Mistic Memory Ring of Fending",25331,"Dungeon Gear",197
1570,"Mistic Memory Ring of Slaying",25332,"Dungeon Gear",197
1571,"Mistic Memory Ring of Aiming",25334,"Dungeon Gear",197
1572,"Mistic Memory Ring of Healing",25337,"Dungeon Gear",197
1573,"Mistic Memory Ring of Casting",25336,"Dungeon Gear",197
1574,"Mistwake Visor of Fending",25401,"Dungeon Gear",198
1575,"Mistwake Chestpiece of Fending",25411,"Dungeon Gear",198
1576,"Mistwake Gloves of Fending",25421,"Dungeon Gear",198
1577,"Mistwake Hose of Fending",25431,"Dungeon Gear",198
1578,"Mistwake Greaves of Fending",25441,"Dungeon Gear",198
1579,"Mistwake Visor of Maiming",25402,"Dungeon Gear",198
1580,"Mistwake Chestpiece of Maiming",25412,"Dungeon Gear",198
1581,"Mistwake Gloves of Maiming",25422,"Dungeon Gear",198
1582,"Mistwake Hose of Maiming",25432,"Dungeon Gear",198
1583,"Mistwake Greaves of Maiming",25442,"Dungeon Gear",198
1584,"Mistwake Hood of Striking",25403,"Dungeon Gear",198
1585,"Mistwake Cloak of Striking",25413,"Dungeon Gear",198
1586,"Mistwake Gloves of Striking",25423,"Dungeon Gear",198
1587,"Mistwake Bottoms of Striking",25433,"Dungeon Gear",198
1588,"Mistwake Boots of Striking",25443,"Dungeon Gear",198
1589,"Mistwake Hood of Aiming",25405,"Dungeon Gear",198
1590,"Mistwake Jacket of Aiming",25415,"Dungeon Gear",198
1591,"Mistwake Gloves of Aiming",25425,"Dungeon Gear",198
1592,"Mistwake Kecks of Aiming",25435,"Dungeon Gear",198
1593,"Mistwake Boots of Aiming",25445,"Dungeon Gear",198
1594,"Mistwake Hood of Scouting",25404,"Dungeon Gear",198
1595,"Mistwake Cloak of Scouting",25414,"Dungeon Gear",198
1596,"Mistwake Gloves of Scouting",25424,"Dungeon Gear",198
1597,"Mistwake Bottoms of Scouting",25434,"Dungeon Gear",198
1598,"Mistwake Boots of Scouting",25444,"Dungeon Gear",198
1599,"Mistwake Hood of Healing",25407,"Dungeon Gear",198
1600,"Mistwake Halfrobe of Healing",25417,"Dungeon Gear",198
1601,"Mistwake Wristwraps of Healing",25427,"Dungeon Gear",198
1602,"Mistwake Hose of Healing",25437,"Dungeon Gear",198
1603,"Mistwake Boots of Healing",25447,"Dungeon Gear",198
1604,"Mistwake Hood of Casting",25406,"Dungeon Gear",198
1605,"Mistwake Halfrobe of Casting",25416,"Dungeon Gear",198
1606,"Mistwake Wristwraps of Casting",25426,"Dungeon Gear",198
1607,"Mistwake Hose of Casting",25436,"Dungeon Gear",198
1608,"Mistwake Boots of Casting",25446,"Dungeon Gear",198
1609,"Mistwake Earring of Fending",25451,"Dungeon Gear",198
1610,"Mistwake Earring of Slaying",25452,"Dungeon Gear",198
1611,"Mistwake Earring of Aiming",25454,"Dungeon Gear",198
1612,"Mistwake Earring of Healing",25457,"Dungeon Gear",198
1613,"Mistwake Earring of Casting",25456,"Dungeon Gear",198
1614,"Mistwake Choker of Fending",25461,"Dungeon Gear",198
1615,"Mistwake Choker of Slaying",25462,"Dungeon Gear",198
1616,"Mistwake Choker of Aiming",25464,"Dungeon Gear",198
1617,"Mistwake Choker of Healing",25467,"Dungeon Gear",198
1618,"Mistwake Choker of Casting",25466,"Dungeon Gear",198
1619,"Mistwake Amulet of Fending",25471,"Dungeon Gear",198
1620,"Mistwake Amulet of Slaying",25472,"Dungeon Gear",198
1621,"Mistwake Amulet of Aiming",25474,"Dungeon Gear",198
1622,"Mistwake Amulet of Healing",25477,"Dungeon Gear",198
1623,"Mistwake Amulet of Casting",25476,"Dungeon Gear",198
1624,"Mistwake Ring of Fending",25481,"Dungeon Gear",198
1625,"Mistwake Ring of Slaying",25482,"Dungeon Gear",198
1626,"Mistwake Ring of Aiming",25484,"Dungeon Gear",198
1627,"Mistwake Ring of Healing",25487,"Dungeon Gear",198
1628,"Mistwake Ring of Casting",25486,"Dungeon Gear",198
1629,"Praemagitek Visor of Fending",25551,"Dungeon Gear",199
1630,"Praemagitek Cuirass of Fending",25561,"Dungeon Gear",199
1631,"Praemagitek Gauntlets of Fending",25571,"Dungeon Gear",199
1632,"Praemagitek Brais of Fending",25581,"Dungeon Gear",199
1633,"Praemagitek Sabatons of Fending",25591,"Dungeon Gear",199
1634,"Praemagitek Visor of Maiming",25552,"Dungeon Gear",199
1635,"Praemagitek Cuirass of Maiming",25562,"Dungeon Gear",199
1636,"Praemagitek Gauntlets of Maiming",25572,"Dungeon Gear",199
1637,"Praemagitek Brais of Maiming",25582,"Dungeon Gear",199
1638,"Praemagitek Sabatons of Maiming",25592,"Dungeon Gear",199
1639,"Praemagitek Hood of Striking",25553,"Dungeon Gear",199
1640,"Praemagitek Top of Striking",25563,"Dungeon Gear",199
1641,"Praemagitek Halfgloves of Striking",25573,"Dungeon Gear",199
1642,"Praemagitek Kecks of Striking",25583,"Dungeon Gear",199
1643,"Praemagitek Boots of Striking",25593,"Dungeon Gear",199
1644,"Praemagitek Hood of Aiming",25555,"Dungeon Gear",199
1645,"Praemagitek Top of Aiming",25565,"Dungeon Gear",199
1646,"Praemagitek Gloves of Aiming",25575,"Dungeon Gear",199
1647,"Praemagitek Kecks of Aiming",25585,"Dungeon Gear",199
1648,"Praemagitek Boots of Aiming",25595,"Dungeon Gear",199
1649,"Praemagitek Hood of Scouting",25554,"Dungeon Gear",199
1650,"Praemagitek Top of Scouting",25564,"Dungeon Gear",199
1651,"Praemagitek Halfgloves of Scouting",25574,"Dungeon Gear",199
1652,"Praemagitek Kecks of Scouting",25584,"Dungeon Gear",199
1653,"Praemagitek Boots of Scouting",25594,"Dungeon Gear",199
1654,"Praemagitek Hat of Healing",25557,"Dungeon Gear",199
1655,"Praemagitek Coat of Healing",25567,"Dungeon Gear",199
1656,"Praemagitek Claws of Healing",25577,"Dungeon Gear",199
1657,"Praemagitek Skirt of Healing",25587,"Dungeon Gear",199
1658,"Praemagitek Shoes of Healing",25597,"Dungeon Gear",199
1659,"Praemagitek Hat of Casting",25556,"Dungeon Gear",199
1660,"Praemagitek Coat of Casting",25566,"Dungeon Gear",199
1661,"Praemagitek Claws of Casting",25576,"Dungeon Gear",199
1662,"Praemagitek Skirt of Casting",25586,"Dungeon Gear",199
1663,"Praemagitek Shoes of Casting",25596,"Dungeon Gear",199
1664,"Praemagitek Earrings of Fending",25601,"Dungeon Gear",199
1665,"Praemagitek Earrings of Slaying",25602,"Dungeon Gear",199
1666,"Praemagitek Earrings of Aiming",25604,"Dungeon Gear",199
1667,"Praemagitek Earrings of Healing",25607,"Dungeon Gear",199
1668,"Praemagitek Earrings of Casting",25606,"Dungeon Gear",199
1669,"Praemagitek Necklace of Fending",25611,"Dungeon Gear",199
1670,"Praemagitek Necklace of Slaying",25612,"Dungeon Gear",199
1671,"Praemagitek Necklace of Aiming",25614,"Dungeon Gear",199
1672,"Praemagitek Necklace of Healing",25617,"Dungeon Gear",199
1673,"Praemagitek Necklace of Casting",25616,"Dungeon Gear",199
1674,"Praemagitek Bracelet of Fending",25621,"Dungeon Gear",199
1675,"Praemagitek Bracelet of Slaying",25622,"Dungeon Gear",199
1676,"Praemagitek Bracelet of Aiming",25624,"Dungeon Gear",199
1677,"Praemagitek Bracelet of Healing",25627,"Dungeon Gear",199
1678,"Praemagitek Bracelet of Casting",25626,"Dungeon Gear",199
1679,"Praemagitek Ring of Fending",25631,"Dungeon Gear",199
1680,"Praemagitek Ring of Slaying",25632,"Dungeon Gear",199
1681,"Praemagitek Ring of Aiming",25634,"Dungeon Gear",199
1682,"Praemagitek Ring of Healing",25637,"Dungeon Gear",199
1683,"Praemagitek Ring of Casting",25636,"Dungeon Gear",199
1684,"Valor Coronet",206,"Class/Job Gear",1
1685,"Valor Surcoat",207,"Class/Job Gear",1
1686,"Valor Gauntlets",208,"Class/Job Gear",1
1687,"Valor Cuisses",209,"Class/Job Gear",1
1688,"Valor Sollerets",210,"Class/Job Gear",1
1689,"Warrior's Burgeonet",406,"Class/Job Gear",3
1690,"Warrior's Cuirass",407,"Class/Job Gear",3
1691,"Warrior's Gauntlets",408,"Class/Job Gear",3
1692,"Warrior's Breeches",409,"Class/Job Gear",3
1693,"Warrior's Jackboots",410,"Class/Job Gear",3
1694,"Melee Circlet",2006,"Class/Job Gear",2
1695,"Melee Cyclas",2007,"Class/Job Gear",2
1696,"Melee Gloves",2008,"Class/Job Gear",2
1697,"Melee Gaskins",2009,"Class/Job Gear",2
1698,"Melee Boots",2010,"Class/Job Gear",2
1699,"Wyrm's Armet",1406,"Class/Job Gear",4
1700,"Wyrm's Mail",1407,"Class/Job Gear",4
1701,"Wyrm's Gauntlets",1408,"Class/Job Gear",4
1702,"Wyrm's Breeches",1409,"Class/Job Gear",4
1703,"Wyrm's Greaves",1410,"Class/Job Gear",4
1704,"Bard's Chapeau",3206,"Class/Job Gear",5
1705,"Bard's Shirt",3207,"Class/Job Gear",5
1706,"Bard's Ringbands",3208,"Class/Job Gear",5
1707,"Bard's Tights",3209,"Class/Job Gear",5
1708,"Bard's Sandals",3210,"Class/Job Gear",5
1709,"Cleric's Circlet",5206,"Class/Job Gear",7
1710,"Cleric's Robe",5207,"Class/Job Gear",7
1711,"Cleric's Gloves",5208,"Class/Job Gear",7
1712,"Cleric's Culottes",5209,"Class/Job Gear",7
1713,"Cleric's Boots",5210,"Class/Job Gear",7
1714,"Sorcerer's Petasos",4206,"Class/Job Gear",8
1715,"Sorcerer's Coat",4207,"Class/Job Gear",8
1716,"Sorcerer's Gloves",4208,"Class/Job Gear",8
1717,"Sorcerer's Tonban",4209,"Class/Job Gear",8
1718,"Sorcerer's Crakows",4210,"Class/Job Gear",8
1719,"Summoner's Horn",4406,"Class/Job Gear",9
1720,"Summoner's Doublet",4407,"Class/Job Gear",9
1721,"Summoner's Ringbands",4408,"Class/Job Gear",9
1722,"Summoner's Waistclout",4409,"Class/Job Gear",9
1723,"Summoner's Thighboots",4410,"Class/Job Gear",9
1724,"Argute Mortarboard",5406,"Class/Job Gear",10
1725,"Argute Gown",5407,"Class/Job Gear",10
1726,"Argute Gloves",5408,"Class/Job Gear",10
1727,"Argute Culottes",5409,"Class/Job Gear",10
1728,"Argute Boots",5410,"Class/Job Gear",10
1729,"Lionsmane Armet",213,"Class/Job Gear",1
1730,"Lionsmane Cuirass",214,"Class/Job Gear",1
1731,"Lionsmane Gauntlets",215,"Class/Job Gear",1
1732,"Lionsmane Breeches",216,"Class/Job Gear",1
1733,"Lionsmane Sabatons",217,"Class/Job Gear",1
1734,"Hawkwing Armet",2013,"Class/Job Gear",2
1735,"Hawkwing Cyclas",2014,"Class/Job Gear",2
1736,"Hawkwing Gauntlets",2015,"Class/Job Gear",2
1737,"Hawkwing Gaskins",2016,"Class/Job Gear",2
1738,"Hawkwing Boots",2017,"Class/Job Gear",2
1739,"Bearsmaw Armet",413,"Class/Job Gear",3
1740,"Bearsmaw Cuirass",414,"Class/Job Gear",3
1741,"Bearsmaw Gauntlets",415,"Class/Job Gear",3
1742,"Bearsmaw Hose",416,"Class/Job Gear",3
1743,"Bearsmaw Sabatons",417,"Class/Job Gear",3
1744,"Snakestongue Helm",1413,"Class/Job Gear",4
1745,"Snakestongue Scale Mail",1414,"Class/Job Gear",4
1746,"Snakestongue Gauntlets",1415,"Class/Job Gear",4
1747,"Snakestongue Brais",1416,"Class/Job Gear",4
1748,"Snakestongue Greaves",1417,"Class/Job Gear",4
1749,"Birdsong Mask",3213,"Class/Job Gear",5
1750,"Birdsong Coat",3214,"Class/Job Gear",5
1751,"Birdsong Gloves",3215,"Class/Job Gear",5
1752,"Birdsong Breeches",3216,"Class/Job Gear",5
1753,"Birdsong Boots",3217,"Class/Job Gear",5
1754,"Swansgrace Hood",5213,"Class/Job Gear",7
1755,"Swansgrace Coat",5214,"Class/Job Gear",7
1756,"Swansgrace Armguards",5215,"Class/Job Gear",7
1757,"Swansgrace Hose",5216,"Class/Job Gear",7
1758,"Swansgrace Boots",5217,"Class/Job Gear",7
1759,"Wolfseye Hat",4213,"Class/Job Gear",8
1760,"Wolfseye Coat",4214,"Class/Job Gear",8
1761,"Wolfseye Long Gloves",4215,"Class/Job Gear",8
1762,"Wolfseye Brais",4216,"Class/Job Gear",8
1763,"Wolfseye Thighboots",4217,"Class/Job Gear",8
1764,"Elkhorn Hat",4413,"Class/Job Gear",9
1765,"Elkhorn Robe",4414,"Class/Job Gear",9
1766,"Elkhorn Gloves",4415,"Class/Job Gear",9
1767,"Elkhorn Slops",4416,"Class/Job Gear",9
1768,"Elkhorn Thighboots",4417,"Class/Job Gear",9
1769,"Elktail Hat",5413,"Class/Job Gear",10
1770,"Elktail Robe",5414,"Class/Job Gear",10
1771,"Elktail Gloves",5415,"Class/Job Gear",10
1772,"Elktail Slops",5416,"Class/Job Gear",10
1773,"Elktail Thighboots",5417,"Class/Job Gear",10
1774,"Lionsmane Shield",212,"Class/Job Gear",1
1775,"Lionsmane Blade",211,"Class/Job Gear",1
1776,"Hawkwing Claws",2011,"Class/Job Gear",2
1777,"Bearsmaw Axe",411,"Class/Job Gear",3
1778,"Snakestongue Spear",1411,"Class/Job Gear",4
1779,"Birdsong Bow",3211,"Class/Job Gear",5
1780,"Swansgrace Cane",5211,"Class/Job Gear",7
1781,"Wolfseye Staff",4211,"Class/Job Gear",8
1782,"Elkhorn Grimoire",4411,"Class/Job Gear",9
1783,"Elktail Grimoire",5411,"Class/Job Gear",10
1784,"Koga Hatsuburi",2606,"Class/Job Gear",6
1785,"Koga Chainmail",2607,"Class/Job Gear",6
1786,"Koga Hakama",2609,"Class/Job Gear",6
1787,"Koga Tekko",2608,"Class/Job Gear",6
1788,"Koga Kyahan",2610,"Class/Job Gear",6
1789,"Augmented Gallant Coronet",218,"Class/Job Gear",1
1790,"Augmented Gallant Surcoat",219,"Class/Job Gear",1
1791,"Augmented Gallant Gauntlets",220,"Class/Job Gear",1
1792,"Augmented Gallant Cuisses",221,"Class/Job Gear",1
1793,"Augmented Gallant Sollerets",222,"Class/Job Gear",1
1794,"Augmented Temple Circlet",2018,"Class/Job Gear",2
1795,"Augmented Temple Cyclas",2019,"Class/Job Gear",2
1796,"Augmented Temple Gloves",2020,"Class/Job Gear",2
1797,"Augmented Temple Gaskins",2021,"Class/Job Gear",2
1798,"Augmented Temple Boots",2022,"Class/Job Gear",2
1799,"Augmented Fighter's Burgeonet",418,"Class/Job Gear",3
1800,"Augmented Fighter's Cuirass",419,"Class/Job Gear",3
1801,"Augmented Fighter's Gauntlets",420,"Class/Job Gear",3
1802,"Augmented Fighter's Breeches",421,"Class/Job Gear",3
1803,"Augmented Fighter's Jackboots",422,"Class/Job Gear",3
1804,"Augmented Drachen Armet",1418,"Class/Job Gear",4
1805,"Augmented Drachen Mail",1419,"Class/Job Gear",4
1806,"Augmented Drachen Gauntlets",1420,"Class/Job Gear",4
1807,"Augmented Drachen Breeches",1421,"Class/Job Gear",4
1808,"Augmented Drachen Greaves",1422,"Class/Job Gear",4
1809,"Augmented Choral Chapeau",3218,"Class/Job Gear",5
1810,"Augmented Choral Shirt",3219,"Class/Job Gear",5
1811,"Augmented Choral Ringbands",3220,"Class/Job Gear",5
1812,"Augmented Choral Tights",3221,"Class/Job Gear",5
1813,"Augmented Choral Sandals",3222,"Class/Job Gear",5
1814,"Augmented Healer's Circlet",5218,"Class/Job Gear",7
1815,"Augmented Healer's Robe",5219,"Class/Job Gear",7
1816,"Augmented Healer's Gloves",5220,"Class/Job Gear",7
1817,"Augmented Healer's Culottes",5221,"Class/Job Gear",7
1818,"Augmented Healer's Boots",5222,"Class/Job Gear",7
1819,"Augmented Wizard's Petasos",4218,"Class/Job Gear",8
1820,"Augmented Wizard's Coat",4219,"Class/Job Gear",8
1821,"Augmented Wizard's Gloves",4220,"Class/Job Gear",8
1822,"Augmented Wizard's Tonban",4221,"Class/Job Gear",8
1823,"Augmented Wizard's Crakows",4222,"Class/Job Gear",8
1824,"Augmented Evoker's Horn",4418,"Class/Job Gear",9
1825,"Augmented Evoker's Doublet",4419,"Class/Job Gear",9
1826,"Augmented Evoker's Ringbands",4420,"Class/Job Gear",9
1827,"Augmented Evoker's Waistclout",4421,"Class/Job Gear",9
1828,"Augmented Evoker's Thighboots",4422,"Class/Job Gear",9
1829,"Augmented Scholar's Mortarboard",5418,"Class/Job Gear",10
1830,"Augmented Scholar's Gown",5419,"Class/Job Gear",10
1831,"Augmented Scholar's Gloves",5420,"Class/Job Gear",10
1832,"Augmented Scholar's Culottes",5421,"Class/Job Gear",10
1833,"Augmented Scholar's Boots",5422,"Class/Job Gear",10
1834,"Ullikummi Supra",7002,"Class/Job Gear",131
1835,"Vulcan Supra",7202,"Class/Job Gear",132
1836,"Kurdalegon Supra",7402,"Class/Job Gear",133
1837,"Urcaguary Supra",7602,"Class/Job Gear",134
1838,"Pinga Supra",7802,"Class/Job Gear",135
1839,"Clotho Supra",8002,"Class/Job Gear",136
1840,"Paracelsus Supra",8202,"Class/Job Gear",137
1841,"Chantico Supra",8402,"Class/Job Gear",138
1842,"Mammon Supra",9002,"Class/Job Gear",139
1843,"Rauni Supra",9202,"Class/Job Gear",140
1844,"Halcyon Rod Supra",9402,"Class/Job Gear",141
1845,"Lionliege Armet",225,"Class/Job Gear",1
1846,"Lionliege Cuirass",226,"Class/Job Gear",1
1847,"Lionliege Gauntlets",227,"Class/Job Gear",1
1848,"Lionliege Breeches",228,"Class/Job Gear",1
1849,"Lionliege Sabatons",229,"Class/Job Gear",1
1850,"Hawkliege Armet",2025,"Class/Job Gear",2
1851,"Hawkliege Cyclas",2026,"Class/Job Gear",2
1852,"Hawkliege Gauntlets",2027,"Class/Job Gear",2
1853,"Hawkliege Gaskins",2028,"Class/Job Gear",2
1854,"Hawkliege Boots",2029,"Class/Job Gear",2
1855,"Bearliege Armet",425,"Class/Job Gear",3
1856,"Bearliege Cuirass",426,"Class/Job Gear",3
1857,"Bearliege Gauntlets",427,"Class/Job Gear",3
1858,"Bearliege Hose",428,"Class/Job Gear",3
1859,"Bearliege Sabatons",429,"Class/Job Gear",3
1860,"Snakeliege Helm",1425,"Class/Job Gear",4
1861,"Snakeliege Scale Mail",1426,"Class/Job Gear",4
1862,"Snakeliege Gauntlets",1427,"Class/Job Gear",4
1863,"Snakeliege Brais",1428,"Class/Job Gear",4
1864,"Snakeliege Greaves",1429,"Class/Job Gear",4
1865,"Birdliege Mask",3225,"Class/Job Gear",5
1866,"Birdliege Coat",3226,"Class/Job Gear",5
1867,"Birdliege Gloves",3227,"Class/Job Gear",5
1868,"Birdliege Breeches",3228,"Class/Job Gear",5
1869,"Birdliege Boots",3229,"Class/Job Gear",5
1870,"Swanliege Hood",5225,"Class/Job Gear",7
1871,"Swanliege Coat",5226,"Class/Job Gear",7
1872,"Swanliege Armguards",5227,"Class/Job Gear",7
1873,"Swanliege Hose",5228,"Class/Job Gear",7
1874,"Swanliege Boots",5229,"Class/Job Gear",7
1875,"Wolfliege Hat",4225,"Class/Job Gear",8
1876,"Wolfliege Coat",4226,"Class/Job Gear",8
1877,"Wolfliege Long Gloves",4227,"Class/Job Gear",8
1878,"Wolfliege Brais",4228,"Class/Job Gear",8
1879,"Wolfliege Thighboots",4229,"Class/Job Gear",8
1880,"Elkliege Hat",4425,"Class/Job Gear",9
1881,"Elkliege Robe",4426,"Class/Job Gear",9
1882,"Elkliege Gloves",4427,"Class/Job Gear",9
1883,"Elkliege Slops",4428,"Class/Job Gear",9
1884,"Elkliege Thighboots",4429,"Class/Job Gear",9
1885,"Elklord Hat",5425,"Class/Job Gear",10
1886,"Elklord Robe",5426,"Class/Job Gear",10
1887,"Elklord Gloves",5427,"Class/Job Gear",10
1888,"Elklord Slops",5428,"Class/Job Gear",10
1889,"Elklord Thighboots",5429,"Class/Job Gear",10
1890,"Batliege Okabuto",2625,"Class/Job Gear",6
1891,"Batliege Osode",2626,"Class/Job Gear",6
1892,"Batliege Kote",2627,"Class/Job Gear",6
1893,"Batliege Haidate",2628,"Class/Job Gear",6
1894,"Batliege Sune-ate",2629,"Class/Job Gear",6
1895,"Lionliege Shield",224,"Class/Job Gear",1
1896,"Lionliege Blade",223,"Class/Job Gear",1
1897,"Hawkliege Claws",2023,"Class/Job Gear",2
1898,"Bearliege Axe",423,"Class/Job Gear",3
1899,"Snakeliege Spear",1423,"Class/Job Gear",4
1900,"Birdliege Bow",3223,"Class/Job Gear",5
1901,"Batliege Soto",2623,"Class/Job Gear",6
1902,"Swanliege Cane",5223,"Class/Job Gear",7
1903,"Wolfliege Staff",4223,"Class/Job Gear",8
1904,"Elkliege Grimoire",4423,"Class/Job Gear",9
1905,"Elklord Grimoire",5423,"Class/Job Gear",10
1906,"Batsight Soto",2611,"Class/Job Gear",6
1907,"Augmented Ninja Hatsuburi",2618,"Class/Job Gear",6
1908,"Augmented Ninja Chainmail",2619,"Class/Job Gear",6
1909,"Augmented Ninja Hakama",2621,"Class/Job Gear",6
1910,"Augmented Ninja Tekko",2620,"Class/Job Gear",6
1911,"Augmented Ninja Kyahan",2622,"Class/Job Gear",6
1912,"Batsight Okabuto",2613,"Class/Job Gear",6
1913,"Batsight Osode",2614,"Class/Job Gear",6
1914,"Batsight Kote",2615,"Class/Job Gear",6
1915,"Batsight Haidate",2616,"Class/Job Gear",6
1916,"Batsight Sune-ate",2617,"Class/Job Gear",6
1917,"Ullikummi Lucis",7003,"Class/Job Gear",131
1918,"Vulcan Lucis",7203,"Class/Job Gear",132
1919,"Kurdalegon Lucis",7403,"Class/Job Gear",133
1920,"Urcaguary Lucis",7603,"Class/Job Gear",134
1921,"Pinga Lucis",7803,"Class/Job Gear",135
1922,"Clotho Lucis",8003,"Class/Job Gear",136
1923,"Paracelsus Lucis",8203,"Class/Job Gear",137
1924,"Chantico Lucis",8403,"Class/Job Gear",138
1925,"Mammon Lucis",9003,"Class/Job Gear",139
1926,"Rauni Lucis",9203,"Class/Job Gear",140
1927,"Halcyon Rod Lucis",9403,"Class/Job Gear",141
1928,"Lynxfang Faussar",611,"Class/Job Gear",175
1929,"Lynxliege Faussar",623,"Class/Job Gear",175
1930,"Parrotbeak Revolver",3411,"Class/Job Gear",174
1931,"Parrotliege Musketoon",3423,"Class/Job Gear",174
1932,"Owlsight Star Globe",5611,"Class/Job Gear",176
1933,"Owlliege Star Globe",5623,"Class/Job Gear",176
1934,"Hauteclaire",230,"Class/Job Gear",1
1935,"Rising Suns",2030,"Class/Job Gear",2
1936,"Parashu",430,"Class/Job Gear",3
1937,"Brionac",1430,"Class/Job Gear",4
1938,"Berimbau",3230,"Class/Job Gear",5
1939,"Yukimitsu",2630,"Class/Job Gear",6
1940,"Deathbringer",630,"Class/Job Gear",175
1941,"Ferdinand",3430,"Class/Job Gear",174
1942,"Seraph Cane",5230,"Class/Job Gear",7
1943,"Lunaris Rod",4230,"Class/Job Gear",8
1944,"Almandal",4430,"Class/Job Gear",9
1945,"Elements",5430,"Class/Job Gear",10
1946,"Atlas",5630,"Class/Job Gear",176
1947,"Prytwen",231,"Class/Job Gear",1
1948,"Creed Wings",232,"Class/Job Gear",1
1949,"Creed Cuirass",233,"Class/Job Gear",1
1950,"Creed Gauntlets",234,"Class/Job Gear",1
1951,"Creed Cuisses",235,"Class/Job Gear",1
1952,"Creed Sabatons",236,"Class/Job Gear",1
1953,"Tantra Tantour",2032,"Class/Job Gear",2
1954,"Tantra Chestwrap",2033,"Class/Job Gear",2
1955,"Tantra Wristwraps",2034,"Class/Job Gear",2
1956,"Tantra Galligaskins",2035,"Class/Job Gear",2
1957,"Tantra Gaiters",2036,"Class/Job Gear",2
1958,"Ravager's Helm",432,"Class/Job Gear",3
1959,"Ravager's Cuirass",433,"Class/Job Gear",3
1960,"Ravager's Chains",434,"Class/Job Gear",3
1961,"Ravager's Breeches",435,"Class/Job Gear",3
1962,"Ravager's Warboots",436,"Class/Job Gear",3
1963,"Dragonlancer's Mesail",1432,"Class/Job Gear",4
1964,"Dragonlancer's Plackart",1433,"Class/Job Gear",4
1965,"Dragonlancer's Vambraces",1434,"Class/Job Gear",4
1966,"Dragonlancer's Cuissots",1435,"Class/Job Gear",4
1967,"Dragonlancer's Schynbalds",1436,"Class/Job Gear",4
1968,"Aoidos' Turban",3232,"Class/Job Gear",5
1969,"Aoidos' Cloak",3233,"Class/Job Gear",5
1970,"Aoidos' Shoulder Gloves",3234,"Class/Job Gear",5
1971,"Aoidos' Tights",3235,"Class/Job Gear",5
1972,"Aoidos' Thighboots",3236,"Class/Job Gear",5
1973,"Iga Zukin",2632,"Class/Job Gear",6
1974,"Iga Ningi",2633,"Class/Job Gear",6
1975,"Iga Tekko",2634,"Class/Job Gear",6
1976,"Iga Hakama",2635,"Class/Job Gear",6
1977,"Iga Kyahan",2636,"Class/Job Gear",6
1978,"Chaos Burgeonet",632,"Class/Job Gear",175
1979,"Chaos Cuirass",633,"Class/Job Gear",175
1980,"Chaos Gauntlets",634,"Class/Job Gear",175
1981,"Chaos Flanchard",635,"Class/Job Gear",175
1982,"Chaos Sollerets",636,"Class/Job Gear",175
1983,"Machinist's Goggles",3432,"Class/Job Gear",174
1984,"Machinist's Shirt",3433,"Class/Job Gear",174
1985,"Machinist's Gloves",3434,"Class/Job Gear",174
1986,"Machinist's Brais",3435,"Class/Job Gear",174
1987,"Machinist's Boots",3436,"Class/Job Gear",174
1988,"Orison Hood",5232,"Class/Job Gear",7
1989,"Orison Robe",5233,"Class/Job Gear",7
1990,"Orison Fingerless Gloves",5234,"Class/Job Gear",7
1991,"Orison Skirt",5235,"Class/Job Gear",7
1992,"Orison Thighboots",5236,"Class/Job Gear",7
1993,"Goetia Tricorne",4232,"Class/Job Gear",8
1994,"Goetia Coat",4233,"Class/Job Gear",8
1995,"Goetia Gloves",4234,"Class/Job Gear",8
1996,"Goetia Chausses",4235,"Class/Job Gear",8
1997,"Goetia Thighboots",4236,"Class/Job Gear",8
1998,"Caller's Horn",4432,"Class/Job Gear",9
1999,"Caller's Himation",4433,"Class/Job Gear",9
2000,"Caller's Armlets",4434,"Class/Job Gear",9
2001,"Caller's Loincloth",4435,"Class/Job Gear",9
2002,"Caller's Sandals",4436,"Class/Job Gear",9
2003,"Savant's Top Hat",5432,"Class/Job Gear",10
2004,"Savant's Overcoat",5433,"Class/Job Gear",10
2005,"Savant's Aethercell Gloves",5434,"Class/Job Gear",10
2006,"Savant's Culottes",5435,"Class/Job Gear",10
2007,"Savant's Boots",5436,"Class/Job Gear",10
2008,"Welkin Hat",5632,"Class/Job Gear",176
2009,"Welkin Robe",5633,"Class/Job Gear",176
2010,"Welkin Half Sleeves",5634,"Class/Job Gear",176
2011,"Welkin Breeches",5635,"Class/Job Gear",176
2012,"Welkin Shoes",5636,"Class/Job Gear",176
2013,"Lynxfang Armet",613,"Class/Job Gear",175
2014,"Lynxfang Cuirass",614,"Class/Job Gear",175
2015,"Lynxfang Gauntlets",615,"Class/Job Gear",175
2016,"Lynxfang Breeches",616,"Class/Job Gear",175
2017,"Lynxfang Sabatons",617,"Class/Job Gear",175
2018,"Lynxliege Armet",625,"Class/Job Gear",175
2019,"Lynxliege Cuirass",626,"Class/Job Gear",175
2020,"Lynxliege Gauntlets",627,"Class/Job Gear",175
2021,"Lynxliege Breeches",628,"Class/Job Gear",175
2022,"Lynxliege Sabatons",629,"Class/Job Gear",175
2023,"Parrotbeak Mask",3413,"Class/Job Gear",174
2024,"Parrotbeak Coat",3414,"Class/Job Gear",174
2025,"Parrotbeak Gloves",3415,"Class/Job Gear",174
2026,"Parrotbeak Breeches",3416,"Class/Job Gear",174
2027,"Parrotbeak Boots",3417,"Class/Job Gear",174
2028,"Parrotliege Mask",3425,"Class/Job Gear",174
2029,"Parrotliege Coat",3426,"Class/Job Gear",174
2030,"Parrotliege Gloves",3427,"Class/Job Gear",174
2031,"Parrotliege Breeches",3428,"Class/Job Gear",174
2032,"Parrotliege Boots",3429,"Class/Job Gear",174
2033,"Owlsight Hood",5613,"Class/Job Gear",176
2034,"Owlsight Coat",5614,"Class/Job Gear",176
2035,"Owlsight Armguards",5615,"Class/Job Gear",176
2036,"Owlsight Hose",5616,"Class/Job Gear",176
2037,"Owlsight Boots",5617,"Class/Job Gear",176
2038,"Owlliege Hood",5625,"Class/Job Gear",176
2039,"Owlliege Coat",5626,"Class/Job Gear",176
2040,"Owlliege Armguards",5627,"Class/Job Gear",176
2041,"Owlliege Hose",5628,"Class/Job Gear",176
2042,"Owlliege Boots",5629,"Class/Job Gear",176
2043,"",7004,"Class/Job Gear",131
2044,"",7005,"Class/Job Gear",131
2045,"",7006,"Class/Job Gear",131
2046,"",7007,"Class/Job Gear",131
2047,"",7008,"Class/Job Gear",131
2048,"",7204,"Class/Job Gear",132
2049,"",7205,"Class/Job Gear",132
2050,"",7206,"Class/Job Gear",132
2051,"",7207,"Class/Job Gear",132
2052,"",7208,"Class/Job Gear",132
2053,"",7404,"Class/Job Gear",133
2054,"",7405,"Class/Job Gear",133
2055,"",7406,"Class/Job Gear",133
2056,"",7407,"Class/Job Gear",133
2057,"",7408,"Class/Job Gear",133
2058,"",7604,"Class/Job Gear",134
2059,"",7605,"Class/Job Gear",134
2060,"",7606,"Class/Job Gear",134
2061,"",7607,"Class/Job Gear",134
2062,"",7608,"Class/Job Gear",134
2063,"",7804,"Class/Job Gear",135
2064,"",7805,"Class/Job Gear",135
2065,"",7806,"Class/Job Gear",135
2066,"",7807,"Class/Job Gear",135
2067,"",7808,"Class/Job Gear",135
2068,"",8004,"Class/Job Gear",136
2069,"",8005,"Class/Job Gear",136
2070,"",8006,"Class/Job Gear",136
2071,"",8007,"Class/Job Gear",136
2072,"",8008,"Class/Job Gear",136
2073,"",8204,"Class/Job Gear",137
2074,"",8205,"Class/Job Gear",137
2075,"",8206,"Class/Job Gear",137
2076,"",8207,"Class/Job Gear",137
2077,"",8208,"Class/Job Gear",137
2078,"",8404,"Class/Job Gear",138
2079,"",8405,"Class/Job Gear",138
2080,"",8406,"Class/Job Gear",138
2081,"",8407,"Class/Job Gear",138
2082,"",8408,"Class/Job Gear",138
2083,"",9004,"Class/Job Gear",139
2084,"",9005,"Class/Job Gear",139
2085,"",9006,"Class/Job Gear",139
2086,"",9007,"Class/Job Gear",139
2087,"",9008,"Class/Job Gear",139
2088,"",9204,"Class/Job Gear",140
2089,"",9205,"Class/Job Gear",140
2090,"",9206,"Class/Job Gear",140
2091,"",9207,"Class/Job Gear",140
2092,"",9208,"Class/Job Gear",140
2093,"",9404,"Class/Job Gear",141
2094,"",9405,"Class/Job Gear",141
2095,"",9406,"Class/Job Gear",141
2096,"",9407,"Class/Job Gear",141
2097,"",9408,"Class/Job Gear",141
2098,"",7016,"Class/Job Gear",131
2099,"",7017,"Class/Job Gear",131
2100,"",7018,"Class/Job Gear",131
2101,"",7019,"Class/Job Gear",131
2102,"",7020,"Class/Job Gear",131
2103,"",7216,"Class/Job Gear",132
2104,"",7217,"Class/Job Gear",132
2105,"",7218,"Class/Job Gear",132
2106,"",7219,"Class/Job Gear",132
2107,"",7220,"Class/Job Gear",132
2108,"",7416,"Class/Job Gear",133
2109,"",7417,"Class/Job Gear",133
2110,"",7418,"Class/Job Gear",133
2111,"",7419,"Class/Job Gear",133
2112,"",7420,"Class/Job Gear",133
2113,"",7616,"Class/Job Gear",134
2114,"",7617,"Class/Job Gear",134
2115,"",7618,"Class/Job Gear",134
2116,"",7619,"Class/Job Gear",134
2117,"",7620,"Class/Job Gear",134
2118,"",7816,"Class/Job Gear",135
2119,"",7817,"Class/Job Gear",135
2120,"",7818,"Class/Job Gear",135
2121,"",7819,"Class/Job Gear",135
2122,"",7820,"Class/Job Gear",135
2123,"",8016,"Class/Job Gear",136
2124,"",8017,"Class/Job Gear",136
2125,"",8018,"Class/Job Gear",136
2126,"",8019,"Class/Job Gear",136
2127,"",8020,"Class/Job Gear",136
2128,"",8216,"Class/Job Gear",137
2129,"",8217,"Class/Job Gear",137
2130,"",8218,"Class/Job Gear",137
2131,"",8219,"Class/Job Gear",137
2132,"",8220,"Class/Job Gear",137
2133,"",8416,"Class/Job Gear",138
2134,"",8417,"Class/Job Gear",138
2135,"",8418,"Class/Job Gear",138
2136,"",8419,"Class/Job Gear",138
2137,"",8420,"Class/Job Gear",138
2138,"",9016,"Class/Job Gear",139
2139,"",9017,"Class/Job Gear",139
2140,"",9018,"Class/Job Gear",139
2141,"",9019,"Class/Job Gear",139
2142,"",9020,"Class/Job Gear",139
2143,"",9216,"Class/Job Gear",140
2144,"",9217,"Class/Job Gear",140
2145,"",9218,"Class/Job Gear",140
2146,"",9219,"Class/Job Gear",140
2147,"",9220,"Class/Job Gear",140
2148,"",9416,"Class/Job Gear",141
2149,"",9417,"Class/Job Gear",141
2150,"",9418,"Class/Job Gear",141
2151,"",9419,"Class/Job Gear",141
2152,"",9420,"Class/Job Gear",141
2153,"Augmented Millkeep's Saw",7009,"Class/Job Gear",131
2154,"Augmented Forgekeep's Hammer",7209,"Class/Job Gear",132
2155,"Augmented Hammerkeep's Beetle",7409,"Class/Job Gear",133
2156,"Augmented Gemkeep's Mallet",7609,"Class/Job Gear",134
2157,"Augmented Hidekeep's Knife",7809,"Class/Job Gear",135
2158,"Augmented Boltkeep's Needle",8009,"Class/Job Gear",136
2159,"Augmented Cauldronkeep's Alembic",8209,"Class/Job Gear",137
2160,"Augmented Galleykeep's Frypan",8409,"Class/Job Gear",138
2161,"Augmented Minekeep's Pickaxe",9009,"Class/Job Gear",139
2162,"Augmented Fieldkeep's Hatchet",9209,"Class/Job Gear",140
2163,"Augmented Tacklekeep's Rod",9409,"Class/Job Gear",141
2164,"Augmented Millkeep's Cap",7010,"Class/Job Gear",131
2165,"Augmented Millkeep's Apron",7011,"Class/Job Gear",131
2166,"Augmented Millkeep's Gloves",7012,"Class/Job Gear",131
2167,"Augmented Millkeep's Slops",7013,"Class/Job Gear",131
2168,"Augmented Millkeep's Workboots",7014,"Class/Job Gear",131
2169,"Augmented Forgekeep's Goggles",7210,"Class/Job Gear",132
2170,"Augmented Forgekeep's Redingote",7211,"Class/Job Gear",132
2171,"Augmented Forgekeep's Gloves",7212,"Class/Job Gear",132
2172,"Augmented Forgekeep's Slops",7213,"Class/Job Gear",132
2173,"Augmented Forgekeep's Sandals",7214,"Class/Job Gear",132
2174,"Augmented Hammerkeep's Visor",7410,"Class/Job Gear",133
2175,"Augmented Hammerkeep's Waist Apron",7411,"Class/Job Gear",133
2176,"Augmented Hammerkeep's Work Gloves",7412,"Class/Job Gear",133
2177,"Augmented Hammerkeep's Slops",7413,"Class/Job Gear",133
2178,"Augmented Hammerkeep's Workboots",7414,"Class/Job Gear",133
2179,"Augmented Gemkeep's Coronal",7610,"Class/Job Gear",134
2180,"Augmented Gemkeep's Gown",7611,"Class/Job Gear",134
2181,"Augmented Gemkeep's Chaplets",7612,"Class/Job Gear",134
2182,"Augmented Gemkeep's Trousers",7613,"Class/Job Gear",134
2183,"Augmented Gemkeep's Sandals",7614,"Class/Job Gear",134
2184,"Augmented Hidekeep's Cap",7810,"Class/Job Gear",135
2185,"Augmented Hidekeep's Apron",7811,"Class/Job Gear",135
2186,"Augmented Hidekeep's Gloves",7812,"Class/Job Gear",135
2187,"Augmented Hidekeep's Trousers",7813,"Class/Job Gear",135
2188,"Augmented Hidekeep's Workboots",7814,"Class/Job Gear",135
2189,"Augmented Boltkeep's Gibus",8010,"Class/Job Gear",136
2190,"Augmented Boltkeep's Dreadnought",8011,"Class/Job Gear",136
2191,"Augmented Boltkeep's Gloves",8012,"Class/Job Gear",136
2192,"Augmented Boltkeep's Slacks",8013,"Class/Job Gear",136
2193,"Augmented Boltkeep's Top Boots",8014,"Class/Job Gear",136
2194,"Augmented Cauldronkeep's Spectacles",8210,"Class/Job Gear",137
2195,"Augmented Cauldronkeep's Overcoat",8211,"Class/Job Gear",137
2196,"Augmented Cauldronkeep's Gloves",8212,"Class/Job Gear",137
2197,"Augmented Cauldronkeep's Longkilt",8213,"Class/Job Gear",137
2198,"Augmented Cauldronkeep's Jackboots",8214,"Class/Job Gear",137
2199,"Augmented Galleykeep's Toque",8410,"Class/Job Gear",138
2200,"Augmented Galleykeep's Whites",8411,"Class/Job Gear",138
2201,"Augmented Galleykeep's Gloves",8412,"Class/Job Gear",138
2202,"Augmented Galleykeep's Trousers",8413,"Class/Job Gear",138
2203,"Augmented Galleykeep's Top Boots",8414,"Class/Job Gear",138
2204,"Augmented Minekeep's Helmet",9010,"Class/Job Gear",139
2205,"Augmented Minekeep's Overalls",9011,"Class/Job Gear",139
2206,"Augmented Minekeep's Work Gloves",9012,"Class/Job Gear",139
2207,"Augmented Minekeep's Slops",9013,"Class/Job Gear",139
2208,"Augmented Minekeep's Workboots",9014,"Class/Job Gear",139
2209,"Augmented Fieldkeep's Canotier",9210,"Class/Job Gear",140
2210,"Augmented Fieldkeep's Shirt",9211,"Class/Job Gear",140
2211,"Augmented Fieldkeep's Corsage",9212,"Class/Job Gear",140
2212,"Augmented Fieldkeep's Slops",9213,"Class/Job Gear",140
2213,"Augmented Fieldkeep's Jackboots",9214,"Class/Job Gear",140
2214,"Augmented Tacklekeep's Cap",9410,"Class/Job Gear",141
2215,"Augmented Tacklekeep's Vest",9411,"Class/Job Gear",141
2216,"Augmented Tacklekeep's Gloves",9412,"Class/Job Gear",141
2217,"Augmented Tacklekeep's Gaskins",9413,"Class/Job Gear",141
2218,"Augmented Tacklekeep's Waders",9414,"Class/Job Gear",141
2219,"Augmented Millkeep's Claw Hammer",7015,"Class/Job Gear",131
2220,"Augmented Forgekeep's File",7215,"Class/Job Gear",132
2221,"Augmented Hammerkeep's Pliers",7415,"Class/Job Gear",133
2222,"Augmented Gemkeep's Grinding Wheel",7615,"Class/Job Gear",134
2223,"Augmented Hidekeep's Awl",7815,"Class/Job Gear",135
2224,"Augmented Boltkeep's Spinning Wheel",8015,"Class/Job Gear",136
2225,"Augmented Cauldronkeep's Mortar",8215,"Class/Job Gear",137
2226,"Augmented Galleykeep's Culinary Knife",8415,"Class/Job Gear",138
2227,"Augmented Minekeep's Sledgehammer",9015,"Class/Job Gear",139
2228,"Augmented Fieldkeep's Scythe",9215,"Class/Job Gear",140
2229,"Antiquated Chivalrous Circlet",239,"Class/Job Gear",1
2230,"Antiquated Chivalrous Surcoat",240,"Class/Job Gear",1
2231,"Antiquated Chivalrous Gauntlets",241,"Class/Job Gear",1
2232,"Antiquated Chivalrous Cuisses",242,"Class/Job Gear",1
2233,"Antiquated Chivalrous Sollerets",243,"Class/Job Gear",1
2234,"Antiquated Pacifist's Circlet",2039,"Class/Job Gear",2
2235,"Antiquated Pacifist's Vest",2040,"Class/Job Gear",2
2236,"Antiquated Pacifist's Armguards",2041,"Class/Job Gear",2
2237,"Antiquated Pacifist's Gaskins",2042,"Class/Job Gear",2
2238,"Antiquated Pacifist's Boots",2043,"Class/Job Gear",2
2239,"Antiquated Brutal Visor",439,"Class/Job Gear",3
2240,"Antiquated Brutal Lorica",440,"Class/Job Gear",3
2241,"Antiquated Brutal Gauntlets",441,"Class/Job Gear",3
2242,"Antiquated Brutal Breeches",442,"Class/Job Gear",3
2243,"Antiquated Brutal Sollerets",443,"Class/Job Gear",3
2244,"Antiquated Trueblood Armet",1439,"Class/Job Gear",4
2245,"Antiquated Trueblood Mail",1440,"Class/Job Gear",4
2246,"Antiquated Trueblood Gauntlets",1441,"Class/Job Gear",4
2247,"Antiquated Trueblood Brais",1442,"Class/Job Gear",4
2248,"Antiquated Trueblood Greaves",1443,"Class/Job Gear",4
2249,"Antiquated Storyteller's Chapeau",3239,"Class/Job Gear",5
2250,"Antiquated Storyteller's Coat",3240,"Class/Job Gear",5
2251,"Antiquated Storyteller's Gloves",3241,"Class/Job Gear",5
2252,"Antiquated Storyteller's Bottoms",3242,"Class/Job Gear",5
2253,"Antiquated Storyteller's Boots",3243,"Class/Job Gear",5
2254,"Antiquated Seventh Heaven Circlet",5239,"Class/Job Gear",7
2255,"Antiquated Seventh Heaven Top",5240,"Class/Job Gear",7
2256,"Antiquated Seventh Heaven Fingerless Gloves",5241,"Class/Job Gear",7
2257,"Antiquated Seventh Heaven Bottoms",5242,"Class/Job Gear",7
2258,"Antiquated Seventh Heaven Thighboots",5243,"Class/Job Gear",7
2259,"Antiquated Seventh Hell Petasos",4239,"Class/Job Gear",8
2260,"Antiquated Seventh Hell Coat",4240,"Class/Job Gear",8
2261,"Antiquated Seventh Hell Gloves",4241,"Class/Job Gear",8
2262,"Antiquated Seventh Hell Breeches",4242,"Class/Job Gear",8
2263,"Antiquated Seventh Hell Thighboots",4243,"Class/Job Gear",8
2264,"Antiquated Channeler's Horn",4439,"Class/Job Gear",9
2265,"Antiquated Channeler's Vest",4440,"Class/Job Gear",9
2266,"Antiquated Channeler's Armlets",4441,"Class/Job Gear",9
2267,"Antiquated Channeler's Halfslops",4442,"Class/Job Gear",9
2268,"Antiquated Channeler's Boots",4443,"Class/Job Gear",9
2269,"Antiquated Orator's Mortarboard",5439,"Class/Job Gear",10
2270,"Antiquated Orator's Coat",5440,"Class/Job Gear",10
2271,"Antiquated Orator's Cuffs",5441,"Class/Job Gear",10
2272,"Antiquated Orator's Bottoms",5442,"Class/Job Gear",10
2273,"Antiquated Orator's Shoes",5443,"Class/Job Gear",10
2274,"Antiquated Kage-kakushi Somen",2639,"Class/Job Gear",6
2275,"Antiquated Kage-kakushi Chainmail",2640,"Class/Job Gear",6
2276,"Antiquated Kage-kakushi Tekko",2641,"Class/Job Gear",6
2277,"Antiquated Kage-kakushi Hakama",2642,"Class/Job Gear",6
2278,"Antiquated Kage-kakushi Kyahan",2643,"Class/Job Gear",6
2279,"Antiquated Abyss Burgeonet",639,"Class/Job Gear",175
2280,"Antiquated Abyss Cuirass",640,"Class/Job Gear",175
2281,"Antiquated Abyss Gauntlets",641,"Class/Job Gear",175
2282,"Antiquated Abyss Flanchard",642,"Class/Job Gear",175
2283,"Antiquated Abyss Sollerets",643,"Class/Job Gear",175
2284,"Antiquated Gunner's Goggles",3439,"Class/Job Gear",174
2285,"Antiquated Gunner's Coat",3440,"Class/Job Gear",174
2286,"Antiquated Gunner's Gloves",3441,"Class/Job Gear",174
2287,"Antiquated Gunner's Trousers",3442,"Class/Job Gear",174
2288,"Antiquated Gunner's Thighboots",3443,"Class/Job Gear",174
2289,"Antiquated Constellation Turban",5639,"Class/Job Gear",176
2290,"Antiquated Constellation Top",5640,"Class/Job Gear",176
2291,"Antiquated Constellation Armlets",5641,"Class/Job Gear",176
2292,"Antiquated Constellation Gaskins",5642,"Class/Job Gear",176
2293,"Antiquated Constellation Sandals",5643,"Class/Job Gear",176
2294,"Antiquated Myochin Jingasa",2239,"Class/Job Gear",177
2295,"Antiquated Myochin Haori",2240,"Class/Job Gear",177
2296,"Antiquated Myochin Tekko",2241,"Class/Job Gear",177
2297,"Antiquated Myochin Hakama",2242,"Class/Job Gear",177
2298,"Antiquated Myochin Geta",2243,"Class/Job Gear",177
2299,"Antiquated Duelist's Chapeau",4639,"Class/Job Gear",178
2300,"Antiquated Duelist's Tabard",4640,"Class/Job Gear",178
2301,"Antiquated Duelist's Gloves",4641,"Class/Job Gear",178
2302,"Antiquated Duelist's Breeches",4642,"Class/Job Gear",178
2303,"Antiquated Duelist's Thighboots",4643,"Class/Job Gear",178
2304,"Antiquated Galatyn",237,"Class/Job Gear",1
2305,"Antiquated Sudarshana Chakra",2037,"Class/Job Gear",2
2306,"Antiquated Farsha",437,"Class/Job Gear",3
2307,"Antiquated Ryunohige",1437,"Class/Job Gear",4
2308,"Antiquated Failnaught",3237,"Class/Job Gear",5
2309,"Antiquated Nagi",2637,"Class/Job Gear",6
2310,"Antiquated Caladbolg",637,"Class/Job Gear",175
2311,"Antiquated Outsider",3437,"Class/Job Gear",174
2312,"Antiquated Aymur",5237,"Class/Job Gear",7
2313,"Antiquated Vanargand",4237,"Class/Job Gear",8
2314,"Antiquated Lemegeton",4437,"Class/Job Gear",9
2315,"Antiquated Organum",5437,"Class/Job Gear",10
2316,"Antiquated Pleiades",5637,"Class/Job Gear",176
2317,"Antiquated Kiku-ichimonji",2237,"Class/Job Gear",177
2318,"Antiquated Murgleis",4637,"Class/Job Gear",178
2319,"Antiquated Evalach",238,"Class/Job Gear",1
2320,"Augmented Millking's Saw",7021,"Class/Job Gear",131
2321,"Augmented Forgeking's Hammer",7221,"Class/Job Gear",132
2322,"Augmented Hammerking's Beetle",7421,"Class/Job Gear",133
2323,"Augmented Gemking's Mallet",7621,"Class/Job Gear",134
2324,"Augmented Hideking's Knife",7821,"Class/Job Gear",135
2325,"Augmented Boltking's Needle",8021,"Class/Job Gear",136
2326,"Augmented Cauldronking's Alembic",8221,"Class/Job Gear",137
2327,"Augmented Galleyking's Frypan",8421,"Class/Job Gear",138
2328,"Augmented Mineking's Pickaxe",9021,"Class/Job Gear",139
2329,"Augmented Fieldking's Hatchet",9221,"Class/Job Gear",140
2330,"Augmented Tackleking's Rod",9421,"Class/Job Gear",141
2331,"Augmented Millking's Cap",7022,"Class/Job Gear",131
2332,"Augmented Millking's Coat",7023,"Class/Job Gear",131
2333,"Augmented Millking's Gloves",7024,"Class/Job Gear",131
2334,"Augmented Millking's Slops",7025,"Class/Job Gear",131
2335,"Augmented Millking's Boots",7026,"Class/Job Gear",131
2336,"Augmented Forgeking's Bandana",7222,"Class/Job Gear",132
2337,"Augmented Forgeking's Apron",7223,"Class/Job Gear",132
2338,"Augmented Forgeking's Gloves",7224,"Class/Job Gear",132
2339,"Augmented Forgeking's Slops",7225,"Class/Job Gear",132
2340,"Augmented Forgeking's Boots",7226,"Class/Job Gear",132
2341,"Augmented Hammerking's Visor",7422,"Class/Job Gear",133
2342,"Augmented Hammerking's Redingote",7423,"Class/Job Gear",133
2343,"Augmented Hammerking's Gloves",7424,"Class/Job Gear",133
2344,"Augmented Hammerking's Slops",7425,"Class/Job Gear",133
2345,"Augmented Hammerking's Boots",7426,"Class/Job Gear",133
2346,"Augmented Gemking's Turban",7622,"Class/Job Gear",134
2347,"Augmented Gemking's Coat",7623,"Class/Job Gear",134
2348,"Augmented Gemking's Gloves",7624,"Class/Job Gear",134
2349,"Augmented Gemking's Slops",7625,"Class/Job Gear",134
2350,"Augmented Gemking's Boots",7626,"Class/Job Gear",134
2351,"Augmented Hideking's Bandana",7822,"Class/Job Gear",135
2352,"Augmented Hideking's Jacket",7823,"Class/Job Gear",135
2353,"Augmented Hideking's Gloves",7824,"Class/Job Gear",135
2354,"Augmented Hideking's Slacks",7825,"Class/Job Gear",135
2355,"Augmented Hideking's Thighboots",7826,"Class/Job Gear",135
2356,"Augmented Boltking's Cap",8022,"Class/Job Gear",136
2357,"Augmented Boltking's Jacket",8023,"Class/Job Gear",136
2358,"Augmented Boltking's Gloves",8024,"Class/Job Gear",136
2359,"Augmented Boltking's Slops",8025,"Class/Job Gear",136
2360,"Augmented Boltking's Boots",8026,"Class/Job Gear",136
2361,"Augmented Cauldronking's Hat",8222,"Class/Job Gear",137
2362,"Augmented Cauldronking's Coat",8223,"Class/Job Gear",137
2363,"Augmented Cauldronking's Dress Gloves",8224,"Class/Job Gear",137
2364,"Augmented Cauldronking's Slops",8225,"Class/Job Gear",137
2365,"Augmented Cauldronking's Boots",8226,"Class/Job Gear",137
2366,"Augmented Galleyking's Toque",8422,"Class/Job Gear",138
2367,"Augmented Galleyking's Apron",8423,"Class/Job Gear",138
2368,"Augmented Galleyking's Mittens",8424,"Class/Job Gear",138
2369,"Augmented Galleyking's Trousers",8425,"Class/Job Gear",138
2370,"Augmented Galleyking's Shoes",8426,"Class/Job Gear",138
2371,"Augmented Mineking's Helmet",9022,"Class/Job Gear",139
2372,"Augmented Mineking's Work Shirt",9023,"Class/Job Gear",139
2373,"Augmented Mineking's Work Gloves",9024,"Class/Job Gear",139
2374,"Augmented Mineking's Slops",9025,"Class/Job Gear",139
2375,"Augmented Mineking's Workboots",9026,"Class/Job Gear",139
2376,"Augmented Fieldking's Hat",9222,"Class/Job Gear",140
2377,"Augmented Fieldking's Shirt",9223,"Class/Job Gear",140
2378,"Augmented Fieldking's Gloves",9224,"Class/Job Gear",140
2379,"Augmented Fieldking's Slops",9225,"Class/Job Gear",140
2380,"Augmented Fieldking's Shoes",9226,"Class/Job Gear",140
2381,"Augmented Tackleking's Bandana",9422,"Class/Job Gear",141
2382,"Augmented Tackleking's Vest",9423,"Class/Job Gear",141
2383,"Augmented Tackleking's Fingerless Gloves",9424,"Class/Job Gear",141
2384,"Augmented Tackleking's Halfslops",9425,"Class/Job Gear",141
2385,"Augmented Tackleking's Sandals",9426,"Class/Job Gear",141
2386,"Galatyn",244,"Class/Job Gear",1
2387,"Sudarshana Chakra",2044,"Class/Job Gear",2
2388,"Farsha",444,"Class/Job Gear",3
2389,"Ryunohige",1444,"Class/Job Gear",4
2390,"Failnaught",3244,"Class/Job Gear",5
2391,"Nagi",2644,"Class/Job Gear",6
2392,"Caladbolg",644,"Class/Job Gear",175
2393,"Outsider",3444,"Class/Job Gear",174
2394,"Aymur",5244,"Class/Job Gear",7
2395,"Vanargand",4244,"Class/Job Gear",8
2396,"Lemegeton",4444,"Class/Job Gear",9
2397,"Organum",5444,"Class/Job Gear",10
2398,"Pleiades",5644,"Class/Job Gear",176
2399,"Kiku-ichimonji",2244,"Class/Job Gear",177
2400,"Murgleis",4644,"Class/Job Gear",178
2401,"Evalach",245,"Class/Job Gear",1
2402,"Galatyn +1",251,"Class/Job Gear",1
2403,"Sudarshana Chakra +1",2051,"Class/Job Gear",2
2404,"Farsha +1",451,"Class/Job Gear",3
2405,"Ryunohige +1",1451,"Class/Job Gear",4
2406,"Failnaught +1",3251,"Class/Job Gear",5
2407,"Nagi +1",2651,"Class/Job Gear",6
2408,"Caladbolg +1",651,"Class/Job Gear",175
2409,"Outsider +1",3451,"Class/Job Gear",174
2410,"Aymur +1",5251,"Class/Job Gear",7
2411,"Vanargand +1",4251,"Class/Job Gear",8
2412,"Lemegeton +1",4451,"Class/Job Gear",9
2413,"Organum +1",5451,"Class/Job Gear",10
2414,"Pleiades +1",5651,"Class/Job Gear",176
2415,"Kiku-ichimonji +1",2251,"Class/Job Gear",177
2416,"Murgleis +1",4651,"Class/Job Gear",178
2417,"Evalach +1",252,"Class/Job Gear",1
2418,"Galatyn +2",258,"Class/Job Gear",1
2419,"Sudarshana Chakra +2",2058,"Class/Job Gear",2
2420,"Farsha +2",458,"Class/Job Gear",3
2421,"Ryunohige +2",1458,"Class/Job Gear",4
2422,"Failnaught +2",3258,"Class/Job Gear",5
2423,"Nagi +2",2658,"Class/Job Gear",6
2424,"Caladbolg +2",658,"Class/Job Gear",175
2425,"Outsider +2",3458,"Class/Job Gear",174
2426,"Aymur +2",5258,"Class/Job Gear",7
2427,"Vanargand +2",4258,"Class/Job Gear",8
2428,"Lemegeton +2",4458,"Class/Job Gear",9
2429,"Organum +2",5458,"Class/Job Gear",10
2430,"Pleiades +2",5658,"Class/Job Gear",176
2431,"Kiku-ichimonji +2",2258,"Class/Job Gear",177
2432,"Murgleis +2",4658,"Class/Job Gear",178
2433,"Evalach +2",259,"Class/Job Gear",1
2434,"Galatyn Anemos",265,"Class/Job Gear",1
2435,"Sudarshana Chakra Anemos",2065,"Class/Job Gear",2
2436,"Farsha Anemos",465,"Class/Job Gear",3
2437,"Ryunohige Anemos",1465,"Class/Job Gear",4
2438,"Failnaught Anemos",3265,"Class/Job Gear",5
2439,"Nagi Anemos",2665,"Class/Job Gear",6
2440,"Caladbolg Anemos",665,"Class/Job Gear",175
2441,"Outsider Anemos",3465,"Class/Job Gear",174
2442,"Aymur Anemos",5265,"Class/Job Gear",7
2443,"Vanargand Anemos",4265,"Class/Job Gear",8
2444,"Lemegeton Anemos",4465,"Class/Job Gear",9
2445,"Organum Anemos",5465,"Class/Job Gear",10
2446,"Pleiades Anemos",5665,"Class/Job Gear",176
2447,"Kiku-ichimonji Anemos",2265,"Class/Job Gear",177
2448,"Murgleis Anemos",4665,"Class/Job Gear",178
2449,"Evalach Anemos",266,"Class/Job Gear",1
2450,"Chivalrous Circlet",246,"Class/Job Gear",1
2451,"Chivalrous Surcoat",247,"Class/Job Gear",1
2452,"Chivalrous Gauntlets",248,"Class/Job Gear",1
2453,"Chivalrous Cuisses",249,"Class/Job Gear",1
2454,"Chivalrous Sollerets",250,"Class/Job Gear",1
2455,"Pacifist's Circlet",2046,"Class/Job Gear",2
2456,"Pacifist's Vest",2047,"Class/Job Gear",2
2457,"Pacifist's Armguards",2048,"Class/Job Gear",2
2458,"Pacifist's Gaskins",2049,"Class/Job Gear",2
2459,"Pacifist's Boots",2050,"Class/Job Gear",2
2460,"Brutal Visor",446,"Class/Job Gear",3
2461,"Brutal Lorica",447,"Class/Job Gear",3
2462,"Brutal Gauntlets",448,"Class/Job Gear",3
2463,"Brutal Breeches",449,"Class/Job Gear",3
2464,"Brutal Sollerets",450,"Class/Job Gear",3
2465,"Trueblood Armet",1446,"Class/Job Gear",4
2466,"Trueblood Mail",1447,"Class/Job Gear",4
2467,"Trueblood Gauntlets",1448,"Class/Job Gear",4
2468,"Trueblood Brais",1449,"Class/Job Gear",4
2469,"Trueblood Greaves",1450,"Class/Job Gear",4
2470,"Storyteller's Chapeau",3246,"Class/Job Gear",5
2471,"Storyteller's Coat",3247,"Class/Job Gear",5
2472,"Storyteller's Gloves",3248,"Class/Job Gear",5
2473,"Storyteller's Bottoms",3249,"Class/Job Gear",5
2474,"Storyteller's Boots",3250,"Class/Job Gear",5
2475,"Seventh Heaven Circlet",5246,"Class/Job Gear",7
2476,"Seventh Heaven Top",5247,"Class/Job Gear",7
2477,"Seventh Heaven Fingerless Gloves",5248,"Class/Job Gear",7
2478,"Seventh Heaven Bottoms",5249,"Class/Job Gear",7
2479,"Seventh Heaven Thighboots",5250,"Class/Job Gear",7
2480,"Seventh Hell Petasos",4246,"Class/Job Gear",8
2481,"Seventh Hell Coat",4247,"Class/Job Gear",8
2482,"Seventh Hell Gloves",4248,"Class/Job Gear",8
2483,"Seventh Hell Breeches",4249,"Class/Job Gear",8
2484,"Seventh Hell Thighboots",4250,"Class/Job Gear",8
2485,"Channeler's Horn",4446,"Class/Job Gear",9
2486,"Channeler's Vest",4447,"Class/Job Gear",9
2487,"Channeler's Armlets",4448,"Class/Job Gear",9
2488,"Channeler's Halfslops",4449,"Class/Job Gear",9
2489,"Channeler's Boots",4450,"Class/Job Gear",9
2490,"Orator's Mortarboard",5446,"Class/Job Gear",10
2491,"Orator's Coat",5447,"Class/Job Gear",10
2492,"Orator's Cuffs",5448,"Class/Job Gear",10
2493,"Orator's Bottoms",5449,"Class/Job Gear",10
2494,"Orator's Shoes",5450,"Class/Job Gear",10
2495,"Kage-kakushi Somen",2646,"Class/Job Gear",6
2496,"Kage-kakushi Chainmail",2647,"Class/Job Gear",6
2497,"Kage-kakushi Tekko",2648,"Class/Job Gear",6
2498,"Kage-kakushi Hakama",2649,"Class/Job Gear",6
2499,"Kage-kakushi Kyahan",2650,"Class/Job Gear",6
2500,"Abyss Burgeonet",646,"Class/Job Gear",175
2501,"Abyss Cuirass",647,"Class/Job Gear",175
2502,"Abyss Gauntlets",648,"Class/Job Gear",175
2503,"Abyss Flanchard",649,"Class/Job Gear",175
2504,"Abyss Sollerets",650,"Class/Job Gear",175
2505,"Gunner's Goggles",3446,"Class/Job Gear",174
2506,"Gunner's Coat",3447,"Class/Job Gear",174
2507,"Gunner's Gloves",3448,"Class/Job Gear",174
2508,"Gunner's Trousers",3449,"Class/Job Gear",174
2509,"Gunner's Thighboots",3450,"Class/Job Gear",174
2510,"Constellation Turban",5646,"Class/Job Gear",176
2511,"Constellation Top",5647,"Class/Job Gear",176
2512,"Constellation Armlets",5648,"Class/Job Gear",176
2513,"Constellation Gaskins",5649,"Class/Job Gear",176
2514,"Constellation Sandals",5650,"Class/Job Gear",176
2515,"Myochin Jingasa",2246,"Class/Job Gear",177
2516,"Myochin Haori",2247,"Class/Job Gear",177
2517,"Myochin Tekko",2248,"Class/Job Gear",177
2518,"Myochin Hakama",2249,"Class/Job Gear",177
2519,"Myochin Geta",2250,"Class/Job Gear",177
2520,"Duelist's Chapeau",4646,"Class/Job Gear",178
2521,"Duelist's Tabard",4647,"Class/Job Gear",178
2522,"Duelist's Gloves",4648,"Class/Job Gear",178
2523,"Duelist's Breeches",4649,"Class/Job Gear",178
2524,"Duelist's Thighboots",4650,"Class/Job Gear",178
2525,"Chivalrous Circlet +1",253,"Class/Job Gear",1
2526,"Chivalrous Surcoat +1",254,"Class/Job Gear",1
2527,"Chivalrous Gauntlets +1",255,"Class/Job Gear",1
2528,"Chivalrous Cuisses +1",256,"Class/Job Gear",1
2529,"Chivalrous Sollerets +1",257,"Class/Job Gear",1
2530,"Pacifist's Circlet +1",2053,"Class/Job Gear",2
2531,"Pacifist's Vest +1",2054,"Class/Job Gear",2
2532,"Pacifist's Armguards +1",2055,"Class/Job Gear",2
2533,"Pacifist's Gaskins +1",2056,"Class/Job Gear",2
2534,"Pacifist's Boots +1",2057,"Class/Job Gear",2
2535,"Brutal Visor +1",453,"Class/Job Gear",3
2536,"Brutal Lorica +1",454,"Class/Job Gear",3
2537,"Brutal Gauntlets +1",455,"Class/Job Gear",3
2538,"Brutal Breeches +1",456,"Class/Job Gear",3
2539,"Brutal Sollerets +1",457,"Class/Job Gear",3
2540,"Trueblood Armet +1",1453,"Class/Job Gear",4
2541,"Trueblood Mail +1",1454,"Class/Job Gear",4
2542,"Trueblood Gauntlets +1",1455,"Class/Job Gear",4
2543,"Trueblood Brais +1",1456,"Class/Job Gear",4
2544,"Trueblood Greaves +1",1457,"Class/Job Gear",4
2545,"Storyteller's Chapeau +1",3253,"Class/Job Gear",5
2546,"Storyteller's Coat +1",3254,"Class/Job Gear",5
2547,"Storyteller's Gloves +1",3255,"Class/Job Gear",5
2548,"Storyteller's Bottoms +1",3256,"Class/Job Gear",5
2549,"Storyteller's Boots +1",3257,"Class/Job Gear",5
2550,"Seventh Heaven Circlet +1",5253,"Class/Job Gear",7
2551,"Seventh Heaven Top +1",5254,"Class/Job Gear",7
2552,"Seventh Heaven Fingerless Gloves +1",5255,"Class/Job Gear",7
2553,"Seventh Heaven Bottoms +1",5256,"Class/Job Gear",7
2554,"Seventh Heaven Thighboots +1",5257,"Class/Job Gear",7
2555,"Seventh Hell Petasos +1",4253,"Class/Job Gear",8
2556,"Seventh Hell Coat +1",4254,"Class/Job Gear",8
2557,"Seventh Hell Gloves +1",4255,"Class/Job Gear",8
2558,"Seventh Hell Breeches +1",4256,"Class/Job Gear",8
2559,"Seventh Hell Thighboots +1",4257,"Class/Job Gear",8
2560,"Channeler's Horn +1",4453,"Class/Job Gear",9
2561,"Channeler's Vest +1",4454,"Class/Job Gear",9
2562,"Channeler's Armlets +1",4455,"Class/Job Gear",9
2563,"Channeler's Halfslops +1",4456,"Class/Job Gear",9
2564,"Channeler's Boots +1",4457,"Class/Job Gear",9
2565,"Orator's Mortarboard +1",5453,"Class/Job Gear",10
2566,"Orator's Coat +1",5454,"Class/Job Gear",10
2567,"Orator's Cuffs +1",5455,"Class/Job Gear",10
2568,"Orator's Bottoms +1",5456,"Class/Job Gear",10
2569,"Orator's Shoes +1",5457,"Class/Job Gear",10
2570,"Kage-kakushi Somen +1",2653,"Class/Job Gear",6
2571,"Kage-kakushi Chainmail +1",2654,"Class/Job Gear",6
2572,"Kage-kakushi Tekko +1",2655,"Class/Job Gear",6
2573,"Kage-kakushi Hakama +1",2656,"Class/Job Gear",6
2574,"Kage-kakushi Kyahan +1",2657,"Class/Job Gear",6
2575,"Abyss Burgeonet +1",653,"Class/Job Gear",175
2576,"Abyss Cuirass +1",654,"Class/Job Gear",175
2577,"Abyss Gauntlets +1",655,"Class/Job Gear",175
2578,"Abyss Flanchard +1",656,"Class/Job Gear",175
2579,"Abyss Sollerets +1",657,"Class/Job Gear",175
2580,"Gunner's Goggles +1",3453,"Class/Job Gear",174
2581,"Gunner's Coat +1",3454,"Class/Job Gear",174
2582,"Gunner's Gloves +1",3455,"Class/Job Gear",174
2583,"Gunner's Trousers +1",3456,"Class/Job Gear",174
2584,"Gunner's Thighboots +1",3457,"Class/Job Gear",174
2585,"Constellation Turban +1",5653,"Class/Job Gear",176
2586,"Constellation Top +1",5654,"Class/Job Gear",176
2587,"Constellation Armlets +1",5655,"Class/Job Gear",176
2588,"Constellation Gaskins +1",5656,"Class/Job Gear",176
2589,"Constellation Sandals +1",5657,"Class/Job Gear",176
2590,"Myochin Jingasa +1",2253,"Class/Job Gear",177
2591,"Myochin Haori +1",2254,"Class/Job Gear",177
2592,"Myochin Tekko +1",2255,"Class/Job Gear",177
2593,"Myochin Hakama +1",2256,"Class/Job Gear",177
2594,"Myochin Geta +1",2257,"Class/Job Gear",177
2595,"Duelist's Chapeau +1",4653,"Class/Job Gear",178
2596,"Duelist's Tabard +1",4654,"Class/Job Gear",178
2597,"Duelist's Gloves +1",4655,"Class/Job Gear",178
2598,"Duelist's Breeches +1",4656,"Class/Job Gear",178
2599,"Duelist's Thighboots +1",4657,"Class/Job Gear",178
2600,"Chivalrous Circlet +2",260,"Class/Job Gear",1
2601,"Chivalrous Surcoat +2",261,"Class/Job Gear",1
2602,"Chivalrous Gauntlets +2",262,"Class/Job Gear",1
2603,"Chivalrous Cuisses +2",263,"Class/Job Gear",1
2604,"Chivalrous Sollerets +2",264,"Class/Job Gear",1
2605,"Pacifist's Circlet +2",2060,"Class/Job Gear",2
2606,"Pacifist's Vest +2",2061,"Class/Job Gear",2
2607,"Pacifist's Armguards +2",2062,"Class/Job Gear",2
2608,"Pacifist's Gaskins +2",2063,"Class/Job Gear",2
2609,"Pacifist's Boots +2",2064,"Class/Job Gear",2
2610,"Brutal Visor +2",460,"Class/Job Gear",3
2611,"Brutal Lorica +2",461,"Class/Job Gear",3
2612,"Brutal Gauntlets +2",462,"Class/Job Gear",3
2613,"Brutal Breeches +2",463,"Class/Job Gear",3
2614,"Brutal Sollerets +2",464,"Class/Job Gear",3
2615,"Trueblood Armet +2",1460,"Class/Job Gear",4
2616,"Trueblood Mail +2",1461,"Class/Job Gear",4
2617,"Trueblood Gauntlets +2",1462,"Class/Job Gear",4
2618,"Trueblood Brais +2",1463,"Class/Job Gear",4
2619,"Trueblood Greaves +2",1464,"Class/Job Gear",4
2620,"Storyteller's Chapeau +2",3260,"Class/Job Gear",5
2621,"Storyteller's Coat +2",3261,"Class/Job Gear",5
2622,"Storyteller's Gloves +2",3262,"Class/Job Gear",5
2623,"Storyteller's Bottoms +2",3263,"Class/Job Gear",5
2624,"Storyteller's Boots +2",3264,"Class/Job Gear",5
2625,"Seventh Heaven Circlet +2",5260,"Class/Job Gear",7
2626,"Seventh Heaven Top +2",5261,"Class/Job Gear",7
2627,"Seventh Heaven Fingerless Gloves +2",5262,"Class/Job Gear",7
2628,"Seventh Heaven Bottoms +2",5263,"Class/Job Gear",7
2629,"Seventh Heaven Thighboots +2",5264,"Class/Job Gear",7
2630,"Seventh Hell Petasos +2",4260,"Class/Job Gear",8
2631,"Seventh Hell Coat +2",4261,"Class/Job Gear",8
2632,"Seventh Hell Gloves +2",4262,"Class/Job Gear",8
2633,"Seventh Hell Breeches +2",4263,"Class/Job Gear",8
2634,"Seventh Hell Thighboots +2",4264,"Class/Job Gear",8
2635,"Channeler's Horn +2",4460,"Class/Job Gear",9
2636,"Channeler's Vest +2",4461,"Class/Job Gear",9
2637,"Channeler's Armlets +2",4462,"Class/Job Gear",9
2638,"Channeler's Halfslops +2",4463,"Class/Job Gear",9
2639,"Channeler's Boots +2",4464,"Class/Job Gear",9
2640,"Orator's Mortarboard +2",5460,"Class/Job Gear",10
2641,"Orator's Coat +2",5461,"Class/Job Gear",10
2642,"Orator's Cuffs +2",5462,"Class/Job Gear",10
2643,"Orator's Bottoms +2",5463,"Class/Job Gear",10
2644,"Orator's Shoes +2",5464,"Class/Job Gear",10
2645,"Kage-kakushi Somen +2",2660,"Class/Job Gear",6
2646,"Kage-kakushi Chainmail +2",2661,"Class/Job Gear",6
2647,"Kage-kakushi Tekko +2",2662,"Class/Job Gear",6
2648,"Kage-kakushi Hakama +2",2663,"Class/Job Gear",6
2649,"Kage-kakushi Kyahan +2",2664,"Class/Job Gear",6
2650,"Abyss Burgeonet +2",660,"Class/Job Gear",175
2651,"Abyss Cuirass +2",661,"Class/Job Gear",175
2652,"Abyss Gauntlets +2",662,"Class/Job Gear",175
2653,"Abyss Flanchard +2",663,"Class/Job Gear",175
2654,"Abyss Sollerets +2",664,"Class/Job Gear",175
2655,"Gunner's Goggles +2",3460,"Class/Job Gear",174
2656,"Gunner's Coat +2",3461,"Class/Job Gear",174
2657,"Gunner's Gloves +2",3462,"Class/Job Gear",174
2658,"Gunner's Trousers +2",3463,"Class/Job Gear",174
2659,"Gunner's Thighboots +2",3464,"Class/Job Gear",174
2660,"Constellation Turban +2",5660,"Class/Job Gear",176
2661,"Constellation Top +2",5661,"Class/Job Gear",176
2662,"Constellation Armlets +2",5662,"Class/Job Gear",176
2663,"Constellation Gaskins +2",5663,"Class/Job Gear",176
2664,"Constellation Sandals +2",5664,"Class/Job Gear",176
2665,"Myochin Jingasa +2",2260,"Class/Job Gear",177
2666,"Myochin Haori +2",2261,"Class/Job Gear",177
2667,"Myochin Tekko +2",2262,"Class/Job Gear",177
2668,"Myochin Hakama +2",2263,"Class/Job Gear",177
2669,"Myochin Geta +2",2264,"Class/Job Gear",177
2670,"Duelist's Chapeau +2",4660,"Class/Job Gear",178
2671,"Duelist's Tabard +2",4661,"Class/Job Gear",178
2672,"Duelist's Gloves +2",4662,"Class/Job Gear",178
2673,"Duelist's Breeches +2",4663,"Class/Job Gear",178
2674,"Duelist's Thighboots +2",4664,"Class/Job Gear",178
2675,"Anemos Chivalrous Circlet",267,"Class/Job Gear",1
2676,"Anemos Chivalrous Surcoat",268,"Class/Job Gear",1
2677,"Anemos Chivalrous Gauntlets",269,"Class/Job Gear",1
2678,"Anemos Chivalrous Cuisses",270,"Class/Job Gear",1
2679,"Anemos Chivalrous Sollerets",271,"Class/Job Gear",1
2680,"Anemos Pacifist's Circlet",2067,"Class/Job Gear",2
2681,"Anemos Pacifist's Vest",2068,"Class/Job Gear",2
2682,"Anemos Pacifist's Armguards",2069,"Class/Job Gear",2
2683,"Anemos Pacifist's Gaskins",2070,"Class/Job Gear",2
2684,"Anemos Pacifist's Boots",2071,"Class/Job Gear",2
2685,"Anemos Brutal Visor",467,"Class/Job Gear",3
2686,"Anemos Brutal Lorica",468,"Class/Job Gear",3
2687,"Anemos Brutal Gauntlets",469,"Class/Job Gear",3
2688,"Anemos Brutal Breeches",470,"Class/Job Gear",3
2689,"Anemos Brutal Sollerets",471,"Class/Job Gear",3
2690,"Anemos Trueblood Armet",1467,"Class/Job Gear",4
2691,"Anemos Trueblood Mail",1468,"Class/Job Gear",4
2692,"Anemos Trueblood Gauntlets",1469,"Class/Job Gear",4
2693,"Anemos Trueblood Brais",1470,"Class/Job Gear",4
2694,"Anemos Trueblood Greaves",1471,"Class/Job Gear",4
2695,"Anemos Storyteller's Chapeau",3267,"Class/Job Gear",5
2696,"Anemos Storyteller's Coat",3268,"Class/Job Gear",5
2697,"Anemos Storyteller's Gloves",3269,"Class/Job Gear",5
2698,"Anemos Storyteller's Bottoms",3270,"Class/Job Gear",5
2699,"Anemos Storyteller's Boots",3271,"Class/Job Gear",5
2700,"Anemos Seventh Heaven Circlet",5267,"Class/Job Gear",7
2701,"Anemos Seventh Heaven Top",5268,"Class/Job Gear",7
2702,"Anemos Seventh Heaven Fingerless Gloves",5269,"Class/Job Gear",7
2703,"Anemos Seventh Heaven Bottoms",5270,"Class/Job Gear",7
2704,"Anemos Seventh Heaven Thighboots",5271,"Class/Job Gear",7
2705,"Anemos Seventh Hell Petasos",4267,"Class/Job Gear",8
2706,"Anemos Seventh Hell Coat",4268,"Class/Job Gear",8
2707,"Anemos Seventh Hell Gloves",4269,"Class/Job Gear",8
2708,"Anemos Seventh Hell Breeches",4270,"Class/Job Gear",8
2709,"Anemos Seventh Hell Thighboots",4271,"Class/Job Gear",8
2710,"Anemos Channeler's Horn",4467,"Class/Job Gear",9
2711,"Anemos Channeler's Vest",4468,"Class/Job Gear",9
2712,"Anemos Channeler's Armlets",4469,"Class/Job Gear",9
2713,"Anemos Channeler's Halfslops",4470,"Class/Job Gear",9
2714,"Anemos Channeler's Boots",4471,"Class/Job Gear",9
2715,"Anemos Orator's Mortarboard",5467,"Class/Job Gear",10
2716,"Anemos Orator's Coat",5468,"Class/Job Gear",10
2717,"Anemos Orator's Cuffs",5469,"Class/Job Gear",10
2718,"Anemos Orator's Bottoms",5470,"Class/Job Gear",10
2719,"Anemos Orator's Shoes",5471,"Class/Job Gear",10
2720,"Anemos Kage-kakushi Somen",2667,"Class/Job Gear",6
2721,"Anemos Kage-kakushi Chainmail",2668,"Class/Job Gear",6
2722,"Anemos Kage-kakushi Tekko",2669,"Class/Job Gear",6
2723,"Anemos Kage-kakushi Hakama",2670,"Class/Job Gear",6
2724,"Anemos Kage-kakushi Kyahan",2671,"Class/Job Gear",6
2725,"Anemos Abyss Burgeonet",667,"Class/Job Gear",175
2726,"Anemos Abyss Cuirass",668,"Class/Job Gear",175
2727,"Anemos Abyss Gauntlets",669,"Class/Job Gear",175
2728,"Anemos Abyss Flanchard",670,"Class/Job Gear",175
2729,"Anemos Abyss Sollerets",671,"Class/Job Gear",175
2730,"Anemos Gunner's Goggles",3467,"Class/Job Gear",174
2731,"Anemos Gunner's Coat",3468,"Class/Job Gear",174
2732,"Anemos Gunner's Gloves",3469,"Class/Job Gear",174
2733,"Anemos Gunner's Trousers",3470,"Class/Job Gear",174
2734,"Anemos Gunner's Thighboots",3471,"Class/Job Gear",174
2735,"Anemos Constellation Turban",5667,"Class/Job Gear",176
2736,"Anemos Constellation Top",5668,"Class/Job Gear",176
2737,"Anemos Constellation Armlets",5669,"Class/Job Gear",176
2738,"Anemos Constellation Gaskins",5670,"Class/Job Gear",176
2739,"Anemos Constellation Sandals",5671,"Class/Job Gear",176
2740,"Anemos Myochin Jingasa",2267,"Class/Job Gear",177
2741,"Anemos Myochin Haori",2268,"Class/Job Gear",177
2742,"Anemos Myochin Tekko",2269,"Class/Job Gear",177
2743,"Anemos Myochin Hakama",2270,"Class/Job Gear",177
2744,"Anemos Myochin Geta",2271,"Class/Job Gear",177
2745,"Anemos Duelist's Chapeau",4667,"Class/Job Gear",178
2746,"Anemos Duelist's Tabard",4668,"Class/Job Gear",178
2747,"Anemos Duelist's Gloves",4669,"Class/Job Gear",178
2748,"Anemos Duelist's Breeches",4670,"Class/Job Gear",178
2749,"Anemos Duelist's Thighboots",4671,"Class/Job Gear",178
2750,"Millking's Claw Hammer",7027,"Class/Job Gear",131
2751,"Forgeking's File",7227,"Class/Job Gear",132
2752,"Hammerking's Pliers",7427,"Class/Job Gear",133
2753,"Gemking's Grinding Wheel",7627,"Class/Job Gear",134
2754,"Hideking's Awl",7827,"Class/Job Gear",135
2755,"Boltking's Spinning Wheel",8027,"Class/Job Gear",136
2756,"Cauldronking's Mortar",8227,"Class/Job Gear",137
2757,"Galleyking's Culinary Knife",8427,"Class/Job Gear",138
2758,"Mineking's Sledgehammer",9027,"Class/Job Gear",139
2759,"Fieldking's Scythe",9227,"Class/Job Gear",140
2760,"The Spirit of the Whalaqee",6201,"Class/Job Gear",179
2761,"Magus's Mask",6202,"Class/Job Gear",179
2762,"Magus's Jacket",6203,"Class/Job Gear",179
2763,"Magus's Gloves",6204,"Class/Job Gear",179
2764,"Magus's Trousers",6205,"Class/Job Gear",179
2765,"Magus's Shoes",6206,"Class/Job Gear",179
2766,"Sequence",272,"Class/Job Gear",1
2767,"Godhands",2072,"Class/Job Gear",2
2768,"Chango",472,"Class/Job Gear",3
2769,"Trishula",1472,"Class/Job Gear",4
2770,"Fail-Not",3272,"Class/Job Gear",5
2771,"Heishi Shorinken",2672,"Class/Job Gear",6
2772,"Shadowbringer",672,"Class/Job Gear",175
2773,"Fomalhaut",3472,"Class/Job Gear",174
2774,"Tishtrya",5272,"Class/Job Gear",7
2775,"Khatvanga",4272,"Class/Job Gear",8
2776,"Meteorologica",4472,"Class/Job Gear",9
2777,"Physica",5472,"Class/Job Gear",10
2778,"Procyon",5672,"Class/Job Gear",176
2779,"Dojikiri Yasutsuna",2272,"Class/Job Gear",177
2780,"Aeneas",4672,"Class/Job Gear",178
2781,"Lion Heart",872,"Class/Job Gear",180
2782,"Krishna",3672,"Class/Job Gear",181
2783,"Srivatsa",273,"Class/Job Gear",1
2784,"Weathered Chevalier's Temple Chain",274,"Class/Job Gear",1
2785,"Weathered Chevalier's Cuirass",275,"Class/Job Gear",1
2786,"Weathered Chevalier's Gauntlets",276,"Class/Job Gear",1
2787,"Weathered Chevalier's Poleyns",277,"Class/Job Gear",1
2788,"Weathered Chevalier's Sollerets",278,"Class/Job Gear",1
2789,"Weathered Bhikku Knotcap",2074,"Class/Job Gear",2
2790,"Weathered Bhikku Cyclas",2075,"Class/Job Gear",2
2791,"Weathered Bhikku Gloves",2076,"Class/Job Gear",2
2792,"Weathered Bhikku Poleyns",2077,"Class/Job Gear",2
2793,"Weathered Bhikku Boots",2078,"Class/Job Gear",2
2794,"Weathered Boii Burgeonet",474,"Class/Job Gear",3
2795,"Weathered Boii Tunic",475,"Class/Job Gear",3
2796,"Weathered Boii Gauntlets",476,"Class/Job Gear",3
2797,"Weathered Boii Brais",477,"Class/Job Gear",3
2798,"Weathered Boii Boots",478,"Class/Job Gear",3
2799,"Weathered Pteroslaver Armet",1474,"Class/Job Gear",4
2800,"Weathered Pteroslaver Mail",1475,"Class/Job Gear",4
2801,"Weathered Pteroslaver Gauntlets",1476,"Class/Job Gear",4
2802,"Weathered Pteroslaver Subligar",1477,"Class/Job Gear",4
2803,"Weathered Pteroslaver Greaves",1478,"Class/Job Gear",4
2804,"Weathered Fili Chapeau",3274,"Class/Job Gear",5
2805,"Weathered Fili Gilet",3275,"Class/Job Gear",5
2806,"Weathered Fili Armlets",3276,"Class/Job Gear",5
2807,"Weathered Fili Bottoms",3277,"Class/Job Gear",5
2808,"Weathered Fili Shoes",3278,"Class/Job Gear",5
2809,"Weathered Ebers Hood",5274,"Class/Job Gear",7
2810,"Weathered Ebers Robe",5275,"Class/Job Gear",7
2811,"Weathered Ebers Armlets",5276,"Class/Job Gear",7
2812,"Weathered Ebers Skirt",5277,"Class/Job Gear",7
2813,"Weathered Ebers Thighboots",5278,"Class/Job Gear",7
2814,"Weathered Wicce Petasos",4274,"Class/Job Gear",8
2815,"Weathered Wicce Coat",4275,"Class/Job Gear",8
2816,"Weathered Wicce Wrist Torque",4276,"Class/Job Gear",8
2817,"Weathered Wicce Bottoms",4277,"Class/Job Gear",8
2818,"Weathered Wicce Shoes",4278,"Class/Job Gear",8
2819,"Weathered Beckoner's Horn",4474,"Class/Job Gear",9
2820,"Weathered Beckoner's Coat",4475,"Class/Job Gear",9
2821,"Weathered Beckoner's Fingerless Gloves",4476,"Class/Job Gear",9
2822,"Weathered Beckoner's Sarouel",4477,"Class/Job Gear",9
2823,"Weathered Beckoner's Crakows",4478,"Class/Job Gear",9
2824,"Weathered Arbatel Mortarboard",5474,"Class/Job Gear",10
2825,"Weathered Arbatel Cloak",5475,"Class/Job Gear",10
2826,"Weathered Arbatel Gloves",5476,"Class/Job Gear",10
2827,"Weathered Arbatel Bottoms",5477,"Class/Job Gear",10
2828,"Weathered Arbatel Thighboots",5478,"Class/Job Gear",10
2829,"Weathered Hattori Somen",2674,"Class/Job Gear",6
2830,"Weathered Hattori Chainmail",2675,"Class/Job Gear",6
2831,"Weathered Hattori Tekko",2676,"Class/Job Gear",6
2832,"Weathered Hattori Trousers",2677,"Class/Job Gear",6
2833,"Weathered Hattori Kyahan",2678,"Class/Job Gear",6
2834,"Weathered Bale Burgeonet",674,"Class/Job Gear",175
2835,"Weathered Bale Cuirass",675,"Class/Job Gear",175
2836,"Weathered Bale Gauntlets",676,"Class/Job Gear",175
2837,"Weathered Bale Flanchard",677,"Class/Job Gear",175
2838,"Weathered Bale Sollerets",678,"Class/Job Gear",175
2839,"Weathered Gunslinger's Hat",3474,"Class/Job Gear",174
2840,"Weathered Gunslinger's Coat",3475,"Class/Job Gear",174
2841,"Weathered Gunslinger's Halfgloves",3476,"Class/Job Gear",174
2842,"Weathered Gunslinger's Bottoms",3477,"Class/Job Gear",174
2843,"Weathered Gunslinger's Thighboots",3478,"Class/Job Gear",174
2844,"Weathered Soothsayer's Turban",5674,"Class/Job Gear",176
2845,"Weathered Soothsayer's Chiton",5675,"Class/Job Gear",176
2846,"Weathered Soothsayer's Armlets",5676,"Class/Job Gear",176
2847,"Weathered Soothsayer's Skirt",5677,"Class/Job Gear",176
2848,"Weathered Soothsayer's Sandals",5678,"Class/Job Gear",176
2849,"Weathered Kasuga Hanbo",2274,"Class/Job Gear",177
2850,"Weathered Kasuga Haori",2275,"Class/Job Gear",177
2851,"Weathered Kasuga Kote",2276,"Class/Job Gear",177
2852,"Weathered Kasuga Tsutsu-hakama",2277,"Class/Job Gear",177
2853,"Weathered Kasuga Zori",2278,"Class/Job Gear",177
2854,"Weathered Estoqueur's Tricorne",4674,"Class/Job Gear",178
2855,"Weathered Estoqueur's Bliaud",4675,"Class/Job Gear",178
2856,"Weathered Estoqueur's Gloves",4676,"Class/Job Gear",178
2857,"Weathered Estoqueur's Bottoms",4677,"Class/Job Gear",178
2858,"Weathered Estoqueur's Thighboots",4678,"Class/Job Gear",178
2859,"Weathered Bodyguard's Blinder",874,"Class/Job Gear",180
2860,"Weathered Bodyguard's Coat",875,"Class/Job Gear",180
2861,"Weathered Bodyguard's Fingerless Gloves",876,"Class/Job Gear",180
2862,"Weathered Bodyguard's Trousers",877,"Class/Job Gear",180
2863,"Weathered Bodyguard's Thighboots",878,"Class/Job Gear",180
2864,"Weathered Dancer's Headdress",3674,"Class/Job Gear",181
2865,"Weathered Dancer's Casaque",3675,"Class/Job Gear",181
2866,"Weathered Dancer's Armlets",3676,"Class/Job Gear",181
2867,"Weathered Dancer's Bottoms",3677,"Class/Job Gear",181
2868,"Weathered Dancer's Shoes",3678,"Class/Job Gear",181
2869,"Millfiend's Saw",7033,"Class/Job Gear",131
2870,"Forgefiend's Hammer",7233,"Class/Job Gear",132
2871,"Hammerfiend's Beetle",7433,"Class/Job Gear",133
2872,"Gemfiend's Mallet",7633,"Class/Job Gear",134
2873,"Hidefiend's Knife",7833,"Class/Job Gear",135
2874,"Boltfiend's Needle",8033,"Class/Job Gear",136
2875,"Cauldronfiend's Alembic",8233,"Class/Job Gear",137
2876,"Galleyfiend's Frypan",8433,"Class/Job Gear",138
2877,"Minefiend's Pickaxe",9033,"Class/Job Gear",139
2878,"Fieldfiend's Hatchet",9233,"Class/Job Gear",140
2879,"Tacklefiend's Rod",9433,"Class/Job Gear",141
2880,"Millfiend's Cap",7034,"Class/Job Gear",131
2881,"Millfiend's Apron",7035,"Class/Job Gear",131
2882,"Millfiend's Halfgloves",7036,"Class/Job Gear",131
2883,"Millfiend's Kecks",7037,"Class/Job Gear",131
2884,"Millfiend's Workboots",7038,"Class/Job Gear",131
2885,"Forgefiend's Goggles",7234,"Class/Job Gear",132
2886,"Forgefiend's Apron",7235,"Class/Job Gear",132
2887,"Forgefiend's Work Gloves",7236,"Class/Job Gear",132
2888,"Forgefiend's Trousers",7237,"Class/Job Gear",132
2889,"Forgefiend's Leggings",7238,"Class/Job Gear",132
2890,"Hammerfiend's Visor",7434,"Class/Job Gear",133
2891,"Hammerfiend's Apron",7435,"Class/Job Gear",133
2892,"Hammerfiend's Work Gloves",7436,"Class/Job Gear",133
2893,"Hammerfiend's Trousers",7437,"Class/Job Gear",133
2894,"Hammerfiend's Workboots",7438,"Class/Job Gear",133
2895,"Gemfiend's Monocle",7634,"Class/Job Gear",134
2896,"Gemfiend's Vest",7635,"Class/Job Gear",134
2897,"Gemfiend's Shortgloves",7636,"Class/Job Gear",134
2898,"Gemfiend's Trousers",7637,"Class/Job Gear",134
2899,"Gemfiend's Boots",7638,"Class/Job Gear",134
2900,"Hidefiend's Cap",7834,"Class/Job Gear",135
2901,"Hidefiend's Jacket",7835,"Class/Job Gear",135
2902,"Hidefiend's Armlets",7836,"Class/Job Gear",135
2903,"Hidefiend's Kecks",7837,"Class/Job Gear",135
2904,"Hidefiend's Thighboots",7838,"Class/Job Gear",135
2905,"Boltfiend's Top Hat",8034,"Class/Job Gear",136
2906,"Boltfiend's Swallowtail",8035,"Class/Job Gear",136
2907,"Boltfiend's Fingerstalls",8036,"Class/Job Gear",136
2908,"Boltfiend's Slacks",8037,"Class/Job Gear",136
2909,"Boltfiend's Boots",8038,"Class/Job Gear",136
2910,"Cauldronfiend's Spectacles",8234,"Class/Job Gear",137
2911,"Cauldronfiend's Coat",8235,"Class/Job Gear",137
2912,"Cauldronfiend's Gloves",8236,"Class/Job Gear",137
2913,"Cauldronfiend's Kecks",8237,"Class/Job Gear",137
2914,"Cauldronfiend's Shoes",8238,"Class/Job Gear",137
2915,"Galleyfiend's Toque",8434,"Class/Job Gear",138
2916,"Galleyfiend's Apron",8435,"Class/Job Gear",138
2917,"Galleyfiend's Mittens",8436,"Class/Job Gear",138
2918,"Galleyfiend's Trousers",8437,"Class/Job Gear",138
2919,"Galleyfiend's Pattens",8438,"Class/Job Gear",138
2920,"Minefiend's Helmet",9034,"Class/Job Gear",139
2921,"Minefiend's Work Shirt",9035,"Class/Job Gear",139
2922,"Minefiend's Work Gloves",9036,"Class/Job Gear",139
2923,"Minefiend's Slops",9037,"Class/Job Gear",139
2924,"Minefiend's Workboots",9038,"Class/Job Gear",139
2925,"Fieldfiend's Hat",9234,"Class/Job Gear",140
2926,"Fieldfiend's Shirt",9235,"Class/Job Gear",140
2927,"Fieldfiend's Halfgloves",9236,"Class/Job Gear",140
2928,"Fieldfiend's Slops",9237,"Class/Job Gear",140
2929,"Fieldfiend's Workboots",9238,"Class/Job Gear",140
2930,"Tacklefiend's Hat",9434,"Class/Job Gear",141
2931,"Tacklefiend's Jacket",9435,"Class/Job Gear",141
2932,"Tacklefiend's Work Gloves",9436,"Class/Job Gear",141
2933,"Tacklefiend's Slops",9437,"Class/Job Gear",141
2934,"Tacklefiend's Workboots",9438,"Class/Job Gear",141
2935,"",7028,"Class/Job Gear",131
2936,"",7029,"Class/Job Gear",131
2937,"",7030,"Class/Job Gear",131
2938,"",7031,"Class/Job Gear",131
2939,"",7032,"Class/Job Gear",131
2940,"",7228,"Class/Job Gear",132
2941,"",7229,"Class/Job Gear",132
2942,"",7230,"Class/Job Gear",132
2943,"",7231,"Class/Job Gear",132
2944,"",7232,"Class/Job Gear",132
2945,"",7428,"Class/Job Gear",133
2946,"",7429,"Class/Job Gear",133
2947,"",7430,"Class/Job Gear",133
2948,"",7431,"Class/Job Gear",133
2949,"",7432,"Class/Job Gear",133
2950,"",7628,"Class/Job Gear",134
2951,"",7629,"Class/Job Gear",134
2952,"",7630,"Class/Job Gear",134
2953,"",7631,"Class/Job Gear",134
2954,"",7632,"Class/Job Gear",134
2955,"",7828,"Class/Job Gear",135
2956,"",7829,"Class/Job Gear",135
2957,"",7830,"Class/Job Gear",135
2958,"",7831,"Class/Job Gear",135
2959,"",7832,"Class/Job Gear",135
2960,"",8028,"Class/Job Gear",136
2961,"",8029,"Class/Job Gear",136
2962,"",8030,"Class/Job Gear",136
2963,"",8031,"Class/Job Gear",136
2964,"",8032,"Class/Job Gear",136
2965,"",8228,"Class/Job Gear",137
2966,"",8229,"Class/Job Gear",137
2967,"",8230,"Class/Job Gear",137
2968,"",8231,"Class/Job Gear",137
2969,"",8232,"Class/Job Gear",137
2970,"",8428,"Class/Job Gear",138
2971,"",8429,"Class/Job Gear",138
2972,"",8430,"Class/Job Gear",138
2973,"",8431,"Class/Job Gear",138
2974,"",8432,"Class/Job Gear",138
2975,"",9028,"Class/Job Gear",139
2976,"",9029,"Class/Job Gear",139
2977,"",9030,"Class/Job Gear",139
2978,"",9031,"Class/Job Gear",139
2979,"",9032,"Class/Job Gear",139
2980,"",9228,"Class/Job Gear",140
2981,"",9229,"Class/Job Gear",140
2982,"",9230,"Class/Job Gear",140
2983,"",9231,"Class/Job Gear",140
2984,"",9232,"Class/Job Gear",140
2985,"",9428,"Class/Job Gear",141
2986,"",9429,"Class/Job Gear",141
2987,"",9430,"Class/Job Gear",141
2988,"",9431,"Class/Job Gear",141
2989,"",9432,"Class/Job Gear",141
2990,"Incendiario",6207,"Class/Job Gear",179
2991,"Whalaqee Earrings",6209,"Class/Job Gear",179
2992,"Whalaqee Choker",6210,"Class/Job Gear",179
2993,"Whalaqee Bracelet",6211,"Class/Job Gear",179
2994,"Whalaqee Ring",6212,"Class/Job Gear",179
2995,"Mask of Azuro",6208,"Class/Job Gear",179
2996,"Millfiend's Claw Hammer",7039,"Class/Job Gear",131
2997,"Forgefiend's File",7239,"Class/Job Gear",132
2998,"Hammerfiend's Pliers",7439,"Class/Job Gear",133
2999,"Gemfiend's Grinding Wheel",7639,"Class/Job Gear",134
3000,"Hidefiend's Awl",7839,"Class/Job Gear",135
3001,"Boltfiend's Spinning Wheel",8039,"Class/Job Gear",136
3002,"Cauldronfiend's Mortar",8239,"Class/Job Gear",137
3003,"Galleyfiend's Culinary Knife",8439,"Class/Job Gear",138
3004,"Minefiend's Sledgehammer",9039,"Class/Job Gear",139
3005,"Fieldfiend's Scythe",9239,"Class/Job Gear",140
3006,"Idealized Chevalier's Temple Chain",279,"Class/Job Gear",1
3007,"Idealized Chevalier's Cuirass",280,"Class/Job Gear",1
3008,"Idealized Chevalier's Gauntlets",281,"Class/Job Gear",1
3009,"Idealized Chevalier's Poleyns",282,"Class/Job Gear",1
3010,"Idealized Chevalier's Sollerets",283,"Class/Job Gear",1
3011,"Idealized Bhikku Knotcap",2079,"Class/Job Gear",2
3012,"Idealized Bhikku Cyclas",2080,"Class/Job Gear",2
3013,"Idealized Bhikku Gloves",2081,"Class/Job Gear",2
3014,"Idealized Bhikku Poleyns",2082,"Class/Job Gear",2
3015,"Idealized Bhikku Boots",2083,"Class/Job Gear",2
3016,"Idealized Boii Burgeonet",479,"Class/Job Gear",3
3017,"Idealized Boii Tunic",480,"Class/Job Gear",3
3018,"Idealized Boii Gauntlets",481,"Class/Job Gear",3
3019,"Idealized Boii Brais",482,"Class/Job Gear",3
3020,"Idealized Boii Boots",483,"Class/Job Gear",3
3021,"Idealized Pteroslaver Armet",1479,"Class/Job Gear",4
3022,"Idealized Pteroslaver Mail",1480,"Class/Job Gear",4
3023,"Idealized Pteroslaver Gauntlets",1481,"Class/Job Gear",4
3024,"Idealized Pteroslaver Subligar",1482,"Class/Job Gear",4
3025,"Idealized Pteroslaver Greaves",1483,"Class/Job Gear",4
3026,"Idealized Fili Chapeau",3279,"Class/Job Gear",5
3027,"Idealized Fili Gilet",3280,"Class/Job Gear",5
3028,"Idealized Fili Armlets",3281,"Class/Job Gear",5
3029,"Idealized Fili Bottoms",3282,"Class/Job Gear",5
3030,"Idealized Fili Shoes",3283,"Class/Job Gear",5
3031,"Idealized Ebers Hood",5279,"Class/Job Gear",7
3032,"Idealized Ebers Robe",5280,"Class/Job Gear",7
3033,"Idealized Ebers Armlets",5281,"Class/Job Gear",7
3034,"Idealized Ebers Skirt",5282,"Class/Job Gear",7
3035,"Idealized Ebers Thighboots",5283,"Class/Job Gear",7
3036,"Idealized Wicce Petasos",4279,"Class/Job Gear",8
3037,"Idealized Wicce Coat",4280,"Class/Job Gear",8
3038,"Idealized Wicce Wrist Torque",4281,"Class/Job Gear",8
3039,"Idealized Wicce Bottoms",4282,"Class/Job Gear",8
3040,"Idealized Wicce Shoes",4283,"Class/Job Gear",8
3041,"Idealized Beckoner's Horn",4479,"Class/Job Gear",9
3042,"Idealized Beckoner's Coat",4480,"Class/Job Gear",9
3043,"Idealized Beckoner's Fingerless Gloves",4481,"Class/Job Gear",9
3044,"Idealized Beckoner's Sarouel",4482,"Class/Job Gear",9
3045,"Idealized Beckoner's Crakows",4483,"Class/Job Gear",9
3046,"Idealized Arbatel Mortarboard",5479,"Class/Job Gear",10
3047,"Idealized Arbatel Cloak",5480,"Class/Job Gear",10
3048,"Idealized Arbatel Gloves",5481,"Class/Job Gear",10
3049,"Idealized Arbatel Bottoms",5482,"Class/Job Gear",10
3050,"Idealized Arbatel Thighboots",5483,"Class/Job Gear",10
3051,"Idealized Hattori Somen",2679,"Class/Job Gear",6
3052,"Idealized Hattori Chainmail",2680,"Class/Job Gear",6
3053,"Idealized Hattori Tekko",2681,"Class/Job Gear",6
3054,"Idealized Hattori Trousers",2682,"Class/Job Gear",6
3055,"Idealized Hattori Kyahan",2683,"Class/Job Gear",6
3056,"Idealized Bale Burgeonet",679,"Class/Job Gear",175
3057,"Idealized Bale Cuirass",680,"Class/Job Gear",175
3058,"Idealized Bale Gauntlets",681,"Class/Job Gear",175
3059,"Idealized Bale Flanchard",682,"Class/Job Gear",175
3060,"Idealized Bale Sollerets",683,"Class/Job Gear",175
3061,"Idealized Gunslinger's Hat",3479,"Class/Job Gear",174
3062,"Idealized Gunslinger's Coat",3480,"Class/Job Gear",174
3063,"Idealized Gunslinger's Halfgloves",3481,"Class/Job Gear",174
3064,"Idealized Gunslinger's Bottoms",3482,"Class/Job Gear",174
3065,"Idealized Gunslinger's Thighboots",3483,"Class/Job Gear",174
3066,"Idealized Soothsayer's Turban",5679,"Class/Job Gear",176
3067,"Idealized Soothsayer's Chiton",5680,"Class/Job Gear",176
3068,"Idealized Soothsayer's Armlets",5681,"Class/Job Gear",176
3069,"Idealized Soothsayer's Skirt",5682,"Class/Job Gear",176
3070,"Idealized Soothsayer's Sandals",5683,"Class/Job Gear",176
3071,"Idealized Kasuga Hanbo",2279,"Class/Job Gear",177
3072,"Idealized Kasuga Haori",2280,"Class/Job Gear",177
3073,"Idealized Kasuga Kote",2281,"Class/Job Gear",177
3074,"Idealized Kasuga Tsutsu-hakama",2282,"Class/Job Gear",177
3075,"Idealized Kasuga Zori",2283,"Class/Job Gear",177
3076,"Idealized Estoqueur's Tricorne",4679,"Class/Job Gear",178
3077,"Idealized Estoqueur's Bliaud",4680,"Class/Job Gear",178
3078,"Idealized Estoqueur's Gloves",4681,"Class/Job Gear",178
3079,"Idealized Estoqueur's Bottoms",4682,"Class/Job Gear",178
3080,"Idealized Estoqueur's Thighboots",4683,"Class/Job Gear",178
3081,"Idealized Bodyguard's Blinder",879,"Class/Job Gear",180
3082,"Idealized Bodyguard's Coat",880,"Class/Job Gear",180
3083,"Idealized Bodyguard's Fingerless Gloves",881,"Class/Job Gear",180
3084,"Idealized Bodyguard's Trousers",882,"Class/Job Gear",180
3085,"Idealized Bodyguard's Thighboots",883,"Class/Job Gear",180
3086,"Idealized Dancer's Headdress",3679,"Class/Job Gear",181
3087,"Idealized Dancer's Casaque",3680,"Class/Job Gear",181
3088,"Idealized Dancer's Armlets",3681,"Class/Job Gear",181
3089,"Idealized Dancer's Bottoms",3682,"Class/Job Gear",181
3090,"Idealized Dancer's Shoes",3683,"Class/Job Gear",181
3091,"Mirage Earring",6220,"Class/Job Gear",179
3092,"Mirage Choker",6221,"Class/Job Gear",179
3093,"Mirage Bracelet",6222,"Class/Job Gear",179
3094,"Mirage Ring",6223,"Class/Job Gear",179
3095,"Predatrice",6213,"Class/Job Gear",179
3096,"Friar Rush",6214,"Class/Job Gear",179
3097,"Mirage Hat",6215,"Class/Job Gear",179
3098,"Mirage Coatee",6216,"Class/Job Gear",179
3099,"Mirage Gloves",6217,"Class/Job Gear",179
3100,"Mirage Bottoms",6218,"Class/Job Gear",179
3101,"Mirage Boots",6219,"Class/Job Gear",179
3102,"Millfiend's Costume Cap",7040,"Class/Job Gear",131
3103,"Millfiend's Costume Apron",7041,"Class/Job Gear",131
3104,"Millfiend's Costume Halfgloves",7042,"Class/Job Gear",131
3105,"Millfiend's Costume Kecks",7043,"Class/Job Gear",131
3106,"Millfiend's Costume Workboots",7044,"Class/Job Gear",131
3107,"Forgefiend's Costume Goggles",7240,"Class/Job Gear",132
3108,"Forgefiend's Costume Apron",7241,"Class/Job Gear",132
3109,"Forgefiend's Costume Work Gloves",7242,"Class/Job Gear",132
3110,"Forgefiend's Costume Trousers",7243,"Class/Job Gear",132
3111,"Forgefiend's Costume Leggings",7244,"Class/Job Gear",132
3112,"Hammerfiend's Costume Visor",7440,"Class/Job Gear",133
3113,"Hammerfiend's Costume Apron",7441,"Class/Job Gear",133
3114,"Hammerfiend's Costume Work Gloves",7442,"Class/Job Gear",133
3115,"Hammerfiend's Costume Trousers",7443,"Class/Job Gear",133
3116,"Hammerfiend's Costume Workboots",7444,"Class/Job Gear",133
3117,"Gemfiend's Costume Monocle",7640,"Class/Job Gear",134
3118,"Gemfiend's Costume Vest",7641,"Class/Job Gear",134
3119,"Gemfiend's Costume Shortgloves",7642,"Class/Job Gear",134
3120,"Gemfiend's Costume Trousers",7643,"Class/Job Gear",134
3121,"Gemfiend's Costume Boots",7644,"Class/Job Gear",134
3122,"Hidefiend's Costume Cap",7840,"Class/Job Gear",135
3123,"Hidefiend's Costume Jacket",7841,"Class/Job Gear",135
3124,"Hidefiend's Costume Armlets",7842,"Class/Job Gear",135
3125,"Hidefiend's Costume Kecks",7843,"Class/Job Gear",135
3126,"Hidefiend's Costume Thighboots",7844,"Class/Job Gear",135
3127,"Boltfiend's Costume Top Hat",8040,"Class/Job Gear",136
3128,"Boltfiend's Costume Swallowtail",8041,"Class/Job Gear",136
3129,"Boltfiend's Costume Fingerstalls",8042,"Class/Job Gear",136
3130,"Boltfiend's Costume Slacks",8043,"Class/Job Gear",136
3131,"Boltfiend's Costume Boots",8044,"Class/Job Gear",136
3132,"Cauldronfiend's Costume Spectacles",8240,"Class/Job Gear",137
3133,"Cauldronfiend's Costume Coat",8241,"Class/Job Gear",137
3134,"Cauldronfiend's Costume Gloves",8242,"Class/Job Gear",137
3135,"Cauldronfiend's Costume Kecks",8243,"Class/Job Gear",137
3136,"Cauldronfiend's Costume Shoes",8244,"Class/Job Gear",137
3137,"Galleyfiend's Costume Toque",8440,"Class/Job Gear",138
3138,"Galleyfiend's Costume Apron",8441,"Class/Job Gear",138
3139,"Galleyfiend's Costume Mittens",8442,"Class/Job Gear",138
3140,"Galleyfiend's Costume Trousers",8443,"Class/Job Gear",138
3141,"Galleyfiend's Costume Pattens",8444,"Class/Job Gear",138
3142,"Minefiend's Costume Helmet",9040,"Class/Job Gear",139
3143,"Minefiend's Costume Work Shirt",9041,"Class/Job Gear",139
3144,"Minefiend's Costume Work Gloves",9042,"Class/Job Gear",139
3145,"Minefiend's Costume Slops",9043,"Class/Job Gear",139
3146,"Minefiend's Costume Workboots",9044,"Class/Job Gear",139
3147,"Fieldfiend's Costume Hat",9240,"Class/Job Gear",140
3148,"Fieldfiend's Costume Shirt",9241,"Class/Job Gear",140
3149,"Fieldfiend's Costume Halfgloves",9242,"Class/Job Gear",140
3150,"Fieldfiend's Costume Slops",9243,"Class/Job Gear",140
3151,"Fieldfiend's Costume Workboots",9244,"Class/Job Gear",140
3152,"Tacklefiend's Costume Hat",9440,"Class/Job Gear",141
3153,"Tacklefiend's Costume Jacket",9441,"Class/Job Gear",141
3154,"Tacklefiend's Costume Work Gloves",9442,"Class/Job Gear",141
3155,"Tacklefiend's Costume Slops",9443,"Class/Job Gear",141
3156,"Tacklefiend's Costume Workboots",9444,"Class/Job Gear",141
3157,"Reverence Coronet",286,"Class/Job Gear",1
3158,"Reverence Cuirass",287,"Class/Job Gear",1
3159,"Reverence Gauntlets",288,"Class/Job Gear",1
3160,"Reverence Skirt",289,"Class/Job Gear",1
3161,"Reverence Sollerets",290,"Class/Job Gear",1
3162,"Anchorite's Flame",2086,"Class/Job Gear",2
3163,"Anchorite's Cyclas",2087,"Class/Job Gear",2
3164,"Anchorite's Vambraces",2088,"Class/Job Gear",2
3165,"Anchorite's Gaskins",2089,"Class/Job Gear",2
3166,"Anchorite's Greaves",2090,"Class/Job Gear",2
3167,"Pummeler's Burgeonet",486,"Class/Job Gear",3
3168,"Pummeler's Vest",487,"Class/Job Gear",3
3169,"Pummeler's Gauntlets",488,"Class/Job Gear",3
3170,"Pummeler's Cuisses",489,"Class/Job Gear",3
3171,"Pummeler's Boots",490,"Class/Job Gear",3
3172,"Tiamat Armet",1486,"Class/Job Gear",4
3173,"Tiamat Mail",1487,"Class/Job Gear",4
3174,"Tiamat Gauntlets",1488,"Class/Job Gear",4
3175,"Tiamat Trousers",1489,"Class/Job Gear",4
3176,"Tiamat Greaves",1490,"Class/Job Gear",4
3177,"Brioso Chapeau",3286,"Class/Job Gear",5
3178,"Brioso Gilet",3287,"Class/Job Gear",5
3179,"Brioso Halfgloves",3288,"Class/Job Gear",5
3180,"Brioso Bottoms",3289,"Class/Job Gear",5
3181,"Brioso Shoes",3290,"Class/Job Gear",5
3182,"Theophany Circlet",5286,"Class/Job Gear",7
3183,"Theophany Robe",5287,"Class/Job Gear",7
3184,"Theophany Shortgloves",5288,"Class/Job Gear",7
3185,"Theophany Skirt",5289,"Class/Job Gear",7
3186,"Theophany Thighboots",5290,"Class/Job Gear",7
3187,"Spaekona's Petasos",4286,"Class/Job Gear",8
3188,"Spaekona's Coat",4287,"Class/Job Gear",8
3189,"Spaekona's Wrist Torques",4288,"Class/Job Gear",8
3190,"Spaekona's Skirt",4289,"Class/Job Gear",8
3191,"Spaekona's Shoes",4290,"Class/Job Gear",8
3192,"Convoker's Horn",4486,"Class/Job Gear",9
3193,"Convoker's Coat",4487,"Class/Job Gear",9
3194,"Convoker's Gloves",4488,"Class/Job Gear",9
3195,"Convoker's Trousers",4489,"Class/Job Gear",9
3196,"Convoker's Thighboots",4490,"Class/Job Gear",9
3197,"Academic's Mortarboard",5486,"Class/Job Gear",10
3198,"Academic's Coat",5487,"Class/Job Gear",10
3199,"Academic's Gloves",5488,"Class/Job Gear",10
3200,"Academic's Breeches",5489,"Class/Job Gear",10
3201,"Academic's Longboots",5490,"Class/Job Gear",10
3202,"Hachiya Somen",2686,"Class/Job Gear",6
3203,"Hachiya Chainmail",2687,"Class/Job Gear",6
3204,"Hachiya Tekko",2688,"Class/Job Gear",6
3205,"Hachiya Tsutsu-hakama",2689,"Class/Job Gear",6
3206,"Hachiya Zori",2690,"Class/Job Gear",6
3207,"Ignominy Burgeonet",686,"Class/Job Gear",175
3208,"Ignominy Cuirass",687,"Class/Job Gear",175
3209,"Ignominy Gauntlets",688,"Class/Job Gear",175
3210,"Ignominy Trousers",689,"Class/Job Gear",175
3211,"Ignominy Sollerets",690,"Class/Job Gear",175
3212,"Pioneer's Scope",3486,"Class/Job Gear",174
3213,"Pioneer's Coat",3487,"Class/Job Gear",174
3214,"Pioneer's Gloves",3488,"Class/Job Gear",174
3215,"Pioneer's Bottoms",3489,"Class/Job Gear",174
3216,"Pioneer's Boots",3490,"Class/Job Gear",174
3217,"Astronomia Turban",5686,"Class/Job Gear",176
3218,"Astronomia Chiton",5687,"Class/Job Gear",176
3219,"Astronomia Armlets",5688,"Class/Job Gear",176
3220,"Astronomia Pantaloons",5689,"Class/Job Gear",176
3221,"Astronomia Sandals",5690,"Class/Job Gear",176
3222,"Saotome Hanbo",2286,"Class/Job Gear",177
3223,"Saotome Jin-baori",2287,"Class/Job Gear",177
3224,"Saotome Kote",2288,"Class/Job Gear",177
3225,"Saotome Hakama",2289,"Class/Job Gear",177
3226,"Saotome Sune-ate",2290,"Class/Job Gear",177
3227,"Atrophy Chapeau",4686,"Class/Job Gear",178
3228,"Atrophy Bliaud",4687,"Class/Job Gear",178
3229,"Atrophy Gloves",4688,"Class/Job Gear",178
3230,"Atrophy Bottoms",4689,"Class/Job Gear",178
3231,"Atrophy Thighboots",4690,"Class/Job Gear",178
3232,"Allegiance Blinder",886,"Class/Job Gear",180
3233,"Allegiance Coat",887,"Class/Job Gear",180
3234,"Allegiance Gloves",888,"Class/Job Gear",180
3235,"Allegiance Trousers",889,"Class/Job Gear",180
3236,"Allegiance Longboots",890,"Class/Job Gear",180
3237,"Etoile Headdress",3686,"Class/Job Gear",181
3238,"Etoile Longcoat",3687,"Class/Job Gear",181
3239,"Etoile Halfgloves",3688,"Class/Job Gear",181
3240,"Etoile Bottoms",3689,"Class/Job Gear",181
3241,"Etoile Dress Boots",3690,"Class/Job Gear",181
3242,"Didact's Visor",5886,"Class/Job Gear",183
3243,"Didact's Coat",5887,"Class/Job Gear",183
3244,"Didact's Gloves",5888,"Class/Job Gear",183
3245,"Didact's Gaskins",5889,"Class/Job Gear",183
3246,"Didact's Boots",5890,"Class/Job Gear",183
3247,"Reaper's Chapeau",1686,"Class/Job Gear",182
3248,"Reaper's Corselet",1687,"Class/Job Gear",182
3249,"Reaper's Armguards",1688,"Class/Job Gear",182
3250,"Reaper's Poleyns",1689,"Class/Job Gear",182
3251,"Reaper's Boots",1690,"Class/Job Gear",182
3252,"Lightbringer",284,"Class/Job Gear",1
3253,"Burning Fists",2084,"Class/Job Gear",2
3254,"Gigantaxe",484,"Class/Job Gear",3
3255,"Abel's Lance",1484,"Class/Job Gear",4
3256,"Perseus's Bow",3284,"Class/Job Gear",5
3257,"Mutsunokami",2684,"Class/Job Gear",6
3258,"Chaosbringer",684,"Class/Job Gear",175
3259,"Ataktos",3484,"Class/Job Gear",174
3260,"Xoanon",5284,"Class/Job Gear",7
3261,"Asura's Rod",4284,"Class/Job Gear",8
3262,"Abraxas",4484,"Class/Job Gear",9
3263,"Epeolatry",5484,"Class/Job Gear",10
3264,"Diana",5684,"Class/Job Gear",176
3265,"Murasame",2284,"Class/Job Gear",177
3266,"Wild Rose",4684,"Class/Job Gear",178
3267,"Hyperion",884,"Class/Job Gear",180
3268,"Terpsichore",3684,"Class/Job Gear",181
3269,"Hagneia",5884,"Class/Job Gear",183
3270,"Death Sickle",1684,"Class/Job Gear",182
3271,"Hero's Shield",285,"Class/Job Gear",1
3272,"Millsoph's Saw",7050,"Class/Job Gear",131
3273,"Forgesoph's Hammer",7250,"Class/Job Gear",132
3274,"Hammersoph's Beetle",7450,"Class/Job Gear",133
3275,"Gemsoph's Mallet",7650,"Class/Job Gear",134
3276,"Hidesoph's Knife",7850,"Class/Job Gear",135
3277,"Boltsoph's Needle",8050,"Class/Job Gear",136
3278,"Cauldronsoph's Alembic",8250,"Class/Job Gear",137
3279,"Galleysoph's Frypan",8450,"Class/Job Gear",138
3280,"Minesoph's Pickaxe",9050,"Class/Job Gear",139
3281,"Fieldsoph's Hatchet",9250,"Class/Job Gear",140
3282,"Tacklesoph's Rod",9450,"Class/Job Gear",141
3283,"Millsoph's Bandana",7051,"Class/Job Gear",131
3284,"Millsoph's Apron",7052,"Class/Job Gear",131
3285,"Millsoph's Gloves",7053,"Class/Job Gear",131
3286,"Millsoph's Breeches",7054,"Class/Job Gear",131
3287,"Millsoph's Gaiters",7055,"Class/Job Gear",131
3288,"Forgesoph's Goggles",7251,"Class/Job Gear",132
3289,"Forgesoph's Apron",7252,"Class/Job Gear",132
3290,"Forgesoph's Work Gloves",7253,"Class/Job Gear",132
3291,"Forgesoph's Trousers",7254,"Class/Job Gear",132
3292,"Forgesoph's Boots",7255,"Class/Job Gear",132
3293,"Hammersoph's Visor",7451,"Class/Job Gear",133
3294,"Hammersoph's Apron",7452,"Class/Job Gear",133
3295,"Hammersoph's Work Gloves",7453,"Class/Job Gear",133
3296,"Hammersoph's Trousers",7454,"Class/Job Gear",133
3297,"Hammersoph's Workboots",7455,"Class/Job Gear",133
3298,"Gemsoph's Hat",7651,"Class/Job Gear",134
3299,"Gemsoph's Vest",7652,"Class/Job Gear",134
3300,"Gemsoph's Wristdresses",7653,"Class/Job Gear",134
3301,"Gemsoph's Trousers",7654,"Class/Job Gear",134
3302,"Gemsoph's Thighboots",7655,"Class/Job Gear",134
3303,"Hidesoph's Cap",7851,"Class/Job Gear",135
3304,"Hidesoph's Apron",7852,"Class/Job Gear",135
3305,"Hidesoph's Gloves",7853,"Class/Job Gear",135
3306,"Hidesoph's Kecks",7854,"Class/Job Gear",135
3307,"Hidesoph's Boots",7855,"Class/Job Gear",135
3308,"Boltsoph's Hat",8051,"Class/Job Gear",136
3309,"Boltsoph's Swallowtail",8052,"Class/Job Gear",136
3310,"Boltsoph's Cuffs",8053,"Class/Job Gear",136
3311,"Boltsoph's Slacks",8054,"Class/Job Gear",136
3312,"Boltsoph's Boots",8055,"Class/Job Gear",136
3313,"Cauldronsoph's Hat",8251,"Class/Job Gear",137
3314,"Cauldronsoph's Mantle",8252,"Class/Job Gear",137
3315,"Cauldronsoph's Gloves",8253,"Class/Job Gear",137
3316,"Cauldronsoph's Kecks",8254,"Class/Job Gear",137
3317,"Cauldronsoph's Shoes",8255,"Class/Job Gear",137
3318,"Galleysoph's Cap",8451,"Class/Job Gear",138
3319,"Galleysoph's Apron",8452,"Class/Job Gear",138
3320,"Galleysoph's Mittens",8453,"Class/Job Gear",138
3321,"Galleysoph's Trousers",8454,"Class/Job Gear",138
3322,"Galleysoph's Shoes",8455,"Class/Job Gear",138
3323,"Minesoph's Helmet",9051,"Class/Job Gear",139
3324,"Minesoph's Work Shirt",9052,"Class/Job Gear",139
3325,"Minesoph's Work Gloves",9053,"Class/Job Gear",139
3326,"Minesoph's Slops",9054,"Class/Job Gear",139
3327,"Minesoph's Workboots",9055,"Class/Job Gear",139
3328,"Fieldsoph's Hood",9251,"Class/Job Gear",140
3329,"Fieldsoph's Shirt",9252,"Class/Job Gear",140
3330,"Fieldsoph's Gloves",9253,"Class/Job Gear",140
3331,"Fieldsoph's Slops",9254,"Class/Job Gear",140
3332,"Fieldsoph's Crakows",9255,"Class/Job Gear",140
3333,"Tacklesoph's Hat",9451,"Class/Job Gear",141
3334,"Tacklesoph's Jacket",9452,"Class/Job Gear",141
3335,"Tacklesoph's Work Gloves",9453,"Class/Job Gear",141
3336,"Tacklesoph's Slops",9454,"Class/Job Gear",141
3337,"Tacklesoph's Workboots",9455,"Class/Job Gear",141
3338,"Demon Slicer",1672,"Class/Job Gear",182
3339,"Harvester's Blinder",1674,"Class/Job Gear",182
3340,"Harvester's Coat",1675,"Class/Job Gear",182
3341,"Harvester's Dressing",1676,"Class/Job Gear",182
3342,"Harvester's Trousers",1677,"Class/Job Gear",182
3343,"Harvester's Boots",1678,"Class/Job Gear",182
3344,"Horkos",5872,"Class/Job Gear",183
3345,"Therapeutes's Spectacles",5874,"Class/Job Gear",183
3346,"Therapeutes's Chasuble",5875,"Class/Job Gear",183
3347,"Therapeutes's Gloves",5876,"Class/Job Gear",183
3348,"Therapeutes's Waistwrap",5877,"Class/Job Gear",183
3349,"Therapeutes's Boots",5878,"Class/Job Gear",183
3350,"Tropaios Sword",291,"Class/Job Gear",1
3351,"Tropaios Claws",2091,"Class/Job Gear",2
3352,"Tropaios War Axe",491,"Class/Job Gear",3
3353,"Tropaios Spear",1491,"Class/Job Gear",4
3354,"Tropaios Bow",3291,"Class/Job Gear",5
3355,"Tropaios Cleavers",2691,"Class/Job Gear",6
3356,"Tropaios Guillotine",691,"Class/Job Gear",175
3357,"Tropaios Pistol",3491,"Class/Job Gear",174
3358,"Tropaios Cane",5291,"Class/Job Gear",7
3359,"Tropaios Rod",4291,"Class/Job Gear",8
3360,"Tropaios Index",4491,"Class/Job Gear",9
3361,"Tropaios Codex",5491,"Class/Job Gear",10
3362,"Tropaios Planisphere",5691,"Class/Job Gear",176
3363,"Tropaios Blade",2291,"Class/Job Gear",177
3364,"Tropaios Rapier",4691,"Class/Job Gear",178
3365,"Tropaios Bayonet",891,"Class/Job Gear",180
3366,"Tropaios War Quoits",3691,"Class/Job Gear",181
3367,"Tropaios Wings",5891,"Class/Job Gear",183
3368,"Tropaios Scythe",1691,"Class/Job Gear",182
3369,"Tropaios Shield",292,"Class/Job Gear",1
3370,"Virtu Creed Wings",293,"Class/Job Gear",1
3371,"Virtu Creed Cuirass",294,"Class/Job Gear",1
3372,"Virtu Creed Gauntlets",295,"Class/Job Gear",1
3373,"Virtu Creed Cuisses",296,"Class/Job Gear",1
3374,"Virtu Creed Sabatons",297,"Class/Job Gear",1
3375,"Virtu Tantra Tantour",2093,"Class/Job Gear",2
3376,"Virtu Tantra Chestwrap",2094,"Class/Job Gear",2
3377,"Virtu Tantra Wristwraps",2095,"Class/Job Gear",2
3378,"Virtu Tantra Galligaskins",2096,"Class/Job Gear",2
3379,"Virtu Tantra Gaiters",2097,"Class/Job Gear",2
3380,"Virtu Ravager's Helm",493,"Class/Job Gear",3
3381,"Virtu Ravager's Cuirass",494,"Class/Job Gear",3
3382,"Virtu Ravager's Chains",495,"Class/Job Gear",3
3383,"Virtu Ravager's Breeches",496,"Class/Job Gear",3
3384,"Virtu Ravager's Warboots",497,"Class/Job Gear",3
3385,"Virtu Dragonlancer's Mesail",1493,"Class/Job Gear",4
3386,"Virtu Dragonlancer's Plackart",1494,"Class/Job Gear",4
3387,"Virtu Dragonlancer's Vambraces",1495,"Class/Job Gear",4
3388,"Virtu Dragonlancer's Cuissots",1496,"Class/Job Gear",4
3389,"Virtu Dragonlancer's Schynbalds",1497,"Class/Job Gear",4
3390,"Virtu Aoidos' Turban",3293,"Class/Job Gear",5
3391,"Virtu Aoidos' Cloak",3294,"Class/Job Gear",5
3392,"Virtu Aoidos' Shoulder Gloves",3295,"Class/Job Gear",5
3393,"Virtu Aoidos' Tights",3296,"Class/Job Gear",5
3394,"Virtu Aoidos' Thighboots",3297,"Class/Job Gear",5
3395,"Virtu Orison Hood",5293,"Class/Job Gear",7
3396,"Virtu Orison Robe",5294,"Class/Job Gear",7
3397,"Virtu Orison Fingerless Gloves",5295,"Class/Job Gear",7
3398,"Virtu Orison Skirt",5296,"Class/Job Gear",7
3399,"Virtu Orison Thighboots",5297,"Class/Job Gear",7
3400,"Virtu Goetia Tricorne",4293,"Class/Job Gear",8
3401,"Virtu Goetia Coat",4294,"Class/Job Gear",8
3402,"Virtu Goetia Gloves",4295,"Class/Job Gear",8
3403,"Virtu Goetia Chausses",4296,"Class/Job Gear",8
3404,"Virtu Goetia Thighboots",4297,"Class/Job Gear",8
3405,"Virtu Caller's Horn",4493,"Class/Job Gear",9
3406,"Virtu Caller's Himation",4494,"Class/Job Gear",9
3407,"Virtu Caller's Armlets",4495,"Class/Job Gear",9
3408,"Virtu Caller's Loincloth",4496,"Class/Job Gear",9
3409,"Virtu Caller's Sandals",4497,"Class/Job Gear",9
3410,"Virtu Savant's Top Hat",5493,"Class/Job Gear",10
3411,"Virtu Savant's Overcoat",5494,"Class/Job Gear",10
3412,"Virtu Savant's Aethercell Gloves",5495,"Class/Job Gear",10
3413,"Virtu Savant's Culottes",5496,"Class/Job Gear",10
3414,"Virtu Savant's Boots",5497,"Class/Job Gear",10
3415,"Virtu Iga Zukin",2693,"Class/Job Gear",6
3416,"Virtu Iga Ningi",2694,"Class/Job Gear",6
3417,"Virtu Iga Tekko",2695,"Class/Job Gear",6
3418,"Virtu Iga Hakama",2696,"Class/Job Gear",6
3419,"Virtu Iga Kyahan",2697,"Class/Job Gear",6
3420,"Virtu Chaos Burgeonet",693,"Class/Job Gear",175
3421,"Virtu Chaos Cuirass",694,"Class/Job Gear",175
3422,"Virtu Chaos Gauntlets",695,"Class/Job Gear",175
3423,"Virtu Chaos Flanchard",696,"Class/Job Gear",175
3424,"Virtu Chaos Sollerets",697,"Class/Job Gear",175
3425,"Virtu Machinist's Goggles",3493,"Class/Job Gear",174
3426,"Virtu Machinist's Shirt",3494,"Class/Job Gear",174
3427,"Virtu Machinist's Gloves",3495,"Class/Job Gear",174
3428,"Virtu Machinist's Brais",3496,"Class/Job Gear",174
3429,"Virtu Machinist's Boots",3497,"Class/Job Gear",174
3430,"Virtu Welkin Hat",5693,"Class/Job Gear",176
3431,"Virtu Welkin Robe",5694,"Class/Job Gear",176
3432,"Virtu Welkin Half Sleeves",5695,"Class/Job Gear",176
3433,"Virtu Welkin Breeches",5696,"Class/Job Gear",176
3434,"Virtu Welkin Shoes",5697,"Class/Job Gear",176
3435,"Virtu Myochin Jingasa",2293,"Class/Job Gear",177
3436,"Virtu Myochin Haori",2294,"Class/Job Gear",177
3437,"Virtu Myochin Tekko",2295,"Class/Job Gear",177
3438,"Virtu Myochin Hakama",2296,"Class/Job Gear",177
3439,"Virtu Myochin Geta",2297,"Class/Job Gear",177
3440,"Virtu Duelist's Chapeau",4693,"Class/Job Gear",178
3441,"Virtu Duelist's Tabard",4694,"Class/Job Gear",178
3442,"Virtu Duelist's Gloves",4695,"Class/Job Gear",178
3443,"Virtu Duelist's Breeches",4696,"Class/Job Gear",178
3444,"Virtu Duelist's Thighboots",4697,"Class/Job Gear",178
3445,"Virtu Bodyguard's Blinder",893,"Class/Job Gear",180
3446,"Virtu Bodyguard's Coat",894,"Class/Job Gear",180
3447,"Virtu Bodyguard's Fingerless Gloves",895,"Class/Job Gear",180
3448,"Virtu Bodyguard's Trousers",896,"Class/Job Gear",180
3449,"Virtu Bodyguard's Thighboots",897,"Class/Job Gear",180
3450,"Virtu Dancer's Headdress",3693,"Class/Job Gear",181
3451,"Virtu Dancer's Casaque",3694,"Class/Job Gear",181
3452,"Virtu Dancer's Armlets",3695,"Class/Job Gear",181
3453,"Virtu Dancer's Bottoms",3696,"Class/Job Gear",181
3454,"Virtu Dancer's Shoes",3697,"Class/Job Gear",181
3455,"Virtu Didact's Visor",5893,"Class/Job Gear",183
3456,"Virtu Didact's Coat",5894,"Class/Job Gear",183
3457,"Virtu Didact's Gloves",5895,"Class/Job Gear",183
3458,"Virtu Didact's Gaskins",5896,"Class/Job Gear",183
3459,"Virtu Didact's Boots",5897,"Class/Job Gear",183
3460,"Virtu Reaper's Chapeau",1693,"Class/Job Gear",182
3461,"Virtu Reaper's Corselet",1694,"Class/Job Gear",182
3462,"Virtu Reaper's Armguards",1695,"Class/Job Gear",182
3463,"Virtu Reaper's Poleyns",1696,"Class/Job Gear",182
3464,"Virtu Reaper's Boots",1697,"Class/Job Gear",182
3465,"",7045,"Class/Job Gear",131
3466,"",7046,"Class/Job Gear",131
3467,"",7047,"Class/Job Gear",131
3468,"",7048,"Class/Job Gear",131
3469,"",7049,"Class/Job Gear",131
3470,"",7245,"Class/Job Gear",132
3471,"",7246,"Class/Job Gear",132
3472,"",7247,"Class/Job Gear",132
3473,"",7248,"Class/Job Gear",132
3474,"",7249,"Class/Job Gear",132
3475,"",7445,"Class/Job Gear",133
3476,"",7446,"Class/Job Gear",133
3477,"",7447,"Class/Job Gear",133
3478,"",7448,"Class/Job Gear",133
3479,"",7449,"Class/Job Gear",133
3480,"",7645,"Class/Job Gear",134
3481,"",7646,"Class/Job Gear",134
3482,"",7647,"Class/Job Gear",134
3483,"",7648,"Class/Job Gear",134
3484,"",7649,"Class/Job Gear",134
3485,"",7845,"Class/Job Gear",135
3486,"",7846,"Class/Job Gear",135
3487,"",7847,"Class/Job Gear",135
3488,"",7848,"Class/Job Gear",135
3489,"",7849,"Class/Job Gear",135
3490,"",8045,"Class/Job Gear",136
3491,"",8046,"Class/Job Gear",136
3492,"",8047,"Class/Job Gear",136
3493,"",8048,"Class/Job Gear",136
3494,"",8049,"Class/Job Gear",136
3495,"",8245,"Class/Job Gear",137
3496,"",8246,"Class/Job Gear",137
3497,"",8247,"Class/Job Gear",137
3498,"",8248,"Class/Job Gear",137
3499,"",8249,"Class/Job Gear",137
3500,"",8445,"Class/Job Gear",138
3501,"",8446,"Class/Job Gear",138
3502,"",8447,"Class/Job Gear",138
3503,"",8448,"Class/Job Gear",138
3504,"",8449,"Class/Job Gear",138
3505,"",9045,"Class/Job Gear",139
3506,"",9046,"Class/Job Gear",139
3507,"",9047,"Class/Job Gear",139
3508,"",9048,"Class/Job Gear",139
3509,"",9049,"Class/Job Gear",139
3510,"",9245,"Class/Job Gear",140
3511,"",9246,"Class/Job Gear",140
3512,"",9247,"Class/Job Gear",140
3513,"",9248,"Class/Job Gear",140
3514,"",9249,"Class/Job Gear",140
3515,"",9445,"Class/Job Gear",141
3516,"",9446,"Class/Job Gear",141
3517,"",9447,"Class/Job Gear",141
3518,"",9448,"Class/Job Gear",141
3519,"",9449,"Class/Job Gear",141
3520,"Blue-eyes",6224,"Class/Job Gear",179
3521,"Phantasmal Hat",6226,"Class/Job Gear",179
3522,"Phantasmal Robe",6227,"Class/Job Gear",179
3523,"Phantasmal Gloves",6228,"Class/Job Gear",179
3524,"Phantasmal Slacks",6229,"Class/Job Gear",179
3525,"Phantasmal Shoes",6230,"Class/Job Gear",179
3526,"Phantasmal Sardine Earring",6231,"Class/Job Gear",179
3527,"Phantasmal Sardine Necklace",6232,"Class/Job Gear",179
3528,"Phantasmal Sardine Bracelet",6233,"Class/Job Gear",179
3529,"Phantasmal Sardine Ring",6234,"Class/Job Gear",179
3530,"Gentlemage's Umbrella",6225,"Class/Job Gear",179
3531,"Clarent",298,"Class/Job Gear",1
3532,"Suwaiyas",2098,"Class/Job Gear",2
3533,"Ferocity",498,"Class/Job Gear",3
3534,"Gae Assail",1498,"Class/Job Gear",4
3535,"Gastraphetes",3298,"Class/Job Gear",5
3536,"Serenity",5298,"Class/Job Gear",7
3537,"Gridarvor",4298,"Class/Job Gear",8
3538,"The Grand Grimoire",4498,"Class/Job Gear",9
3539,"Eclecticism",5498,"Class/Job Gear",10
3540,"Shiranui",2698,"Class/Job Gear",6
3541,"Maleficus",698,"Class/Job Gear",175
3542,"Sthalmann Special",3498,"Class/Job Gear",174
3543,"Metis",5698,"Class/Job Gear",176
3544,"Kogarasumaru",2298,"Class/Job Gear",177
3545,"Colada",4698,"Class/Job Gear",178
3546,"Chastiefol",898,"Class/Job Gear",180
3547,"Soma",3698,"Class/Job Gear",181
3548,"Vendetta",1698,"Class/Job Gear",182
3549,"Metanoia",5898,"Class/Job Gear",183
3550,"Sargatanas",2898,"Class/Job Gear",184
3551,"Angel Brush",4898,"Class/Job Gear",185
3552,"Galahad Shield",299,"Class/Job Gear",1
3553,"Caballarius Coronet",300,"Class/Job Gear",1
3554,"Caballarius Cuirass",301,"Class/Job Gear",1
3555,"Caballarius Gauntlets",302,"Class/Job Gear",1
3556,"Caballarius Breeches",303,"Class/Job Gear",1
3557,"Caballarius Sabatons",304,"Class/Job Gear",1
3558,"Hesychast's Crown",2100,"Class/Job Gear",2
3559,"Hesychast's Cyclas",2101,"Class/Job Gear",2
3560,"Hesychast's Vambraces",2102,"Class/Job Gear",2
3561,"Hesychast's Gaskins",2103,"Class/Job Gear",2
3562,"Hesychast's Greaves",2104,"Class/Job Gear",2
3563,"Agoge Horns",500,"Class/Job Gear",3
3564,"Agoge Vest",501,"Class/Job Gear",3
3565,"Agoge Vambraces",502,"Class/Job Gear",3
3566,"Agoge Breeches",503,"Class/Job Gear",3
3567,"Agoge Jackboots",504,"Class/Job Gear",3
3568,"Heavensbound Armet",1500,"Class/Job Gear",4
3569,"Heavensbound Mail",1501,"Class/Job Gear",4
3570,"Heavensbound Gauntlets",1502,"Class/Job Gear",4
3571,"Heavensbound Breeches",1503,"Class/Job Gear",4
3572,"Heavensbound Sollerets",1504,"Class/Job Gear",4
3573,"Bihu Chapeau",3300,"Class/Job Gear",5
3574,"Bihu Jacket",3301,"Class/Job Gear",5
3575,"Bihu Gloves",3302,"Class/Job Gear",5
3576,"Bihu Kecks",3303,"Class/Job Gear",5
3577,"Bihu Boots",3304,"Class/Job Gear",5
3578,"Piety Headdress",5300,"Class/Job Gear",7
3579,"Piety Robe",5301,"Class/Job Gear",7
3580,"Piety Fingerstalls",5302,"Class/Job Gear",7
3581,"Piety Slops",5303,"Class/Job Gear",7
3582,"Piety Boots",5304,"Class/Job Gear",7
3583,"Archmage's Petasos",4300,"Class/Job Gear",8
3584,"Archmage's Coat",4301,"Class/Job Gear",8
3585,"Archmage's Hand Runes",4302,"Class/Job Gear",8
3586,"Archmage's Bottoms",4303,"Class/Job Gear",8
3587,"Archmage's Thighboots",4304,"Class/Job Gear",8
3588,"Glyphic Horn",4500,"Class/Job Gear",9
3589,"Glyphic Cloak",4501,"Class/Job Gear",9
3590,"Glyphic Gloves",4502,"Class/Job Gear",9
3591,"Glyphic Gaskins",4503,"Class/Job Gear",9
3592,"Glyphic Boots",4504,"Class/Job Gear",9
3593,"Pedagogy Mortarboard",5500,"Class/Job Gear",10
3594,"Pedagogy Gown",5501,"Class/Job Gear",10
3595,"Pedagogy Halfgloves",5502,"Class/Job Gear",10
3596,"Pedagogy Culottes",5503,"Class/Job Gear",10
3597,"Pedagogy Longboots",5504,"Class/Job Gear",10
3598,"Momochi Gantai",2700,"Class/Job Gear",6
3599,"Momochi Chainmail",2701,"Class/Job Gear",6
3600,"Momochi Tekko",2702,"Class/Job Gear",6
3601,"Momochi Hakama",2703,"Class/Job Gear",6
3602,"Momochi Kyahan",2704,"Class/Job Gear",6
3603,"Fallen's Burgeonet",700,"Class/Job Gear",175
3604,"Fallen's Cuirass",701,"Class/Job Gear",175
3605,"Fallen's Gloves",702,"Class/Job Gear",175
3606,"Fallen's Trousers",703,"Class/Job Gear",175
3607,"Fallen's Sollerets",704,"Class/Job Gear",175
3608,"Forerider's Hat",3500,"Class/Job Gear",174
3609,"Forerider's Coat",3501,"Class/Job Gear",174
3610,"Forerider's Gloves",3502,"Class/Job Gear",174
3611,"Forerider's Breeches",3503,"Class/Job Gear",174
3612,"Forerider's Longboots",3504,"Class/Job Gear",174
3613,"Ephemerist's Hat",5700,"Class/Job Gear",176
3614,"Ephemerist's Robe",5701,"Class/Job Gear",176
3615,"Ephemerist's Armlets",5702,"Class/Job Gear",176
3616,"Ephemerist's Kecks",5703,"Class/Job Gear",176
3617,"Ephemerist's Crakows",5704,"Class/Job Gear",176
3618,"Sakonji Gantai",2300,"Class/Job Gear",177
3619,"Sakonji Haori",2301,"Class/Job Gear",177
3620,"Sakonji Gloves",2302,"Class/Job Gear",177
3621,"Sakonji Hakama",2303,"Class/Job Gear",177
3622,"Sakonji Tabi",2304,"Class/Job Gear",177
3623,"Roseblood Chapeau",4700,"Class/Job Gear",178
3624,"Roseblood Coat",4701,"Class/Job Gear",178
3625,"Roseblood Gloves",4702,"Class/Job Gear",178
3626,"Roseblood Breeches",4703,"Class/Job Gear",178
3627,"Roseblood Boots",4704,"Class/Job Gear",178
3628,"Bastion's Eyepatch",900,"Class/Job Gear",180
3629,"Bastion's Coat",901,"Class/Job Gear",180
3630,"Bastion's Gloves",902,"Class/Job Gear",180
3631,"Bastion's Trousers",903,"Class/Job Gear",180
3632,"Bastion's Thighboots",904,"Class/Job Gear",180
3633,"Horos Headdress",3700,"Class/Job Gear",181
3634,"Horos Casaque",3701,"Class/Job Gear",181
3635,"Horos Wrist Torques",3702,"Class/Job Gear",181
3636,"Horos Bottoms",3703,"Class/Job Gear",181
3637,"Horos Dress Boots",3704,"Class/Job Gear",181
3638,"Assassin's Hood",1700,"Class/Job Gear",182
3639,"Assassin's Coat",1701,"Class/Job Gear",182
3640,"Assassin's Halfgloves",1702,"Class/Job Gear",182
3641,"Assassin's Brais",1703,"Class/Job Gear",182
3642,"Assassin's Greaves",1704,"Class/Job Gear",182
3643,"Asklepian Visor",5900,"Class/Job Gear",183
3644,"Asklepian Coat",5901,"Class/Job Gear",183
3645,"Asklepian Gloves",5902,"Class/Job Gear",183
3646,"Asklepian Hose",5903,"Class/Job Gear",183
3647,"Asklepian Boots",5904,"Class/Job Gear",183
3648,"Viper's Hood",2900,"Class/Job Gear",184
3649,"Viper's Coat",2901,"Class/Job Gear",184
3650,"Viper's Halfgloves",2902,"Class/Job Gear",184
3651,"Viper's Hose",2903,"Class/Job Gear",184
3652,"Viper's Leg Guards",2904,"Class/Job Gear",184
3653,"Pictomancer's Turban",4900,"Class/Job Gear",185
3654,"Pictomancer's Bolero",4901,"Class/Job Gear",185
3655,"Pictomancer's Armlets",4902,"Class/Job Gear",185
3656,"Pictomancer's Sarouel",4903,"Class/Job Gear",185
3657,"Pictomancer's Crakows",4904,"Class/Job Gear",185
3658,"Twinfangs",2884,"Class/Job Gear",184
3659,"Snakebite Headband",2886,"Class/Job Gear",184
3660,"Snakebite Gilet",2887,"Class/Job Gear",184
3661,"Snakebite Halfgloves",2888,"Class/Job Gear",184
3662,"Snakebite Gaskins",2889,"Class/Job Gear",184
3663,"Snakebite Boots",2890,"Class/Job Gear",184
3664,"Round Brush",4884,"Class/Job Gear",185
3665,"Painter's Beret",4886,"Class/Job Gear",185
3666,"Painter's Tabard",4887,"Class/Job Gear",185
3667,"Painter's Halfgloves",4888,"Class/Job Gear",185
3668,"Painter's Slops",4889,"Class/Job Gear",185
3669,"Painter's Pattens",4890,"Class/Job Gear",185
3670,"Millrise Saw",7061,"Class/Job Gear",131
3671,"Forgerise Hammer",7261,"Class/Job Gear",132
3672,"Hammerrise Beetle",7461,"Class/Job Gear",133
3673,"Gemrise Mallet",7661,"Class/Job Gear",134
3674,"Hiderise Knife",7861,"Class/Job Gear",135
3675,"Boltrise Needle",8061,"Class/Job Gear",136
3676,"Cauldronrise Alembic",8261,"Class/Job Gear",137
3677,"Galleyrise Frypan",8461,"Class/Job Gear",138
3678,"Minerise Pickaxe",9061,"Class/Job Gear",139
3679,"Fieldrise Hatchet",9261,"Class/Job Gear",140
3680,"Tacklerise Rod",9461,"Class/Job Gear",141
3681,"Millrise Goggles",7062,"Class/Job Gear",131
3682,"Millrise Vest",7063,"Class/Job Gear",131
3683,"Millrise Work Gloves",7064,"Class/Job Gear",131
3684,"Millrise Slops",7065,"Class/Job Gear",131
3685,"Millrise Boots",7066,"Class/Job Gear",131
3686,"Forgerise Cap",7262,"Class/Job Gear",132
3687,"Forgerise Chestwrap",7263,"Class/Job Gear",132
3688,"Forgerise Mittens",7264,"Class/Job Gear",132
3689,"Forgerise Longkilt",7265,"Class/Job Gear",132
3690,"Forgerise Workboots",7266,"Class/Job Gear",132
3691,"Hammerrise Mesail",7462,"Class/Job Gear",133
3692,"Hammerrise Apron",7463,"Class/Job Gear",133
3693,"Hammerrise Work Gloves",7464,"Class/Job Gear",133
3694,"Hammerrise Brais",7465,"Class/Job Gear",133
3695,"Hammerrise Jackboots",7466,"Class/Job Gear",133
3696,"Gemrise Cap",7662,"Class/Job Gear",134
3697,"Gemrise Work Shirt",7663,"Class/Job Gear",134
3698,"Gemrise Fingerstalls",7664,"Class/Job Gear",134
3699,"Gemrise Pantaloons",7665,"Class/Job Gear",134
3700,"Gemrise Crakows",7666,"Class/Job Gear",134
3701,"Hiderise Cap",7862,"Class/Job Gear",135
3702,"Hiderise Apron",7863,"Class/Job Gear",135
3703,"Hiderise Armguards",7864,"Class/Job Gear",135
3704,"Cropped Hiderise Slops",7865,"Class/Job Gear",135
3705,"Hiderise Boots",7866,"Class/Job Gear",135
3706,"Boltrise Hat",8062,"Class/Job Gear",136
3707,"Boltrise Vest",8063,"Class/Job Gear",136
3708,"Boltrise Shortgloves",8064,"Class/Job Gear",136
3709,"Boltrise Trousers",8065,"Class/Job Gear",136
3710,"Boltrise Gaiters",8066,"Class/Job Gear",136
3711,"Cauldronrise Beret",8262,"Class/Job Gear",137
3712,"Cauldronrise Coat",8263,"Class/Job Gear",137
3713,"Cauldronrise Wristgauge",8264,"Class/Job Gear",137
3714,"Cauldronrise Trousers",8265,"Class/Job Gear",137
3715,"Cauldronrise Boots",8266,"Class/Job Gear",137
3716,"Galleyrise Cap",8462,"Class/Job Gear",138
3717,"Galleyrise Apron",8463,"Class/Job Gear",138
3718,"Galleyrise Mittens",8464,"Class/Job Gear",138
3719,"Galleyrise Trousers",8465,"Class/Job Gear",138
3720,"Galleyrise Boots",8466,"Class/Job Gear",138
3721,"Minerise Helmet",9062,"Class/Job Gear",139
3722,"Minerise Work Shirt",9063,"Class/Job Gear",139
3723,"Minerise Work Gloves",9064,"Class/Job Gear",139
3724,"Minerise Slops",9065,"Class/Job Gear",139
3725,"Minerise Workboots",9066,"Class/Job Gear",139
3726,"Fieldrise Hat",9262,"Class/Job Gear",140
3727,"Fieldrise Doublet",9263,"Class/Job Gear",140
3728,"Fieldrise Work Gloves",9264,"Class/Job Gear",140
3729,"Fieldrise Breeches",9265,"Class/Job Gear",140
3730,"Fieldrise Thighboots",9266,"Class/Job Gear",140
3731,"Tacklerise Hat",9462,"Class/Job Gear",141
3732,"Tacklerise Work Shirt",9463,"Class/Job Gear",141
3733,"Tacklerise Work Gloves",9464,"Class/Job Gear",141
3734,"Tacklerise Kecks",9465,"Class/Job Gear",141
3735,"Tacklerise Workboots",9466,"Class/Job Gear",141
3736,"",7056,"Class/Job Gear",131
3737,"",7057,"Class/Job Gear",131
3738,"",7058,"Class/Job Gear",131
3739,"",7059,"Class/Job Gear",131
3740,"",7060,"Class/Job Gear",131
3741,"",7256,"Class/Job Gear",132
3742,"",7257,"Class/Job Gear",132
3743,"",7258,"Class/Job Gear",132
3744,"",7259,"Class/Job Gear",132
3745,"",7260,"Class/Job Gear",132
3746,"",7456,"Class/Job Gear",133
3747,"",7457,"Class/Job Gear",133
3748,"",7458,"Class/Job Gear",133
3749,"",7459,"Class/Job Gear",133
3750,"",7460,"Class/Job Gear",133
3751,"",7656,"Class/Job Gear",134
3752,"",7657,"Class/Job Gear",134
3753,"",7658,"Class/Job Gear",134
3754,"",7659,"Class/Job Gear",134
3755,"",7660,"Class/Job Gear",134
3756,"",7856,"Class/Job Gear",135
3757,"",7857,"Class/Job Gear",135
3758,"",7858,"Class/Job Gear",135
3759,"",7859,"Class/Job Gear",135
3760,"",7860,"Class/Job Gear",135
3761,"",8056,"Class/Job Gear",136
3762,"",8057,"Class/Job Gear",136
3763,"",8058,"Class/Job Gear",136
3764,"",8059,"Class/Job Gear",136
3765,"",8060,"Class/Job Gear",136
3766,"",8256,"Class/Job Gear",137
3767,"",8257,"Class/Job Gear",137
3768,"",8258,"Class/Job Gear",137
3769,"",8259,"Class/Job Gear",137
3770,"",8260,"Class/Job Gear",137
3771,"",8456,"Class/Job Gear",138
3772,"",8457,"Class/Job Gear",138
3773,"",8458,"Class/Job Gear",138
3774,"",8459,"Class/Job Gear",138
3775,"",8460,"Class/Job Gear",138
3776,"",9056,"Class/Job Gear",139
3777,"",9057,"Class/Job Gear",139
3778,"",9058,"Class/Job Gear",139
3779,"",9059,"Class/Job Gear",139
3780,"",9060,"Class/Job Gear",139
3781,"",9256,"Class/Job Gear",140
3782,"",9257,"Class/Job Gear",140
3783,"",9258,"Class/Job Gear",140
3784,"",9259,"Class/Job Gear",140
3785,"",9260,"Class/Job Gear",140
3786,"",9456,"Class/Job Gear",141
3787,"",9457,"Class/Job Gear",141
3788,"",9458,"Class/Job Gear",141
3789,"",9459,"Class/Job Gear",141
3790,"",9460,"Class/Job Gear",141
3791,"",6401,"Class/Job Gear",186
3792,"",6402,"Class/Job Gear",186
3793,"",6403,"Class/Job Gear",186
3794,"",6404,"Class/Job Gear",186
3795,"",6405,"Class/Job Gear",186
3796,"",6406,"Class/Job Gear",186
3797,"",6407,"Class/Job Gear",186
3798,"",6408,"Class/Job Gear",186
3799,"",6409,"Class/Job Gear",186
3800,"",6410,"Class/Job Gear",186
3801,"",6411,"Class/Job Gear",186
3802,"",6412,"Class/Job Gear",186
3803,"",6413,"Class/Job Gear",186
3804,"",6414,"Class/Job Gear",186
3805,"",6415,"Class/Job Gear",186
3806,"",6416,"Class/Job Gear",186
3807,"",6417,"Class/Job Gear",186
3808,"",6418,"Class/Job Gear",186
3809,"",6419,"Class/Job Gear",186
3810,"",6420,"Class/Job Gear",186
3811,"",6421,"Class/Job Gear",186
3812,"",6422,"Class/Job Gear",186
3813,"",6423,"Class/Job Gear",186
3814,"",6424,"Class/Job Gear",186
3815,"",6425,"Class/Job Gear",186
3816,"",6426,"Class/Job Gear",186
3817,"",6427,"Class/Job Gear",186
3818,"",6428,"Class/Job Gear",186
3819,"",6429,"Class/Job Gear",186
3820,"",6430,"Class/Job Gear",186
3821,"",6431,"Class/Job Gear",186
3822,"",6432,"Class/Job Gear",186
3823,"",6433,"Class/Job Gear",186
3824,"",6434,"Class/Job Gear",186
3825,"",6435,"Class/Job Gear",186
3826,"",6436,"Class/Job Gear",186
3827,"",6437,"Class/Job Gear",186
3828,"",6438,"Class/Job Gear",186
3829,"",6439,"Class/Job Gear",186
3830,"",6440,"Class/Job Gear",186
3831,"",6441,"Class/Job Gear",186
3832,"",6442,"Class/Job Gear",186
3833,"Zero's Luminary Mail",46656,"Costumes",122
3834,"Zero's Luminary Gauntlets",46657,"Costumes",122
3835,"Zero's Luminary Breeches",46658,"Costumes",122
3836,"Zero's Luminary Sollerets ",46659,"Costumes",122
3837,"Tropaios Saberfangs",2891,"Class/Job Gear",184
3838,"Tropaios Angle Brush",4891,"Class/Job Gear",185
3839,"",0,"",0
3840,"",0,"",0
3841,"",0,"",0
3842,"",0,"",0
3843,"",0,"",0
3844,"",0,"",0
3845,"",0,"",0
3846,"",0,"",0
3847,"",0,"",0
3848,"",0,"",0
3849,"",0,"",0
3850,"",0,"",0
3851,"",0,"",0
3852,"",0,"",0
3853,"",0,"",0
3854,"",0,"",0
3855,"",0,"",0
3856,"",0,"",0
3857,"",0,"",0
3858,"",0,"",0
3859,"",0,"",0
3860,"",0,"",0
3861,"",0,"",0
3862,"",0,"",0
3863,"",0,"",0
3864,"",0,"",0
3865,"",0,"",0
3866,"",0,"",0
3867,"",0,"",0
3868,"",0,"",0
3869,"",0,"",0
3870,"",0,"",0
3871,"",0,"",0
3872,"",0,"",0
3873,"",0,"",0
3874,"",0,"",0
3875,"",0,"",0
3876,"",0,"",0
3877,"",0,"",0
3878,"",0,"",0
3879,"",0,"",0
3880,"",0,"",0
3881,"",0,"",0
3882,"",0,"",0
3883,"",0,"",0
3884,"",0,"",0
3885,"",0,"",0
3886,"",0,"",0
3887,"",0,"",0
3888,"",0,"",0
3889,"",0,"",0
3890,"",0,"",0
3891,"",0,"",0
3892,"",0,"",0
3893,"",0,"",0
3894,"",0,"",0
3895,"",0,"",0
3896,"",0,"",0
3897,"",0,"",0
3898,"",0,"",0
3899,"",0,"",0
3900,"",0,"",0
3901,"",0,"",0
3902,"",0,"",0
3903,"",0,"",0
3904,"",0,"",0
3905,"",0,"",0
3906,"",0,"",0
3907,"",0,"",0
3908,"",0,"",0
3909,"",0,"",0
3910,"",0,"",0
3911,"",0,"",0
3912,"",0,"",0
3913,"",0,"",0
3914,"",0,"",0
3915,"",0,"",0
3916,"",0,"",0
3917,"",0,"",0
3918,"",0,"",0
3919,"",0,"",0
3920,"",0,"",0
3921,"",0,"",0
3922,"",0,"",0
3923,"",0,"",0
3924,"",0,"",0
3925,"",0,"",0
3926,"",0,"",0
3927,"",0,"",0
3928,"",0,"",0
3929,"",0,"",0
3930,"",0,"",0
3931,"",0,"",0
3932,"",0,"",0
3933,"",0,"",0
3934,"",0,"",0
3935,"",0,"",0
3936,"",0,"",0
3937,"",0,"",0
3938,"",0,"",0
3939,"",0,"",0
3940,"",0,"",0
3941,"",0,"",0
3942,"",0,"",0
3943,"",0,"",0
3944,"",0,"",0
3945,"",0,"",0
3946,"",0,"",0
3947,"",0,"",0
3948,"",0,"",0
3949,"",0,"",0
3950,"",0,"",0
3951,"",0,"",0
3952,"",0,"",0
3953,"",0,"",0
3954,"",0,"",0
3955,"",0,"",0
3956,"",0,"",0
3957,"",0,"",0
3958,"",0,"",0
3959,"",0,"",0
3960,"",0,"",0
3961,"",0,"",0
3962,"",0,"",0
3963,"",0,"",0
3964,"",0,"",0
3965,"",0,"",0
3966,"",0,"",0
3967,"",0,"",0
3968,"",0,"",0
3969,"",0,"",0
3970,"",0,"",0
3971,"",0,"",0
3972,"",0,"",0
3973,"",0,"",0
3974,"",0,"",0
3975,"",0,"",0
3976,"",0,"",0
3977,"",0,"",0
3978,"",0,"",0
3979,"",0,"",0
3980,"",0,"",0
3981,"",0,"",0
3982,"",0,"",0
3983,"",0,"",0
3984,"",0,"",0
3985,"",0,"",0
3986,"",0,"",0
3987,"",0,"",0
3988,"",0,"",0
3989,"",0,"",0
3990,"",0,"",0
3991,"",0,"",0
3992,"",0,"",0
3993,"",0,"",0
3994,"",0,"",0
3995,"",0,"",0
3996,"",0,"",0
3997,"",0,"",0
3998,"",0,"",0
3999,"",0,"",0
4000,"",0,"",0
4001,"",0,"",0
4002,"",0,"",0
4003,"",0,"",0
4004,"",0,"",0
4005,"",0,"",0
4006,"",0,"",0
4007,"",0,"",0
4008,"",0,"",0
4009,"",0,"",0
4010,"",0,"",0
4011,"",0,"",0
4012,"",0,"",0
4013,"",0,"",0
4014,"",0,"",0
4015,"",0,"",0
4016,"",0,"",0
4017,"",0,"",0
4018,"",0,"",0
4019,"",0,"",0
4020,"",0,"",0
4021,"",0,"",0
4022,"",0,"",0
4023,"",0,"",0
4024,"",0,"",0
4025,"",0,"",0
4026,"",0,"",0
4027,"",0,"",0
4028,"",0,"",0
4029,"",0,"",0
4030,"",0,"",0
4031,"",0,"",0
4032,"",0,"",0
4033,"",0,"",0
4034,"",0,"",0
4035,"",0,"",0
4036,"",0,"",0
4037,"",0,"",0
4038,"",0,"",0
4039,"",0,"",0
4040,"",0,"",0
4041,"",0,"",0
4042,"",0,"",0
4043,"",0,"",0
4044,"",0,"",0
4045,"",0,"",0
4046,"",0,"",0
4047,"",0,"",0
4048,"",0,"",0
4049,"",0,"",0
4050,"",0,"",0
4051,"",0,"",0
4052,"",0,"",0
4053,"",0,"",0
4054,"",0,"",0
4055,"",0,"",0
4056,"",0,"",0
4057,"",0,"",0
4058,"",0,"",0
4059,"",0,"",0
4060,"",0,"",0
4061,"",0,"",0
4062,"",0,"",0
4063,"",0,"",0
4064,"",0,"",0
4065,"",0,"",0
4066,"",0,"",0
4067,"",0,"",0
4068,"",0,"",0
4069,"",0,"",0
4070,"",0,"",0
4071,"",0,"",0
4072,"",0,"",0
4073,"",0,"",0
4074,"",0,"",0
4075,"",0,"",0
4076,"",0,"",0
4077,"",0,"",0
4078,"",0,"",0
4079,"",0,"",0
4080,"",0,"",0
4081,"",0,"",0
4082,"",0,"",0
4083,"",0,"",0
4084,"",0,"",0
4085,"",0,"",0
4086,"",0,"",0
4087,"",0,"",0
4088,"",0,"",0
4089,"",0,"",0
4090,"",0,"",0
4091,"",0,"",0
4092,"",0,"",0
4093,"",0,"",0
4094,"",0,"",0
4095,"",0,"",0
4096,"",0,"",0
4097,"",0,"",0
4098,"",0,"",0
4099,"",0,"",0
4100,"",0,"",0
4101,"",0,"",0
4102,"",0,"",0
4103,"",0,"",0
4104,"",0,"",0
4105,"",0,"",0
4106,"",0,"",0
4107,"",0,"",0
4108,"",0,"",0
4109,"",0,"",0
4110,"",0,"",0
4111,"",0,"",0
4112,"",0,"",0
4113,"",0,"",0
4114,"",0,"",0
4115,"",0,"",0
4116,"",0,"",0
4117,"",0,"",0
4118,"",0,"",0
4119,"",0,"",0
4120,"",0,"",0
4121,"",0,"",0
4122,"",0,"",0
4123,"",0,"",0
4124,"",0,"",0
4125,"",0,"",0
4126,"",0,"",0
4127,"",0,"",0
4128,"",0,"",0
4129,"",0,"",0
4130,"",0,"",0
4131,"",0,"",0
4132,"",0,"",0
4133,"",0,"",0
4134,"",0,"",0
4135,"",0,"",0
4136,"",0,"",0
4137,"",0,"",0
4138,"",0,"",0
4139,"",0,"",0
4140,"",0,"",0
4141,"",0,"",0
4142,"",0,"",0
4143,"",0,"",0
4144,"",0,"",0
4145,"",0,"",0
4146,"",0,"",0
4147,"",0,"",0
4148,"",0,"",0
4149,"",0,"",0
4150,"",0,"",0
4151,"",0,"",0
4152,"",0,"",0
4153,"",0,"",0
4154,"",0,"",0
4155,"",0,"",0
4156,"",0,"",0
4157,"",0,"",0
4158,"",0,"",0
4159,"",0,"",0
4160,"",0,"",0
4161,"",0,"",0
4162,"",0,"",0
4163,"",0,"",0
4164,"",0,"",0
4165,"",0,"",0
4166,"",0,"",0
4167,"",0,"",0
4168,"",0,"",0
4169,"",0,"",0
4170,"",0,"",0
4171,"",0,"",0
4172,"",0,"",0
4173,"",0,"",0
4174,"",0,"",0
4175,"",0,"",0
4176,"",0,"",0
4177,"",0,"",0
4178,"",0,"",0
4179,"",0,"",0
4180,"",0,"",0
4181,"",0,"",0
4182,"",0,"",0
4183,"",0,"",0
4184,"",0,"",0
4185,"",0,"",0
4186,"",0,"",0
4187,"",0,"",0
4188,"",0,"",0
4189,"",0,"",0
4190,"",0,"",0
4191,"",0,"",0
4192,"",0,"",0
4193,"",0,"",0
4194,"",0,"",0
4195,"",0,"",0
4196,"",0,"",0
4197,"",0,"",0
4198,"",0,"",0
4199,"",0,"",0
4200,"",0,"",0
4201,"",0,"",0
4202,"",0,"",0
4203,"",0,"",0
4204,"",0,"",0
4205,"",0,"",0
4206,"",0,"",0
4207,"",0,"",0
4208,"",0,"",0
4209,"",0,"",0
4210,"",0,"",0
4211,"",0,"",0
4212,"",0,"",0
4213,"",0,"",0
4214,"",0,"",0
4215,"",0,"",0
4216,"",0,"",0
4217,"",0,"",0
4218,"",0,"",0
4219,"",0,"",0
4220,"",0,"",0
4221,"",0,"",0
4222,"",0,"",0
4223,"",0,"",0
4224,"",0,"",0
4225,"",0,"",0
4226,"",0,"",0
4227,"",0,"",0
4228,"",0,"",0
4229,"",0,"",0
4230,"",0,"",0
4231,"",0,"",0
4232,"",0,"",0
4233,"",0,"",0
4234,"",0,"",0
4235,"",0,"",0
4236,"",0,"",0
4237,"",0,"",0
4238,"",0,"",0
4239,"",0,"",0
4240,"",0,"",0
4241,"",0,"",0
4242,"",0,"",0
4243,"",0,"",0
4244,"",0,"",0
4245,"",0,"",0
4246,"",0,"",0
4247,"",0,"",0
4248,"",0,"",0
4249,"",0,"",0
4250,"",0,"",0
4251,"",0,"",0
4252,"",0,"",0
4253,"",0,"",0
4254,"",0,"",0
4255,"",0,"",0
4256,"",0,"",0
4257,"",0,"",0
4258,"",0,"",0
4259,"",0,"",0
4260,"",0,"",0
4261,"",0,"",0
4262,"",0,"",0
4263,"",0,"",0
4264,"",0,"",0
4265,"",0,"",0
4266,"",0,"",0
4267,"",0,"",0
4268,"",0,"",0
4269,"",0,"",0
4270,"",0,"",0
4271,"",0,"",0
4272,"",0,"",0
4273,"",0,"",0
4274,"",0,"",0
4275,"",0,"",0
4276,"",0,"",0
4277,"",0,"",0
4278,"",0,"",0
4279,"",0,"",0
4280,"",0,"",0
4281,"",0,"",0
4282,"",0,"",0
4283,"",0,"",0
4284,"",0,"",0
4285,"",0,"",0
4286,"",0,"",0
4287,"",0,"",0
4288,"",0,"",0
4289,"",0,"",0
4290,"",0,"",0
4291,"",0,"",0
4292,"",0,"",0
4293,"",0,"",0
4294,"",0,"",0
4295,"",0,"",0
4296,"",0,"",0
4297,"",0,"",0
4298,"",0,"",0
4299,"",0,"",0
4300,"",0,"",0
4301,"",0,"",0
4302,"",0,"",0
4303,"",0,"",0
4304,"",0,"",0
4305,"",0,"",0
4306,"",0,"",0
4307,"",0,"",0
4308,"",0,"",0
4309,"",0,"",0
4310,"",0,"",0
4311,"",0,"",0
4312,"",0,"",0
4313,"",0,"",0
4314,"",0,"",0
4315,"",0,"",0
4316,"",0,"",0
4317,"",0,"",0
4318,"",0,"",0
4319,"",0,"",0
4320,"",0,"",0
4321,"",0,"",0
4322,"",0,"",0
4323,"",0,"",0
4324,"",0,"",0
4325,"",0,"",0
4326,"",0,"",0
4327,"",0,"",0
4328,"",0,"",0
4329,"",0,"",0
4330,"",0,"",0
4331,"",0,"",0
4332,"",0,"",0
4333,"",0,"",0
4334,"",0,"",0
4335,"",0,"",0
4336,"",0,"",0
4337,"",0,"",0
4338,"",0,"",0
4339,"",0,"",0
4340,"",0,"",0
4341,"",0,"",0
4342,"",0,"",0
4343,"",0,"",0
4344,"",0,"",0
4345,"",0,"",0
4346,"",0,"",0
4347,"",0,"",0
4348,"",0,"",0
4349,"",0,"",0
4350,"",0,"",0
4351,"",0,"",0
4352,"",0,"",0
4353,"",0,"",0
4354,"",0,"",0
4355,"",0,"",0
4356,"",0,"",0
4357,"",0,"",0
4358,"",0,"",0
4359,"",0,"",0
4360,"",0,"",0
4361,"",0,"",0
4362,"",0,"",0
4363,"",0,"",0
4364,"",0,"",0
4365,"",0,"",0
4366,"",0,"",0
4367,"",0,"",0
4368,"",0,"",0
4369,"",0,"",0
4370,"",0,"",0
4371,"",0,"",0
4372,"",0,"",0
4373,"",0,"",0
4374,"",0,"",0
4375,"",0,"",0
4376,"",0,"",0
4377,"",0,"",0
4378,"",0,"",0
4379,"",0,"",0
4380,"",0,"",0
4381,"",0,"",0
4382,"",0,"",0
4383,"",0,"",0
4384,"",0,"",0
4385,"",0,"",0
4386,"",0,"",0
4387,"",0,"",0
4388,"",0,"",0
4389,"",0,"",0
4390,"",0,"",0
4391,"",0,"",0
4392,"",0,"",0
4393,"",0,"",0
4394,"",0,"",0
4395,"",0,"",0
4396,"",0,"",0
4397,"",0,"",0
4398,"",0,"",0
4399,"",0,"",0
4400,"",0,"",0
4401,"",0,"",0
4402,"",0,"",0
4403,"",0,"",0
4404,"",0,"",0
4405,"",0,"",0
4406,"",0,"",0
4407,"",0,"",0
4408,"",0,"",0
4409,"",0,"",0
4410,"",0,"",0
4411,"",0,"",0
4412,"",0,"",0
4413,"",0,"",0
4414,"",0,"",0
4415,"",0,"",0
4416,"",0,"",0
4417,"",0,"",0
4418,"",0,"",0
4419,"",0,"",0
4420,"",0,"",0
4421,"",0,"",0
4422,"",0,"",0
4423,"",0,"",0
4424,"",0,"",0
4425,"",0,"",0
4426,"",0,"",0
4427,"",0,"",0
4428,"",0,"",0
4429,"",0,"",0
4430,"",0,"",0
4431,"",0,"",0
4432,"",0,"",0
4433,"",0,"",0
4434,"",0,"",0
4435,"",0,"",0
4436,"",0,"",0
4437,"",0,"",0
4438,"",0,"",0
4439,"",0,"",0
4440,"",0,"",0
4441,"",0,"",0
4442,"",0,"",0
4443,"",0,"",0
4444,"",0,"",0
4445,"",0,"",0
4446,"",0,"",0
4447,"",0,"",0
4448,"",0,"",0
4449,"",0,"",0
4450,"",0,"",0
4451,"",0,"",0
4452,"",0,"",0
4453,"",0,"",0
4454,"",0,"",0
4455,"",0,"",0
4456,"",0,"",0
4457,"",0,"",0
4458,"",0,"",0
4459,"",0,"",0
4460,"",0,"",0
4461,"",0,"",0
4462,"",0,"",0
4463,"",0,"",0
4464,"",0,"",0
4465,"",0,"",0
4466,"",0,"",0
4467,"",0,"",0
4468,"",0,"",0
4469,"",0,"",0
4470,"",0,"",0
4471,"",0,"",0
4472,"",0,"",0
4473,"",0,"",0
4474,"",0,"",0
4475,"",0,"",0
4476,"",0,"",0
4477,"",0,"",0
4478,"",0,"",0
4479,"",0,"",0
4480,"",0,"",0
4481,"",0,"",0
4482,"",0,"",0
4483,"",0,"",0
4484,"",0,"",0
4485,"",0,"",0
4486,"",0,"",0
4487,"",0,"",0
4488,"",0,"",0
4489,"",0,"",0
4490,"",0,"",0
4491,"",0,"",0
4492,"",0,"",0
4493,"",0,"",0
4494,"",0,"",0
4495,"",0,"",0
4496,"",0,"",0
4497,"",0,"",0
4498,"",0,"",0
4499,"",0,"",0
4500,"",0,"",0
4501,"",0,"",0
4502,"",0,"",0
4503,"",0,"",0
4504,"",0,"",0
4505,"",0,"",0
4506,"",0,"",0
4507,"",0,"",0
4508,"",0,"",0
4509,"",0,"",0
4510,"",0,"",0
4511,"",0,"",0
4512,"",0,"",0
4513,"",0,"",0
4514,"",0,"",0
4515,"",0,"",0
4516,"",0,"",0
4517,"",0,"",0
4518,"",0,"",0
4519,"",0,"",0
4520,"",0,"",0
4521,"",0,"",0
4522,"",0,"",0
4523,"",0,"",0
4524,"",0,"",0
4525,"",0,"",0
4526,"",0,"",0
4527,"",0,"",0
4528,"",0,"",0
4529,"",0,"",0
4530,"",0,"",0
4531,"",0,"",0
4532,"",0,"",0
4533,"",0,"",0
4534,"",0,"",0
4535,"",0,"",0
4536,"",0,"",0
4537,"",0,"",0
4538,"",0,"",0
4539,"",0,"",0
4540,"",0,"",0
4541,"",0,"",0
4542,"",0,"",0
4543,"",0,"",0
4544,"",0,"",0
4545,"",0,"",0
4546,"",0,"",0
4547,"",0,"",0
4548,"",0,"",0
4549,"",0,"",0
4550,"",0,"",0
4551,"",0,"",0
4552,"",0,"",0
4553,"",0,"",0
4554,"",0,"",0
4555,"",0,"",0
4556,"",0,"",0
4557,"",0,"",0
4558,"",0,"",0
4559,"",0,"",0
4560,"",0,"",0
4561,"",0,"",0
4562,"",0,"",0
4563,"",0,"",0
4564,"",0,"",0
4565,"",0,"",0
4566,"",0,"",0
4567,"",0,"",0
4568,"",0,"",0
4569,"",0,"",0
4570,"",0,"",0
4571,"",0,"",0
4572,"",0,"",0
4573,"",0,"",0
4574,"",0,"",0
4575,"",0,"",0
4576,"",0,"",0
4577,"",0,"",0
4578,"",0,"",0
4579,"",0,"",0
4580,"",0,"",0
4581,"",0,"",0
4582,"",0,"",0
4583,"",0,"",0
4584,"",0,"",0
4585,"",0,"",0
4586,"",0,"",0
4587,"",0,"",0
4588,"",0,"",0
4589,"",0,"",0
4590,"",0,"",0
4591,"",0,"",0
4592,"",0,"",0
4593,"",0,"",0
4594,"",0,"",0
4595,"",0,"",0
4596,"",0,"",0
4597,"",0,"",0
4598,"",0,"",0
4599,"",0,"",0
4600,"",0,"",0
4601,"",0,"",0
4602,"",0,"",0
4603,"",0,"",0
4604,"",0,"",0
4605,"",0,"",0
4606,"",0,"",0
4607,"",0,"",0
4608,"",0,"",0
4609,"",0,"",0
4610,"",0,"",0
4611,"",0,"",0
4612,"",0,"",0
4613,"",0,"",0
4614,"",0,"",0
4615,"",0,"",0
4616,"",0,"",0
4617,"",0,"",0
4618,"",0,"",0
4619,"",0,"",0
4620,"",0,"",0
4621,"",0,"",0
4622,"",0,"",0
4623,"",0,"",0
4624,"",0,"",0
4625,"",0,"",0
4626,"",0,"",0
4627,"",0,"",0
4628,"",0,"",0
4629,"",0,"",0
4630,"",0,"",0
4631,"",0,"",0
4632,"",0,"",0
4633,"",0,"",0
4634,"",0,"",0
4635,"",0,"",0
4636,"",0,"",0
4637,"",0,"",0
4638,"",0,"",0
4639,"",0,"",0
4640,"",0,"",0
4641,"",0,"",0
4642,"",0,"",0
4643,"",0,"",0
4644,"",0,"",0
4645,"",0,"",0
4646,"",0,"",0
4647,"",0,"",0
4648,"",0,"",0
4649,"",0,"",0
4650,"",0,"",0
4651,"",0,"",0
4652,"",0,"",0
4653,"",0,"",0
4654,"",0,"",0
4655,"",0,"",0
4656,"",0,"",0
4657,"",0,"",0
4658,"",0,"",0
4659,"",0,"",0
4660,"",0,"",0
4661,"",0,"",0
4662,"",0,"",0
4663,"",0,"",0
4664,"",0,"",0
4665,"",0,"",0
4666,"",0,"",0
4667,"",0,"",0
4668,"",0,"",0
4669,"",0,"",0
4670,"",0,"",0
4671,"",0,"",0
4672,"",0,"",0
4673,"",0,"",0
4674,"",0,"",0
4675,"",0,"",0
4676,"",0,"",0
4677,"",0,"",0
4678,"",0,"",0
4679,"",0,"",0
4680,"",0,"",0
4681,"",0,"",0
4682,"",0,"",0
4683,"",0,"",0
4684,"",0,"",0
4685,"",0,"",0
4686,"",0,"",0
4687,"",0,"",0
4688,"",0,"",0
4689,"",0,"",0
4690,"",0,"",0
4691,"",0,"",0
4692,"",0,"",0
4693,"",0,"",0
4694,"",0,"",0
4695,"",0,"",0
4696,"",0,"",0
4697,"",0,"",0
4698,"",0,"",0
4699,"",0,"",0
4700,"",0,"",0
4701,"",0,"",0
4702,"",0,"",0
4703,"",0,"",0
4704,"",0,"",0
4705,"",0,"",0
4706,"",0,"",0
4707,"",0,"",0
4708,"",0,"",0
4709,"",0,"",0
4710,"",0,"",0
4711,"",0,"",0
4712,"",0,"",0
4713,"",0,"",0
4714,"",0,"",0
4715,"",0,"",0
4716,"",0,"",0
4717,"",0,"",0
4718,"",0,"",0
4719,"",0,"",0
4720,"",0,"",0
4721,"",0,"",0
4722,"",0,"",0
4723,"",0,"",0
4724,"",0,"",0
4725,"",0,"",0
4726,"",0,"",0
4727,"",0,"",0
4728,"",0,"",0
4729,"",0,"",0
4730,"",0,"",0
4731,"",0,"",0
4732,"",0,"",0
4733,"",0,"",0
4734,"",0,"",0
4735,"",0,"",0
4736,"",0,"",0
4737,"",0,"",0
4738,"",0,"",0
4739,"",0,"",0
4740,"",0,"",0
4741,"",0,"",0
4742,"",0,"",0
4743,"",0,"",0
4744,"",0,"",0
4745,"",0,"",0
4746,"",0,"",0
4747,"",0,"",0
4748,"",0,"",0
4749,"",0,"",0
4750,"",0,"",0
4751,"",0,"",0
4752,"",0,"",0
4753,"",0,"",0
4754,"",0,"",0
4755,"",0,"",0
4756,"",0,"",0
4757,"",0,"",0
4758,"",0,"",0
4759,"",0,"",0
4760,"",0,"",0
4761,"",0,"",0
4762,"",0,"",0
4763,"",0,"",0
4764,"",0,"",0
4765,"",0,"",0
4766,"",0,"",0
4767,"",0,"",0
4768,"",0,"",0
4769,"",0,"",0
4770,"",0,"",0
4771,"",0,"",0
4772,"",0,"",0
4773,"",0,"",0
4774,"",0,"",0
4775,"",0,"",0
4776,"",0,"",0
4777,"",0,"",0
4778,"",0,"",0
4779,"",0,"",0
4780,"",0,"",0
4781,"",0,"",0
4782,"",0,"",0
4783,"",0,"",0
4784,"",0,"",0
4785,"",0,"",0
4786,"",0,"",0
4787,"",0,"",0
4788,"",0,"",0
4789,"",0,"",0
4790,"",0,"",0
4791,"",0,"",0
4792,"",0,"",0
4793,"",0,"",0
4794,"",0,"",0
4795,"",0,"",0
4796,"",0,"",0
4797,"",0,"",0
4798,"",0,"",0
4799,"",0,"",0
4800,"",0,"",0
4801,"",0,"",0
4802,"",0,"",0
4803,"",0,"",0
4804,"",0,"",0
4805,"",0,"",0
4806,"",0,"",0
4807,"",0,"",0
4808,"",0,"",0
4809,"",0,"",0
4810,"",0,"",0
4811,"",0,"",0
4812,"",0,"",0
4813,"",0,"",0
4814,"",0,"",0
4815,"",0,"",0
4816,"",0,"",0
4817,"",0,"",0
4818,"",0,"",0
4819,"",0,"",0
4820,"",0,"",0
4821,"",0,"",0
4822,"",0,"",0
4823,"",0,"",0
4824,"",0,"",0
4825,"",0,"",0
4826,"",0,"",0
4827,"",0,"",0
4828,"",0,"",0
4829,"",0,"",0
4830,"",0,"",0
4831,"",0,"",0
4832,"",0,"",0
4833,"",0,"",0
4834,"",0,"",0
4835,"",0,"",0
4836,"",0,"",0
4837,"",0,"",0
4838,"",0,"",0
4839,"",0,"",0
4840,"",0,"",0
4841,"",0,"",0
4842,"",0,"",0
4843,"",0,"",0
4844,"",0,"",0
4845,"",0,"",0
4846,"",0,"",0
4847,"",0,"",0
4848,"",0,"",0
4849,"",0,"",0
4850,"",0,"",0
4851,"",0,"",0
4852,"",0,"",0
4853,"",0,"",0
4854,"",0,"",0
4855,"",0,"",0
4856,"",0,"",0
4857,"",0,"",0
4858,"",0,"",0
4859,"",0,"",0
4860,"",0,"",0
4861,"",0,"",0
4862,"",0,"",0
4863,"",0,"",0
4864,"",0,"",0
4865,"",0,"",0
4866,"",0,"",0
4867,"",0,"",0
4868,"",0,"",0
4869,"",0,"",0
4870,"",0,"",0
4871,"",0,"",0
4872,"",0,"",0
4873,"",0,"",0
4874,"",0,"",0
4875,"",0,"",0
4876,"",0,"",0
4877,"",0,"",0
4878,"",0,"",0
4879,"",0,"",0
4880,"",0,"",0
4881,"",0,"",0
4882,"",0,"",0
4883,"",0,"",0
4884,"",0,"",0
4885,"",0,"",0
4886,"",0,"",0
4887,"",0,"",0
4888,"",0,"",0
4889,"",0,"",0
4890,"",0,"",0
4891,"",0,"",0
4892,"",0,"",0
4893,"",0,"",0
4894,"",0,"",0
4895,"",0,"",0
4896,"",0,"",0
4897,"",0,"",0
4898,"",0,"",0
4899,"",0,"",0
4900,"",0,"",0
4901,"",0,"",0
4902,"",0,"",0
4903,"",0,"",0
4904,"",0,"",0
4905,"",0,"",0
4906,"",0,"",0
4907,"",0,"",0
4908,"",0,"",0
4909,"",0,"",0
4910,"",0,"",0
4911,"",0,"",0
4912,"",0,"",0
4913,"",0,"",0
4914,"",0,"",0
4915,"",0,"",0
4916,"",0,"",0
4917,"",0,"",0
4918,"",0,"",0
4919,"",0,"",0
4920,"",0,"",0
4921,"",0,"",0
4922,"",0,"",0
4923,"",0,"",0
4924,"",0,"",0
4925,"",0,"",0
4926,"",0,"",0
4927,"",0,"",0
4928,"",0,"",0
4929,"",0,"",0
4930,"",0,"",0
4931,"",0,"",0
4932,"",0,"",0
4933,"",0,"",0
4934,"",0,"",0
4935,"",0,"",0
4936,"",0,"",0
4937,"",0,"",0
4938,"",0,"",0
4939,"",0,"",0
4940,"",0,"",0
4941,"",0,"",0
4942,"",0,"",0
4943,"",0,"",0
4944,"",0,"",0
4945,"",0,"",0
4946,"",0,"",0
4947,"",0,"",0
4948,"",0,"",0
4949,"",0,"",0
4950,"",0,"",0
4951,"",0,"",0
4952,"",0,"",0
4953,"",0,"",0
4954,"",0,"",0
4955,"",0,"",0
4956,"",0,"",0
4957,"",0,"",0
4958,"",0,"",0
4959,"",0,"",0
4960,"",0,"",0
4961,"",0,"",0
4962,"",0,"",0
4963,"",0,"",0
4964,"",0,"",0
4965,"",0,"",0
4966,"",0,"",0
4967,"",0,"",0
4968,"",0,"",0
4969,"",0,"",0
4970,"",0,"",0
4971,"",0,"",0
4972,"",0,"",0
4973,"",0,"",0
4974,"",0,"",0
4975,"",0,"",0
4976,"",0,"",0
4977,"",0,"",0
4978,"",0,"",0
4979,"",0,"",0
4980,"",0,"",0
4981,"",0,"",0
4982,"",0,"",0
4983,"",0,"",0
4984,"",0,"",0
4985,"",0,"",0
4986,"",0,"",0
4987,"",0,"",0
4988,"",0,"",0
4989,"",0,"",0
4990,"",0,"",0
4991,"",0,"",0
4992,"",0,"",0
4993,"",0,"",0
4994,"",0,"",0
4995,"",0,"",0
4996,"",0,"",0
4997,"",0,"",0
4998,"",0,"",0
4999,"",0,"",0
5000,"",0,"",0
5001,"",0,"",0
5002,"",0,"",0
5003,"",0,"",0
5004,"",0,"",0
5005,"",0,"",0
5006,"",0,"",0
5007,"",0,"",0
5008,"",0,"",0
5009,"",0,"",0
5010,"",0,"",0
5011,"",0,"",0
5012,"",0,"",0
5013,"",0,"",0
5014,"",0,"",0
5015,"",0,"",0
5016,"",0,"",0
5017,"",0,"",0
5018,"",0,"",0
5019,"",0,"",0
5020,"",0,"",0
5021,"",0,"",0
5022,"",0,"",0
5023,"",0,"",0
5024,"",0,"",0
5025,"",0,"",0
5026,"",0,"",0
5027,"",0,"",0
5028,"",0,"",0
5029,"",0,"",0
5030,"",0,"",0
5031,"",0,"",0
5032,"",0,"",0
5033,"",0,"",0
5034,"",0,"",0
5035,"",0,"",0
5036,"",0,"",0
5037,"",0,"",0
5038,"",0,"",0
5039,"",0,"",0
5040,"",0,"",0
5041,"",0,"",0
5042,"",0,"",0
5043,"",0,"",0
5044,"",0,"",0
5045,"",0,"",0
5046,"",0,"",0
5047,"",0,"",0
