key,0,1,2,3,4,5
#,Item{Disposed},HQ{Disposed},Item{Received},HQ{Received},Quantity{Received},
int32,Item,bit&01,Item,bit&02,uint32,uint16
3473408.0,"",False,"",False,0,0
3473409.0,"Mistfall Sallet of Fending",False,"Brass Sky Pirate Spoil",False,1,1000
3473409.1,"Mistfall Hauberk of Fending",False,"Brass Sky Pirate Spoil",False,1,999
3473409.2,"Mistfall Gauntlets of Fending",False,"Brass Sky Pirate Spoil",False,1,998
3473409.3,"Mistfall Tassets of Fending",False,"Brass Sky Pirate Spoil",False,1,997
3473409.4,"Mistfall Breeches of Fending",False,"Brass Sky Pirate Spoil",False,1,996
3473409.5,"Mistfall Sabatons of Fending",False,"Brass Sky Pirate Spoil",False,1,995
3473409.6,"Mistfall Sallet of Maiming",False,"Brass Sky Pirate Spoil",False,1,994
3473409.7,"Mistfall Hauberk of Maiming",False,"Brass Sky Pirate Spoil",False,1,993
3473409.8,"Mistfall Gauntlets of Maiming",False,"Brass Sky Pirate Spoil",False,1,992
3473409.9,"Mistfall Tassets of Maiming",False,"Brass Sky Pirate Spoil",False,1,991
3473409.10,"Mistfall Breeches of Maiming",False,"Brass Sky Pirate Spoil",False,1,990
3473409.11,"Mistfall Sabatons of Maiming",False,"Brass Sky Pirate Spoil",False,1,989
3473409.12,"Mistfall Circlet of Striking",False,"Brass Sky Pirate Spoil",False,1,988
3473409.13,"Mistfall Bolero of Striking",False,"Brass Sky Pirate Spoil",False,1,987
3473409.14,"Mistfall Gloves of Striking",False,"Brass Sky Pirate Spoil",False,1,986
3473409.15,"Mistfall Belt of Striking",False,"Brass Sky Pirate Spoil",False,1,985
3473409.16,"Mistfall Culottes of Striking",False,"Brass Sky Pirate Spoil",False,1,984
3473409.17,"Mistfall Boots of Striking",False,"Brass Sky Pirate Spoil",False,1,983
3473409.18,"Mistfall Cap of Aiming",False,"Brass Sky Pirate Spoil",False,1,982
3473409.19,"Mistfall Robe of Aiming",False,"Brass Sky Pirate Spoil",False,1,981
3473409.20,"Mistfall Gloves of Aiming",False,"Brass Sky Pirate Spoil",False,1,980
3473409.21,"Mistfall Sash of Aiming",False,"Brass Sky Pirate Spoil",False,1,979
3473409.22,"Mistfall Slops of Aiming",False,"Brass Sky Pirate Spoil",False,1,978
3473409.23,"Mistfall Shoes of Aiming",False,"Brass Sky Pirate Spoil",False,1,977
3473409.24,"Mistfall Coif of Scouting",False,"Brass Sky Pirate Spoil",False,1,976
3473409.25,"Mistfall Shirt of Scouting",False,"Brass Sky Pirate Spoil",False,1,975
3473409.26,"Mistfall Halfgloves of Scouting",False,"Brass Sky Pirate Spoil",False,1,974
3473409.27,"Mistfall Sash of Scouting",False,"Brass Sky Pirate Spoil",False,1,973
3473409.28,"Mistfall Sarouel of Scouting",False,"Brass Sky Pirate Spoil",False,1,972
3473409.29,"Mistfall Boots of Scouting",False,"Brass Sky Pirate Spoil",False,1,971
3473409.30,"Mistfall Monocle of Healing",False,"Brass Sky Pirate Spoil",False,1,970
3473409.31,"Mistfall Robe of Healing",False,"Brass Sky Pirate Spoil",False,1,969
3473409.32,"Mistfall Halfgloves of Healing",False,"Brass Sky Pirate Spoil",False,1,968
3473409.33,"Mistfall Belt of Healing",False,"Brass Sky Pirate Spoil",False,1,967
3473409.34,"Mistfall Tonban of Healing",False,"Brass Sky Pirate Spoil",False,1,966
3473409.35,"Mistfall Crakows of Healing",False,"Brass Sky Pirate Spoil",False,1,965
3473409.36,"Mistfall Magnifiers of Casting",False,"Brass Sky Pirate Spoil",False,1,964
3473409.37,"Mistfall Robe of Casting",False,"Brass Sky Pirate Spoil",False,1,963
3473409.38,"Mistfall Halfgloves of Casting",False,"Brass Sky Pirate Spoil",False,1,962
3473409.39,"Mistfall Belt of Casting",False,"Brass Sky Pirate Spoil",False,1,961
3473409.40,"Mistfall Tonban of Casting",False,"Brass Sky Pirate Spoil",False,1,960
3473409.41,"Mistfall Crakows of Casting",False,"Brass Sky Pirate Spoil",False,1,959
3473409.42,"Mistfall Necklace of Fending",False,"Brass Sky Pirate Spoil",False,1,958
3473409.43,"Mistfall Armillae of Fending",False,"Brass Sky Pirate Spoil",False,1,957
3473409.44,"Mistfall Earrings of Fending",False,"Brass Sky Pirate Spoil",False,1,956
3473409.45,"Mistfall Ring of Fending",False,"Brass Sky Pirate Spoil",False,1,955
3473409.46,"Mistfall Necklace of Slaying",False,"Brass Sky Pirate Spoil",False,1,954
3473409.47,"Mistfall Armillae of Slaying",False,"Brass Sky Pirate Spoil",False,1,953
3473409.48,"Mistfall Earrings of Slaying",False,"Brass Sky Pirate Spoil",False,1,952
3473409.49,"Mistfall Ring of Slaying",False,"Brass Sky Pirate Spoil",False,1,951
3473409.50,"Mistfall Necklace of Aiming",False,"Brass Sky Pirate Spoil",False,1,950
3473409.51,"Mistfall Armillae of Aiming",False,"Brass Sky Pirate Spoil",False,1,949
3473409.52,"Mistfall Earrings of Aiming",False,"Brass Sky Pirate Spoil",False,1,948
3473409.53,"Mistfall Ring of Aiming",False,"Brass Sky Pirate Spoil",False,1,947
3473409.54,"Mistfall Necklace of Healing",False,"Brass Sky Pirate Spoil",False,1,946
3473409.55,"Mistfall Armillae of Healing",False,"Brass Sky Pirate Spoil",False,1,945
3473409.56,"Mistfall Earrings of Healing",False,"Brass Sky Pirate Spoil",False,1,944
3473409.57,"Mistfall Ring of Healing",False,"Brass Sky Pirate Spoil",False,1,943
3473409.58,"Mistfall Necklace of Casting",False,"Brass Sky Pirate Spoil",False,1,942
3473409.59,"Mistfall Armillae of Casting",False,"Brass Sky Pirate Spoil",False,1,941
3473409.60,"Mistfall Earrings of Casting",False,"Brass Sky Pirate Spoil",False,1,940
3473409.61,"Mistfall Ring of Casting",False,"Brass Sky Pirate Spoil",False,1,939
3473409.62,"Deepmist Helm of Fending",False,"Brass Sky Pirate Spoil",False,1,900
3473409.63,"Deepmist Cuirass of Fending",False,"Brass Sky Pirate Spoil",False,1,899
3473409.64,"Deepmist Vambraces of Fending",False,"Brass Sky Pirate Spoil",False,1,898
3473409.65,"Deepmist Tassets of Fending",False,"Brass Sky Pirate Spoil",False,1,897
3473409.66,"Deepmist Breeches of Fending",False,"Brass Sky Pirate Spoil",False,1,896
3473409.67,"Deepmist Sabatons of Fending",False,"Brass Sky Pirate Spoil",False,1,895
3473409.68,"Deepmist Mask of Maiming",False,"Brass Sky Pirate Spoil",False,1,894
3473409.69,"Deepmist Mail of Maiming",False,"Brass Sky Pirate Spoil",False,1,893
3473409.70,"Deepmist Vambraces of Maiming",False,"Brass Sky Pirate Spoil",False,1,892
3473409.71,"Deepmist Belt of Maiming",False,"Brass Sky Pirate Spoil",False,1,891
3473409.72,"Deepmist Breeches of Maiming",False,"Brass Sky Pirate Spoil",False,1,890
3473409.73,"Deepmist Sollerets of Maiming",False,"Brass Sky Pirate Spoil",False,1,889
3473409.74,"Deepmist Mask of Striking",False,"Brass Sky Pirate Spoil",False,1,888
3473409.75,"Deepmist Jacket of Striking",False,"Brass Sky Pirate Spoil",False,1,887
3473409.76,"Deepmist Armguards of Striking",False,"Brass Sky Pirate Spoil",False,1,886
3473409.77,"Deepmist Belt of Striking",False,"Brass Sky Pirate Spoil",False,1,885
3473409.78,"Deepmist Trousers of Striking",False,"Brass Sky Pirate Spoil",False,1,884
3473409.79,"Deepmist Leggings of Striking",False,"Brass Sky Pirate Spoil",False,1,883
3473409.80,"Deepmist Mask of Aiming",False,"Brass Sky Pirate Spoil",False,1,882
3473409.81,"Deepmist Jacket of Aiming",False,"Brass Sky Pirate Spoil",False,1,881
3473409.82,"Deepmist Armguards of Aiming",False,"Brass Sky Pirate Spoil",False,1,880
3473409.83,"Deepmist Belt of Aiming",False,"Brass Sky Pirate Spoil",False,1,879
3473409.84,"Deepmist Trousers of Aiming",False,"Brass Sky Pirate Spoil",False,1,878
3473409.85,"Deepmist Leggings of Aiming",False,"Brass Sky Pirate Spoil",False,1,877
3473409.86,"Deepmist Mask of Scouting",False,"Brass Sky Pirate Spoil",False,1,876
3473409.87,"Deepmist Jacket of Scouting",False,"Brass Sky Pirate Spoil",False,1,875
3473409.88,"Deepmist Armguards of Scouting",False,"Brass Sky Pirate Spoil",False,1,874
3473409.89,"Deepmist Belt of Scouting",False,"Brass Sky Pirate Spoil",False,1,873
3473409.90,"Deepmist Trousers of Scouting",False,"Brass Sky Pirate Spoil",False,1,872
3473409.91,"Deepmist Leggings of Scouting",False,"Brass Sky Pirate Spoil",False,1,871
3473409.92,"Deepmist Mask of Healing",False,"Brass Sky Pirate Spoil",False,1,870
3473409.93,"Deepmist Doublet of Healing",False,"Brass Sky Pirate Spoil",False,1,869
3473409.94,"Deepmist Gloves of Healing",False,"Brass Sky Pirate Spoil",False,1,868
3473409.95,"Deepmist Sash of Healing",False,"Brass Sky Pirate Spoil",False,1,867
3473409.96,"Deepmist Gaskins of Healing",False,"Brass Sky Pirate Spoil",False,1,866
3473409.97,"Deepmist Boots of Healing",False,"Brass Sky Pirate Spoil",False,1,865
3473409.98,"Deepmist Mask of Casting",False,"Brass Sky Pirate Spoil",False,1,864
3473409.99,"Deepmist Doublet of Casting",False,"Brass Sky Pirate Spoil",False,1,863
3473409.100,"Deepmist Gloves of Casting",False,"Brass Sky Pirate Spoil",False,1,862
3473409.101,"Deepmist Sash of Casting",False,"Brass Sky Pirate Spoil",False,1,861
3473409.102,"Deepmist Gaskins of Casting",False,"Brass Sky Pirate Spoil",False,1,860
3473409.103,"Deepmist Boots of Casting",False,"Brass Sky Pirate Spoil",False,1,859
3473409.104,"Deepmist Necklace of Fending",False,"Brass Sky Pirate Spoil",False,1,858
3473409.105,"Deepmist Armillae of Fending",False,"Brass Sky Pirate Spoil",False,1,857
3473409.106,"Deepmist Earrings of Fending",False,"Brass Sky Pirate Spoil",False,1,856
3473409.107,"Deepmist Ring of Fending",False,"Brass Sky Pirate Spoil",False,1,855
3473409.108,"Deepmist Necklace of Slaying",False,"Brass Sky Pirate Spoil",False,1,854
3473409.109,"Deepmist Armillae of Slaying",False,"Brass Sky Pirate Spoil",False,1,853
3473409.110,"Deepmist Earrings of Slaying",False,"Brass Sky Pirate Spoil",False,1,852
3473409.111,"Deepmist Ring of Slaying",False,"Brass Sky Pirate Spoil",False,1,851
3473409.112,"Deepmist Necklace of Aiming",False,"Brass Sky Pirate Spoil",False,1,850
3473409.113,"Deepmist Armillae of Aiming",False,"Brass Sky Pirate Spoil",False,1,849
3473409.114,"Deepmist Earrings of Aiming",False,"Brass Sky Pirate Spoil",False,1,848
3473409.115,"Deepmist Ring of Aiming",False,"Brass Sky Pirate Spoil",False,1,847
3473409.116,"Deepmist Necklace of Healing",False,"Brass Sky Pirate Spoil",False,1,846
3473409.117,"Deepmist Armillae of Healing",False,"Brass Sky Pirate Spoil",False,1,845
3473409.118,"Deepmist Earrings of Healing",False,"Brass Sky Pirate Spoil",False,1,844
3473409.119,"Deepmist Ring of Healing",False,"Brass Sky Pirate Spoil",False,1,843
3473409.120,"Deepmist Necklace of Casting",False,"Brass Sky Pirate Spoil",False,1,842
3473409.121,"Deepmist Armillae of Casting",False,"Brass Sky Pirate Spoil",False,1,841
3473409.122,"Deepmist Earrings of Casting",False,"Brass Sky Pirate Spoil",False,1,840
3473409.123,"Deepmist Ring of Casting",False,"Brass Sky Pirate Spoil",False,1,839
3473409.124,"Mistbreak Helm of Fending",False,"Brass Sky Pirate Spoil",False,1,800
3473409.125,"Mistbreak Armor of Fending",False,"Brass Sky Pirate Spoil",False,1,799
3473409.126,"Mistbreak Gauntlets of Fending",False,"Brass Sky Pirate Spoil",False,1,798
3473409.127,"Mistbreak Tassets of Fending",False,"Brass Sky Pirate Spoil",False,1,797
3473409.128,"Mistbreak Chain Hose of Fending",False,"Brass Sky Pirate Spoil",False,1,796
3473409.129,"Mistbreak Sabatons of Fending",False,"Brass Sky Pirate Spoil",False,1,795
3473409.130,"Mistbreak Helm of Maiming",False,"Brass Sky Pirate Spoil",False,1,794
3473409.131,"Mistbreak Armor of Maiming",False,"Brass Sky Pirate Spoil",False,1,793
3473409.132,"Mistbreak Gauntlets of Maiming",False,"Brass Sky Pirate Spoil",False,1,792
3473409.133,"Mistbreak Tassets of Maiming",False,"Brass Sky Pirate Spoil",False,1,791
3473409.134,"Mistbreak Chain Hose of Maiming",False,"Brass Sky Pirate Spoil",False,1,790
3473409.135,"Mistbreak Sabatons of Maiming",False,"Brass Sky Pirate Spoil",False,1,789
3473409.136,"Mistbreak Cap of Striking",False,"Brass Sky Pirate Spoil",False,1,788
3473409.137,"Mistbreak Cyclas of Striking",False,"Brass Sky Pirate Spoil",False,1,787
3473409.138,"Mistbreak Armguards of Striking",False,"Brass Sky Pirate Spoil",False,1,786
3473409.139,"Mistbreak Ringbelt of Striking",False,"Brass Sky Pirate Spoil",False,1,785
3473409.140,"Mistbreak Hose of Striking",False,"Brass Sky Pirate Spoil",False,1,784
3473409.141,"Mistbreak Boots of Striking",False,"Brass Sky Pirate Spoil",False,1,783
3473409.142,"Mistbreak Cap of Aiming",False,"Brass Sky Pirate Spoil",False,1,782
3473409.143,"Mistbreak Cyclas of Aiming",False,"Brass Sky Pirate Spoil",False,1,781
3473409.144,"Mistbreak Armguards of Aiming",False,"Brass Sky Pirate Spoil",False,1,780
3473409.145,"Mistbreak Ringbelt of Aiming",False,"Brass Sky Pirate Spoil",False,1,779
3473409.146,"Mistbreak Hose of Aiming",False,"Brass Sky Pirate Spoil",False,1,778
3473409.147,"Mistbreak Boots of Aiming",False,"Brass Sky Pirate Spoil",False,1,777
3473409.148,"Mistbreak Cap of Scouting",False,"Brass Sky Pirate Spoil",False,1,776
3473409.149,"Mistbreak Cyclas of Scouting",False,"Brass Sky Pirate Spoil",False,1,775
3473409.150,"Mistbreak Armguards of Scouting",False,"Brass Sky Pirate Spoil",False,1,774
3473409.151,"Mistbreak Ringbelt of Scouting",False,"Brass Sky Pirate Spoil",False,1,773
3473409.152,"Mistbreak Hose of Scouting",False,"Brass Sky Pirate Spoil",False,1,772
3473409.153,"Mistbreak Boots of Scouting",False,"Brass Sky Pirate Spoil",False,1,771
3473409.154,"Mistbreak Klobuk of Healing",False,"Brass Sky Pirate Spoil",False,1,770
3473409.155,"Mistbreak Alb of Healing",False,"Brass Sky Pirate Spoil",False,1,769
3473409.156,"Mistbreak Gloves of Healing",False,"Brass Sky Pirate Spoil",False,1,768
3473409.157,"Mistbreak Corset of Healing",False,"Brass Sky Pirate Spoil",False,1,767
3473409.158,"Mistbreak Chausses of Healing",False,"Brass Sky Pirate Spoil",False,1,766
3473409.159,"Mistbreak Thighboots of Healing",False,"Brass Sky Pirate Spoil",False,1,765
3473409.160,"Mistbreak Hat of Casting",False,"Brass Sky Pirate Spoil",False,1,764
3473409.161,"Mistbreak Robe of Casting",False,"Brass Sky Pirate Spoil",False,1,763
3473409.162,"Mistbreak Dress Gloves of Casting",False,"Brass Sky Pirate Spoil",False,1,762
3473409.163,"Mistbreak Corset of Casting",False,"Brass Sky Pirate Spoil",False,1,761
3473409.164,"Mistbreak Breeches of Casting",False,"Brass Sky Pirate Spoil",False,1,760
3473409.165,"Mistbreak Thighboots of Casting",False,"Brass Sky Pirate Spoil",False,1,759
3473409.166,"Mistbreak Necklace of Fending",False,"Brass Sky Pirate Spoil",False,1,758
3473409.167,"Mistbreak Armillae of Fending",False,"Brass Sky Pirate Spoil",False,1,757
3473409.168,"Mistbreak Earrings of Fending",False,"Brass Sky Pirate Spoil",False,1,756
3473409.169,"Mistbreak Ring of Fending",False,"Brass Sky Pirate Spoil",False,1,755
3473409.170,"Mistbreak Necklace of Slaying",False,"Brass Sky Pirate Spoil",False,1,754
3473409.171,"Mistbreak Armillae of Slaying",False,"Brass Sky Pirate Spoil",False,1,753
3473409.172,"Mistbreak Earrings of Slaying",False,"Brass Sky Pirate Spoil",False,1,752
3473409.173,"Mistbreak Ring of Slaying",False,"Brass Sky Pirate Spoil",False,1,751
3473409.174,"Mistbreak Necklace of Aiming",False,"Brass Sky Pirate Spoil",False,1,750
3473409.175,"Mistbreak Armillae of Aiming",False,"Brass Sky Pirate Spoil",False,1,749
3473409.176,"Mistbreak Earrings of Aiming",False,"Brass Sky Pirate Spoil",False,1,748
3473409.177,"Mistbreak Ring of Aiming",False,"Brass Sky Pirate Spoil",False,1,747
3473409.178,"Mistbreak Necklace of Healing",False,"Brass Sky Pirate Spoil",False,1,746
3473409.179,"Mistbreak Armillae of Healing",False,"Brass Sky Pirate Spoil",False,1,745
3473409.180,"Mistbreak Earrings of Healing",False,"Brass Sky Pirate Spoil",False,1,744
3473409.181,"Mistbreak Ring of Healing",False,"Brass Sky Pirate Spoil",False,1,743
3473409.182,"Mistbreak Necklace of Casting",False,"Brass Sky Pirate Spoil",False,1,742
3473409.183,"Mistbreak Armillae of Casting",False,"Brass Sky Pirate Spoil",False,1,741
3473409.184,"Mistbreak Earrings of Casting",False,"Brass Sky Pirate Spoil",False,1,740
3473409.185,"Mistbreak Ring of Casting",False,"Brass Sky Pirate Spoil",False,1,739
3473409.186,"Sunstreak Helm of Fending",False,"Brass Sky Pirate Spoil",False,2,700
3473409.187,"Sunstreak Coat of Fending",False,"Brass Sky Pirate Spoil",False,2,699
3473409.188,"Sunstreak Gauntlets of Fending",False,"Brass Sky Pirate Spoil",False,2,698
3473409.189,"Sunstreak Belt of Fending",False,"Brass Sky Pirate Spoil",False,2,697
3473409.190,"Sunstreak Gaskins of Fending",False,"Brass Sky Pirate Spoil",False,2,696
3473409.191,"Sunstreak Boots of Fending",False,"Brass Sky Pirate Spoil",False,2,695
3473409.192,"Sunstreak Helm of Maiming",False,"Brass Sky Pirate Spoil",False,2,694
3473409.193,"Sunstreak Coat of Maiming",False,"Brass Sky Pirate Spoil",False,2,693
3473409.194,"Sunstreak Gauntlets of Maiming",False,"Brass Sky Pirate Spoil",False,2,692
3473409.195,"Sunstreak Belt of Maiming",False,"Brass Sky Pirate Spoil",False,2,691
3473409.196,"Sunstreak Gaskins of Maiming",False,"Brass Sky Pirate Spoil",False,2,690
3473409.197,"Sunstreak Boots of Maiming",False,"Brass Sky Pirate Spoil",False,2,689
3473409.198,"Sunstreak Mask of Striking",False,"Brass Sky Pirate Spoil",False,2,688
3473409.199,"Sunstreak Jacket of Striking",False,"Brass Sky Pirate Spoil",False,2,687
3473409.200,"Sunstreak Gloves of Striking",False,"Brass Sky Pirate Spoil",False,2,686
3473409.201,"Sunstreak Belt of Striking",False,"Brass Sky Pirate Spoil",False,2,685
3473409.202,"Sunstreak Trousers of Striking",False,"Brass Sky Pirate Spoil",False,2,684
3473409.203,"Sunstreak Boots of Striking",False,"Brass Sky Pirate Spoil",False,2,683
3473409.204,"Sunstreak Beret of Aiming",False,"Brass Sky Pirate Spoil",False,2,682
3473409.205,"Sunstreak Vest of Aiming",False,"Brass Sky Pirate Spoil",False,2,681
3473409.206,"Sunstreak Gloves of Aiming",False,"Brass Sky Pirate Spoil",False,2,680
3473409.207,"Sunstreak Belt of Aiming",False,"Brass Sky Pirate Spoil",False,2,679
3473409.208,"Sunstreak Halfslops of Aiming",False,"Brass Sky Pirate Spoil",False,2,678
3473409.209,"Sunstreak Boots of Aiming",False,"Brass Sky Pirate Spoil",False,2,677
3473409.210,"Sunstreak Mask of Scouting",False,"Brass Sky Pirate Spoil",False,2,676
3473409.211,"Sunstreak Jacket of Scouting",False,"Brass Sky Pirate Spoil",False,2,675
3473409.212,"Sunstreak Gloves of Scouting",False,"Brass Sky Pirate Spoil",False,2,674
3473409.213,"Sunstreak Belt of Scouting",False,"Brass Sky Pirate Spoil",False,2,673
3473409.214,"Sunstreak Trousers of Scouting",False,"Brass Sky Pirate Spoil",False,2,672
3473409.215,"Sunstreak Boots of Scouting",False,"Brass Sky Pirate Spoil",False,2,671
3473409.216,"Sunstreak Cap of Healing",False,"Brass Sky Pirate Spoil",False,2,670
3473409.217,"Sunstreak Coat of Healing",False,"Brass Sky Pirate Spoil",False,2,669
3473409.218,"Sunstreak Gloves of Healing",False,"Brass Sky Pirate Spoil",False,2,668
3473409.219,"Sunstreak Belt of Healing",False,"Brass Sky Pirate Spoil",False,2,667
3473409.220,"Sunstreak Bottoms of Healing",False,"Brass Sky Pirate Spoil",False,2,666
3473409.221,"Sunstreak Shoes of Healing",False,"Brass Sky Pirate Spoil",False,2,665
3473409.222,"Sunstreak Cap of Casting",False,"Brass Sky Pirate Spoil",False,2,664
3473409.223,"Sunstreak Coat of Casting",False,"Brass Sky Pirate Spoil",False,2,663
3473409.224,"Sunstreak Gloves of Casting",False,"Brass Sky Pirate Spoil",False,2,662
3473409.225,"Sunstreak Belt of Casting",False,"Brass Sky Pirate Spoil",False,2,661
3473409.226,"Sunstreak Bottoms of Casting",False,"Brass Sky Pirate Spoil",False,2,660
3473409.227,"Sunstreak Shoes of Casting",False,"Brass Sky Pirate Spoil",False,2,659
3473409.228,"Sunstreak Necklace of Fending",False,"Brass Sky Pirate Spoil",False,2,658
3473409.229,"Sunstreak Armillae of Fending",False,"Brass Sky Pirate Spoil",False,2,657
3473409.230,"Sunstreak Earring of Fending",False,"Brass Sky Pirate Spoil",False,2,656
3473409.231,"Sunstreak Ring of Fending",False,"Brass Sky Pirate Spoil",False,2,655
3473409.232,"Sunstreak Necklace of Slaying",False,"Brass Sky Pirate Spoil",False,2,654
3473409.233,"Sunstreak Armillae of Slaying",False,"Brass Sky Pirate Spoil",False,2,653
3473409.234,"Sunstreak Earring of Slaying",False,"Brass Sky Pirate Spoil",False,2,652
3473409.235,"Sunstreak Ring of Slaying",False,"Brass Sky Pirate Spoil",False,2,651
3473409.236,"Sunstreak Necklace of Aiming",False,"Brass Sky Pirate Spoil",False,2,650
3473409.237,"Sunstreak Armillae of Aiming",False,"Brass Sky Pirate Spoil",False,2,649
3473409.238,"Sunstreak Earring of Aiming",False,"Brass Sky Pirate Spoil",False,2,648
3473409.239,"Sunstreak Ring of Aiming",False,"Brass Sky Pirate Spoil",False,2,647
3473409.240,"Sunstreak Necklace of Healing",False,"Brass Sky Pirate Spoil",False,2,646
3473409.241,"Sunstreak Armillae of Healing",False,"Brass Sky Pirate Spoil",False,2,645
3473409.242,"Sunstreak Earring of Healing",False,"Brass Sky Pirate Spoil",False,2,644
3473409.243,"Sunstreak Ring of Healing",False,"Brass Sky Pirate Spoil",False,2,643
3473409.244,"Sunstreak Necklace of Casting",False,"Brass Sky Pirate Spoil",False,2,642
3473409.245,"Sunstreak Armillae of Casting",False,"Brass Sky Pirate Spoil",False,2,641
3473409.246,"Sunstreak Earring of Casting",False,"Brass Sky Pirate Spoil",False,2,640
3473409.247,"Sunstreak Ring of Casting",False,"Brass Sky Pirate Spoil",False,2,639
3473409.248,"Sunburst Helm of Fending",False,"Brass Sky Pirate Spoil",False,3,638
3473409.249,"Sunburst Cuirass of Fending",False,"Brass Sky Pirate Spoil",False,3,637
3473409.250,"Sunburst Gauntlets of Fending",False,"Brass Sky Pirate Spoil",False,3,636
3473409.251,"Sunburst Plate Belt of Fending",False,"Brass Sky Pirate Spoil",False,3,635
3473409.252,"Sunburst Breeches of Fending",False,"Brass Sky Pirate Spoil",False,3,634
3473409.253,"Sunburst Sabatons of Fending",False,"Brass Sky Pirate Spoil",False,3,633
3473409.254,"Sunburst Headgear of Maiming",False,"Brass Sky Pirate Spoil",False,3,632
3473409.255,"Sunburst Corselet of Maiming",False,"Brass Sky Pirate Spoil",False,3,631
3473409.256,"Sunburst Armguard of Maiming",False,"Brass Sky Pirate Spoil",False,3,630
3473409.257,"Sunburst Tassets of Maiming",False,"Brass Sky Pirate Spoil",False,3,629
3473409.258,"Sunburst Brais of Maiming",False,"Brass Sky Pirate Spoil",False,3,628
3473409.259,"Sunburst Leg Guards of Maiming",False,"Brass Sky Pirate Spoil",False,3,627
3473409.260,"Sunburst Headgear of Striking",False,"Brass Sky Pirate Spoil",False,3,626
3473409.261,"Sunburst Corselet of Striking",False,"Brass Sky Pirate Spoil",False,3,625
3473409.262,"Sunburst Armguards of Striking",False,"Brass Sky Pirate Spoil",False,3,624
3473409.263,"Sunburst Tassets of Striking",False,"Brass Sky Pirate Spoil",False,3,623
3473409.264,"Sunburst Brais of Striking",False,"Brass Sky Pirate Spoil",False,3,622
3473409.265,"Sunburst Leg Guards of Striking",False,"Brass Sky Pirate Spoil",False,3,621
3473409.266,"Sunburst Hat of Aiming",False,"Brass Sky Pirate Spoil",False,3,620
3473409.267,"Sunburst Acton of Aiming",False,"Brass Sky Pirate Spoil",False,3,619
3473409.268,"Sunburst Sleeves of Aiming",False,"Brass Sky Pirate Spoil",False,3,618
3473409.269,"Sunburst Ringbelt of Aiming",False,"Brass Sky Pirate Spoil",False,3,617
3473409.270,"Sunburst Culottes of Aiming",False,"Brass Sky Pirate Spoil",False,3,616
3473409.271,"Sunburst Thighboots of Aiming",False,"Brass Sky Pirate Spoil",False,3,615
3473409.272,"Sunburst Hat of Scouting",False,"Brass Sky Pirate Spoil",False,3,614
3473409.273,"Sunburst Acton of Scouting",False,"Brass Sky Pirate Spoil",False,3,613
3473409.274,"Sunburst Sleeves of Scouting",False,"Brass Sky Pirate Spoil",False,3,612
3473409.275,"Sunburst Ringbelt of Scouting",False,"Brass Sky Pirate Spoil",False,3,611
3473409.276,"Sunburst Culottes of Scouting",False,"Brass Sky Pirate Spoil",False,3,610
3473409.277,"Sunburst Thighboots of Scouting",False,"Brass Sky Pirate Spoil",False,3,609
3473409.278,"Sunburst Hat of Healing",False,"Brass Sky Pirate Spoil",False,3,608
3473409.279,"Sunburst Acton of Healing",False,"Brass Sky Pirate Spoil",False,3,607
3473409.280,"Sunburst Sleeves of Healing",False,"Brass Sky Pirate Spoil",False,3,606
3473409.281,"Sunburst Corset of Healing",False,"Brass Sky Pirate Spoil",False,3,605
3473409.282,"Sunburst Skirt of Healing",False,"Brass Sky Pirate Spoil",False,3,604
3473409.283,"Sunburst Boots of Healing",False,"Brass Sky Pirate Spoil",False,3,603
3473409.284,"Sunburst Headgear of Casting",False,"Brass Sky Pirate Spoil",False,3,602
3473409.285,"Sunburst Corselet of Casting",False,"Brass Sky Pirate Spoil",False,3,601
3473409.286,"Sunburst Armguards of Casting",False,"Brass Sky Pirate Spoil",False,3,600
3473409.287,"Sunburst Corset of Casting",False,"Brass Sky Pirate Spoil",False,3,599
3473409.288,"Sunburst Skirt of Casting",False,"Brass Sky Pirate Spoil",False,3,598
3473409.289,"Sunburst Boots of Casting",False,"Brass Sky Pirate Spoil",False,3,597
3473409.290,"Sunburst Necklace of Fending",False,"Brass Sky Pirate Spoil",False,3,596
3473409.291,"Sunburst Armillae of Fending",False,"Brass Sky Pirate Spoil",False,3,595
3473409.292,"Sunburst Earring of Fending",False,"Brass Sky Pirate Spoil",False,3,594
3473409.293,"Sunburst Ring of Fending",False,"Brass Sky Pirate Spoil",False,3,593
3473409.294,"Sunburst Necklace of Slaying",False,"Brass Sky Pirate Spoil",False,3,592
3473409.295,"Sunburst Armillae of Slaying",False,"Brass Sky Pirate Spoil",False,3,591
3473409.296,"Sunburst Earring of Slaying",False,"Brass Sky Pirate Spoil",False,3,590
3473409.297,"Sunburst Ring of Slaying",False,"Brass Sky Pirate Spoil",False,3,589
3473409.298,"Sunburst Necklace of Aiming",False,"Brass Sky Pirate Spoil",False,3,588
3473409.299,"Sunburst Armillae of Aiming",False,"Brass Sky Pirate Spoil",False,3,587
3473409.300,"Sunburst Earring of Aiming",False,"Brass Sky Pirate Spoil",False,3,586
3473409.301,"Sunburst Ring of Aiming",False,"Brass Sky Pirate Spoil",False,3,585
3473409.302,"Sunburst Necklace of Healing",False,"Brass Sky Pirate Spoil",False,3,584
3473409.303,"Sunburst Armillae of Healing",False,"Brass Sky Pirate Spoil",False,3,583
3473409.304,"Sunburst Earring of Healing",False,"Brass Sky Pirate Spoil",False,3,582
3473409.305,"Sunburst Ring of Healing",False,"Brass Sky Pirate Spoil",False,3,581
3473409.306,"Sunburst Necklace of Casting",False,"Brass Sky Pirate Spoil",False,3,580
3473409.307,"Sunburst Armillae of Casting",False,"Brass Sky Pirate Spoil",False,3,579
3473409.308,"Sunburst Earring of Casting",False,"Brass Sky Pirate Spoil",False,3,578
3473409.309,"Sunburst Ring of Casting",False,"Brass Sky Pirate Spoil",False,3,577
3473409.310,"Coven Blade",False,"Brass Sky Pirate Spoil",False,2,576
3473409.311,"Coven Maws",False,"Brass Sky Pirate Spoil",False,4,575
3473409.312,"Coven Battleaxe",False,"Brass Sky Pirate Spoil",False,4,574
3473409.313,"Coven Spear",False,"Brass Sky Pirate Spoil",False,4,573
3473409.314,"Coven Longbow",False,"Brass Sky Pirate Spoil",False,4,572
3473409.315,"Coven Claws",False,"Brass Sky Pirate Spoil",False,4,571
3473409.316,"Coven Cane",False,"Brass Sky Pirate Spoil",False,4,570
3473409.317,"Coven Rod",False,"Brass Sky Pirate Spoil",False,4,569
3473409.318,"Coven Grimoire",False,"Brass Sky Pirate Spoil",False,4,568
3473409.319,"Coven Codex",False,"Brass Sky Pirate Spoil",False,4,567
3473409.320,"Coven Greatsword",False,"Brass Sky Pirate Spoil",False,4,566
3473409.321,"Coven Musketoon",False,"Brass Sky Pirate Spoil",False,4,565
3473409.322,"Coven Astrometer",False,"Brass Sky Pirate Spoil",False,4,564
3473409.323,"Coven Shield",False,"Brass Sky Pirate Spoil",False,2,563
3473409.324,"Coven Katana",False,"Brass Sky Pirate Spoil",False,4,562
3473409.325,"Coven Rapier",False,"Brass Sky Pirate Spoil",False,4,561
3473410.0,"Venture Promissory Note",False,"Venture",False,1,99
3473410.1,"Steel Amalj'ok Promissory Note",False,"Steel Amalj'ok",False,1,98
3473410.2,"Sylphic Goldleaf Promissory Note",False,"Sylphic Goldleaf",False,1,97
3473410.3,"Titan Cobaltpiece Promissory Note",False,"Titan Cobaltpiece",False,1,96
3473410.4,"Rainbowtide Psashp Promissory Note",False,"Rainbowtide Psashp",False,1,95
3473410.5,"Ixali Oaknot Promissory Note",False,"Ixali Oaknot",False,1,94
3473410.6,"Vanu Whitebone Promissory Note",False,"Vanu Whitebone",False,1,93
3473410.7,"Black Copper Gil Promissory Note",False,"Black Copper Gil",False,1,92
3473410.8,"Carved Kupo Nut Promissory Note",False,"Carved Kupo Nut",False,1,91
3473411.0,"Steel Amalj'ok Promissory Note",False,"Steel Amalj'ok",False,1,100
3473412.0,"Sylphic Goldleaf Promissory Note",False,"Sylphic Goldleaf",False,1,100
3473413.0,"Titan Cobaltpiece Promissory Note",False,"Titan Cobaltpiece",False,1,100
3473414.0,"Rainbowtide Psashp Promissory Note",False,"Rainbowtide Psashp",False,1,100
3473415.0,"Ixali Oaknot Promissory Note",False,"Ixali Oaknot",False,1,100
3473416.0,"Vanu Whitebone Promissory Note",False,"Vanu Whitebone",False,1,100
3473417.0,"Black Copper Gil Promissory Note",False,"Black Copper Gil",False,1,100
3473418.0,"Carved Kupo Nut Promissory Note",False,"Carved Kupo Nut",False,1,100
3473419.0,"Venture Promissory Note",False,"Venture",False,1,100
3473420.0,"Field Notes on Bajsaljen",False,"Southern Front Lockbox",False,1,100
3473420.1,"Field Notes on Marsak",False,"Southern Front Lockbox",False,1,100
3473420.2,"Field Notes on Xeven",False,"Southern Front Lockbox",False,1,100
3473420.3,"Field Notes on Isolde",False,"Southern Front Lockbox",False,1,100
3473420.4,"Field Notes on Stanik",False,"Southern Front Lockbox",False,1,100
3473420.5,"Field Notes on Blaz",False,"Southern Front Lockbox",False,1,100
3473420.6,"Field Notes on Velibor",False,"Southern Front Lockbox",False,1,100
3473420.7,"Field Notes on Aggie",False,"Southern Front Lockbox",False,1,100
3473420.8,"Field Notes on Hernais",False,"Southern Front Lockbox",False,1,100
3473420.9,"Field Notes on Clarricie",False,"Southern Front Lockbox",False,1,100
3473420.10,"Field Notes on Sartauvoir",False,"Southern Front Lockbox",False,1,100
3473420.11,"Field Notes on Sicinius",False,"Southern Front Lockbox",False,1,100
3473420.12,"Field Notes on Llofii",False,"Southern Front Lockbox",False,1,100
3473420.13,"Field Notes on Dabog",False,"Southern Front Lockbox",False,1,100
3473420.14,"Field Notes on Dyunbu",False,"Southern Front Lockbox",False,1,100
3473420.15,"Field Notes on Lyon",False,"Southern Front Lockbox",False,1,100
3473420.16,"Field Notes on Albeleo",False,"Southern Front Lockbox",False,1,100
3473420.17,"Field Notes on the Trinity Seeker",False,"Southern Front Lockbox",False,5,100
3473420.18,"Field Notes on the Queen's Guard",False,"Southern Front Lockbox",False,5,100
3473420.19,"Field Notes on the Trinity Avowed",False,"Southern Front Lockbox",False,5,100
3473420.20,"Field Notes on Save the Queen",False,"Southern Front Lockbox",False,5,100
3473420.21,"Field Notes on Atori",False,"Zadnor Lockbox",False,1,100
3473420.22,"Field Notes on Kosyu",False,"Zadnor Lockbox",False,1,100
3473420.23,"Field Notes on Oboro",False,"Zadnor Lockbox",False,1,100
3473420.24,"Field Notes on Tsubame",False,"Zadnor Lockbox",False,1,100
3473420.25,"Field Notes on Meryall",False,"Zadnor Lockbox",False,1,100
3473420.26,"Field Notes on Lovro",False,"Zadnor Lockbox",False,1,100
3473420.27,"Field Notes on Llofii, Part II",False,"Zadnor Lockbox",False,1,100
3473420.28,"Field Notes on Fabineau",False,"Zadnor Lockbox",False,1,100
3473420.29,"Field Notes on Yamatsumi",False,"Zadnor Lockbox",False,1,100
3473420.30,"Field Notes on Pagaga",False,"Zadnor Lockbox",False,1,100
3473420.31,"Field Notes on Daguza",False,"Zadnor Lockbox",False,1,100
3473420.32,"Field Notes on Gilbrisbert",False,"Zadnor Lockbox",False,1,100
3473420.33,"Field Notes on Dabog, Part II",False,"Zadnor Lockbox",False,1,100
3473420.34,"Field Notes on Lyon, Part II",False,"Zadnor Lockbox",False,1,100
3473420.35,"Field Notes on Menenius, Part II",False,"Zadnor Lockbox",False,1,100
3473420.36,"Field Notes on the Diablo Armament",False,"Zadnor Lockbox",False,1,100
3473421.0,"Field Notes on Bajsaljen",False,"Bozjan Coin",False,3,100
3473421.1,"Field Notes on Marsak",False,"Bozjan Coin",False,3,100
3473421.2,"Field Notes on Xeven",False,"Bozjan Coin",False,3,100
3473421.3,"Field Notes on Isolde",False,"Bozjan Coin",False,3,100
3473421.4,"Field Notes on Stanik",False,"Bozjan Coin",False,3,100
3473421.5,"Field Notes on Blaz",False,"Bozjan Coin",False,3,100
3473421.6,"Field Notes on Velibor",False,"Bozjan Coin",False,3,100
3473421.7,"Field Notes on Aggie",False,"Bozjan Coin",False,3,100
3473421.8,"Field Notes on Hernais",False,"Bozjan Coin",False,3,100
3473421.9,"Field Notes on Clarricie",False,"Bozjan Coin",False,3,100
3473421.10,"Field Notes on Sartauvoir",False,"Bozjan Coin",False,3,100
3473421.11,"Field Notes on Sicinius",False,"Bozjan Coin",False,3,100
3473421.12,"Field Notes on Llofii",False,"Bozjan Coin",False,3,100
3473421.13,"Field Notes on Dabog",False,"Bozjan Coin",False,3,100
3473421.14,"Field Notes on Dyunbu",False,"Bozjan Coin",False,3,100
3473421.15,"Field Notes on Lyon",False,"Bozjan Coin",False,3,100
3473421.16,"Field Notes on Albeleo",False,"Bozjan Coin",False,3,100
3473421.17,"Field Notes on the Trinity Seeker",False,"Bozjan Silver Coin",False,5,100
3473421.18,"Field Notes on the Queen's Guard",False,"Bozjan Silver Coin",False,5,100
3473421.19,"Field Notes on the Trinity Avowed",False,"Bozjan Silver Coin",False,5,100
3473421.20,"Field Notes on Save the Queen",False,"Bozjan Silver Coin",False,5,100
3473422.0,"Field Notes on Bajsaljen",False,"Bozjan Coin",False,3,100
3473422.1,"Field Notes on Marsak",False,"Bozjan Coin",False,3,100
3473422.2,"Field Notes on Xeven",False,"Bozjan Coin",False,3,100
3473422.3,"Field Notes on Isolde",False,"Bozjan Coin",False,3,100
3473422.4,"Field Notes on Stanik",False,"Bozjan Coin",False,3,100
3473422.5,"Field Notes on Blaz",False,"Bozjan Coin",False,3,100
3473422.6,"Field Notes on Velibor",False,"Bozjan Coin",False,3,100
3473422.7,"Field Notes on Aggie",False,"Bozjan Coin",False,3,100
3473422.8,"Field Notes on Hernais",False,"Bozjan Coin",False,3,100
3473422.9,"Field Notes on Clarricie",False,"Bozjan Coin",False,3,100
3473422.10,"Field Notes on Sartauvoir",False,"Bozjan Coin",False,3,100
3473422.11,"Field Notes on Sicinius",False,"Bozjan Coin",False,3,100
3473422.12,"Field Notes on Llofii",False,"Bozjan Coin",False,3,100
3473422.13,"Field Notes on Dabog",False,"Bozjan Coin",False,3,100
3473422.14,"Field Notes on Dyunbu",False,"Bozjan Coin",False,3,100
3473422.15,"Field Notes on Lyon",False,"Bozjan Coin",False,3,100
3473422.16,"Field Notes on Albeleo",False,"Bozjan Coin",False,3,100
3473422.17,"Field Notes on the Trinity Seeker",False,"Bozjan Silver Coin",False,5,100
3473422.18,"Field Notes on the Queen's Guard",False,"Bozjan Silver Coin",False,5,100
3473422.19,"Field Notes on the Trinity Avowed",False,"Bozjan Silver Coin",False,5,100
3473422.20,"Field Notes on Save the Queen",False,"Bozjan Silver Coin",False,5,100
3473422.21,"Field Notes on Atori",False,"Bozjan Mythril Coin",False,5,100
3473422.22,"Field Notes on Kosyu",False,"Bozjan Mythril Coin",False,5,100
3473422.23,"Field Notes on Oboro",False,"Bozjan Mythril Coin",False,5,100
3473422.24,"Field Notes on Tsubame",False,"Bozjan Mythril Coin",False,5,100
3473422.25,"Field Notes on Meryall",False,"Bozjan Mythril Coin",False,5,100
3473422.26,"Field Notes on Lovro",False,"Bozjan Mythril Coin",False,5,100
3473422.27,"Field Notes on Llofii, Part II",False,"Bozjan Mythril Coin",False,5,100
3473422.28,"Field Notes on Fabineau",False,"Bozjan Mythril Coin",False,5,100
3473422.29,"Field Notes on Yamatsumi",False,"Bozjan Mythril Coin",False,5,100
3473422.30,"Field Notes on Pagaga",False,"Bozjan Mythril Coin",False,5,100
3473422.31,"Field Notes on Daguza",False,"Bozjan Mythril Coin",False,5,100
3473422.32,"Field Notes on Gilbrisbert",False,"Bozjan Mythril Coin",False,5,100
3473422.33,"Field Notes on Dabog, Part II",False,"Bozjan Mythril Coin",False,5,100
3473422.34,"Field Notes on Lyon, Part II",False,"Bozjan Mythril Coin",False,5,100
3473422.35,"Field Notes on Menenius, Part II",False,"Bozjan Mythril Coin",False,5,100
3473422.36,"Field Notes on the Diablo Armament",False,"Bozjan Mythril Coin",False,5,100
3473423.0,"Notes on the Cloister Demon",False,"Enlightenment Silver Piece",False,10,100
3473423.1,"Notes on the Mythic Idol",False,"Enlightenment Silver Piece",False,10,100
3473423.2,"Notes on the Crescent Berserker",False,"Enlightenment Silver Piece",False,10,100
3473423.3,"Notes on the Nymian Petalodus",False,"Enlightenment Silver Piece",False,10,100
3473423.4,"Notes on Black Chocobos",False,"Enlightenment Silver Piece",False,10,100
3473423.5,"Notes on the Trade Tortoise",False,"Enlightenment Silver Piece",False,10,100
3473423.6,"Notes on the Demon Tablet",False,"Enlightenment Silver Piece",False,10,100
3473423.7,"Notes on the Dead Stars",False,"Enlightenment Silver Piece",False,10,100
3473423.8,"Notes on the Marble Dragon",False,"Enlightenment Silver Piece",False,10,100
3473423.9,"Notes on Magitaur",False,"Enlightenment Silver Piece",False,10,100
3473423.10,"Notes on Persistent Pots",False,"Enlightenment Silver Piece",False,10,100
3473423.11,"Berserker's Soul Shard",False,"Enlightenment Silver Piece",False,10,100
3473423.12,"Ranger's Soul Shard",False,"Enlightenment Silver Piece",False,10,100
3473423.13,"Samurai's Soul Shard",False,"Enlightenment Silver Piece",False,10,100
3473423.14,"Geomancer's Soul Shard",False,"Enlightenment Silver Piece",False,10,100
3473423.15,"Time Mage's Soul Shard",False,"Enlightenment Silver Piece",False,10,100
3473423.16,"Cannoneer's Soul Shard",False,"Enlightenment Silver Piece",False,10,100
3473423.17,"Oracle's Soul Shard",False,"Enlightenment Silver Piece",False,10,100
3473423.18,"Chemist's Soul Shard",False,"Enlightenment Silver Piece",False,10,100
3473423.19,"Thief's Soul Shard",False,"Enlightenment Silver Piece",False,10,100
3473423.20,"Aetherspun Gold",False,"Enlightenment Silver Piece",False,10,150
3473423.21,"X-Fixative",False,"Enlightenment Silver Piece",False,10,150
3473423.22,"Mystic Knight's Soul Shard",False,"Enlightenment Silver Piece",False,10,100
3473423.23,"Dancer's Soul Shard",False,"Enlightenment Silver Piece",False,10,100
3473423.24,"Gladiator's Soul Shard",False,"Enlightenment Silver Piece",False,10,100
3473424.0,"",False,"",False,4,100
3473424.1,"",False,"",False,4,100
3473424.2,"",False,"",False,4,100
3473424.3,"",False,"",False,4,100
3473424.4,"",False,"",False,4,100
3473424.5,"",False,"",False,4,100
3473424.6,"",False,"",False,4,100
3473424.7,"",False,"",False,4,100
3473424.8,"",False,"",False,4,100
3473424.9,"",False,"",False,4,100
3473424.10,"",False,"",False,4,100
3473424.11,"",False,"",False,4,100
3473424.12,"",False,"",False,4,100
3473424.13,"",False,"",False,4,100
3473424.14,"",False,"",False,4,100
3473424.15,"",False,"",False,4,100
3473424.16,"",False,"",False,4,100
3473424.17,"",False,"",False,4,100
3473424.18,"",False,"",False,4,100
3473424.19,"",False,"",False,4,100
3473424.20,"",False,"",False,4,100
3473424.21,"",False,"",False,4,100
3473424.22,"",False,"",False,4,100
3473424.23,"",False,"",False,4,100
3473424.24,"",False,"",False,4,100
3473424.25,"",False,"",False,4,100
3473424.26,"",False,"",False,4,100
3473424.27,"",False,"",False,4,100
3473424.28,"",False,"",False,4,100
3473424.29,"",False,"",False,4,100
3473424.30,"",False,"",False,4,100
3473424.31,"",False,"",False,4,100
3473424.32,"",False,"",False,4,100
3473424.33,"",False,"",False,4,100
3473424.34,"",False,"",False,4,100
3473424.35,"",False,"",False,4,100
3473424.36,"",False,"",False,4,100
3473424.37,"",False,"",False,4,100
3473424.38,"",False,"",False,4,100
3473424.39,"",False,"",False,4,100
3473424.40,"",False,"",False,4,100
3473424.41,"",False,"",False,4,100
3473424.42,"",False,"",False,4,100
3473424.43,"",False,"",False,4,100
3473424.44,"",False,"",False,4,100
3473424.45,"",False,"",False,4,100
3473424.46,"",False,"",False,4,100
3473424.47,"",False,"",False,4,100
3473424.48,"",False,"",False,4,100
3473424.49,"",False,"",False,4,100
3473424.50,"",False,"",False,4,100
3473424.51,"",False,"",False,4,100
3473424.52,"",False,"",False,4,100
3473424.53,"",False,"",False,4,100
3473424.54,"",False,"",False,4,100
3473425.0,"",False,"",False,4,100
3473425.1,"",False,"",False,4,100
3473425.2,"",False,"",False,4,100
3473425.3,"",False,"",False,4,100
3473425.4,"",False,"",False,4,100
3473425.5,"",False,"",False,4,100
3473425.6,"",False,"",False,4,100
3473425.7,"",False,"",False,4,100
3473425.8,"",False,"",False,4,100
3473425.9,"",False,"",False,4,100
3473425.10,"",False,"",False,4,100
3473425.11,"",False,"",False,4,100
3473425.12,"",False,"",False,4,100
3473425.13,"",False,"",False,4,100
3473425.14,"",False,"",False,4,100
3473425.15,"",False,"",False,4,100
3473425.16,"",False,"",False,4,100
3473425.17,"",False,"",False,4,100
3473425.18,"",False,"",False,4,100
3473425.19,"",False,"",False,4,100
3473425.20,"",False,"",False,4,100
3473425.21,"",False,"",False,4,100
3473425.22,"",False,"",False,4,100
3473425.23,"",False,"",False,4,100
3473425.24,"",False,"",False,4,100
3473425.25,"",False,"",False,4,100
3473425.26,"",False,"",False,4,100
3473425.27,"",False,"",False,4,100
3473425.28,"",False,"",False,4,100
3473425.29,"",False,"",False,4,100
3473425.30,"",False,"",False,4,100
3473425.31,"",False,"",False,4,100
3473425.32,"",False,"",False,4,100
3473425.33,"",False,"",False,4,100
3473425.34,"",False,"",False,4,100
3473425.35,"",False,"",False,4,100
3473425.36,"",False,"",False,4,100
3473425.37,"",False,"",False,4,100
3473425.38,"",False,"",False,4,100
3473425.39,"",False,"",False,4,100
3473425.40,"",False,"",False,4,100
3473425.41,"",False,"",False,4,100
3473425.42,"",False,"",False,4,100
3473425.43,"",False,"",False,4,100
3473425.44,"",False,"",False,4,100
3473425.45,"",False,"",False,4,100
3473425.46,"",False,"",False,4,100
3473425.47,"",False,"",False,4,100
3473425.48,"",False,"",False,4,100
3473425.49,"",False,"",False,4,100
3473425.50,"",False,"",False,4,100
3473425.51,"",False,"",False,4,100
3473425.52,"",False,"",False,4,100
3473425.53,"",False,"",False,4,100
3473425.54,"",False,"",False,4,100
3473426.0,"",False,"",False,4,100
3473426.1,"",False,"",False,4,100
3473426.2,"",False,"",False,4,100
3473426.3,"",False,"",False,4,100
3473426.4,"",False,"",False,4,100
3473426.5,"",False,"",False,4,100
3473426.6,"",False,"",False,4,100
3473426.7,"",False,"",False,4,100
3473426.8,"",False,"",False,4,100
3473426.9,"",False,"",False,4,100
3473426.10,"",False,"",False,4,100
3473426.11,"",False,"",False,4,100
3473426.12,"",False,"",False,4,100
3473426.13,"",False,"",False,4,100
3473426.14,"",False,"",False,4,100
3473426.15,"",False,"",False,4,100
3473426.16,"",False,"",False,4,100
3473426.17,"",False,"",False,4,100
3473426.18,"",False,"",False,4,100
3473426.19,"",False,"",False,4,100
3473426.20,"",False,"",False,4,100
3473426.21,"",False,"",False,4,100
3473426.22,"",False,"",False,4,100
3473426.23,"",False,"",False,4,100
3473426.24,"",False,"",False,4,100
3473426.25,"",False,"",False,4,100
3473426.26,"",False,"",False,4,100
3473426.27,"",False,"",False,4,100
3473426.28,"",False,"",False,4,100
3473426.29,"",False,"",False,4,100
3473426.30,"",False,"",False,4,100
3473426.31,"",False,"",False,4,100
3473426.32,"",False,"",False,4,100
3473426.33,"",False,"",False,4,100
3473426.34,"",False,"",False,4,100
3473426.35,"",False,"",False,4,100
3473426.36,"",False,"",False,4,100
3473426.37,"",False,"",False,4,100
3473426.38,"",False,"",False,4,100
3473426.39,"",False,"",False,4,100
3473426.40,"",False,"",False,4,100
3473426.41,"",False,"",False,4,100
3473426.42,"",False,"",False,4,100
3473426.43,"",False,"",False,4,100
3473426.44,"",False,"",False,4,100
3473426.45,"",False,"",False,4,100
3473426.46,"",False,"",False,4,100
3473426.47,"",False,"",False,4,100
3473426.48,"",False,"",False,4,100
3473426.49,"",False,"",False,4,100
3473426.50,"",False,"",False,4,100
3473426.51,"",False,"",False,4,100
3473426.52,"",False,"",False,4,100
3473426.53,"",False,"",False,4,100
3473426.54,"",False,"",False,4,100
3473427.0,"",False,"",False,4,100
3473427.1,"",False,"",False,4,100
3473427.2,"",False,"",False,4,100
3473427.3,"",False,"",False,4,100
3473427.4,"",False,"",False,4,100
3473427.5,"",False,"",False,4,100
3473427.6,"",False,"",False,4,100
3473427.7,"",False,"",False,4,100
3473427.8,"",False,"",False,4,100
3473427.9,"",False,"",False,4,100
3473427.10,"",False,"",False,4,100
3473427.11,"",False,"",False,4,100
3473427.12,"",False,"",False,4,100
3473427.13,"",False,"",False,4,100
3473427.14,"",False,"",False,4,100
3473427.15,"",False,"",False,4,100
3473427.16,"",False,"",False,4,100
3473427.17,"",False,"",False,4,100
3473427.18,"",False,"",False,4,100
3473427.19,"",False,"",False,4,100
3473427.20,"",False,"",False,4,100
3473427.21,"",False,"",False,4,100
3473427.22,"",False,"",False,4,100
3473427.23,"",False,"",False,4,100
3473427.24,"",False,"",False,4,100
3473427.25,"",False,"",False,4,100
3473427.26,"",False,"",False,4,100
3473427.27,"",False,"",False,4,100
3473427.28,"",False,"",False,4,100
3473427.29,"",False,"",False,4,100
3473427.30,"",False,"",False,4,100
3473427.31,"",False,"",False,4,100
3473427.32,"",False,"",False,4,100
3473427.33,"",False,"",False,4,100
3473427.34,"",False,"",False,4,100
3473427.35,"",False,"",False,4,100
3473427.36,"",False,"",False,4,100
3473427.37,"",False,"",False,4,100
3473427.38,"",False,"",False,4,100
3473427.39,"",False,"",False,4,100
3473427.40,"",False,"",False,4,100
3473427.41,"",False,"",False,4,100
3473427.42,"",False,"",False,4,100
3473427.43,"",False,"",False,4,100
3473427.44,"",False,"",False,4,100
3473427.45,"",False,"",False,4,100
3473427.46,"",False,"",False,4,100
3473427.47,"",False,"",False,4,100
3473427.48,"",False,"",False,4,100
3473427.49,"",False,"",False,4,100
3473427.50,"",False,"",False,4,100
3473427.51,"",False,"",False,4,100
3473427.52,"",False,"",False,4,100
3473427.53,"",False,"",False,4,100
3473427.54,"",False,"",False,4,100
3473428.0,"",False,"",False,4,100
3473428.1,"",False,"",False,4,100
3473428.2,"",False,"",False,4,100
3473428.3,"",False,"",False,4,100
3473428.4,"",False,"",False,4,100
3473428.5,"",False,"",False,4,100
3473428.6,"",False,"",False,4,100
3473428.7,"",False,"",False,4,100
3473428.8,"",False,"",False,4,100
3473428.9,"",False,"",False,4,100
3473428.10,"",False,"",False,4,100
3473428.11,"",False,"",False,4,100
3473428.12,"",False,"",False,4,100
3473428.13,"",False,"",False,4,100
3473428.14,"",False,"",False,4,100
3473428.15,"",False,"",False,4,100
3473428.16,"",False,"",False,4,100
3473428.17,"",False,"",False,4,100
3473428.18,"",False,"",False,4,100
3473428.19,"",False,"",False,4,100
3473428.20,"",False,"",False,4,100
3473428.21,"",False,"",False,4,100
3473428.22,"",False,"",False,4,100
3473428.23,"",False,"",False,4,100
3473428.24,"",False,"",False,4,100
3473428.25,"",False,"",False,4,100
3473428.26,"",False,"",False,4,100
3473428.27,"",False,"",False,4,100
3473428.28,"",False,"",False,4,100
3473428.29,"",False,"",False,4,100
3473428.30,"",False,"",False,4,100
3473428.31,"",False,"",False,4,100
3473428.32,"",False,"",False,4,100
3473428.33,"",False,"",False,4,100
3473428.34,"",False,"",False,4,100
3473428.35,"",False,"",False,4,100
3473428.36,"",False,"",False,4,100
3473428.37,"",False,"",False,4,100
3473428.38,"",False,"",False,4,100
3473428.39,"",False,"",False,4,100
3473428.40,"",False,"",False,4,100
3473428.41,"",False,"",False,4,100
3473428.42,"",False,"",False,4,100
3473428.43,"",False,"",False,4,100
3473428.44,"",False,"",False,4,100
3473428.45,"",False,"",False,4,100
3473428.46,"",False,"",False,4,100
3473428.47,"",False,"",False,4,100
3473428.48,"",False,"",False,4,100
3473428.49,"",False,"",False,4,100
3473428.50,"",False,"",False,4,100
3473428.51,"",False,"",False,4,100
3473428.52,"",False,"",False,4,100
3473428.53,"",False,"",False,4,100
3473428.54,"",False,"",False,4,100
3473429.0,"Nightsteel Sword",False,"Resistance Token",False,5,100
3473429.1,"Nightsteel Claws",False,"Resistance Token",False,9,100
3473429.2,"Nightsteel Battleaxe",False,"Resistance Token",False,9,100
3473429.3,"Black Willow Spear",False,"Resistance Token",False,9,100
3473429.4,"Black Willow Greatbow",False,"Resistance Token",False,9,100
3473429.5,"Nightsteel Daggers",False,"Resistance Token",False,9,100
3473429.6,"Nightsteel Greatsword",False,"Resistance Token",False,9,100
3473429.7,"Nightsteel Blunderbuss",False,"Resistance Token",False,9,100
3473429.8,"Black Willow Cane",False,"Resistance Token",False,9,100
3473429.9,"Silvergrace Rod",False,"Resistance Token",False,9,100
3473429.10,"Silvergrace Grimoire",False,"Resistance Token",False,9,100
3473429.11,"Silvergrace Codex",False,"Resistance Token",False,9,100
3473429.12,"Silvergrace Planisphere",False,"Resistance Token",False,9,100
3473429.13,"Nightsteel Katana",False,"Resistance Token",False,9,100
3473429.14,"Silvergrace Rapier",False,"Resistance Token",False,9,100
3473429.15,"Nightsteel Shield",False,"Resistance Token",False,4,100
3473429.16,"Nightsteel Sword",True,"Resistance Token",False,15,100
3473429.17,"Nightsteel Claws",True,"Resistance Token",False,27,100
3473429.18,"Nightsteel Battleaxe",True,"Resistance Token",False,27,100
3473429.19,"Black Willow Spear",True,"Resistance Token",False,27,100
3473429.20,"Black Willow Greatbow",True,"Resistance Token",False,27,100
3473429.21,"Nightsteel Daggers",True,"Resistance Token",False,27,100
3473429.22,"Nightsteel Greatsword",True,"Resistance Token",False,27,100
3473429.23,"Nightsteel Blunderbuss",True,"Resistance Token",False,27,100
3473429.24,"Black Willow Cane",True,"Resistance Token",False,27,100
3473429.25,"Silvergrace Rod",True,"Resistance Token",False,27,100
3473429.26,"Silvergrace Grimoire",True,"Resistance Token",False,27,100
3473429.27,"Silvergrace Codex",True,"Resistance Token",False,27,100
3473429.28,"Silvergrace Planisphere",True,"Resistance Token",False,27,100
3473429.29,"Nightsteel Katana",True,"Resistance Token",False,27,100
3473429.30,"Silvergrace Rapier",True,"Resistance Token",False,27,100
3473429.31,"Nightsteel Shield",True,"Resistance Token",False,12,100
3473430.0,"Nightsteel Helm of Fending",False,"Resistance Token",False,6,100
3473430.1,"Nightsteel Armor of Fending",False,"Resistance Token",False,9,100
3473430.2,"Nightsteel Gauntlets of Fending",False,"Resistance Token",False,5,100
3473430.3,"True Linen Skirt of Fending",False,"Resistance Token",False,8,100
3473430.4,"Nightsteel Sabatons of Fending",False,"Resistance Token",False,5,100
3473430.5,"Nightsteel Helm of Maiming",False,"Resistance Token",False,5,100
3473430.6,"Nightsteel Mail of Maiming",False,"Resistance Token",False,8,100
3473430.7,"Nightsteel Gauntlets of Maiming",False,"Resistance Token",False,5,100
3473430.8,"True Linen Breeches of Maiming",False,"Resistance Token",False,8,100
3473430.9,"Nightsteel Greaves of Maiming",False,"Resistance Token",False,5,100
3473430.10,"Silvergrace Halfmask of Striking",False,"Resistance Token",False,5,100
3473430.11,"True Linen Coat of Striking",False,"Resistance Token",False,9,100
3473430.12,"True Linen Halfgloves of Striking",False,"Resistance Token",False,5,100
3473430.13,"True Linen Trousers of Striking",False,"Resistance Token",False,8,100
3473430.14,"Slothskin Boots of Striking",False,"Resistance Token",False,5,100
3473430.15,"True Linen Cap of Aiming",False,"Resistance Token",False,5,100
3473430.16,"True Linen Jacket of Aiming",False,"Resistance Token",False,8,100
3473430.17,"Slothskin Gloves of Aiming",False,"Resistance Token",False,5,100
3473430.18,"True Linen Breeches of Aiming",False,"Resistance Token",False,8,100
3473430.19,"Slothskin Boots of Aiming",False,"Resistance Token",False,5,100
3473430.20,"True Linen Cap of Scouting",False,"Resistance Token",False,5,100
3473430.21,"True Linen Jacket of Scouting",False,"Resistance Token",False,8,100
3473430.22,"Slothskin Gloves of Scouting",False,"Resistance Token",False,5,100
3473430.23,"True Linen Breeches of Scouting",False,"Resistance Token",False,8,100
3473430.24,"Slothskin Thighboots of Scouting",False,"Resistance Token",False,5,100
3473430.25,"True Linen Hat of Healing",False,"Resistance Token",False,5,100
3473430.26,"True Linen Robe of Healing",False,"Resistance Token",False,8,100
3473430.27,"True Linen Gloves of Healing",False,"Resistance Token",False,5,100
3473430.28,"True Linen Breeches of Healing",False,"Resistance Token",False,8,100
3473430.29,"Slothskin Boots of Healing",False,"Resistance Token",False,5,100
3473430.30,"True Linen Hat of Casting",False,"Resistance Token",False,5,100
3473430.31,"True Linen Robe of Casting",False,"Resistance Token",False,8,100
3473430.32,"True Linen Gloves of Casting",False,"Resistance Token",False,5,100
3473430.33,"True Linen Breeches of Casting",False,"Resistance Token",False,8,100
3473430.34,"Slothskin Boots of Casting",False,"Resistance Token",False,5,100
3473430.35,"Nightsteel Helm of Fending",True,"Resistance Token",False,18,100
3473430.36,"Nightsteel Armor of Fending",True,"Resistance Token",False,27,100
3473430.37,"Nightsteel Gauntlets of Fending",True,"Resistance Token",False,15,100
3473430.38,"True Linen Skirt of Fending",True,"Resistance Token",False,24,100
3473430.39,"Nightsteel Sabatons of Fending",True,"Resistance Token",False,15,100
3473430.40,"Nightsteel Helm of Maiming",True,"Resistance Token",False,15,100
3473430.41,"Nightsteel Mail of Maiming",True,"Resistance Token",False,24,100
3473430.42,"Nightsteel Gauntlets of Maiming",True,"Resistance Token",False,15,100
3473430.43,"True Linen Breeches of Maiming",True,"Resistance Token",False,24,100
3473430.44,"Nightsteel Greaves of Maiming",True,"Resistance Token",False,15,100
3473430.45,"Silvergrace Halfmask of Striking",True,"Resistance Token",False,15,100
3473430.46,"True Linen Coat of Striking",True,"Resistance Token",False,27,100
3473430.47,"True Linen Halfgloves of Striking",True,"Resistance Token",False,15,100
3473430.48,"True Linen Trousers of Striking",True,"Resistance Token",False,24,100
3473430.49,"Slothskin Boots of Striking",True,"Resistance Token",False,15,100
3473430.50,"True Linen Cap of Aiming",True,"Resistance Token",False,15,100
3473430.51,"True Linen Jacket of Aiming",True,"Resistance Token",False,24,100
3473430.52,"Slothskin Gloves of Aiming",True,"Resistance Token",False,15,100
3473430.53,"True Linen Breeches of Aiming",True,"Resistance Token",False,24,100
3473430.54,"Slothskin Boots of Aiming",True,"Resistance Token",False,15,100
3473430.55,"True Linen Cap of Scouting",True,"Resistance Token",False,15,100
3473430.56,"True Linen Jacket of Scouting",True,"Resistance Token",False,24,100
3473430.57,"Slothskin Gloves of Scouting",True,"Resistance Token",False,15,100
3473430.58,"True Linen Breeches of Scouting",True,"Resistance Token",False,24,100
3473430.59,"Slothskin Thighboots of Scouting",True,"Resistance Token",False,15,100
3473430.60,"True Linen Hat of Healing",True,"Resistance Token",False,15,100
3473430.61,"True Linen Robe of Healing",True,"Resistance Token",False,24,100
3473430.62,"True Linen Gloves of Healing",True,"Resistance Token",False,15,100
3473430.63,"True Linen Breeches of Healing",True,"Resistance Token",False,24,100
3473430.64,"Slothskin Boots of Healing",True,"Resistance Token",False,15,100
3473430.65,"True Linen Hat of Casting",True,"Resistance Token",False,15,100
3473430.66,"True Linen Robe of Casting",True,"Resistance Token",False,24,100
3473430.67,"True Linen Gloves of Casting",True,"Resistance Token",False,15,100
3473430.68,"True Linen Breeches of Casting",True,"Resistance Token",False,24,100
3473430.69,"Slothskin Boots of Casting",True,"Resistance Token",False,15,100
3473431.0,"Silvergrace Earring of Fending",False,"Resistance Token",False,3,100
3473431.1,"Silvergrace Earring of Slaying",False,"Resistance Token",False,3,100
3473431.2,"Silvergrace Earring of Aiming",False,"Resistance Token",False,3,100
3473431.3,"Silvergrace Earring of Healing",False,"Resistance Token",False,3,100
3473431.4,"Silvergrace Earring of Casting",False,"Resistance Token",False,3,100
3473431.5,"Black Willow Necklace of Fending",False,"Resistance Token",False,3,100
3473431.6,"Black Willow Necklace of Slaying",False,"Resistance Token",False,3,100
3473431.7,"Black Willow Necklace of Aiming",False,"Resistance Token",False,3,100
3473431.8,"Black Willow Necklace of Healing",False,"Resistance Token",False,3,100
3473431.9,"Black Willow Necklace of Casting",False,"Resistance Token",False,3,100
3473431.10,"Black Willow Armillae of Fending",False,"Resistance Token",False,3,100
3473431.11,"Black Willow Armillae of Slaying",False,"Resistance Token",False,3,100
3473431.12,"Black Willow Armillae of Aiming",False,"Resistance Token",False,3,100
3473431.13,"Black Willow Armillae of Healing",False,"Resistance Token",False,3,100
3473431.14,"Black Willow Armillae of Casting",False,"Resistance Token",False,3,100
3473431.15,"Silvergrace Ring of Fending",False,"Resistance Token",False,3,100
3473431.16,"Silvergrace Ring of Slaying",False,"Resistance Token",False,3,100
3473431.17,"Silvergrace Ring of Aiming",False,"Resistance Token",False,3,100
3473431.18,"Silvergrace Ring of Healing",False,"Resistance Token",False,3,100
3473431.19,"Silvergrace Ring of Casting",False,"Resistance Token",False,3,100
3473431.20,"Silvergrace Earring of Fending",True,"Resistance Token",False,9,100
3473431.21,"Silvergrace Earring of Slaying",True,"Resistance Token",False,9,100
3473431.22,"Silvergrace Earring of Aiming",True,"Resistance Token",False,9,100
3473431.23,"Silvergrace Earring of Healing",True,"Resistance Token",False,9,100
3473431.24,"Silvergrace Earring of Casting",True,"Resistance Token",False,9,100
3473431.25,"Black Willow Necklace of Fending",True,"Resistance Token",False,9,100
3473431.26,"Black Willow Necklace of Slaying",True,"Resistance Token",False,9,100
3473431.27,"Black Willow Necklace of Aiming",True,"Resistance Token",False,9,100
3473431.28,"Black Willow Necklace of Healing",True,"Resistance Token",False,9,100
3473431.29,"Black Willow Necklace of Casting",True,"Resistance Token",False,9,100
3473431.30,"Black Willow Armillae of Fending",True,"Resistance Token",False,9,100
3473431.31,"Black Willow Armillae of Slaying",True,"Resistance Token",False,9,100
3473431.32,"Black Willow Armillae of Aiming",True,"Resistance Token",False,9,100
3473431.33,"Black Willow Armillae of Healing",True,"Resistance Token",False,9,100
3473431.34,"Black Willow Armillae of Casting",True,"Resistance Token",False,9,100
3473431.35,"Silvergrace Ring of Fending",True,"Resistance Token",False,9,100
3473431.36,"Silvergrace Ring of Slaying",True,"Resistance Token",False,9,100
3473431.37,"Silvergrace Ring of Aiming",True,"Resistance Token",False,9,100
3473431.38,"Silvergrace Ring of Healing",True,"Resistance Token",False,9,100
3473431.39,"Silvergrace Ring of Casting",True,"Resistance Token",False,9,100
3473432.0,"Rakshasa Blade",False,"Rakshasa Token",False,5,100
3473432.1,"Rakshasa Knuckles",False,"Rakshasa Token",False,9,100
3473432.2,"Rakshasa Axe",False,"Rakshasa Token",False,9,100
3473432.3,"Rakshasa Lance",False,"Rakshasa Token",False,9,100
3473432.4,"Rakshasa Greatbow",False,"Rakshasa Token",False,9,100
3473432.5,"Rakshasa Daggers",False,"Rakshasa Token",False,9,100
3473432.6,"Rakshasa Odachi",False,"Rakshasa Token",False,9,100
3473432.7,"Rakshasa Revolver",False,"Rakshasa Token",False,9,100
3473432.8,"Rakshasa Cane",False,"Rakshasa Token",False,9,100
3473432.9,"Rakshasa Rod",False,"Rakshasa Token",False,9,100
3473432.10,"Rakshasa Grimoire",False,"Rakshasa Token",False,9,100
3473432.11,"Rakshasa Codex",False,"Rakshasa Token",False,9,100
3473432.12,"Rakshasa Ephemeris",False,"Rakshasa Token",False,9,100
3473432.13,"Rakshasa Katana",False,"Rakshasa Token",False,9,100
3473432.14,"Rakshasa Rapier",False,"Rakshasa Token",False,9,100
3473432.15,"Rakshasa Greatshield",False,"Rakshasa Token",False,4,100
3473432.16,"Rakshasa Blade",True,"Rakshasa Token",False,15,100
3473432.17,"Rakshasa Knuckles",True,"Rakshasa Token",False,27,100
3473432.18,"Rakshasa Axe",True,"Rakshasa Token",False,27,100
3473432.19,"Rakshasa Lance",True,"Rakshasa Token",False,27,100
3473432.20,"Rakshasa Greatbow",True,"Rakshasa Token",False,27,100
3473432.21,"Rakshasa Daggers",True,"Rakshasa Token",False,27,100
3473432.22,"Rakshasa Odachi",True,"Rakshasa Token",False,27,100
3473432.23,"Rakshasa Revolver",True,"Rakshasa Token",False,27,100
3473432.24,"Rakshasa Cane",True,"Rakshasa Token",False,27,100
3473432.25,"Rakshasa Rod",True,"Rakshasa Token",False,27,100
3473432.26,"Rakshasa Grimoire",True,"Rakshasa Token",False,27,100
3473432.27,"Rakshasa Codex",True,"Rakshasa Token",False,27,100
3473432.28,"Rakshasa Ephemeris",True,"Rakshasa Token",False,27,100
3473432.29,"Rakshasa Katana",True,"Rakshasa Token",False,27,100
3473432.30,"Rakshasa Rapier",True,"Rakshasa Token",False,27,100
3473432.31,"Rakshasa Greatshield",True,"Rakshasa Token",False,12,100
3473433.0,"Rakshasa Mask of Fending",False,"Rakshasa Token",False,5,100
3473433.1,"Rakshasa Kasaya of Fending",False,"Rakshasa Token",False,7,100
3473433.2,"Rakshasa Kote of Fending",False,"Rakshasa Token",False,5,100
3473433.3,"Rakshasa Tsutsu-hakama of Fending",False,"Rakshasa Token",False,7,100
3473433.4,"Rakshasa Sune-ate of Fending",False,"Rakshasa Token",False,5,100
3473433.5,"Rakshasa Mask of Maiming",False,"Rakshasa Token",False,5,100
3473433.6,"Rakshasa Kasaya of Maiming",False,"Rakshasa Token",False,7,100
3473433.7,"Rakshasa Kote of Maiming",False,"Rakshasa Token",False,5,100
3473433.8,"Rakshasa Tsutsu-hakama of Maiming",False,"Rakshasa Token",False,7,100
3473433.9,"Rakshasa Sune-ate of Maiming",False,"Rakshasa Token",False,5,100
3473433.10,"Rakshasa Gantai of Striking",False,"Rakshasa Token",False,5,100
3473433.11,"Rakshasa Haori of Striking",False,"Rakshasa Token",False,7,100
3473433.12,"Rakshasa Tekko of Striking",False,"Rakshasa Token",False,5,100
3473433.13,"Rakshasa Hakama of Striking",False,"Rakshasa Token",False,7,100
3473433.14,"Rakshasa Zori of Striking",False,"Rakshasa Token",False,5,100
3473433.15,"Rakshasa Gantai of Aiming",False,"Rakshasa Token",False,5,100
3473433.16,"Rakshasa Haori of Aiming",False,"Rakshasa Token",False,7,100
3473433.17,"Rakshasa Tekko of Aiming",False,"Rakshasa Token",False,5,100
3473433.18,"Rakshasa Hakama of Aiming",False,"Rakshasa Token",False,7,100
3473433.19,"Rakshasa Zori of Aiming",False,"Rakshasa Token",False,5,100
3473433.20,"Rakshasa Gantai of Scouting",False,"Rakshasa Token",False,5,100
3473433.21,"Rakshasa Haori of Scouting",False,"Rakshasa Token",False,7,100
3473433.22,"Rakshasa Tekko of Scouting",False,"Rakshasa Token",False,5,100
3473433.23,"Rakshasa Hakama of Scouting",False,"Rakshasa Token",False,7,100
3473433.24,"Rakshasa Zori of Scouting",False,"Rakshasa Token",False,5,100
3473433.25,"Rakshasa Kanmuri of Healing",False,"Rakshasa Token",False,5,100
3473433.26,"Rakshasa Dogi of Healing",False,"Rakshasa Token",False,7,100
3473433.27,"Rakshasa Tekko of Healing",False,"Rakshasa Token",False,5,100
3473433.28,"Rakshasa Tsutsu-hakama of Healing",False,"Rakshasa Token",False,7,100
3473433.29,"Rakshasa Zori of Healing",False,"Rakshasa Token",False,5,100
3473433.30,"Rakshasa Kanmuri of Casting",False,"Rakshasa Token",False,5,100
3473433.31,"Rakshasa Dogi of Casting",False,"Rakshasa Token",False,7,100
3473433.32,"Rakshasa Tekko of Casting",False,"Rakshasa Token",False,5,100
3473433.33,"Rakshasa Tsutsu-hakama of Casting",False,"Rakshasa Token",False,7,100
3473433.34,"Rakshasa Zori of Casting",False,"Rakshasa Token",False,5,100
3473433.35,"Rakshasa Mask of Fending",True,"Rakshasa Token",False,15,100
3473433.36,"Rakshasa Kasaya of Fending",True,"Rakshasa Token",False,21,100
3473433.37,"Rakshasa Kote of Fending",True,"Rakshasa Token",False,15,100
3473433.38,"Rakshasa Tsutsu-hakama of Fending",True,"Rakshasa Token",False,21,100
3473433.39,"Rakshasa Sune-ate of Fending",True,"Rakshasa Token",False,15,100
3473433.40,"Rakshasa Mask of Maiming",True,"Rakshasa Token",False,15,100
3473433.41,"Rakshasa Kasaya of Maiming",True,"Rakshasa Token",False,21,100
3473433.42,"Rakshasa Kote of Maiming",True,"Rakshasa Token",False,15,100
3473433.43,"Rakshasa Tsutsu-hakama of Maiming",True,"Rakshasa Token",False,21,100
3473433.44,"Rakshasa Sune-ate of Maiming",True,"Rakshasa Token",False,15,100
3473433.45,"Rakshasa Gantai of Striking",True,"Rakshasa Token",False,15,100
3473433.46,"Rakshasa Haori of Striking",True,"Rakshasa Token",False,21,100
3473433.47,"Rakshasa Tekko of Striking",True,"Rakshasa Token",False,15,100
3473433.48,"Rakshasa Hakama of Striking",True,"Rakshasa Token",False,21,100
3473433.49,"Rakshasa Zori of Striking",True,"Rakshasa Token",False,15,100
3473433.50,"Rakshasa Gantai of Aiming",True,"Rakshasa Token",False,15,100
3473433.51,"Rakshasa Haori of Aiming",True,"Rakshasa Token",False,21,100
3473433.52,"Rakshasa Tekko of Aiming",True,"Rakshasa Token",False,15,100
3473433.53,"Rakshasa Hakama of Aiming",True,"Rakshasa Token",False,21,100
3473433.54,"Rakshasa Zori of Aiming",True,"Rakshasa Token",False,15,100
3473433.55,"Rakshasa Gantai of Scouting",True,"Rakshasa Token",False,15,100
3473433.56,"Rakshasa Haori of Scouting",True,"Rakshasa Token",False,21,100
3473433.57,"Rakshasa Tekko of Scouting",True,"Rakshasa Token",False,15,100
3473433.58,"Rakshasa Hakama of Scouting",True,"Rakshasa Token",False,21,100
3473433.59,"Rakshasa Zori of Scouting",True,"Rakshasa Token",False,15,100
3473433.60,"Rakshasa Kanmuri of Healing",True,"Rakshasa Token",False,15,100
3473433.61,"Rakshasa Dogi of Healing",True,"Rakshasa Token",False,21,100
3473433.62,"Rakshasa Tekko of Healing",True,"Rakshasa Token",False,15,100
3473433.63,"Rakshasa Tsutsu-hakama of Healing",True,"Rakshasa Token",False,21,100
3473433.64,"Rakshasa Zori of Healing",True,"Rakshasa Token",False,15,100
3473433.65,"Rakshasa Kanmuri of Casting",True,"Rakshasa Token",False,15,100
3473433.66,"Rakshasa Dogi of Casting",True,"Rakshasa Token",False,21,100
3473433.67,"Rakshasa Tekko of Casting",True,"Rakshasa Token",False,15,100
3473433.68,"Rakshasa Tsutsu-hakama of Casting",True,"Rakshasa Token",False,21,100
3473433.69,"Rakshasa Zori of Casting",True,"Rakshasa Token",False,15,100
3473434.0,"Rakshasa Earring of Fending",False,"Rakshasa Token",False,3,100
3473434.1,"Rakshasa Earring of Slaying",False,"Rakshasa Token",False,3,100
3473434.2,"Rakshasa Earring of Aiming",False,"Rakshasa Token",False,3,100
3473434.3,"Rakshasa Earring of Healing",False,"Rakshasa Token",False,3,100
3473434.4,"Rakshasa Earring of Casting",False,"Rakshasa Token",False,3,100
3473434.5,"Rakshasa Necklace of Fending",False,"Rakshasa Token",False,3,100
3473434.6,"Rakshasa Necklace of Slaying",False,"Rakshasa Token",False,3,100
3473434.7,"Rakshasa Necklace of Aiming",False,"Rakshasa Token",False,3,100
3473434.8,"Rakshasa Necklace of Healing",False,"Rakshasa Token",False,3,100
3473434.9,"Rakshasa Necklace of Casting",False,"Rakshasa Token",False,3,100
3473434.10,"Rakshasa Bracelet of Fending",False,"Rakshasa Token",False,3,100
3473434.11,"Rakshasa Bracelet of Slaying",False,"Rakshasa Token",False,3,100
3473434.12,"Rakshasa Bracelet of Aiming",False,"Rakshasa Token",False,3,100
3473434.13,"Rakshasa Bracelet of Healing",False,"Rakshasa Token",False,3,100
3473434.14,"Rakshasa Bracelet of Casting",False,"Rakshasa Token",False,3,100
3473434.15,"Rakshasa Ring of Fending",False,"Rakshasa Token",False,3,100
3473434.16,"Rakshasa Ring of Slaying",False,"Rakshasa Token",False,3,100
3473434.17,"Rakshasa Ring of Aiming",False,"Rakshasa Token",False,3,100
3473434.18,"Rakshasa Ring of Healing",False,"Rakshasa Token",False,3,100
3473434.19,"Rakshasa Ring of Casting",False,"Rakshasa Token",False,3,100
3473434.20,"Rakshasa Earring of Fending",True,"Rakshasa Token",False,9,100
3473434.21,"Rakshasa Earring of Slaying",True,"Rakshasa Token",False,9,100
3473434.22,"Rakshasa Earring of Aiming",True,"Rakshasa Token",False,9,100
3473434.23,"Rakshasa Earring of Healing",True,"Rakshasa Token",False,9,100
3473434.24,"Rakshasa Earring of Casting",True,"Rakshasa Token",False,9,100
3473434.25,"Rakshasa Necklace of Fending",True,"Rakshasa Token",False,9,100
3473434.26,"Rakshasa Necklace of Slaying",True,"Rakshasa Token",False,9,100
3473434.27,"Rakshasa Necklace of Aiming",True,"Rakshasa Token",False,9,100
3473434.28,"Rakshasa Necklace of Healing",True,"Rakshasa Token",False,9,100
3473434.29,"Rakshasa Necklace of Casting",True,"Rakshasa Token",False,9,100
3473434.30,"Rakshasa Bracelet of Fending",True,"Rakshasa Token",False,9,100
3473434.31,"Rakshasa Bracelet of Slaying",True,"Rakshasa Token",False,9,100
3473434.32,"Rakshasa Bracelet of Aiming",True,"Rakshasa Token",False,9,100
3473434.33,"Rakshasa Bracelet of Healing",True,"Rakshasa Token",False,9,100
3473434.34,"Rakshasa Bracelet of Casting",True,"Rakshasa Token",False,9,100
3473434.35,"Rakshasa Ring of Fending",True,"Rakshasa Token",False,9,100
3473434.36,"Rakshasa Ring of Slaying",True,"Rakshasa Token",False,9,100
3473434.37,"Rakshasa Ring of Aiming",True,"Rakshasa Token",False,9,100
3473434.38,"Rakshasa Ring of Healing",True,"Rakshasa Token",False,9,100
3473434.39,"Rakshasa Ring of Casting",True,"Rakshasa Token",False,9,100
3473435.0,"Sinfender",False,"Eulmoran Certificate of Import",False,8,100
3473435.1,"Burattinaios",False,"Eulmoran Certificate of Import",False,15,100
3473435.2,"Alastor",False,"Eulmoran Certificate of Import",False,15,100
3473435.3,"Skystrider",False,"Eulmoran Certificate of Import",False,15,100
3473435.4,"Gendawa",False,"Eulmoran Certificate of Import",False,15,100
3473435.5,"Silktones",False,"Eulmoran Certificate of Import",False,15,100
3473435.6,"Gust Tongue",False,"Eulmoran Certificate of Import",False,15,100
3473435.7,"Murderer",False,"Eulmoran Certificate of Import",False,15,100
3473435.8,"Clearpath",False,"Eulmoran Certificate of Import",False,15,100
3473435.9,"Catalyst",False,"Eulmoran Certificate of Import",False,15,100
3473435.10,"Galdrabok",False,"Eulmoran Certificate of Import",False,15,100
3473435.11,"Pragmatism",False,"Eulmoran Certificate of Import",False,15,100
3473435.12,"Pollux",False,"Eulmoran Certificate of Import",False,15,100
3473435.13,"Sankhara",False,"Eulmoran Certificate of Import",False,15,100
3473435.14,"Merveilleuse",False,"Eulmoran Certificate of Import",False,15,100
3473435.15,"Tutelary",False,"Eulmoran Certificate of Import",False,15,100
3473435.16,"Barathrum",False,"Eulmoran Certificate of Import",False,15,100
3473435.17,"Dominus Shield",False,"Eulmoran Certificate of Import",False,7,100
3473435.18,"Sinfender",True,"Eulmoran Certificate of Import",False,24,100
3473435.19,"Burattinaios",True,"Eulmoran Certificate of Import",False,45,100
3473435.20,"Alastor",True,"Eulmoran Certificate of Import",False,45,100
3473435.21,"Skystrider",True,"Eulmoran Certificate of Import",False,45,100
3473435.22,"Gendawa",True,"Eulmoran Certificate of Import",False,45,100
3473435.23,"Silktones",True,"Eulmoran Certificate of Import",False,45,100
3473435.24,"Gust Tongue",True,"Eulmoran Certificate of Import",False,45,100
3473435.25,"Murderer",True,"Eulmoran Certificate of Import",False,45,100
3473435.26,"Clearpath",True,"Eulmoran Certificate of Import",False,45,100
3473435.27,"Catalyst",True,"Eulmoran Certificate of Import",False,45,100
3473435.28,"Galdrabok",True,"Eulmoran Certificate of Import",False,45,100
3473435.29,"Pragmatism",True,"Eulmoran Certificate of Import",False,45,100
3473435.30,"Pollux",True,"Eulmoran Certificate of Import",False,45,100
3473435.31,"Sankhara",True,"Eulmoran Certificate of Import",False,45,100
3473435.32,"Merveilleuse",True,"Eulmoran Certificate of Import",False,45,100
3473435.33,"Tutelary",True,"Eulmoran Certificate of Import",False,45,100
3473435.34,"Barathrum",True,"Eulmoran Certificate of Import",False,45,100
3473435.35,"Dominus Shield",True,"Eulmoran Certificate of Import",False,21,100
3473436.0,"Facet Circlet of Fending",False,"Eulmoran Certificate of Import",False,11,100
3473436.1,"Facet Mail of Fending",False,"Eulmoran Certificate of Import",False,14,100
3473436.2,"Facet Gauntlets of Fending",False,"Eulmoran Certificate of Import",False,11,100
3473436.3,"Facet Chain Hose of Fending",False,"Eulmoran Certificate of Import",False,14,100
3473436.4,"Facet Sabatons of Fending",False,"Eulmoran Certificate of Import",False,11,100
3473436.5,"Facet Circlet of Maiming",False,"Eulmoran Certificate of Import",False,11,100
3473436.6,"Facet Mail of Maiming",False,"Eulmoran Certificate of Import",False,14,100
3473436.7,"Facet Gauntlets of Maiming",False,"Eulmoran Certificate of Import",False,11,100
3473436.8,"Facet Bottoms of Maiming",False,"Eulmoran Certificate of Import",False,14,100
3473436.9,"Facet Sabatons of Maiming",False,"Eulmoran Certificate of Import",False,11,100
3473436.10,"Facet Circlet of Striking",False,"Eulmoran Certificate of Import",False,11,100
3473436.11,"Facet Cyclas of Striking",False,"Eulmoran Certificate of Import",False,14,100
3473436.12,"Facet Gloves of Striking",False,"Eulmoran Certificate of Import",False,11,100
3473436.13,"Facet Gaskins of Striking",False,"Eulmoran Certificate of Import",False,14,100
3473436.14,"Facet Sandals of Striking",False,"Eulmoran Certificate of Import",False,11,100
3473436.15,"Facet Turban of Aiming",False,"Eulmoran Certificate of Import",False,11,100
3473436.16,"Facet Tabard of Aiming",False,"Eulmoran Certificate of Import",False,14,100
3473436.17,"Facet Halfgloves of Aiming",False,"Eulmoran Certificate of Import",False,11,100
3473436.18,"Facet Brais of Aiming",False,"Eulmoran Certificate of Import",False,14,100
3473436.19,"Facet Boots of Aiming",False,"Eulmoran Certificate of Import",False,11,100
3473436.20,"Facet Turban of Scouting",False,"Eulmoran Certificate of Import",False,11,100
3473436.21,"Facet Dolman of Scouting",False,"Eulmoran Certificate of Import",False,14,100
3473436.22,"Facet Gloves of Scouting",False,"Eulmoran Certificate of Import",False,11,100
3473436.23,"Facet Bottoms of Scouting",False,"Eulmoran Certificate of Import",False,14,100
3473436.24,"Facet Thighboots of Scouting",False,"Eulmoran Certificate of Import",False,11,100
3473436.25,"Facet Hat of Healing",False,"Eulmoran Certificate of Import",False,11,100
3473436.26,"Facet Coat of Healing",False,"Eulmoran Certificate of Import",False,14,100
3473436.27,"Facet Dress Gloves of Healing",False,"Eulmoran Certificate of Import",False,11,100
3473436.28,"Facet Trousers of Healing",False,"Eulmoran Certificate of Import",False,14,100
3473436.29,"Facet Boots of Healing",False,"Eulmoran Certificate of Import",False,11,100
3473436.30,"Facet Hat of Casting",False,"Eulmoran Certificate of Import",False,11,100
3473436.31,"Facet Coat of Casting",False,"Eulmoran Certificate of Import",False,14,100
3473436.32,"Facet Halfgloves of Casting",False,"Eulmoran Certificate of Import",False,11,100
3473436.33,"Facet Bottoms of Casting",False,"Eulmoran Certificate of Import",False,14,100
3473436.34,"Facet Boots of Casting",False,"Eulmoran Certificate of Import",False,11,100
3473436.35,"Facet Circlet of Fending",True,"Eulmoran Certificate of Import",False,33,100
3473436.36,"Facet Mail of Fending",True,"Eulmoran Certificate of Import",False,42,100
3473436.37,"Facet Gauntlets of Fending",True,"Eulmoran Certificate of Import",False,33,100
3473436.38,"Facet Chain Hose of Fending",True,"Eulmoran Certificate of Import",False,42,100
3473436.39,"Facet Sabatons of Fending",True,"Eulmoran Certificate of Import",False,33,100
3473436.40,"Facet Circlet of Maiming",True,"Eulmoran Certificate of Import",False,33,100
3473436.41,"Facet Mail of Maiming",True,"Eulmoran Certificate of Import",False,42,100
3473436.42,"Facet Gauntlets of Maiming",True,"Eulmoran Certificate of Import",False,33,100
3473436.43,"Facet Bottoms of Maiming",True,"Eulmoran Certificate of Import",False,42,100
3473436.44,"Facet Sabatons of Maiming",True,"Eulmoran Certificate of Import",False,33,100
3473436.45,"Facet Circlet of Striking",True,"Eulmoran Certificate of Import",False,33,100
3473436.46,"Facet Cyclas of Striking",True,"Eulmoran Certificate of Import",False,42,100
3473436.47,"Facet Gloves of Striking",True,"Eulmoran Certificate of Import",False,33,100
3473436.48,"Facet Gaskins of Striking",True,"Eulmoran Certificate of Import",False,42,100
3473436.49,"Facet Sandals of Striking",True,"Eulmoran Certificate of Import",False,33,100
3473436.50,"Facet Turban of Aiming",True,"Eulmoran Certificate of Import",False,33,100
3473436.51,"Facet Tabard of Aiming",True,"Eulmoran Certificate of Import",False,42,100
3473436.52,"Facet Halfgloves of Aiming",True,"Eulmoran Certificate of Import",False,33,100
3473436.53,"Facet Brais of Aiming",True,"Eulmoran Certificate of Import",False,42,100
3473436.54,"Facet Boots of Aiming",True,"Eulmoran Certificate of Import",False,33,100
3473436.55,"Facet Turban of Scouting",True,"Eulmoran Certificate of Import",False,33,100
3473436.56,"Facet Dolman of Scouting",True,"Eulmoran Certificate of Import",False,42,100
3473436.57,"Facet Gloves of Scouting",True,"Eulmoran Certificate of Import",False,33,100
3473436.58,"Facet Bottoms of Scouting",True,"Eulmoran Certificate of Import",False,42,100
3473436.59,"Facet Thighboots of Scouting",True,"Eulmoran Certificate of Import",False,33,100
3473436.60,"Facet Hat of Healing",True,"Eulmoran Certificate of Import",False,33,100
3473436.61,"Facet Coat of Healing",True,"Eulmoran Certificate of Import",False,42,100
3473436.62,"Facet Dress Gloves of Healing",True,"Eulmoran Certificate of Import",False,33,100
3473436.63,"Facet Trousers of Healing",True,"Eulmoran Certificate of Import",False,42,100
3473436.64,"Facet Boots of Healing",True,"Eulmoran Certificate of Import",False,33,100
3473436.65,"Facet Hat of Casting",True,"Eulmoran Certificate of Import",False,33,100
3473436.66,"Facet Coat of Casting",True,"Eulmoran Certificate of Import",False,42,100
3473436.67,"Facet Halfgloves of Casting",True,"Eulmoran Certificate of Import",False,33,100
3473436.68,"Facet Bottoms of Casting",True,"Eulmoran Certificate of Import",False,42,100
3473436.69,"Facet Boots of Casting",True,"Eulmoran Certificate of Import",False,33,100
3473437.0,"Facet Earrings of Fending",False,"Eulmoran Certificate of Import",False,4,100
3473437.1,"Facet Earrings of Slaying",False,"Eulmoran Certificate of Import",False,4,100
3473437.2,"Facet Earrings of Aiming",False,"Eulmoran Certificate of Import",False,4,100
3473437.3,"Facet Earrings of Healing",False,"Eulmoran Certificate of Import",False,4,100
3473437.4,"Facet Earrings of Casting",False,"Eulmoran Certificate of Import",False,4,100
3473437.5,"Facet Choker of Fending",False,"Eulmoran Certificate of Import",False,4,100
3473437.6,"Facet Choker of Slaying",False,"Eulmoran Certificate of Import",False,4,100
3473437.7,"Facet Choker of Aiming",False,"Eulmoran Certificate of Import",False,4,100
3473437.8,"Facet Choker of Healing",False,"Eulmoran Certificate of Import",False,4,100
3473437.9,"Facet Choker of Casting",False,"Eulmoran Certificate of Import",False,4,100
3473437.10,"Facet Bracelet of Fending",False,"Eulmoran Certificate of Import",False,4,100
3473437.11,"Facet Bracelet of Slaying",False,"Eulmoran Certificate of Import",False,4,100
3473437.12,"Facet Bracelet of Aiming",False,"Eulmoran Certificate of Import",False,4,100
3473437.13,"Facet Bracelet of Healing",False,"Eulmoran Certificate of Import",False,4,100
3473437.14,"Facet Bracelet of Casting",False,"Eulmoran Certificate of Import",False,4,100
3473437.15,"Facet Ring of Fending",False,"Eulmoran Certificate of Import",False,4,100
3473437.16,"Facet Ring of Slaying",False,"Eulmoran Certificate of Import",False,4,100
3473437.17,"Facet Ring of Aiming",False,"Eulmoran Certificate of Import",False,4,100
3473437.18,"Facet Ring of Healing",False,"Eulmoran Certificate of Import",False,4,100
3473437.19,"Facet Ring of Casting",False,"Eulmoran Certificate of Import",False,4,100
3473437.20,"Facet Earrings of Fending",True,"Eulmoran Certificate of Import",False,12,100
3473437.21,"Facet Earrings of Slaying",True,"Eulmoran Certificate of Import",False,12,100
3473437.22,"Facet Earrings of Aiming",True,"Eulmoran Certificate of Import",False,12,100
3473437.23,"Facet Earrings of Healing",True,"Eulmoran Certificate of Import",False,12,100
3473437.24,"Facet Earrings of Casting",True,"Eulmoran Certificate of Import",False,12,100
3473437.25,"Facet Choker of Fending",True,"Eulmoran Certificate of Import",False,12,100
3473437.26,"Facet Choker of Slaying",True,"Eulmoran Certificate of Import",False,12,100
3473437.27,"Facet Choker of Aiming",True,"Eulmoran Certificate of Import",False,12,100
3473437.28,"Facet Choker of Healing",True,"Eulmoran Certificate of Import",False,12,100
3473437.29,"Facet Choker of Casting",True,"Eulmoran Certificate of Import",False,12,100
3473437.30,"Facet Bracelet of Fending",True,"Eulmoran Certificate of Import",False,12,100
3473437.31,"Facet Bracelet of Slaying",True,"Eulmoran Certificate of Import",False,12,100
3473437.32,"Facet Bracelet of Aiming",True,"Eulmoran Certificate of Import",False,12,100
3473437.33,"Facet Bracelet of Healing",True,"Eulmoran Certificate of Import",False,12,100
3473437.34,"Facet Bracelet of Casting",True,"Eulmoran Certificate of Import",False,12,100
3473437.35,"Facet Ring of Fending",True,"Eulmoran Certificate of Import",False,12,100
3473437.36,"Facet Ring of Slaying",True,"Eulmoran Certificate of Import",False,12,100
3473437.37,"Facet Ring of Aiming",True,"Eulmoran Certificate of Import",False,12,100
3473437.38,"Facet Ring of Healing",True,"Eulmoran Certificate of Import",False,12,100
3473437.39,"Facet Ring of Casting",True,"Eulmoran Certificate of Import",False,12,100
3473438.0,"Neo-Ishgardian Sword",False,"Eulmoran Certificate of Novelty",False,7,100
3473438.1,"Neo-Ishgardian Claws",False,"Eulmoran Certificate of Novelty",False,14,100
3473438.2,"Neo-Ishgardian Labrys",False,"Eulmoran Certificate of Novelty",False,14,100
3473438.3,"Neo-Ishgardian Trident",False,"Eulmoran Certificate of Novelty",False,14,100
3473438.4,"Neo-Ishgardian Longbow",False,"Eulmoran Certificate of Novelty",False,14,100
3473438.5,"Neo-Ishgardian Daggers",False,"Eulmoran Certificate of Novelty",False,14,100
3473438.6,"Neo-Ishgardian Greatsword",False,"Eulmoran Certificate of Novelty",False,14,100
3473438.7,"Neo-Ishgardian Revolver",False,"Eulmoran Certificate of Novelty",False,14,100
3473438.8,"Neo-Ishgardian Cane",False,"Eulmoran Certificate of Novelty",False,14,100
3473438.9,"Neo-Ishgardian Rod",False,"Eulmoran Certificate of Novelty",False,14,100
3473438.10,"Neo-Ishgardian Grimoire",False,"Eulmoran Certificate of Novelty",False,14,100
3473438.11,"Neo-Ishgardian Codex",False,"Eulmoran Certificate of Novelty",False,14,100
3473438.12,"Neo-Ishgardian Planisphere",False,"Eulmoran Certificate of Novelty",False,14,100
3473438.13,"Neo-Ishgardian Blade",False,"Eulmoran Certificate of Novelty",False,14,100
3473438.14,"Neo-Ishgardian Foil",False,"Eulmoran Certificate of Novelty",False,14,100
3473438.15,"Neo-Ishgardian Manatrigger",False,"Eulmoran Certificate of Novelty",False,14,100
3473438.16,"Neo-Ishgardian Chakrams",False,"Eulmoran Certificate of Novelty",False,14,100
3473438.17,"Neo-Ishgardian Shield",False,"Eulmoran Certificate of Novelty",False,7,100
3473438.18,"Neo-Ishgardian Sword",True,"Eulmoran Certificate of Novelty",False,21,100
3473438.19,"Neo-Ishgardian Claws",True,"Eulmoran Certificate of Novelty",False,42,100
3473438.20,"Neo-Ishgardian Labrys",True,"Eulmoran Certificate of Novelty",False,42,100
3473438.21,"Neo-Ishgardian Trident",True,"Eulmoran Certificate of Novelty",False,42,100
3473438.22,"Neo-Ishgardian Longbow",True,"Eulmoran Certificate of Novelty",False,42,100
3473438.23,"Neo-Ishgardian Daggers",True,"Eulmoran Certificate of Novelty",False,42,100
3473438.24,"Neo-Ishgardian Greatsword",True,"Eulmoran Certificate of Novelty",False,42,100
3473438.25,"Neo-Ishgardian Revolver",True,"Eulmoran Certificate of Novelty",False,42,100
3473438.26,"Neo-Ishgardian Cane",True,"Eulmoran Certificate of Novelty",False,42,100
3473438.27,"Neo-Ishgardian Rod",True,"Eulmoran Certificate of Novelty",False,42,100
3473438.28,"Neo-Ishgardian Grimoire",True,"Eulmoran Certificate of Novelty",False,42,100
3473438.29,"Neo-Ishgardian Codex",True,"Eulmoran Certificate of Novelty",False,42,100
3473438.30,"Neo-Ishgardian Planisphere",True,"Eulmoran Certificate of Novelty",False,42,100
3473438.31,"Neo-Ishgardian Blade",True,"Eulmoran Certificate of Novelty",False,42,100
3473438.32,"Neo-Ishgardian Foil",True,"Eulmoran Certificate of Novelty",False,42,100
3473438.33,"Neo-Ishgardian Manatrigger",True,"Eulmoran Certificate of Novelty",False,42,100
3473438.34,"Neo-Ishgardian Chakrams",True,"Eulmoran Certificate of Novelty",False,42,100
3473438.35,"Neo-Ishgardian Shield",True,"Eulmoran Certificate of Novelty",False,21,100
3473439.0,"Neo-Ishgardian Cap of Fending",False,"Eulmoran Certificate of Novelty",False,11,100
3473439.1,"Neo-Ishgardian Top of Fending",False,"Eulmoran Certificate of Novelty",False,14,100
3473439.2,"Neo-Ishgardian Gauntlets of Fending",False,"Eulmoran Certificate of Novelty",False,11,100
3473439.3,"Neo-Ishgardian Bottoms of Fending",False,"Eulmoran Certificate of Novelty",False,14,100
3473439.4,"Neo-Ishgardian Sollerets of Fending",False,"Eulmoran Certificate of Novelty",False,11,100
3473439.5,"Neo-Ishgardian Cap of Maiming",False,"Eulmoran Certificate of Novelty",False,11,100
3473439.6,"Neo-Ishgardian Top of Maiming",False,"Eulmoran Certificate of Novelty",False,14,100
3473439.7,"Neo-Ishgardian Gloves of Maiming",False,"Eulmoran Certificate of Novelty",False,11,100
3473439.8,"Neo-Ishgardian Bottoms of Maiming",False,"Eulmoran Certificate of Novelty",False,14,100
3473439.9,"Neo-Ishgardian Boots of Maiming",False,"Eulmoran Certificate of Novelty",False,11,100
3473439.10,"Neo-Ishgardian Hat of Striking",False,"Eulmoran Certificate of Novelty",False,11,100
3473439.11,"Neo-Ishgardian Top of Striking",False,"Eulmoran Certificate of Novelty",False,14,100
3473439.12,"Neo-Ishgardian Gloves of Striking",False,"Eulmoran Certificate of Novelty",False,11,100
3473439.13,"Neo-Ishgardian Bottoms of Striking",False,"Eulmoran Certificate of Novelty",False,14,100
3473439.14,"Neo-Ishgardian Boots of Striking",False,"Eulmoran Certificate of Novelty",False,11,100
3473439.15,"Neo-Ishgardian Cap of Aiming",False,"Eulmoran Certificate of Novelty",False,11,100
3473439.16,"Neo-Ishgardian Top of Aiming",False,"Eulmoran Certificate of Novelty",False,14,100
3473439.17,"Neo-Ishgardian Gloves of Aiming",False,"Eulmoran Certificate of Novelty",False,11,100
3473439.18,"Neo-Ishgardian Bottoms of Aiming",False,"Eulmoran Certificate of Novelty",False,14,100
3473439.19,"Neo-Ishgardian Boots of Aiming",False,"Eulmoran Certificate of Novelty",False,11,100
3473439.20,"Neo-Ishgardian Hat of Scouting",False,"Eulmoran Certificate of Novelty",False,11,100
3473439.21,"Neo-Ishgardian Top of Scouting",False,"Eulmoran Certificate of Novelty",False,14,100
3473439.22,"Neo-Ishgardian Gloves of Scouting",False,"Eulmoran Certificate of Novelty",False,11,100
3473439.23,"Neo-Ishgardian Bottoms of Scouting",False,"Eulmoran Certificate of Novelty",False,14,100
3473439.24,"Neo-Ishgardian Sollerets of Scouting",False,"Eulmoran Certificate of Novelty",False,11,100
3473439.25,"Neo-Ishgardian Cap of Healing",False,"Eulmoran Certificate of Novelty",False,11,100
3473439.26,"Neo-Ishgardian Top of Healing",False,"Eulmoran Certificate of Novelty",False,14,100
3473439.27,"Neo-Ishgardian Gloves of Healing",False,"Eulmoran Certificate of Novelty",False,11,100
3473439.28,"Neo-Ishgardian Bottoms of Healing",False,"Eulmoran Certificate of Novelty",False,14,100
3473439.29,"Neo-Ishgardian Boots of Healing",False,"Eulmoran Certificate of Novelty",False,11,100
3473439.30,"Neo-Ishgardian Hat of Casting",False,"Eulmoran Certificate of Novelty",False,11,100
3473439.31,"Neo-Ishgardian Top of Casting",False,"Eulmoran Certificate of Novelty",False,14,100
3473439.32,"Neo-Ishgardian Gloves of Casting",False,"Eulmoran Certificate of Novelty",False,11,100
3473439.33,"Neo-Ishgardian Bottoms of Casting",False,"Eulmoran Certificate of Novelty",False,14,100
3473439.34,"Neo-Ishgardian Boots of Casting",False,"Eulmoran Certificate of Novelty",False,11,100
3473439.35,"Neo-Ishgardian Cap of Fending",True,"Eulmoran Certificate of Novelty",False,33,100
3473439.36,"Neo-Ishgardian Top of Fending",True,"Eulmoran Certificate of Novelty",False,42,100
3473439.37,"Neo-Ishgardian Gauntlets of Fending",True,"Eulmoran Certificate of Novelty",False,33,100
3473439.38,"Neo-Ishgardian Bottoms of Fending",True,"Eulmoran Certificate of Novelty",False,42,100
3473439.39,"Neo-Ishgardian Sollerets of Fending",True,"Eulmoran Certificate of Novelty",False,33,100
3473439.40,"Neo-Ishgardian Cap of Maiming",True,"Eulmoran Certificate of Novelty",False,33,100
3473439.41,"Neo-Ishgardian Top of Maiming",True,"Eulmoran Certificate of Novelty",False,42,100
3473439.42,"Neo-Ishgardian Gloves of Maiming",True,"Eulmoran Certificate of Novelty",False,33,100
3473439.43,"Neo-Ishgardian Bottoms of Maiming",True,"Eulmoran Certificate of Novelty",False,42,100
3473439.44,"Neo-Ishgardian Boots of Maiming",True,"Eulmoran Certificate of Novelty",False,33,100
3473439.45,"Neo-Ishgardian Hat of Striking",True,"Eulmoran Certificate of Novelty",False,33,100
3473439.46,"Neo-Ishgardian Top of Striking",True,"Eulmoran Certificate of Novelty",False,42,100
3473439.47,"Neo-Ishgardian Gloves of Striking",True,"Eulmoran Certificate of Novelty",False,33,100
3473439.48,"Neo-Ishgardian Bottoms of Striking",True,"Eulmoran Certificate of Novelty",False,42,100
3473439.49,"Neo-Ishgardian Boots of Striking",True,"Eulmoran Certificate of Novelty",False,33,100
3473439.50,"Neo-Ishgardian Cap of Aiming",True,"Eulmoran Certificate of Novelty",False,33,100
3473439.51,"Neo-Ishgardian Top of Aiming",True,"Eulmoran Certificate of Novelty",False,42,100
3473439.52,"Neo-Ishgardian Gloves of Aiming",True,"Eulmoran Certificate of Novelty",False,33,100
3473439.53,"Neo-Ishgardian Bottoms of Aiming",True,"Eulmoran Certificate of Novelty",False,42,100
3473439.54,"Neo-Ishgardian Boots of Aiming",True,"Eulmoran Certificate of Novelty",False,33,100
3473439.55,"Neo-Ishgardian Hat of Scouting",True,"Eulmoran Certificate of Novelty",False,33,100
3473439.56,"Neo-Ishgardian Top of Scouting",True,"Eulmoran Certificate of Novelty",False,42,100
3473439.57,"Neo-Ishgardian Gloves of Scouting",True,"Eulmoran Certificate of Novelty",False,33,100
3473439.58,"Neo-Ishgardian Bottoms of Scouting",True,"Eulmoran Certificate of Novelty",False,42,100
3473439.59,"Neo-Ishgardian Sollerets of Scouting",True,"Eulmoran Certificate of Novelty",False,33,100
3473439.60,"Neo-Ishgardian Cap of Healing",True,"Eulmoran Certificate of Novelty",False,33,100
3473439.61,"Neo-Ishgardian Top of Healing",True,"Eulmoran Certificate of Novelty",False,42,100
3473439.62,"Neo-Ishgardian Gloves of Healing",True,"Eulmoran Certificate of Novelty",False,33,100
3473439.63,"Neo-Ishgardian Bottoms of Healing",True,"Eulmoran Certificate of Novelty",False,42,100
3473439.64,"Neo-Ishgardian Boots of Healing",True,"Eulmoran Certificate of Novelty",False,33,100
3473439.65,"Neo-Ishgardian Hat of Casting",True,"Eulmoran Certificate of Novelty",False,33,100
3473439.66,"Neo-Ishgardian Top of Casting",True,"Eulmoran Certificate of Novelty",False,42,100
3473439.67,"Neo-Ishgardian Gloves of Casting",True,"Eulmoran Certificate of Novelty",False,33,100
3473439.68,"Neo-Ishgardian Bottoms of Casting",True,"Eulmoran Certificate of Novelty",False,42,100
3473439.69,"Neo-Ishgardian Boots of Casting",True,"Eulmoran Certificate of Novelty",False,33,100
3473440.0,"Neo-Ishgardian Earring of Fending",False,"Eulmoran Certificate of Novelty",False,7,100
3473440.1,"Neo-Ishgardian Earring of Slaying",False,"Eulmoran Certificate of Novelty",False,7,100
3473440.2,"Neo-Ishgardian Earring of Aiming",False,"Eulmoran Certificate of Novelty",False,7,100
3473440.3,"Neo-Ishgardian Earring of Healing",False,"Eulmoran Certificate of Novelty",False,7,100
3473440.4,"Neo-Ishgardian Earring of Casting",False,"Eulmoran Certificate of Novelty",False,7,100
3473440.5,"Neo-Ishgardian Choker of Fending",False,"Eulmoran Certificate of Novelty",False,7,100
3473440.6,"Neo-Ishgardian Choker of Slaying",False,"Eulmoran Certificate of Novelty",False,7,100
3473440.7,"Neo-Ishgardian Choker of Aiming",False,"Eulmoran Certificate of Novelty",False,7,100
3473440.8,"Neo-Ishgardian Choker of Healing",False,"Eulmoran Certificate of Novelty",False,7,100
3473440.9,"Neo-Ishgardian Choker of Casting",False,"Eulmoran Certificate of Novelty",False,7,100
3473440.10,"Neo-Ishgardian Wristbands of Fending",False,"Eulmoran Certificate of Novelty",False,7,100
3473440.11,"Neo-Ishgardian Wristbands of Slaying",False,"Eulmoran Certificate of Novelty",False,7,100
3473440.12,"Neo-Ishgardian Wristbands of Aiming",False,"Eulmoran Certificate of Novelty",False,7,100
3473440.13,"Neo-Ishgardian Wristbands of Healing",False,"Eulmoran Certificate of Novelty",False,7,100
3473440.14,"Neo-Ishgardian Wristbands of Casting",False,"Eulmoran Certificate of Novelty",False,7,100
3473440.15,"Neo-Ishgardian Ring of Fending",False,"Eulmoran Certificate of Novelty",False,7,100
3473440.16,"Neo-Ishgardian Ring of Slaying",False,"Eulmoran Certificate of Novelty",False,7,100
3473440.17,"Neo-Ishgardian Ring of Aiming",False,"Eulmoran Certificate of Novelty",False,7,100
3473440.18,"Neo-Ishgardian Ring of Healing",False,"Eulmoran Certificate of Novelty",False,7,100
3473440.19,"Neo-Ishgardian Ring of Casting",False,"Eulmoran Certificate of Novelty",False,7,100
3473440.20,"Neo-Ishgardian Earring of Fending",True,"Eulmoran Certificate of Novelty",False,21,100
3473440.21,"Neo-Ishgardian Earring of Slaying",True,"Eulmoran Certificate of Novelty",False,21,100
3473440.22,"Neo-Ishgardian Earring of Aiming",True,"Eulmoran Certificate of Novelty",False,21,100
3473440.23,"Neo-Ishgardian Earring of Healing",True,"Eulmoran Certificate of Novelty",False,21,100
3473440.24,"Neo-Ishgardian Earring of Casting",True,"Eulmoran Certificate of Novelty",False,21,100
3473440.25,"Neo-Ishgardian Choker of Fending",True,"Eulmoran Certificate of Novelty",False,21,100
3473440.26,"Neo-Ishgardian Choker of Slaying",True,"Eulmoran Certificate of Novelty",False,21,100
3473440.27,"Neo-Ishgardian Choker of Aiming",True,"Eulmoran Certificate of Novelty",False,21,100
3473440.28,"Neo-Ishgardian Choker of Healing",True,"Eulmoran Certificate of Novelty",False,21,100
3473440.29,"Neo-Ishgardian Choker of Casting",True,"Eulmoran Certificate of Novelty",False,21,100
3473440.30,"Neo-Ishgardian Wristbands of Fending",True,"Eulmoran Certificate of Novelty",False,21,100
3473440.31,"Neo-Ishgardian Wristbands of Slaying",True,"Eulmoran Certificate of Novelty",False,21,100
3473440.32,"Neo-Ishgardian Wristbands of Aiming",True,"Eulmoran Certificate of Novelty",False,21,100
3473440.33,"Neo-Ishgardian Wristbands of Healing",True,"Eulmoran Certificate of Novelty",False,21,100
3473440.34,"Neo-Ishgardian Wristbands of Casting",True,"Eulmoran Certificate of Novelty",False,21,100
3473440.35,"Neo-Ishgardian Ring of Fending",True,"Eulmoran Certificate of Novelty",False,21,100
3473440.36,"Neo-Ishgardian Ring of Slaying",True,"Eulmoran Certificate of Novelty",False,21,100
3473440.37,"Neo-Ishgardian Ring of Aiming",True,"Eulmoran Certificate of Novelty",False,21,100
3473440.38,"Neo-Ishgardian Ring of Healing",True,"Eulmoran Certificate of Novelty",False,21,100
3473440.39,"Neo-Ishgardian Ring of Casting",True,"Eulmoran Certificate of Novelty",False,21,100
3473441.0,"Exarchic Sword",False,"Eulmoran Certificate of Grandeur",False,7,100
3473441.1,"Exarchic Baghnakhs",False,"Eulmoran Certificate of Grandeur",False,14,100
3473441.2,"Exarchic Axe",False,"Eulmoran Certificate of Grandeur",False,14,100
3473441.3,"Exarchic Spear",False,"Eulmoran Certificate of Grandeur",False,14,100
3473441.4,"Exarchic Longbow",False,"Eulmoran Certificate of Grandeur",False,14,100
3473441.5,"Exarchic Daggers",False,"Eulmoran Certificate of Grandeur",False,14,100
3473441.6,"Exarchic Guillotine",False,"Eulmoran Certificate of Grandeur",False,14,100
3473441.7,"Exarchic Handgonne",False,"Eulmoran Certificate of Grandeur",False,14,100
3473441.8,"Exarchic Cane",False,"Eulmoran Certificate of Grandeur",False,14,100
3473441.9,"Exarchic Rod",False,"Eulmoran Certificate of Grandeur",False,14,100
3473441.10,"Exarchic Grimoire",False,"Eulmoran Certificate of Grandeur",False,14,100
3473441.11,"Exarchic Codex",False,"Eulmoran Certificate of Grandeur",False,14,100
3473441.12,"Exarchic Star Globe",False,"Eulmoran Certificate of Grandeur",False,14,100
3473441.13,"Exarchic Blade",False,"Eulmoran Certificate of Grandeur",False,14,100
3473441.14,"Exarchic Rapier",False,"Eulmoran Certificate of Grandeur",False,14,100
3473441.15,"Exarchic Gunblade",False,"Eulmoran Certificate of Grandeur",False,14,100
3473441.16,"Exarchic Glaives",False,"Eulmoran Certificate of Grandeur",False,14,100
3473441.17,"Exarchic Tower Shield",False,"Eulmoran Certificate of Grandeur",False,7,100
3473441.18,"Exarchic Sword",True,"Eulmoran Certificate of Grandeur",False,21,100
3473441.19,"Exarchic Baghnakhs",True,"Eulmoran Certificate of Grandeur",False,42,100
3473441.20,"Exarchic Axe",True,"Eulmoran Certificate of Grandeur",False,42,100
3473441.21,"Exarchic Spear",True,"Eulmoran Certificate of Grandeur",False,42,100
3473441.22,"Exarchic Longbow",True,"Eulmoran Certificate of Grandeur",False,42,100
3473441.23,"Exarchic Daggers",True,"Eulmoran Certificate of Grandeur",False,42,100
3473441.24,"Exarchic Guillotine",True,"Eulmoran Certificate of Grandeur",False,42,100
3473441.25,"Exarchic Handgonne",True,"Eulmoran Certificate of Grandeur",False,42,100
3473441.26,"Exarchic Cane",True,"Eulmoran Certificate of Grandeur",False,42,100
3473441.27,"Exarchic Rod",True,"Eulmoran Certificate of Grandeur",False,42,100
3473441.28,"Exarchic Grimoire",True,"Eulmoran Certificate of Grandeur",False,42,100
3473441.29,"Exarchic Codex",True,"Eulmoran Certificate of Grandeur",False,42,100
3473441.30,"Exarchic Star Globe",True,"Eulmoran Certificate of Grandeur",False,42,100
3473441.31,"Exarchic Blade",True,"Eulmoran Certificate of Grandeur",False,42,100
3473441.32,"Exarchic Rapier",True,"Eulmoran Certificate of Grandeur",False,42,100
3473441.33,"Exarchic Gunblade",True,"Eulmoran Certificate of Grandeur",False,42,100
3473441.34,"Exarchic Glaives",True,"Eulmoran Certificate of Grandeur",False,42,100
3473441.35,"Exarchic Tower Shield",True,"Eulmoran Certificate of Grandeur",False,21,100
3473442.0,"Exarchic Circlet of Fending",False,"Eulmoran Certificate of Grandeur",False,11,100
3473442.1,"Exarchic Coat of Fending",False,"Eulmoran Certificate of Grandeur",False,14,100
3473442.2,"Exarchic Gauntlets of Fending",False,"Eulmoran Certificate of Grandeur",False,11,100
3473442.3,"Exarchic Hose of Fending",False,"Eulmoran Certificate of Grandeur",False,14,100
3473442.4,"Exarchic Sabatons of Fending",False,"Eulmoran Certificate of Grandeur",False,11,100
3473442.5,"Exarchic Circlet of Maiming",False,"Eulmoran Certificate of Grandeur",False,11,100
3473442.6,"Exarchic Mail of Maiming",False,"Eulmoran Certificate of Grandeur",False,14,100
3473442.7,"Exarchic Gauntlets of Maiming",False,"Eulmoran Certificate of Grandeur",False,11,100
3473442.8,"Exarchic Hose of Maiming",False,"Eulmoran Certificate of Grandeur",False,14,100
3473442.9,"Exarchic Sabatons of Maiming",False,"Eulmoran Certificate of Grandeur",False,11,100
3473442.10,"Exarchic Hood of Striking",False,"Eulmoran Certificate of Grandeur",False,11,100
3473442.11,"Exarchic Top of Striking",False,"Eulmoran Certificate of Grandeur",False,14,100
3473442.12,"Exarchic Armguards of Striking",False,"Eulmoran Certificate of Grandeur",False,11,100
3473442.13,"Exarchic Bottoms of Striking",False,"Eulmoran Certificate of Grandeur",False,14,100
3473442.14,"Exarchic Boots of Striking",False,"Eulmoran Certificate of Grandeur",False,11,100
3473442.15,"Exarchic Hood of Aiming",False,"Eulmoran Certificate of Grandeur",False,11,100
3473442.16,"Exarchic Top of Aiming",False,"Eulmoran Certificate of Grandeur",False,14,100
3473442.17,"Exarchic Armguards of Aiming",False,"Eulmoran Certificate of Grandeur",False,11,100
3473442.18,"Exarchic Bottoms of Aiming",False,"Eulmoran Certificate of Grandeur",False,14,100
3473442.19,"Exarchic Boots of Aiming",False,"Eulmoran Certificate of Grandeur",False,11,100
3473442.20,"Exarchic Hood of Scouting",False,"Eulmoran Certificate of Grandeur",False,11,100
3473442.21,"Exarchic Top of Scouting",False,"Eulmoran Certificate of Grandeur",False,14,100
3473442.22,"Exarchic Armguards of Scouting",False,"Eulmoran Certificate of Grandeur",False,11,100
3473442.23,"Exarchic Bottoms of Scouting",False,"Eulmoran Certificate of Grandeur",False,14,100
3473442.24,"Exarchic Boots of Scouting",False,"Eulmoran Certificate of Grandeur",False,11,100
3473442.25,"Exarchic Circlet of Healing",False,"Eulmoran Certificate of Grandeur",False,11,100
3473442.26,"Exarchic Coat of Healing",False,"Eulmoran Certificate of Grandeur",False,14,100
3473442.27,"Exarchic Gloves of Healing",False,"Eulmoran Certificate of Grandeur",False,11,100
3473442.28,"Exarchic Hose of Healing",False,"Eulmoran Certificate of Grandeur",False,14,100
3473442.29,"Exarchic Shoes of Healing",False,"Eulmoran Certificate of Grandeur",False,11,100
3473442.30,"Exarchic Hat of Casting",False,"Eulmoran Certificate of Grandeur",False,11,100
3473442.31,"Exarchic Coat of Casting",False,"Eulmoran Certificate of Grandeur",False,14,100
3473442.32,"Exarchic Gloves of Casting",False,"Eulmoran Certificate of Grandeur",False,11,100
3473442.33,"Exarchic Hose of Casting",False,"Eulmoran Certificate of Grandeur",False,14,100
3473442.34,"Exarchic Shoes of Casting",False,"Eulmoran Certificate of Grandeur",False,11,100
3473442.35,"Exarchic Circlet of Fending",True,"Eulmoran Certificate of Grandeur",False,33,100
3473442.36,"Exarchic Coat of Fending",True,"Eulmoran Certificate of Grandeur",False,42,100
3473442.37,"Exarchic Gauntlets of Fending",True,"Eulmoran Certificate of Grandeur",False,33,100
3473442.38,"Exarchic Hose of Fending",True,"Eulmoran Certificate of Grandeur",False,42,100
3473442.39,"Exarchic Sabatons of Fending",True,"Eulmoran Certificate of Grandeur",False,33,100
3473442.40,"Exarchic Circlet of Maiming",True,"Eulmoran Certificate of Grandeur",False,33,100
3473442.41,"Exarchic Mail of Maiming",True,"Eulmoran Certificate of Grandeur",False,42,100
3473442.42,"Exarchic Gauntlets of Maiming",True,"Eulmoran Certificate of Grandeur",False,33,100
3473442.43,"Exarchic Hose of Maiming",True,"Eulmoran Certificate of Grandeur",False,42,100
3473442.44,"Exarchic Sabatons of Maiming",True,"Eulmoran Certificate of Grandeur",False,33,100
3473442.45,"Exarchic Hood of Striking",True,"Eulmoran Certificate of Grandeur",False,33,100
3473442.46,"Exarchic Top of Striking",True,"Eulmoran Certificate of Grandeur",False,42,100
3473442.47,"Exarchic Armguards of Striking",True,"Eulmoran Certificate of Grandeur",False,33,100
3473442.48,"Exarchic Bottoms of Striking",True,"Eulmoran Certificate of Grandeur",False,42,100
3473442.49,"Exarchic Boots of Striking",True,"Eulmoran Certificate of Grandeur",False,33,100
3473442.50,"Exarchic Hood of Aiming",True,"Eulmoran Certificate of Grandeur",False,33,100
3473442.51,"Exarchic Top of Aiming",True,"Eulmoran Certificate of Grandeur",False,42,100
3473442.52,"Exarchic Armguards of Aiming",True,"Eulmoran Certificate of Grandeur",False,33,100
3473442.53,"Exarchic Bottoms of Aiming",True,"Eulmoran Certificate of Grandeur",False,42,100
3473442.54,"Exarchic Boots of Aiming",True,"Eulmoran Certificate of Grandeur",False,33,100
3473442.55,"Exarchic Hood of Scouting",True,"Eulmoran Certificate of Grandeur",False,33,100
3473442.56,"Exarchic Top of Scouting",True,"Eulmoran Certificate of Grandeur",False,42,100
3473442.57,"Exarchic Armguards of Scouting",True,"Eulmoran Certificate of Grandeur",False,33,100
3473442.58,"Exarchic Bottoms of Scouting",True,"Eulmoran Certificate of Grandeur",False,42,100
3473442.59,"Exarchic Boots of Scouting",True,"Eulmoran Certificate of Grandeur",False,33,100
3473442.60,"Exarchic Circlet of Healing",True,"Eulmoran Certificate of Grandeur",False,33,100
3473442.61,"Exarchic Coat of Healing",True,"Eulmoran Certificate of Grandeur",False,42,100
3473442.62,"Exarchic Gloves of Healing",True,"Eulmoran Certificate of Grandeur",False,33,100
3473442.63,"Exarchic Hose of Healing",True,"Eulmoran Certificate of Grandeur",False,42,100
3473442.64,"Exarchic Shoes of Healing",True,"Eulmoran Certificate of Grandeur",False,33,100
3473442.65,"Exarchic Hat of Casting",True,"Eulmoran Certificate of Grandeur",False,33,100
3473442.66,"Exarchic Coat of Casting",True,"Eulmoran Certificate of Grandeur",False,42,100
3473442.67,"Exarchic Gloves of Casting",True,"Eulmoran Certificate of Grandeur",False,33,100
3473442.68,"Exarchic Hose of Casting",True,"Eulmoran Certificate of Grandeur",False,42,100
3473442.69,"Exarchic Shoes of Casting",True,"Eulmoran Certificate of Grandeur",False,33,100
3473443.0,"Exarchic Earrings of Fending",False,"Eulmoran Certificate of Grandeur",False,7,100
3473443.1,"Exarchic Earrings of Slaying",False,"Eulmoran Certificate of Grandeur",False,7,100
3473443.2,"Exarchic Earrings of Aiming",False,"Eulmoran Certificate of Grandeur",False,7,100
3473443.3,"Exarchic Earrings of Healing",False,"Eulmoran Certificate of Grandeur",False,7,100
3473443.4,"Exarchic Earrings of Casting",False,"Eulmoran Certificate of Grandeur",False,7,100
3473443.5,"Exarchic Choker of Fending",False,"Eulmoran Certificate of Grandeur",False,7,100
3473443.6,"Exarchic Choker of Slaying",False,"Eulmoran Certificate of Grandeur",False,7,100
3473443.7,"Exarchic Choker of Aiming",False,"Eulmoran Certificate of Grandeur",False,7,100
3473443.8,"Exarchic Choker of Healing",False,"Eulmoran Certificate of Grandeur",False,7,100
3473443.9,"Exarchic Choker of Casting",False,"Eulmoran Certificate of Grandeur",False,7,100
3473443.10,"Exarchic Bracelet of Fending",False,"Eulmoran Certificate of Grandeur",False,7,100
3473443.11,"Exarchic Bracelet of Slaying",False,"Eulmoran Certificate of Grandeur",False,7,100
3473443.12,"Exarchic Bracelet of Aiming",False,"Eulmoran Certificate of Grandeur",False,7,100
3473443.13,"Exarchic Bracelet of Healing",False,"Eulmoran Certificate of Grandeur",False,7,100
3473443.14,"Exarchic Bracelet of Casting",False,"Eulmoran Certificate of Grandeur",False,7,100
3473443.15,"Exarchic Ring of Fending",False,"Eulmoran Certificate of Grandeur",False,7,100
3473443.16,"Exarchic Ring of Slaying",False,"Eulmoran Certificate of Grandeur",False,7,100
3473443.17,"Exarchic Ring of Aiming",False,"Eulmoran Certificate of Grandeur",False,7,100
3473443.18,"Exarchic Ring of Healing",False,"Eulmoran Certificate of Grandeur",False,7,100
3473443.19,"Exarchic Ring of Casting",False,"Eulmoran Certificate of Grandeur",False,7,100
3473443.20,"Exarchic Earrings of Fending",True,"Eulmoran Certificate of Grandeur",False,21,100
3473443.21,"Exarchic Earrings of Slaying",True,"Eulmoran Certificate of Grandeur",False,21,100
3473443.22,"Exarchic Earrings of Aiming",True,"Eulmoran Certificate of Grandeur",False,21,100
3473443.23,"Exarchic Earrings of Healing",True,"Eulmoran Certificate of Grandeur",False,21,100
3473443.24,"Exarchic Earrings of Casting",True,"Eulmoran Certificate of Grandeur",False,21,100
3473443.25,"Exarchic Choker of Fending",True,"Eulmoran Certificate of Grandeur",False,21,100
3473443.26,"Exarchic Choker of Slaying",True,"Eulmoran Certificate of Grandeur",False,21,100
3473443.27,"Exarchic Choker of Aiming",True,"Eulmoran Certificate of Grandeur",False,21,100
3473443.28,"Exarchic Choker of Healing",True,"Eulmoran Certificate of Grandeur",False,21,100
3473443.29,"Exarchic Choker of Casting",True,"Eulmoran Certificate of Grandeur",False,21,100
3473443.30,"Exarchic Bracelet of Fending",True,"Eulmoran Certificate of Grandeur",False,21,100
3473443.31,"Exarchic Bracelet of Slaying",True,"Eulmoran Certificate of Grandeur",False,21,100
3473443.32,"Exarchic Bracelet of Aiming",True,"Eulmoran Certificate of Grandeur",False,21,100
3473443.33,"Exarchic Bracelet of Healing",True,"Eulmoran Certificate of Grandeur",False,21,100
3473443.34,"Exarchic Bracelet of Casting",True,"Eulmoran Certificate of Grandeur",False,21,100
3473443.35,"Exarchic Ring of Fending",True,"Eulmoran Certificate of Grandeur",False,21,100
3473443.36,"Exarchic Ring of Slaying",True,"Eulmoran Certificate of Grandeur",False,21,100
3473443.37,"Exarchic Ring of Aiming",True,"Eulmoran Certificate of Grandeur",False,21,100
3473443.38,"Exarchic Ring of Healing",True,"Eulmoran Certificate of Grandeur",False,21,100
3473443.39,"Exarchic Ring of Casting",True,"Eulmoran Certificate of Grandeur",False,21,100
3473444.0,"Classical Longsword",False,"Hannish Certificate of Grade 1 Import",False,3,100
3473444.1,"Classical Tonfa",False,"Hannish Certificate of Grade 1 Import",False,5,100
3473444.2,"Classical Battleaxe",False,"Hannish Certificate of Grade 1 Import",False,5,100
3473444.3,"Classical Spear",False,"Hannish Certificate of Grade 1 Import",False,5,100
3473444.4,"Classical Cavalry Bow",False,"Hannish Certificate of Grade 1 Import",False,5,100
3473444.5,"Classical Daggers",False,"Hannish Certificate of Grade 1 Import",False,5,100
3473444.6,"Classical Greatsword",False,"Hannish Certificate of Grade 1 Import",False,5,100
3473444.7,"Classical Handgonne",False,"Hannish Certificate of Grade 1 Import",False,5,100
3473444.8,"Classical Cane",False,"Hannish Certificate of Grade 1 Import",False,5,100
3473444.9,"Classical Longpole",False,"Hannish Certificate of Grade 1 Import",False,5,100
3473444.10,"Classical Index",False,"Hannish Certificate of Grade 1 Import",False,5,100
3473444.11,"Classical Codex",False,"Hannish Certificate of Grade 1 Import",False,5,100
3473444.12,"Classical Torquetum",False,"Hannish Certificate of Grade 1 Import",False,5,100
3473444.13,"Classical Samurai Blade",False,"Hannish Certificate of Grade 1 Import",False,5,100
3473444.14,"Classical Smallsword",False,"Hannish Certificate of Grade 1 Import",False,5,100
3473444.15,"Classical Gunblade",False,"Hannish Certificate of Grade 1 Import",False,5,100
3473444.16,"Classical Chakrams",False,"Hannish Certificate of Grade 1 Import",False,5,100
3473444.17,"Classical Milpreves",False,"Hannish Certificate of Grade 1 Import",False,5,100
3473444.18,"Classical War Scythe",False,"Hannish Certificate of Grade 1 Import",False,5,100
3473444.19,"Classical Shield",False,"Hannish Certificate of Grade 1 Import",False,2,100
3473444.20,"Classical Longsword",True,"Hannish Certificate of Grade 1 Import",False,10,100
3473444.21,"Classical Tonfa",True,"Hannish Certificate of Grade 1 Import",False,17,100
3473444.22,"Classical Battleaxe",True,"Hannish Certificate of Grade 1 Import",False,17,100
3473444.23,"Classical Spear",True,"Hannish Certificate of Grade 1 Import",False,17,100
3473444.24,"Classical Cavalry Bow",True,"Hannish Certificate of Grade 1 Import",False,17,100
3473444.25,"Classical Daggers",True,"Hannish Certificate of Grade 1 Import",False,17,100
3473444.26,"Classical Greatsword",True,"Hannish Certificate of Grade 1 Import",False,17,100
3473444.27,"Classical Handgonne",True,"Hannish Certificate of Grade 1 Import",False,17,100
3473444.28,"Classical Cane",True,"Hannish Certificate of Grade 1 Import",False,17,100
3473444.29,"Classical Longpole",True,"Hannish Certificate of Grade 1 Import",False,17,100
3473444.30,"Classical Index",True,"Hannish Certificate of Grade 1 Import",False,17,100
3473444.31,"Classical Codex",True,"Hannish Certificate of Grade 1 Import",False,17,100
3473444.32,"Classical Torquetum",True,"Hannish Certificate of Grade 1 Import",False,17,100
3473444.33,"Classical Samurai Blade",True,"Hannish Certificate of Grade 1 Import",False,17,100
3473444.34,"Classical Smallsword",True,"Hannish Certificate of Grade 1 Import",False,17,100
3473444.35,"Classical Gunblade",True,"Hannish Certificate of Grade 1 Import",False,17,100
3473444.36,"Classical Chakrams",True,"Hannish Certificate of Grade 1 Import",False,17,100
3473444.37,"Classical Milpreves",True,"Hannish Certificate of Grade 1 Import",False,17,100
3473444.38,"Classical War Scythe",True,"Hannish Certificate of Grade 1 Import",False,17,100
3473444.39,"Classical Shield",True,"Hannish Certificate of Grade 1 Import",False,7,100
3473445.0,"Classical Hoplomachus's Headgear",False,"Hannish Certificate of Grade 1 Import",False,3,100
3473445.1,"Classical Hoplomachus's Lorica",False,"Hannish Certificate of Grade 1 Import",False,5,100
3473445.2,"Classical Hoplomachus's Manicae",False,"Hannish Certificate of Grade 1 Import",False,3,100
3473445.3,"Classical Hoplomachus's Loincloth",False,"Hannish Certificate of Grade 1 Import",False,5,100
3473445.4,"Classical Hoplomachus's Greaves",False,"Hannish Certificate of Grade 1 Import",False,3,100
3473445.5,"Classical Eques's Headgear",False,"Hannish Certificate of Grade 1 Import",False,3,100
3473445.6,"Classical Eques's Chiton",False,"Hannish Certificate of Grade 1 Import",False,5,100
3473445.7,"Classical Eques's Manicae",False,"Hannish Certificate of Grade 1 Import",False,3,100
3473445.8,"Classical Eques's Loincloth",False,"Hannish Certificate of Grade 1 Import",False,5,100
3473445.9,"Classical Eques's Caligae",False,"Hannish Certificate of Grade 1 Import",False,3,100
3473445.10,"Classical Secutor's Mask",False,"Hannish Certificate of Grade 1 Import",False,3,100
3473445.11,"Classical Secutor's Lorica",False,"Hannish Certificate of Grade 1 Import",False,5,100
3473445.12,"Classical Secutor's Manicae",False,"Hannish Certificate of Grade 1 Import",False,3,100
3473445.13,"Classical Secutor's Loincloth",False,"Hannish Certificate of Grade 1 Import",False,5,100
3473445.14,"Classical Secutor's Caligae",False,"Hannish Certificate of Grade 1 Import",False,3,100
3473445.15,"Classical Sagittarius's Headband",False,"Hannish Certificate of Grade 1 Import",False,3,100
3473445.16,"Classical Sagittarius's Chiton",False,"Hannish Certificate of Grade 1 Import",False,5,100
3473445.17,"Classical Sagittarius's Wrist Torque",False,"Hannish Certificate of Grade 1 Import",False,3,100
3473445.18,"Classical Sagittarius's Loincloth",False,"Hannish Certificate of Grade 1 Import",False,5,100
3473445.19,"Classical Sagittarius's Caligae",False,"Hannish Certificate of Grade 1 Import",False,3,100
3473445.20,"Classical Dimachaerius's Mask",False,"Hannish Certificate of Grade 1 Import",False,3,100
3473445.21,"Classical Dimachaerius's Lorica",False,"Hannish Certificate of Grade 1 Import",False,5,100
3473445.22,"Classical Dimachaerius's Manicae",False,"Hannish Certificate of Grade 1 Import",False,3,100
3473445.23,"Classical Dimachaerius's Loincloth",False,"Hannish Certificate of Grade 1 Import",False,5,100
3473445.24,"Classical Dimachaerius's Caligae",False,"Hannish Certificate of Grade 1 Import",False,3,100
3473445.25,"Classical Medicus's Laurel Wreath",False,"Hannish Certificate of Grade 1 Import",False,3,100
3473445.26,"Classical Medicus's Chiton",False,"Hannish Certificate of Grade 1 Import",False,5,100
3473445.27,"Classical Medicus's Wrist Torque",False,"Hannish Certificate of Grade 1 Import",False,3,100
3473445.28,"Classical Medicus's Loincloth",False,"Hannish Certificate of Grade 1 Import",False,5,100
3473445.29,"Classical Medicus's Caligae",False,"Hannish Certificate of Grade 1 Import",False,3,100
3473445.30,"Classical Signifer's Horns",False,"Hannish Certificate of Grade 1 Import",False,3,100
3473445.31,"Classical Signifer's Chiton",False,"Hannish Certificate of Grade 1 Import",False,5,100
3473445.32,"Classical Signifer's Fingerless Gloves",False,"Hannish Certificate of Grade 1 Import",False,3,100
3473445.33,"Classical Signifer's Culottes",False,"Hannish Certificate of Grade 1 Import",False,5,100
3473445.34,"Classical Signifer's Caligae",False,"Hannish Certificate of Grade 1 Import",False,3,100
3473445.35,"Classical Hoplomachus's Headgear",True,"Hannish Certificate of Grade 1 Import",False,11,100
3473445.36,"Classical Hoplomachus's Lorica",True,"Hannish Certificate of Grade 1 Import",False,17,100
3473445.37,"Classical Hoplomachus's Manicae",True,"Hannish Certificate of Grade 1 Import",False,11,100
3473445.38,"Classical Hoplomachus's Loincloth",True,"Hannish Certificate of Grade 1 Import",False,17,100
3473445.39,"Classical Hoplomachus's Greaves",True,"Hannish Certificate of Grade 1 Import",False,11,100
3473445.40,"Classical Eques's Headgear",True,"Hannish Certificate of Grade 1 Import",False,11,100
3473445.41,"Classical Eques's Chiton",True,"Hannish Certificate of Grade 1 Import",False,17,100
3473445.42,"Classical Eques's Manicae",True,"Hannish Certificate of Grade 1 Import",False,11,100
3473445.43,"Classical Eques's Loincloth",True,"Hannish Certificate of Grade 1 Import",False,17,100
3473445.44,"Classical Eques's Caligae",True,"Hannish Certificate of Grade 1 Import",False,11,100
3473445.45,"Classical Secutor's Mask",True,"Hannish Certificate of Grade 1 Import",False,11,100
3473445.46,"Classical Secutor's Lorica",True,"Hannish Certificate of Grade 1 Import",False,17,100
3473445.47,"Classical Secutor's Manicae",True,"Hannish Certificate of Grade 1 Import",False,11,100
3473445.48,"Classical Secutor's Loincloth",True,"Hannish Certificate of Grade 1 Import",False,17,100
3473445.49,"Classical Secutor's Caligae",True,"Hannish Certificate of Grade 1 Import",False,11,100
3473445.50,"Classical Sagittarius's Headband",True,"Hannish Certificate of Grade 1 Import",False,11,100
3473445.51,"Classical Sagittarius's Chiton",True,"Hannish Certificate of Grade 1 Import",False,17,100
3473445.52,"Classical Sagittarius's Wrist Torque",True,"Hannish Certificate of Grade 1 Import",False,11,100
3473445.53,"Classical Sagittarius's Loincloth",True,"Hannish Certificate of Grade 1 Import",False,17,100
3473445.54,"Classical Sagittarius's Caligae",True,"Hannish Certificate of Grade 1 Import",False,11,100
3473445.55,"Classical Dimachaerius's Mask",True,"Hannish Certificate of Grade 1 Import",False,11,100
3473445.56,"Classical Dimachaerius's Lorica",True,"Hannish Certificate of Grade 1 Import",False,17,100
3473445.57,"Classical Dimachaerius's Manicae",True,"Hannish Certificate of Grade 1 Import",False,11,100
3473445.58,"Classical Dimachaerius's Loincloth",True,"Hannish Certificate of Grade 1 Import",False,17,100
3473445.59,"Classical Dimachaerius's Caligae",True,"Hannish Certificate of Grade 1 Import",False,11,100
3473445.60,"Classical Medicus's Laurel Wreath",True,"Hannish Certificate of Grade 1 Import",False,11,100
3473445.61,"Classical Medicus's Chiton",True,"Hannish Certificate of Grade 1 Import",False,17,100
3473445.62,"Classical Medicus's Wrist Torque",True,"Hannish Certificate of Grade 1 Import",False,11,100
3473445.63,"Classical Medicus's Loincloth",True,"Hannish Certificate of Grade 1 Import",False,17,100
3473445.64,"Classical Medicus's Caligae",True,"Hannish Certificate of Grade 1 Import",False,11,100
3473445.65,"Classical Signifer's Horns",True,"Hannish Certificate of Grade 1 Import",False,11,100
3473445.66,"Classical Signifer's Chiton",True,"Hannish Certificate of Grade 1 Import",False,17,100
3473445.67,"Classical Signifer's Fingerless Gloves",True,"Hannish Certificate of Grade 1 Import",False,11,100
3473445.68,"Classical Signifer's Culottes",True,"Hannish Certificate of Grade 1 Import",False,17,100
3473445.69,"Classical Signifer's Caligae",True,"Hannish Certificate of Grade 1 Import",False,11,100
3473446.0,"Classical Earrings of Fending",False,"Hannish Certificate of Grade 1 Import",False,2,100
3473446.1,"Classical Earrings of Slaying",False,"Hannish Certificate of Grade 1 Import",False,2,100
3473446.2,"Classical Earrings of Aiming",False,"Hannish Certificate of Grade 1 Import",False,2,100
3473446.3,"Classical Earrings of Healing",False,"Hannish Certificate of Grade 1 Import",False,2,100
3473446.4,"Classical Earrings of Casting",False,"Hannish Certificate of Grade 1 Import",False,2,100
3473446.5,"Classical Choker of Fending",False,"Hannish Certificate of Grade 1 Import",False,2,100
3473446.6,"Classical Choker of Slaying",False,"Hannish Certificate of Grade 1 Import",False,2,100
3473446.7,"Classical Choker of Aiming",False,"Hannish Certificate of Grade 1 Import",False,2,100
3473446.8,"Classical Choker of Healing",False,"Hannish Certificate of Grade 1 Import",False,2,100
3473446.9,"Classical Choker of Casting",False,"Hannish Certificate of Grade 1 Import",False,2,100
3473446.10,"Classical Wristband of Fending",False,"Hannish Certificate of Grade 1 Import",False,2,100
3473446.11,"Classical Wristband of Slaying",False,"Hannish Certificate of Grade 1 Import",False,2,100
3473446.12,"Classical Wristband of Aiming",False,"Hannish Certificate of Grade 1 Import",False,2,100
3473446.13,"Classical Wristband of Healing",False,"Hannish Certificate of Grade 1 Import",False,2,100
3473446.14,"Classical Wristband of Casting",False,"Hannish Certificate of Grade 1 Import",False,2,100
3473446.15,"Classical Ring of Fending",False,"Hannish Certificate of Grade 1 Import",False,2,100
3473446.16,"Classical Ring of Slaying",False,"Hannish Certificate of Grade 1 Import",False,2,100
3473446.17,"Classical Ring of Aiming",False,"Hannish Certificate of Grade 1 Import",False,2,100
3473446.18,"Classical Ring of Healing",False,"Hannish Certificate of Grade 1 Import",False,2,100
3473446.19,"Classical Ring of Casting",False,"Hannish Certificate of Grade 1 Import",False,2,100
3473446.20,"Classical Earrings of Fending",True,"Hannish Certificate of Grade 1 Import",False,7,100
3473446.21,"Classical Earrings of Slaying",True,"Hannish Certificate of Grade 1 Import",False,7,100
3473446.22,"Classical Earrings of Aiming",True,"Hannish Certificate of Grade 1 Import",False,7,100
3473446.23,"Classical Earrings of Healing",True,"Hannish Certificate of Grade 1 Import",False,7,100
3473446.24,"Classical Earrings of Casting",True,"Hannish Certificate of Grade 1 Import",False,7,100
3473446.25,"Classical Choker of Fending",True,"Hannish Certificate of Grade 1 Import",False,7,100
3473446.26,"Classical Choker of Slaying",True,"Hannish Certificate of Grade 1 Import",False,7,100
3473446.27,"Classical Choker of Aiming",True,"Hannish Certificate of Grade 1 Import",False,7,100
3473446.28,"Classical Choker of Healing",True,"Hannish Certificate of Grade 1 Import",False,7,100
3473446.29,"Classical Choker of Casting",True,"Hannish Certificate of Grade 1 Import",False,7,100
3473446.30,"Classical Wristband of Fending",True,"Hannish Certificate of Grade 1 Import",False,7,100
3473446.31,"Classical Wristband of Slaying",True,"Hannish Certificate of Grade 1 Import",False,7,100
3473446.32,"Classical Wristband of Aiming",True,"Hannish Certificate of Grade 1 Import",False,7,100
3473446.33,"Classical Wristband of Healing",True,"Hannish Certificate of Grade 1 Import",False,7,100
3473446.34,"Classical Wristband of Casting",True,"Hannish Certificate of Grade 1 Import",False,7,100
3473446.35,"Classical Ring of Fending",True,"Hannish Certificate of Grade 1 Import",False,7,100
3473446.36,"Classical Ring of Slaying",True,"Hannish Certificate of Grade 1 Import",False,7,100
3473446.37,"Classical Ring of Aiming",True,"Hannish Certificate of Grade 1 Import",False,7,100
3473446.38,"Classical Ring of Healing",True,"Hannish Certificate of Grade 1 Import",False,7,100
3473446.39,"Classical Ring of Casting",True,"Hannish Certificate of Grade 1 Import",False,7,100
3473447.0,"Rinascita Sword",False,"Hannish Certificate of Grade 2 Import",False,3,100
3473447.1,"Rinascita Knuckles",False,"Hannish Certificate of Grade 2 Import",False,5,100
3473447.2,"Rinascita Labrys",False,"Hannish Certificate of Grade 2 Import",False,5,100
3473447.3,"Rinascita Spear",False,"Hannish Certificate of Grade 2 Import",False,5,100
3473447.4,"Rinascita Composite Bow",False,"Hannish Certificate of Grade 2 Import",False,5,100
3473447.5,"Rinascita Daggers",False,"Hannish Certificate of Grade 2 Import",False,5,100
3473447.6,"Rinascita Greatsword",False,"Hannish Certificate of Grade 2 Import",False,5,100
3473447.7,"Rinascita Culverin",False,"Hannish Certificate of Grade 2 Import",False,5,100
3473447.8,"Rinascita Cane",False,"Hannish Certificate of Grade 2 Import",False,5,100
3473447.9,"Rinascita Rod",False,"Hannish Certificate of Grade 2 Import",False,5,100
3473447.10,"Rinascita Index",False,"Hannish Certificate of Grade 2 Import",False,5,100
3473447.11,"Rinascita Codex",False,"Hannish Certificate of Grade 2 Import",False,5,100
3473447.12,"Rinascita Planisphere",False,"Hannish Certificate of Grade 2 Import",False,5,100
3473447.13,"Rinascita Samurai Blade",False,"Hannish Certificate of Grade 2 Import",False,5,100
3473447.14,"Rinascita Rapier",False,"Hannish Certificate of Grade 2 Import",False,5,100
3473447.15,"Rinascita Manatrigger",False,"Hannish Certificate of Grade 2 Import",False,5,100
3473447.16,"Rinascita War Quoits",False,"Hannish Certificate of Grade 2 Import",False,5,100
3473447.17,"Rinascita Pendulums",False,"Hannish Certificate of Grade 2 Import",False,5,100
3473447.18,"Rinascita Zaghnal",False,"Hannish Certificate of Grade 2 Import",False,5,100
3473447.19,"Rinascita Kite Shield",False,"Hannish Certificate of Grade 2 Import",False,2,100
3473447.20,"Rinascita Sword",True,"Hannish Certificate of Grade 2 Import",False,10,100
3473447.21,"Rinascita Knuckles",True,"Hannish Certificate of Grade 2 Import",False,17,100
3473447.22,"Rinascita Labrys",True,"Hannish Certificate of Grade 2 Import",False,17,100
3473447.23,"Rinascita Spear",True,"Hannish Certificate of Grade 2 Import",False,17,100
3473447.24,"Rinascita Composite Bow",True,"Hannish Certificate of Grade 2 Import",False,17,100
3473447.25,"Rinascita Daggers",True,"Hannish Certificate of Grade 2 Import",False,17,100
3473447.26,"Rinascita Greatsword",True,"Hannish Certificate of Grade 2 Import",False,17,100
3473447.27,"Rinascita Culverin",True,"Hannish Certificate of Grade 2 Import",False,17,100
3473447.28,"Rinascita Cane",True,"Hannish Certificate of Grade 2 Import",False,17,100
3473447.29,"Rinascita Rod",True,"Hannish Certificate of Grade 2 Import",False,17,100
3473447.30,"Rinascita Index",True,"Hannish Certificate of Grade 2 Import",False,17,100
3473447.31,"Rinascita Codex",True,"Hannish Certificate of Grade 2 Import",False,17,100
3473447.32,"Rinascita Planisphere",True,"Hannish Certificate of Grade 2 Import",False,17,100
3473447.33,"Rinascita Samurai Blade",True,"Hannish Certificate of Grade 2 Import",False,17,100
3473447.34,"Rinascita Rapier",True,"Hannish Certificate of Grade 2 Import",False,17,100
3473447.35,"Rinascita Manatrigger",True,"Hannish Certificate of Grade 2 Import",False,17,100
3473447.36,"Rinascita War Quoits",True,"Hannish Certificate of Grade 2 Import",False,17,100
3473447.37,"Rinascita Pendulums",True,"Hannish Certificate of Grade 2 Import",False,17,100
3473447.38,"Rinascita Zaghnal",True,"Hannish Certificate of Grade 2 Import",False,17,100
3473447.39,"Rinascita Kite Shield",True,"Hannish Certificate of Grade 2 Import",False,7,100
3473448.0,"Rinascita Helm of Fending",False,"Hannish Certificate of Grade 2 Import",False,3,100
3473448.1,"Rinascita Cuirass of Fending",False,"Hannish Certificate of Grade 2 Import",False,5,100
3473448.2,"Rinascita Vambraces of Fending",False,"Hannish Certificate of Grade 2 Import",False,3,100
3473448.3,"Rinascita Poleyns of Fending",False,"Hannish Certificate of Grade 2 Import",False,5,100
3473448.4,"Rinascita Sabatons of Fending",False,"Hannish Certificate of Grade 2 Import",False,3,100
3473448.5,"Rinascita Helm of Maiming",False,"Hannish Certificate of Grade 2 Import",False,3,100
3473448.6,"Rinascita Cuirass of Maiming",False,"Hannish Certificate of Grade 2 Import",False,5,100
3473448.7,"Rinascita Vambraces of Maiming",False,"Hannish Certificate of Grade 2 Import",False,3,100
3473448.8,"Rinascita Poleyns of Maiming",False,"Hannish Certificate of Grade 2 Import",False,5,100
3473448.9,"Rinascita Sabatons of Maiming",False,"Hannish Certificate of Grade 2 Import",False,3,100
3473448.10,"Rinascita Hood of Striking",False,"Hannish Certificate of Grade 2 Import",False,3,100
3473448.11,"Rinascita Jacket of Striking",False,"Hannish Certificate of Grade 2 Import",False,5,100
3473448.12,"Rinascita Armguards of Striking",False,"Hannish Certificate of Grade 2 Import",False,3,100
3473448.13,"Rinascita Poleyns of Striking",False,"Hannish Certificate of Grade 2 Import",False,5,100
3473448.14,"Rinascita Shoes of Striking",False,"Hannish Certificate of Grade 2 Import",False,3,100
3473448.15,"Rinascita Beret of Aiming",False,"Hannish Certificate of Grade 2 Import",False,3,100
3473448.16,"Rinascita Jacket of Aiming",False,"Hannish Certificate of Grade 2 Import",False,5,100
3473448.17,"Rinascita Gloves of Aiming",False,"Hannish Certificate of Grade 2 Import",False,3,100
3473448.18,"Rinascita Poleyns of Aiming",False,"Hannish Certificate of Grade 2 Import",False,5,100
3473448.19,"Rinascita Sabatons of Aiming",False,"Hannish Certificate of Grade 2 Import",False,3,100
3473448.20,"Rinascita Hood of Scouting",False,"Hannish Certificate of Grade 2 Import",False,3,100
3473448.21,"Rinascita Jacket of Scouting",False,"Hannish Certificate of Grade 2 Import",False,5,100
3473448.22,"Rinascita Armguards of Scouting",False,"Hannish Certificate of Grade 2 Import",False,3,100
3473448.23,"Rinascita Poleyns of Scouting",False,"Hannish Certificate of Grade 2 Import",False,5,100
3473448.24,"Rinascita Sabatons of Scouting",False,"Hannish Certificate of Grade 2 Import",False,3,100
3473448.25,"Rinascita Beret of Healing",False,"Hannish Certificate of Grade 2 Import",False,3,100
3473448.26,"Rinascita Coat of Healing",False,"Hannish Certificate of Grade 2 Import",False,5,100
3473448.27,"Rinascita Gloves of Healing",False,"Hannish Certificate of Grade 2 Import",False,3,100
3473448.28,"Rinascita Poleyns of Healing",False,"Hannish Certificate of Grade 2 Import",False,5,100
3473448.29,"Rinascita Shoes of Healing",False,"Hannish Certificate of Grade 2 Import",False,3,100
3473448.30,"Rinascita Hood of Casting",False,"Hannish Certificate of Grade 2 Import",False,3,100
3473448.31,"Rinascita Coat of Casting",False,"Hannish Certificate of Grade 2 Import",False,5,100
3473448.32,"Rinascita Armguards of Casting",False,"Hannish Certificate of Grade 2 Import",False,3,100
3473448.33,"Rinascita Poleyns of Casting",False,"Hannish Certificate of Grade 2 Import",False,5,100
3473448.34,"Rinascita Shoes of Casting",False,"Hannish Certificate of Grade 2 Import",False,3,100
3473448.35,"Rinascita Helm of Fending",True,"Hannish Certificate of Grade 2 Import",False,11,100
3473448.36,"Rinascita Cuirass of Fending",True,"Hannish Certificate of Grade 2 Import",False,17,100
3473448.37,"Rinascita Vambraces of Fending",True,"Hannish Certificate of Grade 2 Import",False,11,100
3473448.38,"Rinascita Poleyns of Fending",True,"Hannish Certificate of Grade 2 Import",False,17,100
3473448.39,"Rinascita Sabatons of Fending",True,"Hannish Certificate of Grade 2 Import",False,11,100
3473448.40,"Rinascita Helm of Maiming",True,"Hannish Certificate of Grade 2 Import",False,11,100
3473448.41,"Rinascita Cuirass of Maiming",True,"Hannish Certificate of Grade 2 Import",False,17,100
3473448.42,"Rinascita Vambraces of Maiming",True,"Hannish Certificate of Grade 2 Import",False,11,100
3473448.43,"Rinascita Poleyns of Maiming",True,"Hannish Certificate of Grade 2 Import",False,17,100
3473448.44,"Rinascita Sabatons of Maiming",True,"Hannish Certificate of Grade 2 Import",False,11,100
3473448.45,"Rinascita Hood of Striking",True,"Hannish Certificate of Grade 2 Import",False,11,100
3473448.46,"Rinascita Jacket of Striking",True,"Hannish Certificate of Grade 2 Import",False,17,100
3473448.47,"Rinascita Armguards of Striking",True,"Hannish Certificate of Grade 2 Import",False,11,100
3473448.48,"Rinascita Poleyns of Striking",True,"Hannish Certificate of Grade 2 Import",False,17,100
3473448.49,"Rinascita Shoes of Striking",True,"Hannish Certificate of Grade 2 Import",False,11,100
3473448.50,"Rinascita Beret of Aiming",True,"Hannish Certificate of Grade 2 Import",False,11,100
3473448.51,"Rinascita Jacket of Aiming",True,"Hannish Certificate of Grade 2 Import",False,17,100
3473448.52,"Rinascita Gloves of Aiming",True,"Hannish Certificate of Grade 2 Import",False,11,100
3473448.53,"Rinascita Poleyns of Aiming",True,"Hannish Certificate of Grade 2 Import",False,17,100
3473448.54,"Rinascita Sabatons of Aiming",True,"Hannish Certificate of Grade 2 Import",False,11,100
3473448.55,"Rinascita Hood of Scouting",True,"Hannish Certificate of Grade 2 Import",False,11,100
3473448.56,"Rinascita Jacket of Scouting",True,"Hannish Certificate of Grade 2 Import",False,17,100
3473448.57,"Rinascita Armguards of Scouting",True,"Hannish Certificate of Grade 2 Import",False,11,100
3473448.58,"Rinascita Poleyns of Scouting",True,"Hannish Certificate of Grade 2 Import",False,17,100
3473448.59,"Rinascita Sabatons of Scouting",True,"Hannish Certificate of Grade 2 Import",False,11,100
3473448.60,"Rinascita Beret of Healing",True,"Hannish Certificate of Grade 2 Import",False,11,100
3473448.61,"Rinascita Coat of Healing",True,"Hannish Certificate of Grade 2 Import",False,17,100
3473448.62,"Rinascita Gloves of Healing",True,"Hannish Certificate of Grade 2 Import",False,11,100
3473448.63,"Rinascita Poleyns of Healing",True,"Hannish Certificate of Grade 2 Import",False,17,100
3473448.64,"Rinascita Shoes of Healing",True,"Hannish Certificate of Grade 2 Import",False,11,100
3473448.65,"Rinascita Hood of Casting",True,"Hannish Certificate of Grade 2 Import",False,11,100
3473448.66,"Rinascita Coat of Casting",True,"Hannish Certificate of Grade 2 Import",False,17,100
3473448.67,"Rinascita Armguards of Casting",True,"Hannish Certificate of Grade 2 Import",False,11,100
3473448.68,"Rinascita Poleyns of Casting",True,"Hannish Certificate of Grade 2 Import",False,17,100
3473448.69,"Rinascita Shoes of Casting",True,"Hannish Certificate of Grade 2 Import",False,11,100
3473449.0,"Rinascita Earring of Fending",False,"Hannish Certificate of Grade 2 Import",False,2,100
3473449.1,"Rinascita Earring of Slaying",False,"Hannish Certificate of Grade 2 Import",False,2,100
3473449.2,"Rinascita Earring of Aiming",False,"Hannish Certificate of Grade 2 Import",False,2,100
3473449.3,"Rinascita Earring of Healing",False,"Hannish Certificate of Grade 2 Import",False,2,100
3473449.4,"Rinascita Earring of Casting",False,"Hannish Certificate of Grade 2 Import",False,2,100
3473449.5,"Rinascita Necklace of Fending",False,"Hannish Certificate of Grade 2 Import",False,2,100
3473449.6,"Rinascita Necklace of Slaying",False,"Hannish Certificate of Grade 2 Import",False,2,100
3473449.7,"Rinascita Necklace of Aiming",False,"Hannish Certificate of Grade 2 Import",False,2,100
3473449.8,"Rinascita Necklace of Healing",False,"Hannish Certificate of Grade 2 Import",False,2,100
3473449.9,"Rinascita Necklace of Casting",False,"Hannish Certificate of Grade 2 Import",False,2,100
3473449.10,"Rinascita Bracelet of Fending",False,"Hannish Certificate of Grade 2 Import",False,2,100
3473449.11,"Rinascita Bracelet of Slaying",False,"Hannish Certificate of Grade 2 Import",False,2,100
3473449.12,"Rinascita Bracelet of Aiming",False,"Hannish Certificate of Grade 2 Import",False,2,100
3473449.13,"Rinascita Bracelet of Healing",False,"Hannish Certificate of Grade 2 Import",False,2,100
3473449.14,"Rinascita Bracelet of Casting",False,"Hannish Certificate of Grade 2 Import",False,2,100
3473449.15,"Rinascita Ring of Fending",False,"Hannish Certificate of Grade 2 Import",False,2,100
3473449.16,"Rinascita Ring of Slaying",False,"Hannish Certificate of Grade 2 Import",False,2,100
3473449.17,"Rinascita Ring of Aiming",False,"Hannish Certificate of Grade 2 Import",False,2,100
3473449.18,"Rinascita Ring of Healing",False,"Hannish Certificate of Grade 2 Import",False,2,100
3473449.19,"Rinascita Ring of Casting",False,"Hannish Certificate of Grade 2 Import",False,2,100
3473449.20,"Rinascita Earring of Fending",True,"Hannish Certificate of Grade 2 Import",False,7,100
3473449.21,"Rinascita Earring of Slaying",True,"Hannish Certificate of Grade 2 Import",False,7,100
3473449.22,"Rinascita Earring of Aiming",True,"Hannish Certificate of Grade 2 Import",False,7,100
3473449.23,"Rinascita Earring of Healing",True,"Hannish Certificate of Grade 2 Import",False,7,100
3473449.24,"Rinascita Earring of Casting",True,"Hannish Certificate of Grade 2 Import",False,7,100
3473449.25,"Rinascita Necklace of Fending",True,"Hannish Certificate of Grade 2 Import",False,7,100
3473449.26,"Rinascita Necklace of Slaying",True,"Hannish Certificate of Grade 2 Import",False,7,100
3473449.27,"Rinascita Necklace of Aiming",True,"Hannish Certificate of Grade 2 Import",False,7,100
3473449.28,"Rinascita Necklace of Healing",True,"Hannish Certificate of Grade 2 Import",False,7,100
3473449.29,"Rinascita Necklace of Casting",True,"Hannish Certificate of Grade 2 Import",False,7,100
3473449.30,"Rinascita Bracelet of Fending",True,"Hannish Certificate of Grade 2 Import",False,7,100
3473449.31,"Rinascita Bracelet of Slaying",True,"Hannish Certificate of Grade 2 Import",False,7,100
3473449.32,"Rinascita Bracelet of Aiming",True,"Hannish Certificate of Grade 2 Import",False,7,100
3473449.33,"Rinascita Bracelet of Healing",True,"Hannish Certificate of Grade 2 Import",False,7,100
3473449.34,"Rinascita Bracelet of Casting",True,"Hannish Certificate of Grade 2 Import",False,7,100
3473449.35,"Rinascita Ring of Fending",True,"Hannish Certificate of Grade 2 Import",False,7,100
3473449.36,"Rinascita Ring of Slaying",True,"Hannish Certificate of Grade 2 Import",False,7,100
3473449.37,"Rinascita Ring of Aiming",True,"Hannish Certificate of Grade 2 Import",False,7,100
3473449.38,"Rinascita Ring of Healing",True,"Hannish Certificate of Grade 2 Import",False,7,100
3473449.39,"Rinascita Ring of Casting",True,"Hannish Certificate of Grade 2 Import",False,7,100
3473450.0,"Diadochos Sword",False,"Hannish Certificate of Grade 3 Import",False,3,100
3473450.1,"Diadochos Knuckles",False,"Hannish Certificate of Grade 3 Import",False,5,100
3473450.2,"Diadochos War Axe",False,"Hannish Certificate of Grade 3 Import",False,5,100
3473450.3,"Diadochos Spear",False,"Hannish Certificate of Grade 3 Import",False,5,100
3473450.4,"Diadochos Compound Bow",False,"Hannish Certificate of Grade 3 Import",False,5,100
3473450.5,"Diadochos Main Gauches",False,"Hannish Certificate of Grade 3 Import",False,5,100
3473450.6,"Diadochos Greatsword",False,"Hannish Certificate of Grade 3 Import",False,5,100
3473450.7,"Diadochos Revolver",False,"Hannish Certificate of Grade 3 Import",False,5,100
3473450.8,"Diadochos Cane",False,"Hannish Certificate of Grade 3 Import",False,5,100
3473450.9,"Diadochos Rod",False,"Hannish Certificate of Grade 3 Import",False,5,100
3473450.10,"Diadochos Index",False,"Hannish Certificate of Grade 3 Import",False,5,100
3473450.11,"Diadochos Codex",False,"Hannish Certificate of Grade 3 Import",False,5,100
3473450.12,"Diadochos Planisphere",False,"Hannish Certificate of Grade 3 Import",False,5,100
3473450.13,"Diadochos Blade",False,"Hannish Certificate of Grade 3 Import",False,5,100
3473450.14,"Diadochos Smallsword",False,"Hannish Certificate of Grade 3 Import",False,5,100
3473450.15,"Diadochos Gunblade",False,"Hannish Certificate of Grade 3 Import",False,5,100
3473450.16,"Diadochos Chakrams",False,"Hannish Certificate of Grade 3 Import",False,5,100
3473450.17,"Diadochos Wings",False,"Hannish Certificate of Grade 3 Import",False,5,100
3473450.18,"Diadochos Zaghnal",False,"Hannish Certificate of Grade 3 Import",False,5,100
3473450.19,"Diadochos Shield",False,"Hannish Certificate of Grade 3 Import",False,2,100
3473450.20,"Diadochos Sword",True,"Hannish Certificate of Grade 3 Import",False,10,100
3473450.21,"Diadochos Knuckles",True,"Hannish Certificate of Grade 3 Import",False,17,100
3473450.22,"Diadochos War Axe",True,"Hannish Certificate of Grade 3 Import",False,17,100
3473450.23,"Diadochos Spear",True,"Hannish Certificate of Grade 3 Import",False,17,100
3473450.24,"Diadochos Compound Bow",True,"Hannish Certificate of Grade 3 Import",False,17,100
3473450.25,"Diadochos Main Gauches",True,"Hannish Certificate of Grade 3 Import",False,17,100
3473450.26,"Diadochos Greatsword",True,"Hannish Certificate of Grade 3 Import",False,17,100
3473450.27,"Diadochos Revolver",True,"Hannish Certificate of Grade 3 Import",False,17,100
3473450.28,"Diadochos Cane",True,"Hannish Certificate of Grade 3 Import",False,17,100
3473450.29,"Diadochos Rod",True,"Hannish Certificate of Grade 3 Import",False,17,100
3473450.30,"Diadochos Index",True,"Hannish Certificate of Grade 3 Import",False,17,100
3473450.31,"Diadochos Codex",True,"Hannish Certificate of Grade 3 Import",False,17,100
3473450.32,"Diadochos Planisphere",True,"Hannish Certificate of Grade 3 Import",False,17,100
3473450.33,"Diadochos Blade",True,"Hannish Certificate of Grade 3 Import",False,17,100
3473450.34,"Diadochos Smallsword",True,"Hannish Certificate of Grade 3 Import",False,17,100
3473450.35,"Diadochos Gunblade",True,"Hannish Certificate of Grade 3 Import",False,17,100
3473450.36,"Diadochos Chakrams",True,"Hannish Certificate of Grade 3 Import",False,17,100
3473450.37,"Diadochos Wings",True,"Hannish Certificate of Grade 3 Import",False,17,100
3473450.38,"Diadochos Zaghnal",True,"Hannish Certificate of Grade 3 Import",False,17,100
3473450.39,"Diadochos Shield",True,"Hannish Certificate of Grade 3 Import",False,7,100
3473451.0,"Diadochos Headband of Fending",False,"Hannish Certificate of Grade 3 Import",False,3,100
3473451.1,"Diadochos Jacket of Fending",False,"Hannish Certificate of Grade 3 Import",False,5,100
3473451.2,"Diadochos Halfgloves of Fending",False,"Hannish Certificate of Grade 3 Import",False,3,100
3473451.3,"Diadochos Poleyns of Fending",False,"Hannish Certificate of Grade 3 Import",False,5,100
3473451.4,"Diadochos Boots of Fending",False,"Hannish Certificate of Grade 3 Import",False,3,100
3473451.5,"Diadochos Headband of Maiming",False,"Hannish Certificate of Grade 3 Import",False,3,100
3473451.6,"Diadochos Jacket of Maiming",False,"Hannish Certificate of Grade 3 Import",False,5,100
3473451.7,"Diadochos Halfgloves of Maiming",False,"Hannish Certificate of Grade 3 Import",False,3,100
3473451.8,"Diadochos Poleyns of Maiming",False,"Hannish Certificate of Grade 3 Import",False,5,100
3473451.9,"Diadochos Boots of Maiming",False,"Hannish Certificate of Grade 3 Import",False,3,100
3473451.10,"Diadochos Headband of Striking",False,"Hannish Certificate of Grade 3 Import",False,3,100
3473451.11,"Diadochos Jacket of Striking",False,"Hannish Certificate of Grade 3 Import",False,5,100
3473451.12,"Diadochos Gloves of Striking",False,"Hannish Certificate of Grade 3 Import",False,3,100
3473451.13,"Diadochos Bottoms of Striking",False,"Hannish Certificate of Grade 3 Import",False,5,100
3473451.14,"Diadochos Shoes of Striking",False,"Hannish Certificate of Grade 3 Import",False,3,100
3473451.15,"Diadochos Headband of Aiming",False,"Hannish Certificate of Grade 3 Import",False,3,100
3473451.16,"Diadochos Jacket of Aiming",False,"Hannish Certificate of Grade 3 Import",False,5,100
3473451.17,"Diadochos Halfgloves of Aiming",False,"Hannish Certificate of Grade 3 Import",False,3,100
3473451.18,"Diadochos Poleyns of Aiming",False,"Hannish Certificate of Grade 3 Import",False,5,100
3473451.19,"Diadochos Boots of Aiming",False,"Hannish Certificate of Grade 3 Import",False,3,100
3473451.20,"Diadochos Headband of Scouting",False,"Hannish Certificate of Grade 3 Import",False,3,100
3473451.21,"Diadochos Jacket of Scouting",False,"Hannish Certificate of Grade 3 Import",False,5,100
3473451.22,"Diadochos Gloves of Scouting",False,"Hannish Certificate of Grade 3 Import",False,3,100
3473451.23,"Diadochos Bottoms of Scouting",False,"Hannish Certificate of Grade 3 Import",False,5,100
3473451.24,"Diadochos Shoes of Scouting",False,"Hannish Certificate of Grade 3 Import",False,3,100
3473451.25,"Diadochos Beret of Healing",False,"Hannish Certificate of Grade 3 Import",False,3,100
3473451.26,"Diadochos Coat of Healing",False,"Hannish Certificate of Grade 3 Import",False,5,100
3473451.27,"Diadochos Armlets of Healing",False,"Hannish Certificate of Grade 3 Import",False,3,100
3473451.28,"Diadochos Bottoms of Healing",False,"Hannish Certificate of Grade 3 Import",False,5,100
3473451.29,"Diadochos Boots of Healing",False,"Hannish Certificate of Grade 3 Import",False,3,100
3473451.30,"Diadochos Beret of Casting",False,"Hannish Certificate of Grade 3 Import",False,3,100
3473451.31,"Diadochos Coat of Casting",False,"Hannish Certificate of Grade 3 Import",False,5,100
3473451.32,"Diadochos Armlets of Casting",False,"Hannish Certificate of Grade 3 Import",False,3,100
3473451.33,"Diadochos Bottoms of Casting",False,"Hannish Certificate of Grade 3 Import",False,5,100
3473451.34,"Diadochos Boots of Casting",False,"Hannish Certificate of Grade 3 Import",False,3,100
3473451.35,"Diadochos Headband of Fending",True,"Hannish Certificate of Grade 3 Import",False,11,100
3473451.36,"Diadochos Jacket of Fending",True,"Hannish Certificate of Grade 3 Import",False,17,100
3473451.37,"Diadochos Halfgloves of Fending",True,"Hannish Certificate of Grade 3 Import",False,11,100
3473451.38,"Diadochos Poleyns of Fending",True,"Hannish Certificate of Grade 3 Import",False,17,100
3473451.39,"Diadochos Boots of Fending",True,"Hannish Certificate of Grade 3 Import",False,11,100
3473451.40,"Diadochos Headband of Maiming",True,"Hannish Certificate of Grade 3 Import",False,11,100
3473451.41,"Diadochos Jacket of Maiming",True,"Hannish Certificate of Grade 3 Import",False,17,100
3473451.42,"Diadochos Halfgloves of Maiming",True,"Hannish Certificate of Grade 3 Import",False,11,100
3473451.43,"Diadochos Poleyns of Maiming",True,"Hannish Certificate of Grade 3 Import",False,17,100
3473451.44,"Diadochos Boots of Maiming",True,"Hannish Certificate of Grade 3 Import",False,11,100
3473451.45,"Diadochos Headband of Striking",True,"Hannish Certificate of Grade 3 Import",False,11,100
3473451.46,"Diadochos Jacket of Striking",True,"Hannish Certificate of Grade 3 Import",False,17,100
3473451.47,"Diadochos Gloves of Striking",True,"Hannish Certificate of Grade 3 Import",False,11,100
3473451.48,"Diadochos Bottoms of Striking",True,"Hannish Certificate of Grade 3 Import",False,17,100
3473451.49,"Diadochos Shoes of Striking",True,"Hannish Certificate of Grade 3 Import",False,11,100
3473451.50,"Diadochos Headband of Aiming",True,"Hannish Certificate of Grade 3 Import",False,11,100
3473451.51,"Diadochos Jacket of Aiming",True,"Hannish Certificate of Grade 3 Import",False,17,100
3473451.52,"Diadochos Halfgloves of Aiming",True,"Hannish Certificate of Grade 3 Import",False,11,100
3473451.53,"Diadochos Poleyns of Aiming",True,"Hannish Certificate of Grade 3 Import",False,17,100
3473451.54,"Diadochos Boots of Aiming",True,"Hannish Certificate of Grade 3 Import",False,11,100
3473451.55,"Diadochos Headband of Scouting",True,"Hannish Certificate of Grade 3 Import",False,11,100
3473451.56,"Diadochos Jacket of Scouting",True,"Hannish Certificate of Grade 3 Import",False,17,100
3473451.57,"Diadochos Gloves of Scouting",True,"Hannish Certificate of Grade 3 Import",False,11,100
3473451.58,"Diadochos Bottoms of Scouting",True,"Hannish Certificate of Grade 3 Import",False,17,100
3473451.59,"Diadochos Shoes of Scouting",True,"Hannish Certificate of Grade 3 Import",False,11,100
3473451.60,"Diadochos Beret of Healing",True,"Hannish Certificate of Grade 3 Import",False,11,100
3473451.61,"Diadochos Coat of Healing",True,"Hannish Certificate of Grade 3 Import",False,17,100
3473451.62,"Diadochos Armlets of Healing",True,"Hannish Certificate of Grade 3 Import",False,11,100
3473451.63,"Diadochos Bottoms of Healing",True,"Hannish Certificate of Grade 3 Import",False,17,100
3473451.64,"Diadochos Boots of Healing",True,"Hannish Certificate of Grade 3 Import",False,11,100
3473451.65,"Diadochos Beret of Casting",True,"Hannish Certificate of Grade 3 Import",False,11,100
3473451.66,"Diadochos Coat of Casting",True,"Hannish Certificate of Grade 3 Import",False,17,100
3473451.67,"Diadochos Armlets of Casting",True,"Hannish Certificate of Grade 3 Import",False,11,100
3473451.68,"Diadochos Bottoms of Casting",True,"Hannish Certificate of Grade 3 Import",False,17,100
3473451.69,"Diadochos Boots of Casting",True,"Hannish Certificate of Grade 3 Import",False,11,100
3473452.0,"Diadochos Earring of Fending",False,"Hannish Certificate of Grade 3 Import",False,2,100
3473452.1,"Diadochos Earring of Slaying",False,"Hannish Certificate of Grade 3 Import",False,2,100
3473452.2,"Diadochos Earring of Aiming",False,"Hannish Certificate of Grade 3 Import",False,2,100
3473452.3,"Diadochos Earring of Healing",False,"Hannish Certificate of Grade 3 Import",False,2,100
3473452.4,"Diadochos Earring of Casting",False,"Hannish Certificate of Grade 3 Import",False,2,100
3473452.5,"Diadochos Choker of Fending",False,"Hannish Certificate of Grade 3 Import",False,2,100
3473452.6,"Diadochos Choker of Slaying",False,"Hannish Certificate of Grade 3 Import",False,2,100
3473452.7,"Diadochos Choker of Aiming",False,"Hannish Certificate of Grade 3 Import",False,2,100
3473452.8,"Diadochos Choker of Healing",False,"Hannish Certificate of Grade 3 Import",False,2,100
3473452.9,"Diadochos Choker of Casting",False,"Hannish Certificate of Grade 3 Import",False,2,100
3473452.10,"Diadochos Wristband of Fending",False,"Hannish Certificate of Grade 3 Import",False,2,100
3473452.11,"Diadochos Wristband of Slaying",False,"Hannish Certificate of Grade 3 Import",False,2,100
3473452.12,"Diadochos Wristband of Aiming",False,"Hannish Certificate of Grade 3 Import",False,2,100
3473452.13,"Diadochos Wristband of Healing",False,"Hannish Certificate of Grade 3 Import",False,2,100
3473452.14,"Diadochos Wristband of Casting",False,"Hannish Certificate of Grade 3 Import",False,2,100
3473452.15,"Diadochos Ring of Fending",False,"Hannish Certificate of Grade 3 Import",False,2,100
3473452.16,"Diadochos Ring of Slaying",False,"Hannish Certificate of Grade 3 Import",False,2,100
3473452.17,"Diadochos Ring of Aiming",False,"Hannish Certificate of Grade 3 Import",False,2,100
3473452.18,"Diadochos Ring of Healing",False,"Hannish Certificate of Grade 3 Import",False,2,100
3473452.19,"Diadochos Ring of Casting",False,"Hannish Certificate of Grade 3 Import",False,2,100
3473452.20,"Diadochos Earring of Fending",True,"Hannish Certificate of Grade 3 Import",False,7,100
3473452.21,"Diadochos Earring of Slaying",True,"Hannish Certificate of Grade 3 Import",False,7,100
3473452.22,"Diadochos Earring of Aiming",True,"Hannish Certificate of Grade 3 Import",False,7,100
3473452.23,"Diadochos Earring of Healing",True,"Hannish Certificate of Grade 3 Import",False,7,100
3473452.24,"Diadochos Earring of Casting",True,"Hannish Certificate of Grade 3 Import",False,7,100
3473452.25,"Diadochos Choker of Fending",True,"Hannish Certificate of Grade 3 Import",False,7,100
3473452.26,"Diadochos Choker of Slaying",True,"Hannish Certificate of Grade 3 Import",False,7,100
3473452.27,"Diadochos Choker of Aiming",True,"Hannish Certificate of Grade 3 Import",False,7,100
3473452.28,"Diadochos Choker of Healing",True,"Hannish Certificate of Grade 3 Import",False,7,100
3473452.29,"Diadochos Choker of Casting",True,"Hannish Certificate of Grade 3 Import",False,7,100
3473452.30,"Diadochos Wristband of Fending",True,"Hannish Certificate of Grade 3 Import",False,7,100
3473452.31,"Diadochos Wristband of Slaying",True,"Hannish Certificate of Grade 3 Import",False,7,100
3473452.32,"Diadochos Wristband of Aiming",True,"Hannish Certificate of Grade 3 Import",False,7,100
3473452.33,"Diadochos Wristband of Healing",True,"Hannish Certificate of Grade 3 Import",False,7,100
3473452.34,"Diadochos Wristband of Casting",True,"Hannish Certificate of Grade 3 Import",False,7,100
3473452.35,"Diadochos Ring of Fending",True,"Hannish Certificate of Grade 3 Import",False,7,100
3473452.36,"Diadochos Ring of Slaying",True,"Hannish Certificate of Grade 3 Import",False,7,100
3473452.37,"Diadochos Ring of Aiming",True,"Hannish Certificate of Grade 3 Import",False,7,100
3473452.38,"Diadochos Ring of Healing",True,"Hannish Certificate of Grade 3 Import",False,7,100
3473452.39,"Diadochos Ring of Casting",True,"Hannish Certificate of Grade 3 Import",False,7,100
3473453.0,"Archeo Kingdom Broadsword",False,"Everkeep Certificate of Grade 1 Import",False,3,100
3473453.1,"Archeo Kingdom Patas",False,"Everkeep Certificate of Grade 1 Import",False,5,100
3473453.2,"Archeo Kingdom Labrys",False,"Everkeep Certificate of Grade 1 Import",False,5,100
3473453.3,"Archeo Kingdom Partisan",False,"Everkeep Certificate of Grade 1 Import",False,5,100
3473453.4,"Archeo Kingdom Bow",False,"Everkeep Certificate of Grade 1 Import",False,5,100
3473453.5,"Archeo Kingdom Candelarod",False,"Everkeep Certificate of Grade 1 Import",False,5,100
3473453.6,"Archeo Kingdom Scepter",False,"Everkeep Certificate of Grade 1 Import",False,5,100
3473453.7,"Archeo Kingdom Index",False,"Everkeep Certificate of Grade 1 Import",False,5,100
3473453.8,"Archeo Kingdom Codex",False,"Everkeep Certificate of Grade 1 Import",False,5,100
3473453.9,"Archeo Kingdom Daggers",False,"Everkeep Certificate of Grade 1 Import",False,5,100
3473453.10,"Archeo Kingdom Claymore",False,"Everkeep Certificate of Grade 1 Import",False,5,100
3473453.11,"Archeo Kingdom Culverin",False,"Everkeep Certificate of Grade 1 Import",False,5,100
3473453.12,"Archeo Kingdom Planisphere",False,"Everkeep Certificate of Grade 1 Import",False,5,100
3473453.13,"Archeo Kingdom Samurai Blade",False,"Everkeep Certificate of Grade 1 Import",False,5,100
3473453.14,"Archeo Kingdom Tuck",False,"Everkeep Certificate of Grade 1 Import",False,5,100
3473453.15,"Archeo Kingdom Gunblade",False,"Everkeep Certificate of Grade 1 Import",False,5,100
3473453.16,"Archeo Kingdom Chakrams",False,"Everkeep Certificate of Grade 1 Import",False,5,100
3473453.17,"Archeo Kingdom Sickle",False,"Everkeep Certificate of Grade 1 Import",False,5,100
3473453.18,"Archeo Kingdom Milpreves",False,"Everkeep Certificate of Grade 1 Import",False,5,100
3473453.19,"Archeo Kingdom Twinfangs",False,"Everkeep Certificate of Grade 1 Import",False,5,100
3473453.20,"Archeo Kingdom Round Brush",False,"Everkeep Certificate of Grade 1 Import",False,5,100
3473453.21,"Archeo Kingdom Scutum",False,"Everkeep Certificate of Grade 1 Import",False,2,100
3473453.22,"Archeo Kingdom Broadsword",True,"Everkeep Certificate of Grade 1 Import",False,10,100
3473453.23,"Archeo Kingdom Patas",True,"Everkeep Certificate of Grade 1 Import",False,17,100
3473453.24,"Archeo Kingdom Labrys",True,"Everkeep Certificate of Grade 1 Import",False,17,100
3473453.25,"Archeo Kingdom Partisan",True,"Everkeep Certificate of Grade 1 Import",False,17,100
3473453.26,"Archeo Kingdom Bow",True,"Everkeep Certificate of Grade 1 Import",False,17,100
3473453.27,"Archeo Kingdom Candelarod",True,"Everkeep Certificate of Grade 1 Import",False,17,100
3473453.28,"Archeo Kingdom Scepter",True,"Everkeep Certificate of Grade 1 Import",False,17,100
3473453.29,"Archeo Kingdom Index",True,"Everkeep Certificate of Grade 1 Import",False,17,100
3473453.30,"Archeo Kingdom Codex",True,"Everkeep Certificate of Grade 1 Import",False,17,100
3473453.31,"Archeo Kingdom Daggers",True,"Everkeep Certificate of Grade 1 Import",False,17,100
3473453.32,"Archeo Kingdom Claymore",True,"Everkeep Certificate of Grade 1 Import",False,17,100
3473453.33,"Archeo Kingdom Culverin",True,"Everkeep Certificate of Grade 1 Import",False,17,100
3473453.34,"Archeo Kingdom Planisphere",True,"Everkeep Certificate of Grade 1 Import",False,17,100
3473453.35,"Archeo Kingdom Samurai Blade",True,"Everkeep Certificate of Grade 1 Import",False,17,100
3473453.36,"Archeo Kingdom Tuck",True,"Everkeep Certificate of Grade 1 Import",False,17,100
3473453.37,"Archeo Kingdom Gunblade",True,"Everkeep Certificate of Grade 1 Import",False,17,100
3473453.38,"Archeo Kingdom Chakrams",True,"Everkeep Certificate of Grade 1 Import",False,17,100
3473453.39,"Archeo Kingdom Sickle",True,"Everkeep Certificate of Grade 1 Import",False,17,100
3473453.40,"Archeo Kingdom Milpreves",True,"Everkeep Certificate of Grade 1 Import",False,17,100
3473453.41,"Archeo Kingdom Twinfangs",True,"Everkeep Certificate of Grade 1 Import",False,17,100
3473453.42,"Archeo Kingdom Round Brush",True,"Everkeep Certificate of Grade 1 Import",False,17,100
3473453.43,"Archeo Kingdom Scutum",True,"Everkeep Certificate of Grade 1 Import",False,7,100
3473454.0,"Archeo Kingdom Helm of Fending",False,"Everkeep Certificate of Grade 1 Import",False,3,100
3473454.1,"Archeo Kingdom Cuirass of Fending",False,"Everkeep Certificate of Grade 1 Import",False,5,100
3473454.2,"Archeo Kingdom Vambraces of Fending",False,"Everkeep Certificate of Grade 1 Import",False,3,100
3473454.3,"Archeo Kingdom Poleyns of Fending",False,"Everkeep Certificate of Grade 1 Import",False,5,100
3473454.4,"Archeo Kingdom Sabatons of Fending",False,"Everkeep Certificate of Grade 1 Import",False,3,100
3473454.5,"Archeo Kingdom Helm of Maiming",False,"Everkeep Certificate of Grade 1 Import",False,3,100
3473454.6,"Archeo Kingdom Cuirass of Maiming",False,"Everkeep Certificate of Grade 1 Import",False,5,100
3473454.7,"Archeo Kingdom Vambraces of Maiming",False,"Everkeep Certificate of Grade 1 Import",False,3,100
3473454.8,"Archeo Kingdom Poleyns of Maiming",False,"Everkeep Certificate of Grade 1 Import",False,5,100
3473454.9,"Archeo Kingdom Sabatons of Maiming",False,"Everkeep Certificate of Grade 1 Import",False,3,100
3473454.10,"Archeo Kingdom Hood of Striking",False,"Everkeep Certificate of Grade 1 Import",False,3,100
3473454.11,"Archeo Kingdom Jacket of Striking",False,"Everkeep Certificate of Grade 1 Import",False,5,100
3473454.12,"Archeo Kingdom Armguards of Striking",False,"Everkeep Certificate of Grade 1 Import",False,3,100
3473454.13,"Archeo Kingdom Poleyns of Striking",False,"Everkeep Certificate of Grade 1 Import",False,5,100
3473454.14,"Archeo Kingdom Shoes of Striking",False,"Everkeep Certificate of Grade 1 Import",False,3,100
3473454.15,"Archeo Kingdom Beret of Aiming",False,"Everkeep Certificate of Grade 1 Import",False,3,100
3473454.16,"Archeo Kingdom Jacket of Aiming",False,"Everkeep Certificate of Grade 1 Import",False,5,100
3473454.17,"Archeo Kingdom Gloves of Aiming",False,"Everkeep Certificate of Grade 1 Import",False,3,100
3473454.18,"Archeo Kingdom Poleyns of Aiming",False,"Everkeep Certificate of Grade 1 Import",False,5,100
3473454.19,"Archeo Kingdom Sabatons of Aiming",False,"Everkeep Certificate of Grade 1 Import",False,3,100
3473454.20,"Archeo Kingdom Hood of Scouting",False,"Everkeep Certificate of Grade 1 Import",False,3,100
3473454.21,"Archeo Kingdom Jacket of Scouting",False,"Everkeep Certificate of Grade 1 Import",False,5,100
3473454.22,"Archeo Kingdom Armguards of Scouting",False,"Everkeep Certificate of Grade 1 Import",False,3,100
3473454.23,"Archeo Kingdom Poleyns of Scouting",False,"Everkeep Certificate of Grade 1 Import",False,5,100
3473454.24,"Archeo Kingdom Sabatons of Scouting",False,"Everkeep Certificate of Grade 1 Import",False,3,100
3473454.25,"Archeo Kingdom Beret of Healing",False,"Everkeep Certificate of Grade 1 Import",False,3,100
3473454.26,"Archeo Kingdom Coat of Healing",False,"Everkeep Certificate of Grade 1 Import",False,5,100
3473454.27,"Archeo Kingdom Gloves of Healing",False,"Everkeep Certificate of Grade 1 Import",False,3,100
3473454.28,"Archeo Kingdom Poleyns of Healing",False,"Everkeep Certificate of Grade 1 Import",False,5,100
3473454.29,"Archeo Kingdom Shoes of Healing",False,"Everkeep Certificate of Grade 1 Import",False,3,100
3473454.30,"Archeo Kingdom Hood of Casting",False,"Everkeep Certificate of Grade 1 Import",False,3,100
3473454.31,"Archeo Kingdom Coat of Casting",False,"Everkeep Certificate of Grade 1 Import",False,5,100
3473454.32,"Archeo Kingdom Armguards of Casting",False,"Everkeep Certificate of Grade 1 Import",False,3,100
3473454.33,"Archeo Kingdom Poleyns of Casting",False,"Everkeep Certificate of Grade 1 Import",False,5,100
3473454.34,"Archeo Kingdom Shoes of Casting",False,"Everkeep Certificate of Grade 1 Import",False,3,100
3473454.35,"Archeo Kingdom Helm of Fending",True,"Everkeep Certificate of Grade 1 Import",False,11,100
3473454.36,"Archeo Kingdom Cuirass of Fending",True,"Everkeep Certificate of Grade 1 Import",False,17,100
3473454.37,"Archeo Kingdom Vambraces of Fending",True,"Everkeep Certificate of Grade 1 Import",False,11,100
3473454.38,"Archeo Kingdom Poleyns of Fending",True,"Everkeep Certificate of Grade 1 Import",False,17,100
3473454.39,"Archeo Kingdom Sabatons of Fending",True,"Everkeep Certificate of Grade 1 Import",False,11,100
3473454.40,"Archeo Kingdom Helm of Maiming",True,"Everkeep Certificate of Grade 1 Import",False,11,100
3473454.41,"Archeo Kingdom Cuirass of Maiming",True,"Everkeep Certificate of Grade 1 Import",False,17,100
3473454.42,"Archeo Kingdom Vambraces of Maiming",True,"Everkeep Certificate of Grade 1 Import",False,11,100
3473454.43,"Archeo Kingdom Poleyns of Maiming",True,"Everkeep Certificate of Grade 1 Import",False,17,100
3473454.44,"Archeo Kingdom Sabatons of Maiming",True,"Everkeep Certificate of Grade 1 Import",False,11,100
3473454.45,"Archeo Kingdom Hood of Striking",True,"Everkeep Certificate of Grade 1 Import",False,11,100
3473454.46,"Archeo Kingdom Jacket of Striking",True,"Everkeep Certificate of Grade 1 Import",False,17,100
3473454.47,"Archeo Kingdom Armguards of Striking",True,"Everkeep Certificate of Grade 1 Import",False,11,100
3473454.48,"Archeo Kingdom Poleyns of Striking",True,"Everkeep Certificate of Grade 1 Import",False,17,100
3473454.49,"Archeo Kingdom Shoes of Striking",True,"Everkeep Certificate of Grade 1 Import",False,11,100
3473454.50,"Archeo Kingdom Beret of Aiming",True,"Everkeep Certificate of Grade 1 Import",False,11,100
3473454.51,"Archeo Kingdom Jacket of Aiming",True,"Everkeep Certificate of Grade 1 Import",False,17,100
3473454.52,"Archeo Kingdom Gloves of Aiming",True,"Everkeep Certificate of Grade 1 Import",False,11,100
3473454.53,"Archeo Kingdom Poleyns of Aiming",True,"Everkeep Certificate of Grade 1 Import",False,17,100
3473454.54,"Archeo Kingdom Sabatons of Aiming",True,"Everkeep Certificate of Grade 1 Import",False,11,100
3473454.55,"Archeo Kingdom Hood of Scouting",True,"Everkeep Certificate of Grade 1 Import",False,11,100
3473454.56,"Archeo Kingdom Jacket of Scouting",True,"Everkeep Certificate of Grade 1 Import",False,17,100
3473454.57,"Archeo Kingdom Armguards of Scouting",True,"Everkeep Certificate of Grade 1 Import",False,11,100
3473454.58,"Archeo Kingdom Poleyns of Scouting",True,"Everkeep Certificate of Grade 1 Import",False,17,100
3473454.59,"Archeo Kingdom Sabatons of Scouting",True,"Everkeep Certificate of Grade 1 Import",False,11,100
3473454.60,"Archeo Kingdom Beret of Healing",True,"Everkeep Certificate of Grade 1 Import",False,11,100
3473454.61,"Archeo Kingdom Coat of Healing",True,"Everkeep Certificate of Grade 1 Import",False,17,100
3473454.62,"Archeo Kingdom Gloves of Healing",True,"Everkeep Certificate of Grade 1 Import",False,11,100
3473454.63,"Archeo Kingdom Poleyns of Healing",True,"Everkeep Certificate of Grade 1 Import",False,17,100
3473454.64,"Archeo Kingdom Shoes of Healing",True,"Everkeep Certificate of Grade 1 Import",False,11,100
3473454.65,"Archeo Kingdom Hood of Casting",True,"Everkeep Certificate of Grade 1 Import",False,11,100
3473454.66,"Archeo Kingdom Coat of Casting",True,"Everkeep Certificate of Grade 1 Import",False,17,100
3473454.67,"Archeo Kingdom Armguards of Casting",True,"Everkeep Certificate of Grade 1 Import",False,11,100
3473454.68,"Archeo Kingdom Poleyns of Casting",True,"Everkeep Certificate of Grade 1 Import",False,17,100
3473454.69,"Archeo Kingdom Shoes of Casting",True,"Everkeep Certificate of Grade 1 Import",False,11,100
3473455.0,"Archeo Kingdom Earrings of Fending",False,"Everkeep Certificate of Grade 1 Import",False,2,100
3473455.1,"Archeo Kingdom Earrings of Slaying",False,"Everkeep Certificate of Grade 1 Import",False,2,100
3473455.2,"Archeo Kingdom Earrings of Aiming",False,"Everkeep Certificate of Grade 1 Import",False,2,100
3473455.3,"Archeo Kingdom Earrings of Healing",False,"Everkeep Certificate of Grade 1 Import",False,2,100
3473455.4,"Archeo Kingdom Earrings of Casting",False,"Everkeep Certificate of Grade 1 Import",False,2,100
3473455.5,"Archeo Kingdom Choker of Fending",False,"Everkeep Certificate of Grade 1 Import",False,2,100
3473455.6,"Archeo Kingdom Choker of Slaying",False,"Everkeep Certificate of Grade 1 Import",False,2,100
3473455.7,"Archeo Kingdom Choker of Aiming",False,"Everkeep Certificate of Grade 1 Import",False,2,100
3473455.8,"Archeo Kingdom Choker of Healing",False,"Everkeep Certificate of Grade 1 Import",False,2,100
3473455.9,"Archeo Kingdom Choker of Casting",False,"Everkeep Certificate of Grade 1 Import",False,2,100
3473455.10,"Archeo Kingdom Wristband of Fending",False,"Everkeep Certificate of Grade 1 Import",False,2,100
3473455.11,"Archeo Kingdom Wristband of Slaying",False,"Everkeep Certificate of Grade 1 Import",False,2,100
3473455.12,"Archeo Kingdom Wristband of Aiming",False,"Everkeep Certificate of Grade 1 Import",False,2,100
3473455.13,"Archeo Kingdom Wristband of Healing",False,"Everkeep Certificate of Grade 1 Import",False,2,100
3473455.14,"Archeo Kingdom Wristband of Casting",False,"Everkeep Certificate of Grade 1 Import",False,2,100
3473455.15,"Archeo Kingdom Ring of Fending",False,"Everkeep Certificate of Grade 1 Import",False,2,100
3473455.16,"Archeo Kingdom Ring of Slaying",False,"Everkeep Certificate of Grade 1 Import",False,2,100
3473455.17,"Archeo Kingdom Ring of Aiming",False,"Everkeep Certificate of Grade 1 Import",False,2,100
3473455.18,"Archeo Kingdom Ring of Healing",False,"Everkeep Certificate of Grade 1 Import",False,2,100
3473455.19,"Archeo Kingdom Ring of Casting",False,"Everkeep Certificate of Grade 1 Import",False,2,100
3473455.20,"Archeo Kingdom Earrings of Fending",True,"Everkeep Certificate of Grade 1 Import",False,7,100
3473455.21,"Archeo Kingdom Earrings of Slaying",True,"Everkeep Certificate of Grade 1 Import",False,7,100
3473455.22,"Archeo Kingdom Earrings of Aiming",True,"Everkeep Certificate of Grade 1 Import",False,7,100
3473455.23,"Archeo Kingdom Earrings of Healing",True,"Everkeep Certificate of Grade 1 Import",False,7,100
3473455.24,"Archeo Kingdom Earrings of Casting",True,"Everkeep Certificate of Grade 1 Import",False,7,100
3473455.25,"Archeo Kingdom Choker of Fending",True,"Everkeep Certificate of Grade 1 Import",False,7,100
3473455.26,"Archeo Kingdom Choker of Slaying",True,"Everkeep Certificate of Grade 1 Import",False,7,100
3473455.27,"Archeo Kingdom Choker of Aiming",True,"Everkeep Certificate of Grade 1 Import",False,7,100
3473455.28,"Archeo Kingdom Choker of Healing",True,"Everkeep Certificate of Grade 1 Import",False,7,100
3473455.29,"Archeo Kingdom Choker of Casting",True,"Everkeep Certificate of Grade 1 Import",False,7,100
3473455.30,"Archeo Kingdom Wristband of Fending",True,"Everkeep Certificate of Grade 1 Import",False,7,100
3473455.31,"Archeo Kingdom Wristband of Slaying",True,"Everkeep Certificate of Grade 1 Import",False,7,100
3473455.32,"Archeo Kingdom Wristband of Aiming",True,"Everkeep Certificate of Grade 1 Import",False,7,100
3473455.33,"Archeo Kingdom Wristband of Healing",True,"Everkeep Certificate of Grade 1 Import",False,7,100
3473455.34,"Archeo Kingdom Wristband of Casting",True,"Everkeep Certificate of Grade 1 Import",False,7,100
3473455.35,"Archeo Kingdom Ring of Fending",True,"Everkeep Certificate of Grade 1 Import",False,7,100
3473455.36,"Archeo Kingdom Ring of Slaying",True,"Everkeep Certificate of Grade 1 Import",False,7,100
3473455.37,"Archeo Kingdom Ring of Aiming",True,"Everkeep Certificate of Grade 1 Import",False,7,100
3473455.38,"Archeo Kingdom Ring of Healing",True,"Everkeep Certificate of Grade 1 Import",False,7,100
3473455.39,"Archeo Kingdom Ring of Casting",True,"Everkeep Certificate of Grade 1 Import",False,7,100
3473456.0,"Ceremonial Shamshir",False,"Everkeep Certificate of Grade 2 Import",False,3,100
3473456.1,"Ceremonial Sainti",False,"Everkeep Certificate of Grade 2 Import",False,5,100
3473456.2,"Ceremonial Bardiche",False,"Everkeep Certificate of Grade 2 Import",False,5,100
3473456.3,"Ceremonial Couse",False,"Everkeep Certificate of Grade 2 Import",False,5,100
3473456.4,"Ceremonial Shortbow",False,"Everkeep Certificate of Grade 2 Import",False,5,100
3473456.5,"Ceremonial Wand",False,"Everkeep Certificate of Grade 2 Import",False,5,100
3473456.6,"Ceremonial Longpole",False,"Everkeep Certificate of Grade 2 Import",False,5,100
3473456.7,"Ceremonial Grimoire",False,"Everkeep Certificate of Grade 2 Import",False,5,100
3473456.8,"Ceremonial Codex",False,"Everkeep Certificate of Grade 2 Import",False,5,100
3473456.9,"Ceremonial Cleavers",False,"Everkeep Certificate of Grade 2 Import",False,5,100
3473456.10,"Ceremonial Claymore",False,"Everkeep Certificate of Grade 2 Import",False,5,100
3473456.11,"Ceremonial Culverin",False,"Everkeep Certificate of Grade 2 Import",False,5,100
3473456.12,"Ceremonial Torquetum",False,"Everkeep Certificate of Grade 2 Import",False,5,100
3473456.13,"Ceremonial Tulwar",False,"Everkeep Certificate of Grade 2 Import",False,5,100
3473456.14,"Ceremonial Smallsword",False,"Everkeep Certificate of Grade 2 Import",False,5,100
3473456.15,"Ceremonial Gunblade",False,"Everkeep Certificate of Grade 2 Import",False,5,100
3473456.16,"Ceremonial Chakrams",False,"Everkeep Certificate of Grade 2 Import",False,5,100
3473456.17,"Ceremonial War Scythe",False,"Everkeep Certificate of Grade 2 Import",False,5,100
3473456.18,"Ceremonial Pendulums",False,"Everkeep Certificate of Grade 2 Import",False,5,100
3473456.19,"Ceremonial Saberfangs",False,"Everkeep Certificate of Grade 2 Import",False,5,100
3473456.20,"Ceremonial Flat Brush",False,"Everkeep Certificate of Grade 2 Import",False,5,100
3473456.21,"Ceremonial Pelta",False,"Everkeep Certificate of Grade 2 Import",False,2,100
3473456.22,"Ceremonial Shamshir",True,"Everkeep Certificate of Grade 2 Import",False,10,100
3473456.23,"Ceremonial Sainti",True,"Everkeep Certificate of Grade 2 Import",False,17,100
3473456.24,"Ceremonial Bardiche",True,"Everkeep Certificate of Grade 2 Import",False,17,100
3473456.25,"Ceremonial Couse",True,"Everkeep Certificate of Grade 2 Import",False,17,100
3473456.26,"Ceremonial Shortbow",True,"Everkeep Certificate of Grade 2 Import",False,17,100
3473456.27,"Ceremonial Wand",True,"Everkeep Certificate of Grade 2 Import",False,17,100
3473456.28,"Ceremonial Longpole",True,"Everkeep Certificate of Grade 2 Import",False,17,100
3473456.29,"Ceremonial Grimoire",True,"Everkeep Certificate of Grade 2 Import",False,17,100
3473456.30,"Ceremonial Codex",True,"Everkeep Certificate of Grade 2 Import",False,17,100
3473456.31,"Ceremonial Cleavers",True,"Everkeep Certificate of Grade 2 Import",False,17,100
3473456.32,"Ceremonial Claymore",True,"Everkeep Certificate of Grade 2 Import",False,17,100
3473456.33,"Ceremonial Culverin",True,"Everkeep Certificate of Grade 2 Import",False,17,100
3473456.34,"Ceremonial Torquetum",True,"Everkeep Certificate of Grade 2 Import",False,17,100
3473456.35,"Ceremonial Tulwar",True,"Everkeep Certificate of Grade 2 Import",False,17,100
3473456.36,"Ceremonial Smallsword",True,"Everkeep Certificate of Grade 2 Import",False,17,100
3473456.37,"Ceremonial Gunblade",True,"Everkeep Certificate of Grade 2 Import",False,17,100
3473456.38,"Ceremonial Chakrams",True,"Everkeep Certificate of Grade 2 Import",False,17,100
3473456.39,"Ceremonial War Scythe",True,"Everkeep Certificate of Grade 2 Import",False,17,100
3473456.40,"Ceremonial Pendulums",True,"Everkeep Certificate of Grade 2 Import",False,17,100
3473456.41,"Ceremonial Saberfangs",True,"Everkeep Certificate of Grade 2 Import",False,17,100
3473456.42,"Ceremonial Flat Brush",True,"Everkeep Certificate of Grade 2 Import",False,17,100
3473456.43,"Ceremonial Pelta",True,"Everkeep Certificate of Grade 2 Import",False,7,100
3473457.0,"Ceremonial Longcap of Fending",False,"Everkeep Certificate of Grade 2 Import",False,3,100
3473457.1,"Ceremonial Corselet of Fending",False,"Everkeep Certificate of Grade 2 Import",False,5,100
3473457.2,"Ceremonial Vambraces of Fending",False,"Everkeep Certificate of Grade 2 Import",False,3,100
3473457.3,"Ceremonial Hose of Fending",False,"Everkeep Certificate of Grade 2 Import",False,5,100
3473457.4,"Ceremonial Greaves of Fending",False,"Everkeep Certificate of Grade 2 Import",False,3,100
3473457.5,"Ceremonial Longcap of Maiming",False,"Everkeep Certificate of Grade 2 Import",False,3,100
3473457.6,"Ceremonial Corselet of Maiming",False,"Everkeep Certificate of Grade 2 Import",False,5,100
3473457.7,"Ceremonial Vambraces of Maiming",False,"Everkeep Certificate of Grade 2 Import",False,3,100
3473457.8,"Ceremonial Hose of Maiming",False,"Everkeep Certificate of Grade 2 Import",False,5,100
3473457.9,"Ceremonial Greaves of Maiming",False,"Everkeep Certificate of Grade 2 Import",False,3,100
3473457.10,"Ceremonial Longcap of Striking",False,"Everkeep Certificate of Grade 2 Import",False,3,100
3473457.11,"Ceremonial Vest of Striking",False,"Everkeep Certificate of Grade 2 Import",False,5,100
3473457.12,"Ceremonial Armguards of Striking",False,"Everkeep Certificate of Grade 2 Import",False,3,100
3473457.13,"Ceremonial Culottes of Striking",False,"Everkeep Certificate of Grade 2 Import",False,5,100
3473457.14,"Ceremonial Crakows of Striking",False,"Everkeep Certificate of Grade 2 Import",False,3,100
3473457.15,"Ceremonial Longcap of Aiming",False,"Everkeep Certificate of Grade 2 Import",False,3,100
3473457.16,"Ceremonial Vest of Aiming",False,"Everkeep Certificate of Grade 2 Import",False,5,100
3473457.17,"Ceremonial Armguards of Aiming",False,"Everkeep Certificate of Grade 2 Import",False,3,100
3473457.18,"Ceremonial Culottes of Aiming",False,"Everkeep Certificate of Grade 2 Import",False,5,100
3473457.19,"Ceremonial Crakows of Aiming",False,"Everkeep Certificate of Grade 2 Import",False,3,100
3473457.20,"Ceremonial Longcap of Scouting",False,"Everkeep Certificate of Grade 2 Import",False,3,100
3473457.21,"Ceremonial Vest of Scouting",False,"Everkeep Certificate of Grade 2 Import",False,5,100
3473457.22,"Ceremonial Armguards of Scouting",False,"Everkeep Certificate of Grade 2 Import",False,3,100
3473457.23,"Ceremonial Culottes of Scouting",False,"Everkeep Certificate of Grade 2 Import",False,5,100
3473457.24,"Ceremonial Crakows of Scouting",False,"Everkeep Certificate of Grade 2 Import",False,3,100
3473457.25,"Ceremonial Hood of Healing",False,"Everkeep Certificate of Grade 2 Import",False,3,100
3473457.26,"Ceremonial Tunic of Healing",False,"Everkeep Certificate of Grade 2 Import",False,5,100
3473457.27,"Ceremonial Gloves of Healing",False,"Everkeep Certificate of Grade 2 Import",False,3,100
3473457.28,"Ceremonial Hose of Healing",False,"Everkeep Certificate of Grade 2 Import",False,5,100
3473457.29,"Ceremonial Thighboots of Healing",False,"Everkeep Certificate of Grade 2 Import",False,3,100
3473457.30,"Ceremonial Hood of Casting",False,"Everkeep Certificate of Grade 2 Import",False,3,100
3473457.31,"Ceremonial Tunic of Casting",False,"Everkeep Certificate of Grade 2 Import",False,5,100
3473457.32,"Ceremonial Gloves of Casting",False,"Everkeep Certificate of Grade 2 Import",False,3,100
3473457.33,"Ceremonial Hose of Casting",False,"Everkeep Certificate of Grade 2 Import",False,5,100
3473457.34,"Ceremonial Thighboots of Casting",False,"Everkeep Certificate of Grade 2 Import",False,3,100
3473457.35,"Ceremonial Longcap of Fending",True,"Everkeep Certificate of Grade 2 Import",False,11,100
3473457.36,"Ceremonial Corselet of Fending",True,"Everkeep Certificate of Grade 2 Import",False,17,100
3473457.37,"Ceremonial Vambraces of Fending",True,"Everkeep Certificate of Grade 2 Import",False,11,100
3473457.38,"Ceremonial Hose of Fending",True,"Everkeep Certificate of Grade 2 Import",False,17,100
3473457.39,"Ceremonial Greaves of Fending",True,"Everkeep Certificate of Grade 2 Import",False,11,100
3473457.40,"Ceremonial Longcap of Maiming",True,"Everkeep Certificate of Grade 2 Import",False,11,100
3473457.41,"Ceremonial Corselet of Maiming",True,"Everkeep Certificate of Grade 2 Import",False,17,100
3473457.42,"Ceremonial Vambraces of Maiming",True,"Everkeep Certificate of Grade 2 Import",False,11,100
3473457.43,"Ceremonial Hose of Maiming",True,"Everkeep Certificate of Grade 2 Import",False,17,100
3473457.44,"Ceremonial Greaves of Maiming",True,"Everkeep Certificate of Grade 2 Import",False,11,100
3473457.45,"Ceremonial Longcap of Striking",True,"Everkeep Certificate of Grade 2 Import",False,11,100
3473457.46,"Ceremonial Vest of Striking",True,"Everkeep Certificate of Grade 2 Import",False,17,100
3473457.47,"Ceremonial Armguards of Striking",True,"Everkeep Certificate of Grade 2 Import",False,11,100
3473457.48,"Ceremonial Culottes of Striking",True,"Everkeep Certificate of Grade 2 Import",False,17,100
3473457.49,"Ceremonial Crakows of Striking",True,"Everkeep Certificate of Grade 2 Import",False,11,100
3473457.50,"Ceremonial Longcap of Aiming",True,"Everkeep Certificate of Grade 2 Import",False,11,100
3473457.51,"Ceremonial Vest of Aiming",True,"Everkeep Certificate of Grade 2 Import",False,17,100
3473457.52,"Ceremonial Armguards of Aiming",True,"Everkeep Certificate of Grade 2 Import",False,11,100
3473457.53,"Ceremonial Culottes of Aiming",True,"Everkeep Certificate of Grade 2 Import",False,17,100
3473457.54,"Ceremonial Crakows of Aiming",True,"Everkeep Certificate of Grade 2 Import",False,11,100
3473457.55,"Ceremonial Longcap of Scouting",True,"Everkeep Certificate of Grade 2 Import",False,11,100
3473457.56,"Ceremonial Vest of Scouting",True,"Everkeep Certificate of Grade 2 Import",False,17,100
3473457.57,"Ceremonial Armguards of Scouting",True,"Everkeep Certificate of Grade 2 Import",False,11,100
3473457.58,"Ceremonial Culottes of Scouting",True,"Everkeep Certificate of Grade 2 Import",False,17,100
3473457.59,"Ceremonial Crakows of Scouting",True,"Everkeep Certificate of Grade 2 Import",False,11,100
3473457.60,"Ceremonial Hood of Healing",True,"Everkeep Certificate of Grade 2 Import",False,11,100
3473457.61,"Ceremonial Tunic of Healing",True,"Everkeep Certificate of Grade 2 Import",False,17,100
3473457.62,"Ceremonial Gloves of Healing",True,"Everkeep Certificate of Grade 2 Import",False,11,100
3473457.63,"Ceremonial Hose of Healing",True,"Everkeep Certificate of Grade 2 Import",False,17,100
3473457.64,"Ceremonial Thighboots of Healing",True,"Everkeep Certificate of Grade 2 Import",False,11,100
3473457.65,"Ceremonial Hood of Casting",True,"Everkeep Certificate of Grade 2 Import",False,11,100
3473457.66,"Ceremonial Tunic of Casting",True,"Everkeep Certificate of Grade 2 Import",False,17,100
3473457.67,"Ceremonial Gloves of Casting",True,"Everkeep Certificate of Grade 2 Import",False,11,100
3473457.68,"Ceremonial Hose of Casting",True,"Everkeep Certificate of Grade 2 Import",False,17,100
3473457.69,"Ceremonial Thighboots of Casting",True,"Everkeep Certificate of Grade 2 Import",False,11,100
3473458.0,"Ceremonial Earring of Fending",False,"Everkeep Certificate of Grade 2 Import",False,2,100
3473458.1,"Ceremonial Earring of Slaying",False,"Everkeep Certificate of Grade 2 Import",False,2,100
3473458.2,"Ceremonial Earring of Aiming",False,"Everkeep Certificate of Grade 2 Import",False,2,100
3473458.3,"Ceremonial Earring of Healing",False,"Everkeep Certificate of Grade 2 Import",False,2,100
3473458.4,"Ceremonial Earring of Casting",False,"Everkeep Certificate of Grade 2 Import",False,2,100
3473458.5,"Ceremonial Necklace of Fending",False,"Everkeep Certificate of Grade 2 Import",False,2,100
3473458.6,"Ceremonial Necklace of Slaying",False,"Everkeep Certificate of Grade 2 Import",False,2,100
3473458.7,"Ceremonial Necklace of Aiming",False,"Everkeep Certificate of Grade 2 Import",False,2,100
3473458.8,"Ceremonial Necklace of Healing",False,"Everkeep Certificate of Grade 2 Import",False,2,100
3473458.9,"Ceremonial Necklace of Casting",False,"Everkeep Certificate of Grade 2 Import",False,2,100
3473458.10,"Ceremonial Bangle of Fending",False,"Everkeep Certificate of Grade 2 Import",False,2,100
3473458.11,"Ceremonial Bangle of Slaying",False,"Everkeep Certificate of Grade 2 Import",False,2,100
3473458.12,"Ceremonial Bangle of Aiming",False,"Everkeep Certificate of Grade 2 Import",False,2,100
3473458.13,"Ceremonial Bangle of Healing",False,"Everkeep Certificate of Grade 2 Import",False,2,100
3473458.14,"Ceremonial Bangle of Casting",False,"Everkeep Certificate of Grade 2 Import",False,2,100
3473458.15,"Ceremonial Ring of Fending",False,"Everkeep Certificate of Grade 2 Import",False,2,100
3473458.16,"Ceremonial Ring of Slaying",False,"Everkeep Certificate of Grade 2 Import",False,2,100
3473458.17,"Ceremonial Ring of Aiming",False,"Everkeep Certificate of Grade 2 Import",False,2,100
3473458.18,"Ceremonial Ring of Healing",False,"Everkeep Certificate of Grade 2 Import",False,2,100
3473458.19,"Ceremonial Ring of Casting",False,"Everkeep Certificate of Grade 2 Import",False,2,100
3473458.20,"Ceremonial Earring of Fending",True,"Everkeep Certificate of Grade 2 Import",False,7,100
3473458.21,"Ceremonial Earring of Slaying",True,"Everkeep Certificate of Grade 2 Import",False,7,100
3473458.22,"Ceremonial Earring of Aiming",True,"Everkeep Certificate of Grade 2 Import",False,7,100
3473458.23,"Ceremonial Earring of Healing",True,"Everkeep Certificate of Grade 2 Import",False,7,100
3473458.24,"Ceremonial Earring of Casting",True,"Everkeep Certificate of Grade 2 Import",False,7,100
3473458.25,"Ceremonial Necklace of Fending",True,"Everkeep Certificate of Grade 2 Import",False,7,100
3473458.26,"Ceremonial Necklace of Slaying",True,"Everkeep Certificate of Grade 2 Import",False,7,100
3473458.27,"Ceremonial Necklace of Aiming",True,"Everkeep Certificate of Grade 2 Import",False,7,100
3473458.28,"Ceremonial Necklace of Healing",True,"Everkeep Certificate of Grade 2 Import",False,7,100
3473458.29,"Ceremonial Necklace of Casting",True,"Everkeep Certificate of Grade 2 Import",False,7,100
3473458.30,"Ceremonial Bangle of Fending",True,"Everkeep Certificate of Grade 2 Import",False,7,100
3473458.31,"Ceremonial Bangle of Slaying",True,"Everkeep Certificate of Grade 2 Import",False,7,100
3473458.32,"Ceremonial Bangle of Aiming",True,"Everkeep Certificate of Grade 2 Import",False,7,100
3473458.33,"Ceremonial Bangle of Healing",True,"Everkeep Certificate of Grade 2 Import",False,7,100
3473458.34,"Ceremonial Bangle of Casting",True,"Everkeep Certificate of Grade 2 Import",False,7,100
3473458.35,"Ceremonial Ring of Fending",True,"Everkeep Certificate of Grade 2 Import",False,7,100
3473458.36,"Ceremonial Ring of Slaying",True,"Everkeep Certificate of Grade 2 Import",False,7,100
3473458.37,"Ceremonial Ring of Aiming",True,"Everkeep Certificate of Grade 2 Import",False,7,100
3473458.38,"Ceremonial Ring of Healing",True,"Everkeep Certificate of Grade 2 Import",False,7,100
3473458.39,"Ceremonial Ring of Casting",True,"Everkeep Certificate of Grade 2 Import",False,7,100
3473459.0,"Courtly Lover's Sword",False,"Everkeep Certificate of Grade 3 Import",False,3,100
3473459.1,"Courtly Lover's Baghnakhs",False,"Everkeep Certificate of Grade 3 Import",False,5,100
3473459.2,"Courtly Lover's Labrys",False,"Everkeep Certificate of Grade 3 Import",False,5,100
3473459.3,"Courtly Lover's Partisan",False,"Everkeep Certificate of Grade 3 Import",False,5,100
3473459.4,"Courtly Lover's Longbow",False,"Everkeep Certificate of Grade 3 Import",False,5,100
3473459.5,"Courtly Lover's Cane",False,"Everkeep Certificate of Grade 3 Import",False,5,100
3473459.6,"Courtly Lover's Scepter",False,"Everkeep Certificate of Grade 3 Import",False,5,100
3473459.7,"Courtly Lover's Index",False,"Everkeep Certificate of Grade 3 Import",False,5,100
3473459.8,"Courtly Lover's Codex",False,"Everkeep Certificate of Grade 3 Import",False,5,100
3473459.9,"Courtly Lover's Daggers",False,"Everkeep Certificate of Grade 3 Import",False,5,100
3473459.10,"Courtly Lover's Greatsword",False,"Everkeep Certificate of Grade 3 Import",False,5,100
3473459.11,"Courtly Lover's Pistol",False,"Everkeep Certificate of Grade 3 Import",False,5,100
3473459.12,"Courtly Lover's Astrometer",False,"Everkeep Certificate of Grade 3 Import",False,5,100
3473459.13,"Courtly Lover's Blade",False,"Everkeep Certificate of Grade 3 Import",False,5,100
3473459.14,"Courtly Lover's Rapier",False,"Everkeep Certificate of Grade 3 Import",False,5,100
3473459.15,"Courtly Lover's Gunblade",False,"Everkeep Certificate of Grade 3 Import",False,5,100
3473459.16,"Courtly Lover's War Quoits",False,"Everkeep Certificate of Grade 3 Import",False,5,100
3473459.17,"Courtly Lover's War Scythe",False,"Everkeep Certificate of Grade 3 Import",False,5,100
3473459.18,"Courtly Lover's Pendulums",False,"Everkeep Certificate of Grade 3 Import",False,5,100
3473459.19,"Courtly Lover's Twinfangs",False,"Everkeep Certificate of Grade 3 Import",False,5,100
3473459.20,"Courtly Lover's Filbert Brush",False,"Everkeep Certificate of Grade 3 Import",False,5,100
3473459.21,"Courtly Lover's Shield",False,"Everkeep Certificate of Grade 3 Import",False,2,100
3473459.22,"Courtly Lover's Sword",True,"Everkeep Certificate of Grade 3 Import",False,10,100
3473459.23,"Courtly Lover's Baghnakhs",True,"Everkeep Certificate of Grade 3 Import",False,17,100
3473459.24,"Courtly Lover's Labrys",True,"Everkeep Certificate of Grade 3 Import",False,17,100
3473459.25,"Courtly Lover's Partisan",True,"Everkeep Certificate of Grade 3 Import",False,17,100
3473459.26,"Courtly Lover's Longbow",True,"Everkeep Certificate of Grade 3 Import",False,17,100
3473459.27,"Courtly Lover's Cane",True,"Everkeep Certificate of Grade 3 Import",False,17,100
3473459.28,"Courtly Lover's Scepter",True,"Everkeep Certificate of Grade 3 Import",False,17,100
3473459.29,"Courtly Lover's Index",True,"Everkeep Certificate of Grade 3 Import",False,17,100
3473459.30,"Courtly Lover's Codex",True,"Everkeep Certificate of Grade 3 Import",False,17,100
3473459.31,"Courtly Lover's Daggers",True,"Everkeep Certificate of Grade 3 Import",False,17,100
3473459.32,"Courtly Lover's Greatsword",True,"Everkeep Certificate of Grade 3 Import",False,17,100
3473459.33,"Courtly Lover's Pistol",True,"Everkeep Certificate of Grade 3 Import",False,17,100
3473459.34,"Courtly Lover's Astrometer",True,"Everkeep Certificate of Grade 3 Import",False,17,100
3473459.35,"Courtly Lover's Blade",True,"Everkeep Certificate of Grade 3 Import",False,17,100
3473459.36,"Courtly Lover's Rapier",True,"Everkeep Certificate of Grade 3 Import",False,17,100
3473459.37,"Courtly Lover's Gunblade",True,"Everkeep Certificate of Grade 3 Import",False,17,100
3473459.38,"Courtly Lover's War Quoits",True,"Everkeep Certificate of Grade 3 Import",False,17,100
3473459.39,"Courtly Lover's War Scythe",True,"Everkeep Certificate of Grade 3 Import",False,17,100
3473459.40,"Courtly Lover's Pendulums",True,"Everkeep Certificate of Grade 3 Import",False,17,100
3473459.41,"Courtly Lover's Twinfangs",True,"Everkeep Certificate of Grade 3 Import",False,17,100
3473459.42,"Courtly Lover's Filbert Brush",True,"Everkeep Certificate of Grade 3 Import",False,17,100
3473459.43,"Courtly Lover's Shield",True,"Everkeep Certificate of Grade 3 Import",False,7,100
3473460.0,"Courtly Lover's Hairpin of Fending",False,"Everkeep Certificate of Grade 3 Import",False,3,100
3473460.1,"Courtly Lover's Surcoat of Fending",False,"Everkeep Certificate of Grade 3 Import",False,5,100
3473460.2,"Courtly Lover's Gauntlets of Fending",False,"Everkeep Certificate of Grade 3 Import",False,3,100
3473460.3,"Courtly Lover's Breeches of Fending",False,"Everkeep Certificate of Grade 3 Import",False,5,100
3473460.4,"Courtly Lover's Boots of Fending",False,"Everkeep Certificate of Grade 3 Import",False,3,100
3473460.5,"Courtly Lover's Hairpin of Maiming",False,"Everkeep Certificate of Grade 3 Import",False,3,100
3473460.6,"Courtly Lover's Surcoat of Maiming",False,"Everkeep Certificate of Grade 3 Import",False,5,100
3473460.7,"Courtly Lover's Gauntlets of Maiming",False,"Everkeep Certificate of Grade 3 Import",False,3,100
3473460.8,"Courtly Lover's Breeches of Maiming",False,"Everkeep Certificate of Grade 3 Import",False,5,100
3473460.9,"Courtly Lover's Boots of Maiming",False,"Everkeep Certificate of Grade 3 Import",False,3,100
3473460.10,"Courtly Lover's Temple Chain of Striking",False,"Everkeep Certificate of Grade 3 Import",False,3,100
3473460.11,"Courtly Lover's Cloak of Striking",False,"Everkeep Certificate of Grade 3 Import",False,5,100
3473460.12,"Courtly Lover's Armguards of Striking",False,"Everkeep Certificate of Grade 3 Import",False,3,100
3473460.13,"Courtly Lover's Brais of Striking",False,"Everkeep Certificate of Grade 3 Import",False,5,100
3473460.14,"Courtly Lover's Boots of Striking",False,"Everkeep Certificate of Grade 3 Import",False,3,100
3473460.15,"Courtly Lover's Hairpin of Aiming",False,"Everkeep Certificate of Grade 3 Import",False,3,100
3473460.16,"Courtly Lover's Shirt of Aiming",False,"Everkeep Certificate of Grade 3 Import",False,5,100
3473460.17,"Courtly Lover's Halfgloves of Aiming",False,"Everkeep Certificate of Grade 3 Import",False,3,100
3473460.18,"Courtly Lover's Trousers of Aiming",False,"Everkeep Certificate of Grade 3 Import",False,5,100
3473460.19,"Courtly Lover's Shoes of Aiming",False,"Everkeep Certificate of Grade 3 Import",False,3,100
3473460.20,"Courtly Lover's Hairpin of Scouting",False,"Everkeep Certificate of Grade 3 Import",False,3,100
3473460.21,"Courtly Lover's Shirt of Scouting",False,"Everkeep Certificate of Grade 3 Import",False,5,100
3473460.22,"Courtly Lover's Halfgloves of Scouting",False,"Everkeep Certificate of Grade 3 Import",False,3,100
3473460.23,"Courtly Lover's Trousers of Scouting",False,"Everkeep Certificate of Grade 3 Import",False,5,100
3473460.24,"Courtly Lover's Shoes of Scouting",False,"Everkeep Certificate of Grade 3 Import",False,3,100
3473460.25,"Courtly Lover's Hood of Healing",False,"Everkeep Certificate of Grade 3 Import",False,3,100
3473460.26,"Courtly Lover's Longcoat of Healing",False,"Everkeep Certificate of Grade 3 Import",False,5,100
3473460.27,"Courtly Lover's Gloves of Healing",False,"Everkeep Certificate of Grade 3 Import",False,3,100
3473460.28,"Courtly Lover's Pantaloons of Healing",False,"Everkeep Certificate of Grade 3 Import",False,5,100
3473460.29,"Courtly Lover's Shoes of Healing",False,"Everkeep Certificate of Grade 3 Import",False,3,100
3473460.30,"Courtly Lover's Hood of Casting",False,"Everkeep Certificate of Grade 3 Import",False,3,100
3473460.31,"Courtly Lover's Longcoat of Casting",False,"Everkeep Certificate of Grade 3 Import",False,5,100
3473460.32,"Courtly Lover's Gloves of Casting",False,"Everkeep Certificate of Grade 3 Import",False,3,100
3473460.33,"Courtly Lover's Pantaloons of Casting",False,"Everkeep Certificate of Grade 3 Import",False,5,100
3473460.34,"Courtly Lover's Shoes of Casting",False,"Everkeep Certificate of Grade 3 Import",False,3,100
3473460.35,"Courtly Lover's Hairpin of Fending",True,"Everkeep Certificate of Grade 3 Import",False,11,100
3473460.36,"Courtly Lover's Surcoat of Fending",True,"Everkeep Certificate of Grade 3 Import",False,17,100
3473460.37,"Courtly Lover's Gauntlets of Fending",True,"Everkeep Certificate of Grade 3 Import",False,11,100
3473460.38,"Courtly Lover's Breeches of Fending",True,"Everkeep Certificate of Grade 3 Import",False,17,100
3473460.39,"Courtly Lover's Boots of Fending",True,"Everkeep Certificate of Grade 3 Import",False,11,100
3473460.40,"Courtly Lover's Hairpin of Maiming",True,"Everkeep Certificate of Grade 3 Import",False,11,100
3473460.41,"Courtly Lover's Surcoat of Maiming",True,"Everkeep Certificate of Grade 3 Import",False,17,100
3473460.42,"Courtly Lover's Gauntlets of Maiming",True,"Everkeep Certificate of Grade 3 Import",False,11,100
3473460.43,"Courtly Lover's Breeches of Maiming",True,"Everkeep Certificate of Grade 3 Import",False,17,100
3473460.44,"Courtly Lover's Boots of Maiming",True,"Everkeep Certificate of Grade 3 Import",False,11,100
3473460.45,"Courtly Lover's Temple Chain of Striking",True,"Everkeep Certificate of Grade 3 Import",False,11,100
3473460.46,"Courtly Lover's Cloak of Striking",True,"Everkeep Certificate of Grade 3 Import",False,17,100
3473460.47,"Courtly Lover's Armguards of Striking",True,"Everkeep Certificate of Grade 3 Import",False,11,100
3473460.48,"Courtly Lover's Brais of Striking",True,"Everkeep Certificate of Grade 3 Import",False,17,100
3473460.49,"Courtly Lover's Boots of Striking",True,"Everkeep Certificate of Grade 3 Import",False,11,100
3473460.50,"Courtly Lover's Hairpin of Aiming",True,"Everkeep Certificate of Grade 3 Import",False,11,100
3473460.51,"Courtly Lover's Shirt of Aiming",True,"Everkeep Certificate of Grade 3 Import",False,17,100
3473460.52,"Courtly Lover's Halfgloves of Aiming",True,"Everkeep Certificate of Grade 3 Import",False,11,100
3473460.53,"Courtly Lover's Trousers of Aiming",True,"Everkeep Certificate of Grade 3 Import",False,17,100
3473460.54,"Courtly Lover's Shoes of Aiming",True,"Everkeep Certificate of Grade 3 Import",False,11,100
3473460.55,"Courtly Lover's Hairpin of Scouting",True,"Everkeep Certificate of Grade 3 Import",False,11,100
3473460.56,"Courtly Lover's Shirt of Scouting",True,"Everkeep Certificate of Grade 3 Import",False,17,100
3473460.57,"Courtly Lover's Halfgloves of Scouting",True,"Everkeep Certificate of Grade 3 Import",False,11,100
3473460.58,"Courtly Lover's Trousers of Scouting",True,"Everkeep Certificate of Grade 3 Import",False,17,100
3473460.59,"Courtly Lover's Shoes of Scouting",True,"Everkeep Certificate of Grade 3 Import",False,11,100
3473460.60,"Courtly Lover's Hood of Healing",True,"Everkeep Certificate of Grade 3 Import",False,11,100
3473460.61,"Courtly Lover's Longcoat of Healing",True,"Everkeep Certificate of Grade 3 Import",False,17,100
3473460.62,"Courtly Lover's Gloves of Healing",True,"Everkeep Certificate of Grade 3 Import",False,11,100
3473460.63,"Courtly Lover's Pantaloons of Healing",True,"Everkeep Certificate of Grade 3 Import",False,17,100
3473460.64,"Courtly Lover's Shoes of Healing",True,"Everkeep Certificate of Grade 3 Import",False,11,100
3473460.65,"Courtly Lover's Hood of Casting",True,"Everkeep Certificate of Grade 3 Import",False,11,100
3473460.66,"Courtly Lover's Longcoat of Casting",True,"Everkeep Certificate of Grade 3 Import",False,17,100
3473460.67,"Courtly Lover's Gloves of Casting",True,"Everkeep Certificate of Grade 3 Import",False,11,100
3473460.68,"Courtly Lover's Pantaloons of Casting",True,"Everkeep Certificate of Grade 3 Import",False,17,100
3473460.69,"Courtly Lover's Shoes of Casting",True,"Everkeep Certificate of Grade 3 Import",False,11,100
3473461.0,"Courtly Lover's Earrings of Fending",False,"Everkeep Certificate of Grade 3 Import",False,2,100
3473461.1,"Courtly Lover's Earrings of Slaying",False,"Everkeep Certificate of Grade 3 Import",False,2,100
3473461.2,"Courtly Lover's Earrings of Aiming",False,"Everkeep Certificate of Grade 3 Import",False,2,100
3473461.3,"Courtly Lover's Earrings of Healing",False,"Everkeep Certificate of Grade 3 Import",False,2,100
3473461.4,"Courtly Lover's Earrings of Casting",False,"Everkeep Certificate of Grade 3 Import",False,2,100
3473461.5,"Courtly Lover's Choker of Fending",False,"Everkeep Certificate of Grade 3 Import",False,2,100
3473461.6,"Courtly Lover's Choker of Slaying",False,"Everkeep Certificate of Grade 3 Import",False,2,100
3473461.7,"Courtly Lover's Choker of Aiming",False,"Everkeep Certificate of Grade 3 Import",False,2,100
3473461.8,"Courtly Lover's Choker of Healing",False,"Everkeep Certificate of Grade 3 Import",False,2,100
3473461.9,"Courtly Lover's Choker of Casting",False,"Everkeep Certificate of Grade 3 Import",False,2,100
3473461.10,"Courtly Lover's Wristlet of Fending",False,"Everkeep Certificate of Grade 3 Import",False,2,100
3473461.11,"Courtly Lover's Wristlet of Slaying",False,"Everkeep Certificate of Grade 3 Import",False,2,100
3473461.12,"Courtly Lover's Wristlet of Aiming",False,"Everkeep Certificate of Grade 3 Import",False,2,100
3473461.13,"Courtly Lover's Wristlet of Healing",False,"Everkeep Certificate of Grade 3 Import",False,2,100
3473461.14,"Courtly Lover's Wristlet of Casting",False,"Everkeep Certificate of Grade 3 Import",False,2,100
3473461.15,"Courtly Lover's Ring of Fending",False,"Everkeep Certificate of Grade 3 Import",False,2,100
3473461.16,"Courtly Lover's Ring of Slaying",False,"Everkeep Certificate of Grade 3 Import",False,2,100
3473461.17,"Courtly Lover's Ring of Aiming",False,"Everkeep Certificate of Grade 3 Import",False,2,100
3473461.18,"Courtly Lover's Ring of Healing",False,"Everkeep Certificate of Grade 3 Import",False,2,100
3473461.19,"Courtly Lover's Ring of Casting",False,"Everkeep Certificate of Grade 3 Import",False,2,100
3473461.20,"Courtly Lover's Earrings of Fending",True,"Everkeep Certificate of Grade 3 Import",False,7,100
3473461.21,"Courtly Lover's Earrings of Slaying",True,"Everkeep Certificate of Grade 3 Import",False,7,100
3473461.22,"Courtly Lover's Earrings of Aiming",True,"Everkeep Certificate of Grade 3 Import",False,7,100
3473461.23,"Courtly Lover's Earrings of Healing",True,"Everkeep Certificate of Grade 3 Import",False,7,100
3473461.24,"Courtly Lover's Earrings of Casting",True,"Everkeep Certificate of Grade 3 Import",False,7,100
3473461.25,"Courtly Lover's Choker of Fending",True,"Everkeep Certificate of Grade 3 Import",False,7,100
3473461.26,"Courtly Lover's Choker of Slaying",True,"Everkeep Certificate of Grade 3 Import",False,7,100
3473461.27,"Courtly Lover's Choker of Aiming",True,"Everkeep Certificate of Grade 3 Import",False,7,100
3473461.28,"Courtly Lover's Choker of Healing",True,"Everkeep Certificate of Grade 3 Import",False,7,100
3473461.29,"Courtly Lover's Choker of Casting",True,"Everkeep Certificate of Grade 3 Import",False,7,100
3473461.30,"Courtly Lover's Wristlet of Fending",True,"Everkeep Certificate of Grade 3 Import",False,7,100
3473461.31,"Courtly Lover's Wristlet of Slaying",True,"Everkeep Certificate of Grade 3 Import",False,7,100
3473461.32,"Courtly Lover's Wristlet of Aiming",True,"Everkeep Certificate of Grade 3 Import",False,7,100
3473461.33,"Courtly Lover's Wristlet of Healing",True,"Everkeep Certificate of Grade 3 Import",False,7,100
3473461.34,"Courtly Lover's Wristlet of Casting",True,"Everkeep Certificate of Grade 3 Import",False,7,100
3473461.35,"Courtly Lover's Ring of Fending",True,"Everkeep Certificate of Grade 3 Import",False,7,100
3473461.36,"Courtly Lover's Ring of Slaying",True,"Everkeep Certificate of Grade 3 Import",False,7,100
3473461.37,"Courtly Lover's Ring of Aiming",True,"Everkeep Certificate of Grade 3 Import",False,7,100
3473461.38,"Courtly Lover's Ring of Healing",True,"Everkeep Certificate of Grade 3 Import",False,7,100
3473461.39,"Courtly Lover's Ring of Casting",True,"Everkeep Certificate of Grade 3 Import",False,7,100
3473462.0,"",False,"",False,10,100
3473462.1,"",False,"",False,10,100
3473462.2,"",False,"",False,10,100
3473462.3,"",False,"",False,10,100
3473462.4,"",False,"",False,10,100
3473462.5,"",False,"",False,10,100
3473462.6,"",False,"",False,10,100
3473462.7,"",False,"",False,10,100
3473462.8,"",False,"",False,10,100
3473462.9,"",False,"",False,10,100
3473462.10,"",False,"",False,10,100
3473462.11,"",False,"",False,10,100
3473462.12,"",False,"",False,10,100
3473462.13,"",False,"",False,10,100
3473462.14,"",False,"",False,10,100
3473462.15,"",False,"",False,10,100
3473462.16,"",False,"",False,10,100
3473462.17,"",False,"",False,10,100
3473462.18,"",False,"",False,10,100
3473462.19,"",False,"",False,10,100
3473462.20,"",False,"",False,10,100
3473462.21,"",False,"",False,10,100
3473462.22,"",False,"",False,300,100
3473463.0,"Blue Pigment",False,"All-purpose Pigment",False,1,100
3473463.1,"Red Pigment",False,"All-purpose Pigment",False,1,100
3473463.2,"Yellow Pigment",False,"All-purpose Pigment",False,1,100
3473463.3,"Grey Pigment",False,"All-purpose Pigment",False,1,100
3473463.4,"Brown Pigment",False,"All-purpose Pigment",False,1,100
3473463.5,"Green Pigment",False,"All-purpose Pigment",False,1,100
3473463.6,"Purple Pigment",False,"All-purpose Pigment",False,1,100
