key,0,1,2,3,4,5,6,7,8,9,10,11,12,13,14,15,16,17,18,19,20,21,22,23,24,25,26,27,28,29,30,31,32,33,34,35,36,37,38,39,40,41,42,43,44,45,46,47,48,49,50,51,52,53,54,55,56,57,58,59,60,61,62,63,64,65,66,67,68,69,70,71
#,InstanceContentType,,TimeLimit{min},,BGM,WinBGM,Cutscene,LGBEventRange,Order,Colosseum,,InstanceContentTextData{Boss}{Start},InstanceContentTextData{Boss}{End},BNpcBase{Boss},InstanceContentTextData{Objective}{Start},InstanceContentTextData{Objective}{End},SortKey,NewPlayerBonusGil,NewPlayerBonusExp,NewPlayerBonusA,NewPlayerBonusB,FinalBossExp,,,FinalBossCurrencyA,FinalBossCurrencyB,FinalBossCurrencyC,BossExp[0],BossExp[1],BossExp[2],BossExp[3],BossExp[4],BossCurrencyA[0],BossCurrencyA[1],BossCurrencyA[2],BossCurrencyA[3],BossCurrencyA[4],BossCurrencyB[0],BossCurrencyB[1],BossCurrencyB[2],BossCurrencyB[3],BossCurrencyB[4],BossCurrencyC[0],BossCurrencyC[1],BossCurrencyC[2],BossCurrencyC[3],BossCurrencyC[4],InstanceClearExp,InstanceClearGil,InstanceContentRewardItem,,,,InstanceContentBuff,,ReqInstance,PartyCondition,,,WeekRestriction,,,,,,,,,,,,
int32,InstanceContentType,byte,uint16,bit&01,BGM,BGM,Cutscene,uint32,uint16,Colosseum,uint32,InstanceContentTextData,InstanceContentTextData,BNpcBase,InstanceContentTextData,InstanceContentTextData,uint32,uint32,uint16,uint16,uint32,byte,uint32,uint16,uint16,uint16,uint32,uint32,uint32,uint32,uint32,uint16,uint16,uint16,uint16,uint16,uint16,uint16,uint16,uint16,uint16,uint16,uint16,uint16,uint16,uint16,uint32,uint32,uint32,InstanceContentRewardItem,bit&01,uint32,int32,InstanceContentBuff,uint32,InstanceContent,byte,byte,byte,byte,byte,bit&08,uint16,uint16,uint16,byte,uint16,uint16,bit&10,uint16,uint16,bit&20
0,"InstanceContentType#0",0,60,False,"","music/ffxiv/BGM_System_WinLoop.scd","",0,0,"Colosseum#0",0,"","","BNpcBase#0","","",0,0,0,0,0,0,0,0,0,0,0,0,0,0,0,0,0,0,0,0,0,0,0,0,0,0,0,0,0,0,0,0,0,"InstanceContentRewardItem#100",False,0,0,"InstanceContentBuff#0",0,,0,0,0,0,0,False,0,0,0,0,0,0,False,0,0,False
1,"InstanceContentType#2",0,90,False,"","music/ffxiv/BGM_System_WinLoop.scd","ffxiv/dunfst/dunfst1r110/dunfst1r110",9083612,1,"Colosseum#0",0,"",,,"Defeat Graffias","Defeat <SheetEn(BNpcName,2,IntegerParameter(1),1,1)/>",3400,3600,0,0,18230,0,32400,0,0,0,8100,14180,0,0,0,0,0,0,0,0,0,0,0,0,0,0,0,0,0,0,40500,550,0,"InstanceContentRewardItem#100",False,0,0,"InstanceContentBuff#1",0,,0,0,0,0,0,False,0,83,46,5,14,0,False,0,0,True
2,"InstanceContentType#2",0,90,False,"","music/ffxiv/BGM_System_WinLoop.scd","ffxiv/dunfst/dunfst1d110/dunfst1d110",1958540,2,"Colosseum#0",1003,"Come hither, children of the dawn. The undying master will drink deep tonight!","","BNpcBase#1000","Come hither, children of the dawn. The undying master will drink deep tonight!","Exit alone.",2600,2200,0,0,13480,0,19600,0,0,0,3680,3680,3680,0,0,0,0,0,0,0,0,0,0,0,0,0,0,0,0,0,24500,400,78,"InstanceContentRewardItem#100",False,0,0,"InstanceContentBuff#1",0,,0,0,0,0,0,False,0,0,0,5,15,0,False,0,0,True
3,"InstanceContentType#2",0,90,False,"","music/ffxiv/BGM_System_WinLoop.scd","ffxiv/dunwil/dunwil1d110/dunwil1d110",2790145,3,"Colosseum#0",2704,"NEVER AGAIN! NEVER!","","BNpcBase#2700","NEVER AGAIN! NEVER!","Exit with party.",2700,2700,0,0,13640,0,24200,0,0,0,6060,10610,0,0,0,0,0,0,0,0,0,0,0,0,0,0,0,0,0,0,30300,400,0,"InstanceContentRewardItem#100",False,0,0,"InstanceContentBuff#1",0,,0,0,0,0,0,False,0,0,0,5,16,0,False,0,0,True
4,"InstanceContentType#2",0,90,False,"","music/ffxiv/BGM_System_WinLoop.scd","ffxiv/dunsea/dunsea1d110/dunsea1d110",3283219,4,"Colosseum#0",2504,"The Lord of the Whorl shhhall sssup upon your sssouls!",,"BNpcBase#2500","The Lord of the Whorl shhhall sssup upon your sssouls!","Exit <Highlight>ObjectParameter(56)</Highlight>?",2500,2100,0,0,12925,0,18800,0,0,0,3525,3525,3525,0,0,0,0,0,0,0,0,0,0,0,0,0,0,0,0,0,23500,400,6,"InstanceContentRewardItem#100",False,0,0,"InstanceContentBuff#1",0,,0,0,0,0,0,False,0,0,0,5,17,0,False,0,0,True
5,"InstanceContentType#2",0,90,False,"","music/ffxiv/BGM_System_WinLoop.scd","ffxiv/dunroc/dunroc1r210/dunroc1r210",3619405,5,"Colosseum#0",0,"",,"BNpcBase#2900","Defeat the morbol bed keepers","",5700,10300,0,0,51620,0,91800,0,0,0,22940,40150,0,0,0,0,0,0,0,0,0,0,0,0,0,0,0,0,0,0,114700,2400,4,"InstanceContentRewardItem#100",False,0,0,"InstanceContentBuff#1",0,,0,0,0,0,0,False,0,0,0,5,18,0,False,0,0,True
6,"InstanceContentType#2",0,90,False,"","music/ffxiv/BGM_System_WinLoop.scd","ffxiv/dunfst/dunfst1d210/dunfst1d210",3633039,6,"Colosseum#0",0,"",,"BNpcBase#1100","Find the yellow key","???",3800,4300,0,0,21960,0,39000,0,0,0,9760,17080,0,0,0,0,0,0,0,0,0,0,0,0,0,0,0,0,0,0,48800,700,11,"InstanceContentRewardItem#100",False,0,0,"InstanceContentBuff#1",0,,0,0,0,0,0,False,0,0,0,5,19,0,False,0,0,True
7,"InstanceContentType#2",0,90,False,"","music/ffxiv/BGM_System_WinLoop.scd","ffxiv/dunwil/dunwil1d210/dunwil1d210",4097951,7,"Colosseum#0",0,"",,"BNpcBase#2405","Clear the Hall of the Secutores","Remain here.",3000,3100,0,0,15620,0,27800,0,0,0,6940,12150,0,0,0,0,0,0,0,0,0,0,0,0,0,0,0,0,0,0,34700,450,0,"InstanceContentRewardItem#100",False,0,0,"InstanceContentBuff#1",0,,0,0,0,0,0,False,0,184,0,5,20,0,False,0,0,True
8,"InstanceContentType#2",0,90,False,"","music/ffxiv/BGM_System_WinLoop.scd","ffxiv/dunsea/dunsea1d210/dunsea1d210",3998421,8,"Colosseum#0",0,"",,"BNpcBase#2400","Arrive in the heart of the Longstop","Duty Progress",4200,5300,0,0,26960,0,47900,0,0,0,11980,20970,0,0,0,0,0,0,0,0,0,0,0,0,0,0,0,0,0,0,59900,900,0,"InstanceContentRewardItem#100",False,0,0,"InstanceContentBuff#1",0,,0,0,0,0,0,False,0,81,0,5,21,0,False,0,0,True
9,"InstanceContentType#2",0,90,False,"","music/ffxiv/BGM_System_WinLoop.scd","ffxiv/dunwil/dunwil1d310/dunwil1d310",4064743,9,"Colosseum#0",0,"",,"BNpcBase#3500","A statuette has already been placed.","Leave duty?",4500,6200,0,0,31320,0,55700,0,0,0,13920,24360,0,0,0,0,0,0,0,0,0,0,0,0,0,0,0,0,0,0,69600,1200,0,"InstanceContentRewardItem#100",False,0,0,"InstanceContentBuff#1",0,,0,0,0,0,0,False,0,204,0,5,22,0,False,0,0,True
10,"InstanceContentType#2",0,90,False,"","music/ffxiv/BGM_System_WinLoop.scd","ffxiv/dunsea/dunsea1d310/dunsea1d310",4177426,10,"Colosseum#0",0,"",,"BNpcBase#2800","Obtain lantern oil","",0,0,30,0,24460,0,0,10,0,0,10870,19030,0,0,0,4,6,0,0,0,0,0,0,0,0,0,0,0,0,0,135900,3000,2,"InstanceContentRewardItem#40",False,0,0,"InstanceContentBuff#1",0,,0,0,0,0,0,False,0,0,0,0,23,0,False,0,0,True
11,"InstanceContentType#2",0,90,False,"","music/ffxiv/BGM_System_WinLoop.scd","ffxiv/dunroc/dunroc1d110/dunroc1d110",4239689,11,"Colosseum#0",0,"",,"BNpcBase#4400","Defeat Isgebind","Starting Point",5100,8400,0,0,42390,0,75400,0,0,0,18840,32970,0,0,0,0,0,0,0,0,0,0,0,0,0,0,0,0,0,0,94200,1800,14,"InstanceContentRewardItem#100",False,0,0,"InstanceContentBuff#1",0,,0,0,0,0,0,False,0,0,44,5,24,0,False,0,0,True
12,"InstanceContentType#2",0,90,False,"","music/ffxiv/BGM_System_WinLoop.scd","ffxiv/dunwil/dunwil1r110/dunwil1r110",3690171,12,"Colosseum#0",0,"",,"BNpcBase#3400","Clear the Sunken Antechamber","Select a destination.
Current Location: <Highlight>StringParameter(1)</Highlight>",4800,7500,0,0,37850,0,67300,0,0,0,16820,29440,0,0,0,0,0,0,0,0,0,0,0,0,0,0,0,0,0,0,84100,1500,13,"InstanceContentRewardItem#100",False,0,0,"InstanceContentBuff#1",0,,0,0,0,0,0,False,0,0,0,5,25,0,False,0,0,True
13,"InstanceContentType#2",0,90,False,"","music/ffxiv/BGM_System_WinLoop.scd","ffxiv/dunroc/dunroc1r110/dunroc1r110",4229622,13,"Colosseum#0",0,"",,"BNpcBase#2904","Deactivate the level IV magitek field","Cancel",5400,8900,0,0,44820,0,79700,0,0,0,19920,34860,0,0,0,0,0,0,0,0,0,0,0,0,0,0,0,0,0,0,99600,2100,5,"InstanceContentRewardItem#100",False,0,0,"InstanceContentBuff#1",0,,0,0,0,0,0,False,0,0,0,5,26,0,False,0,0,True
14,"InstanceContentType#2",0,90,False,"","music/ffxiv/BGM_System_WinLoop.scd","ffxiv/dunfst/dunfst1d310/dunfst1d310",4246570,14,"Colosseum#0",0,"",,"BNpcBase#4500","Defeat Anantaboga","",0,0,30,0,27520,0,0,10,0,0,12230,21400,0,0,0,4,6,0,0,0,0,0,0,0,0,0,0,0,0,0,135900,3000,9,"InstanceContentRewardItem#45",False,0,0,"InstanceContentBuff#1",0,,0,0,0,0,0,False,0,0,0,0,27,0,False,0,0,True
15,"InstanceContentType#2",0,90,False,"music/ffxiv/BGM_Con_Teikoku_01.scd","music/ffxiv/BGM_System_WinLoop.scd","ffxiv/dunwil/dunwil1d401/dunwil1d401",9088363,15,"Colosseum#0",0,"","",,"How can this be...? R-Reinforcements! We need more reinforcements!","",0,0,100,0,77666,0,0,100,0,0,34518,60407,0,0,0,0,0,0,0,0,0,0,0,0,0,0,0,0,0,0,135900,3000,16,"InstanceContentRewardItem#80",False,0,0,"InstanceContentBuff#1",0,,0,0,0,0,0,False,0,86,47,5,28,0,False,0,0,True
16,"InstanceContentType#2",0,120,False,"music/ffxiv/BGM_Con_Teikoku_02.scd","music/ffxiv/BGM_System_WinLoop.scd","ffxiv/dunwil/dunwil1d502/dunwil1d502",9058465,16,"Colosseum#0",0,"","",,"Here it is. If you'd care to take the van, I'll follow after I've had a look around.","",0,0,100,0,159000,0,0,200,0,0,24460,14680,17120,0,29350,0,0,0,0,0,0,0,0,0,0,0,0,0,0,0,135900,3000,17,"InstanceContentRewardItem#180",False,0,0,"InstanceContentBuff#1",0,,0,0,0,58,0,False,0,77,49,0,0,0,False,0,0,True
17,"InstanceContentType#2",0,90,False,,"music/ffxiv/BGM_System_WinLoop.scd","ffxiv/dunsea/dunsea1d410/dunsea1d410",4378111,17,"Colosseum#0",0,"",,"BNpcBase#4600","L-Land!? Land ho! Diamanda, I've come...urgh...home...","",0,0,40,0,27520,0,0,15,0,0,12230,21400,0,0,0,5,10,0,0,0,0,0,0,0,0,0,0,0,0,0,135900,3000,8,"InstanceContentRewardItem#45",False,0,0,"InstanceContentBuff#1",0,,0,0,0,0,0,False,0,0,0,0,30,0,False,0,0,True
18,"InstanceContentType#2",0,90,False,"music/ffxiv/BGM_Rade_01.scd","music/ffxiv/BGM_System_WinLoop.scd","ffxiv/dunwil/dunwil1d610/dunwil1d610",4481318,18,"Colosseum#0",0,"",,"BNpcBase#4800","CUTE WRIGGLY-WIGGLIES!
CRUSH PUNY ONES!","",0,0,40,0,27520,0,0,15,0,0,12230,21400,0,0,0,5,10,0,0,0,0,0,0,0,0,0,0,0,0,0,135900,3000,69,"InstanceContentRewardItem#45",False,0,0,"InstanceContentBuff#1",0,,0,0,0,0,0,False,0,0,0,0,31,0,False,0,0,True
19,"InstanceContentType#2",0,90,False,"music/ffxiv/BGM_Rade_01.scd","music/ffxiv/BGM_System_WinLoop.scd","ffxiv/dunfst/dunfst1d410/dunfst1d410",4497567,19,"Colosseum#0",0,"",,"BNpcBase#5000","Tiny Keys","",0,0,40,0,27520,0,0,15,0,0,12230,21400,0,0,0,5,10,0,0,0,0,0,0,0,0,0,0,0,0,0,135900,3000,12,"InstanceContentRewardItem#45",False,0,0,"InstanceContentBuff#1",0,,0,0,0,0,0,False,0,0,0,0,32,0,False,0,0,True
20,"InstanceContentType#2",0,90,False,"music/ffxiv/BGM_Rade_01.scd","music/ffxiv/BGM_System_WinLoop.scd","ffxiv/dunsea/dunsea1d610/dunsea1d610",4543710,20,"Colosseum#0",5305,"All cheese recipes are belong to Illuminati!",,"BNpcBase#5300","Illuminati brainfruit is frontmost! Uplanders have no chance to survive! ","",0,0,50,0,30580,0,0,20,0,0,13590,23780,0,0,0,7,13,0,0,0,0,0,0,0,0,0,0,0,0,0,135900,3000,0,"InstanceContentRewardItem#50",False,0,0,"InstanceContentBuff#1",0,,0,0,0,0,0,False,0,153,0,0,33,0,False,0,0,True
21,"InstanceContentType#2",0,90,False,,"music/ffxiv/BGM_System_WinLoop.scd","ffxiv/dunwil/dunwil1d710/dunwil1d710",4569373,21,"Colosseum#0",0,"",,"BNpcBase#5100","Run, my pretties, lest you feel the searing kiss of my magicks!","",0,0,50,0,30580,0,0,20,0,0,13590,23780,0,0,0,7,13,0,0,0,0,0,0,0,0,0,0,0,0,0,135900,3000,0,"InstanceContentRewardItem#50",False,0,0,"InstanceContentBuff#1",0,,0,0,0,0,0,False,0,0,0,0,34,0,False,0,0,True
22,"InstanceContentType#2",0,90,False,,"music/ffxiv/BGM_System_WinLoop.scd","ffxiv/dunfst/dunfst1d510/dunfst1d510",4574827,22,"Colosseum#0",0,"",,"BNpcBase#5400","My long slumber...hath weakened me...","",0,0,50,0,30580,0,0,20,0,0,13590,23780,0,0,0,7,13,0,0,0,0,0,0,0,0,0,0,0,0,0,135900,3000,80,"InstanceContentRewardItem#50",False,0,0,"InstanceContentBuff#1",0,,0,0,0,0,0,False,0,0,0,0,35,0,False,0,0,True
23,"InstanceContentType#2",0,90,False,"music/ffxiv/BGM_Dungeon_Lim_06.scd","music/ffxiv/BGM_System_WinLoop.scd","ffxiv/dunsea/dunsea1d510/dunsea1d510",4685110,23,"Colosseum#0",0,"","","BNpcBase#6000","Dismember the arms and tentacles","",0,0,60,0,33640,0,0,25,0,0,14950,26160,0,0,0,10,15,0,0,0,0,0,0,0,0,0,0,0,0,0,135900,3000,0,"InstanceContentRewardItem#55",False,0,0,"InstanceContentBuff#1",0,,0,0,0,0,0,False,0,0,0,0,36,0,False,0,0,True
24,"InstanceContentType#2",0,90,False,"music/ffxiv/BGM_Dungeon_Gri_07.scd","music/ffxiv/BGM_System_WinLoop.scd","ffxiv/dunfst/dunfst1d610/dunfst1d610",4660222,24,"Colosseum#0",0,"","","BNpcBase#6400","Aaaaaaaaah!","",0,0,60,0,33640,0,0,25,0,0,14950,26160,0,0,0,10,15,0,0,0,0,0,0,0,0,0,0,0,0,0,135900,3000,68,"InstanceContentRewardItem#55",False,0,0,"InstanceContentBuff#1",0,,0,0,0,0,0,False,0,0,0,0,37,0,False,0,0,True
25,"InstanceContentType#2",0,90,False,"music/ffxiv/BGM_Rade_01.scd","music/ffxiv/BGM_System_WinLoop.scd","ffxiv/dunroc/dunroc1d210/dunroc1d210",4616677,25,"Colosseum#0",0,"","","BNpcBase#6100","...D-Down to the last man?
We have failed...","",0,0,60,0,33640,0,0,25,0,0,14950,26160,0,0,0,10,15,0,0,0,0,0,0,0,0,0,0,0,0,0,135900,3000,15,"InstanceContentRewardItem#55",False,0,0,"InstanceContentBuff#1",0,,0,0,0,0,0,False,0,0,0,0,38,0,False,0,0,True
26,"InstanceContentType#2",0,90,False,"music/ffxiv/BGM_Dungeon_Uru_07.scd","music/ffxiv/BGM_System_WinLoop.scd","ffxiv/dunwil/dunwil1d810/dunwil1d810",4877226,26,"Colosseum#0",0,"","","BNpcBase#6500","Rumble...rumble...","guildhest",0,0,70,0,36690,0,0,35,0,0,16310,28540,0,0,0,15,20,0,0,0,0,0,0,0,0,0,0,0,0,0,135900,3000,75,"InstanceContentRewardItem#60",False,0,0,"InstanceContentBuff#1",0,,0,0,0,0,0,False,0,0,0,0,39,0,False,0,0,True
27,"InstanceContentType#2",0,90,False,"music/ffxiv/BGM_Dungeon_Ish_04.scd","music/ffxiv/BGM_System_WinLoop.scd","ffxiv/dunroc/dunroc1d310/dunroc1d310",4725496,27,"Colosseum#0",0,"","","BNpcBase#6800","Defeat Fenrir","",0,0,70,0,36690,0,0,35,0,0,16310,28540,0,0,0,15,20,0,0,0,0,0,0,0,0,0,0,0,0,0,135900,3000,74,"InstanceContentRewardItem#60",False,0,0,"InstanceContentBuff#1",0,,0,0,0,0,0,False,0,0,0,5,40,0,False,0,0,True
28,"InstanceContentType#2",0,90,False,"music/ffxiv/BGM_Dungeon_Lim_07.scd","music/ffxiv/BGM_System_WinLoop.scd","ffxiv/dunsea/dunsea1d710/dunsea1d710",4878743,28,"Colosseum#0",0,"","","BNpcBase#6600","H-How the hells did I miss!? That's <Emphasis>balls</Emphasis>, I tell ye!","An exit has appeared.",0,0,70,0,36690,0,0,35,0,0,16310,28540,0,0,0,15,20,0,0,0,0,0,0,0,0,0,0,0,0,0,135900,3000,7,"InstanceContentRewardItem#60",False,0,0,"InstanceContentBuff#1",0,,0,0,0,0,0,False,0,127,0,0,41,0,False,0,0,True
29,"InstanceContentType#2",0,90,False,"music/ffxiv/BGM_Dungeon_Gri_08.scd","music/ffxiv/BGM_System_WinLoop.scd","ffxiv/dunfst/dunfst1d710/dunfst1d710",5018469,29,"Colosseum#0",0,"","","BNpcBase#7300","5 seconds to Crash Down...","",0,0,80,0,39750,0,0,50,0,0,17670,30920,0,0,0,20,30,0,0,0,0,0,0,0,0,0,0,0,0,0,135900,3000,10,"InstanceContentRewardItem#65",False,0,0,"InstanceContentBuff#1",0,,0,0,0,0,0,False,0,0,0,0,42,0,False,0,0,True
30,"InstanceContentType#2",0,90,False,"music/ffxiv/BGM_Dungeon_Lim_08.scd","music/ffxiv/BGM_System_WinLoop.scd","ffxiv/dunsea/dunsea1d810/dunsea1d810",4898011,30,"Colosseum#0",0,"","","BNpcBase#6700","Sick ones make sickness, Brother!
<Emphasis>Ehehehe, so badly will they ache</Emphasis>!","",0,0,80,0,39750,0,0,50,0,0,17670,30920,0,0,0,20,30,0,0,0,0,0,0,0,0,0,0,0,0,0,135900,3000,3,"InstanceContentRewardItem#65",False,0,0,"InstanceContentBuff#1",0,,0,0,0,0,0,False,0,0,0,0,43,0,False,0,0,True
31,"InstanceContentType#2",0,90,False,"music/ex1/BGM_EX1_Dungeon_DravaniaL_01.scd","music/ffxiv/BGM_System_WinLoop.scd","ex1/dundra/dundra2d310/dundra2d310",5330512,31,"Colosseum#0",0,"",,"BNpcBase#7700","Argh, oil everywhere! You shall pay dearly, accursed mortals! ","",6000,15900,0,0,79920,0,355200,0,0,0,35520,62160,0,0,0,0,0,0,0,0,0,0,0,0,0,0,0,0,0,0,177600,3600,46,"InstanceContentRewardItem#100",False,0,0,"InstanceContentBuff#1",0,,0,0,0,0,0,False,0,0,0,5,44,0,False,0,0,True
32,"InstanceContentType#2",0,90,False,"music/ffxiv/BGM_Dungeon_Mor_01.scd","music/ffxiv/BGM_System_WinLoop.scd","ffxiv/dunlak/dunlak1d110/dunlak1d110",5073636,32,"Colosseum#0",0,"","","BNpcBase#7500","Hearken to me, mortal, and thou shalt know I am thy lord.","",0,0,80,0,39750,0,0,50,0,0,17670,30920,0,0,0,20,30,0,0,0,0,0,0,0,0,0,0,0,0,0,135900,3000,101,"InstanceContentRewardItem#65",False,0,0,"InstanceContentBuff#1",0,,0,0,0,59,0,False,0,0,0,5,45,0,False,0,0,True
33,"InstanceContentType#2",0,90,False,"music/ex1/BGM_EX1_Dungeon_Abaracia_01.scd","music/ffxiv/BGM_System_WinLoop.scd","ex1/dunabr/dunabr2d210/dunabr2d210",5614685,33,"Colosseum#0",0,"",,"BNpcBase#9100","The clouds come, and the skies darken...
No... This cannot...be...","",0,0,30,0,34520,0,0,10,0,0,15340,26850,0,0,0,4,6,0,0,0,0,0,0,0,0,0,0,0,0,0,191800,3600,85,"InstanceContentRewardItem#40",False,0,0,"InstanceContentBuff#1",0,,0,0,0,0,0,False,0,252,0,0,46,0,False,0,0,True
34,"InstanceContentType#2",0,90,False,"","music/ffxiv/BGM_System_WinLoop.scd","ex1/dunroc/dunroc2d210/dunroc2d210",5578485,34,"Colosseum#0",0,"",,"BNpcBase#8200","What!? No... NO!","",6000,15400,0,0,77180,0,343000,0,0,0,34300,60030,0,0,0,0,0,0,0,0,0,0,0,0,0,0,0,0,0,0,171500,3480,51,"InstanceContentRewardItem#100",False,0,0,"InstanceContentBuff#1",0,,0,0,0,0,0,False,0,0,0,5,47,0,False,0,0,True
35,"InstanceContentType#2",0,90,False,"music/ex1/BGM_EX1_Dungeon_MagicC_02.scd","music/ffxiv/BGM_System_WinLoop.scd","ex1/dunabr/dunabr2d310/dunabr2d310",5615552,35,"Colosseum#0",0,"",,"BNpcBase#8300","Repository node system failure imminent.
Disabling reality augmentation protocol.","",0,0,30,0,34520,0,0,10,0,0,15340,26850,0,0,0,4,6,0,0,0,0,0,0,0,0,0,0,0,0,0,191800,3600,84,"InstanceContentRewardItem#40",False,0,0,"InstanceContentBuff#1",0,,0,0,0,0,0,False,0,0,0,0,48,0,False,0,0,True
36,"InstanceContentType#2",0,90,False,"music/ex1/BGM_EX1_Dungeon_IshSebu_01.scd","music/ffxiv/BGM_System_WinLoop.scd","ex1/dunroc/dunroc2d110/dunroc2d110",5653695,36,"Colosseum#0",0,"",,"BNpcBase#8100","Clear the keep","",6000,13600,0,0,68450,0,304200,0,0,0,30420,53240,0,0,0,0,0,0,0,0,0,0,0,0,0,0,0,0,0,0,152100,3120,47,"InstanceContentRewardItem#100",False,0,0,"InstanceContentBuff#1",0,,0,0,0,0,0,False,0,0,0,5,49,0,False,0,0,True
37,"InstanceContentType#2",0,90,False,"music/ex1/BGM_EX1_Dungeon_DravaniaH_01.scd","music/ffxiv/BGM_System_WinLoop.scd","ex1/dundra/dundra2d110/dundra2d110",5777405,37,"Colosseum#0",0,"",,"BNpcBase#8700","Nidhogg, my beloved...
Avenge me...","",6000,14200,0,0,71420,0,317400,0,0,0,31740,55550,0,0,0,0,0,0,0,0,0,0,0,0,0,0,0,0,0,0,158700,3240,48,"InstanceContentRewardItem#100",False,0,0,"InstanceContentBuff#1",0,,0,0,0,0,0,False,0,0,0,5,50,0,False,0,0,True
38,"InstanceContentType#2",0,90,False,"music/ex1/BGM_EX1_Dungeon_MagicC_01.scd","music/ffxiv/BGM_System_WinLoop.scd","ex1/dunabr/dunabr2d110/dunabr2d110",5783033,38,"Colosseum#0",0,"",,"BNpcBase#8600","Our might knows no bounds!","",0,0,100,0,43160,0,0,60,0,0,9590,14390,28770,0,0,15,30,45,0,0,0,0,0,0,0,0,0,0,0,0,191800,3600,70,"InstanceContentRewardItem#50",False,0,0,"InstanceContentBuff#1",0,,0,0,0,71,0,False,0,0,0,5,51,0,False,0,0,True
39,"InstanceContentType#2",0,90,False,"music/ex1/BGM_EX1_Dungeon_DravaniaC_01.scd","music/ffxiv/BGM_System_WinLoop.scd","ex1/heavna/heavna33310/heavna33310",5724514,39,"Colosseum#0",0,"",,"BNpcBase#8500","Treacherous mortals!","",6000,14800,0,0,74390,0,330600,0,0,0,33060,57860,0,0,0,0,0,0,0,0,0,0,0,0,0,0,0,0,0,0,165300,3360,49,"InstanceContentRewardItem#100",False,0,0,"InstanceContentBuff#1",0,,0,0,0,62,0,False,0,92,0,5,52,0,False,0,0,True
40,"InstanceContentType#2",0,90,False,"music/ex1/BGM_EX1_Dungeon_Sirius_Lighthouse.scd","music/ffxiv/BGM_System_WinLoop.scd","ex1/dunsea/dunsea1d910/dunsea1d910",5963638,40,"Colosseum#0",0,"",,"BNpcBase#9500","Secure Incubator 66","",0,0,40,0,34520,0,0,15,0,0,15340,26850,0,0,0,5,10,0,0,0,0,0,0,0,0,0,0,0,0,0,191800,3600,52,"InstanceContentRewardItem#40",False,0,0,"InstanceContentBuff#1",0,,0,0,0,0,0,False,0,0,0,0,53,0,False,0,0,True
41,"InstanceContentType#2",0,90,False,"music/ex1/BGM_EX1_Dungeon_botanical_gardens.scd","music/ffxiv/BGM_System_WinLoop.scd","ex1/dundra/dundra2d410/dundra2d410",6034561,41,"Colosseum#0",0,"",,"BNpcBase#9700","Clear the Study","",0,0,40,0,34520,0,0,15,0,0,15340,26850,0,0,0,5,10,0,0,0,0,0,0,0,0,0,0,0,0,0,191800,3600,53,"InstanceContentRewardItem#40",False,0,0,"InstanceContentBuff#1",0,,0,0,0,0,0,False,0,0,0,0,54,0,False,0,0,True
42,"InstanceContentType#2",0,90,False,"music/ex1/BGM_EX1_Dungeon_Komuda2.scd","music/ffxiv/BGM_System_WinLoop.scd","ex1/dunfst/dunfst1d810/dunfst1d810",6159126,140,"Colosseum#0",0,"",,"BNpcBase#10000","This...cannot...be...
My purpose...is failed...","",0,0,50,0,38840,0,0,20,0,0,17260,30210,0,0,0,7,13,0,0,0,0,0,0,0,0,0,0,0,0,0,191800,3600,72,"InstanceContentRewardItem#45",False,0,0,"InstanceContentBuff#1",0,,0,0,0,0,0,False,0,0,0,0,55,0,False,0,0,True
43,"InstanceContentType#2",0,90,False,"music/ex1/BGM_EX1_Dungeon_DravaniaL_02.scd","music/ffxiv/BGM_System_WinLoop.scd","ex1/dundra/dundra2d510/dundra2d510",6168797,141,"Colosseum#0",0,"","","BNpcBase#9800","","",0,0,50,0,38840,0,0,20,0,0,17260,30210,0,0,0,7,13,0,0,0,0,0,0,0,0,0,0,0,0,0,191800,3600,71,"InstanceContentRewardItem#45",False,0,0,"InstanceContentBuff#1",0,,0,0,0,0,0,False,0,0,0,5,56,0,False,0,0,True
44,"InstanceContentType#2",0,90,False,"music/ex1/BGM_EX1_Dungeon_DravaniaC_02.scd","music/ffxiv/BGM_System_WinLoop.scd","ex1/dundra/dundra2d610/dundra2d610",6258659,171,"Colosseum#0",0,"",,"BNpcBase#12400","...Thy resolve hath withstood my scrutiny.
Mayhap there is hope to be had in one such as thee...","",0,0,60,0,38840,0,0,25,0,0,17260,30210,0,0,0,10,15,0,0,0,0,0,0,0,0,0,0,0,0,0,191800,3600,83,"InstanceContentRewardItem#45",False,0,0,"InstanceContentBuff#1",0,,0,0,0,0,0,False,0,111,0,5,57,0,False,0,0,True
45,"InstanceContentType#2",0,90,False,"music/ex1/BGM_EX1_Dungeon_Hullbreaker_Hard.scd","music/ffxiv/BGM_System_WinLoop.scd","ex1/dunsea/dunsea1da10/dunsea1da10",6245779,172,"Colosseum#0",0,"","","BNpcBase#12300","Nothin' gets the blood pumpin' like scrappin' with a pack o' ravenous beasties!","",0,0,60,0,38840,0,0,25,0,0,17260,30210,0,0,0,10,15,0,0,0,0,0,0,0,0,0,0,0,0,0,191800,3600,82,"InstanceContentRewardItem#45",False,0,0,"InstanceContentBuff#1",0,,0,0,0,0,0,False,0,0,0,0,58,0,False,0,0,True
46,"InstanceContentType#2",0,90,False,"music/ex1/BGM_EX1_Dungeon_Xelphatol.scd","music/ffxiv/BGM_System_WinLoop.scd","ex1/dunroc/dunroc2d310/dunroc2d310",6399476,182,"Colosseum#0",0,"",,"BNpcBase#13000","From wrath of mighty Garuda, reprieve there is not! Squaaawk!","",0,0,70,0,38840,0,0,35,0,0,17260,30210,0,0,0,15,20,0,0,0,0,0,0,0,0,0,0,0,0,0,191800,3600,91,"InstanceContentRewardItem#45",False,0,0,"InstanceContentBuff#1",0,,0,0,0,0,0,False,0,82,0,5,59,0,False,0,0,True
47,"InstanceContentType#2",0,90,False,"music/ex1/BGM_EX1_Dungeon_DravaniaL_04.scd","music/ffxiv/BGM_System_WinLoop.scd","ex1/dundra/dundra2d710/dundra2d710",6331749,196,"Colosseum#0",0,"",,"BNpcBase#13800","1 second until Meteor impact...","",0,0,70,0,38840,0,0,35,0,0,17260,30210,0,0,0,15,20,0,0,0,0,0,0,0,0,0,0,0,0,0,191800,3600,90,"InstanceContentRewardItem#45",False,0,0,"InstanceContentBuff#1",0,,0,0,0,0,0,False,0,0,0,0,60,0,False,0,0,True
48,"InstanceContentType#2",0,90,False,"music/ex1/BGM_EX1_Dungeon_Gri_09.scd","music/ffxiv/BGM_System_WinLoop.scd","ex1/dunfst/dunfst1da10/dunfst1da10",6562680,219,"Colosseum#0",0,"",,"BNpcBase#14000","Imperial identification keys","",0,0,80,0,43160,0,0,50,0,0,19180,33570,0,0,0,20,30,0,0,0,0,0,0,0,0,0,0,0,0,0,191800,3600,104,"InstanceContentRewardItem#50",False,0,0,"InstanceContentBuff#1",0,,0,0,0,0,0,False,0,0,0,5,61,0,False,0,0,True
49,"InstanceContentType#2",0,90,False,"music/ex1/BGM_EX1_Dungeon_DravaniaH_02.scd","music/ffxiv/BGM_System_WinLoop.scd","ex1/dundra/dundra2d810/dundra2d810",6610258,221,"Colosseum#0",0,"",,"BNpcBase#14400","Clear the Heart","",0,0,80,0,43160,0,0,50,0,0,19180,33570,0,0,0,20,30,0,0,0,0,0,0,0,0,0,0,0,0,0,191800,3600,103,"InstanceContentRewardItem#50",False,0,0,"InstanceContentBuff#1",0,,0,0,0,0,0,False,0,0,0,0,62,0,False,0,0,True
50,"InstanceContentType#2",0,90,False,"music/ex2/BGM_EX2_Dan_D02.scd","music/ffxiv/BGM_System_WinLoop.scd","ex2/dunest/dunest3d110/dunest3d110",6526606,235,"Colosseum#0",0,"",,"BNpcBase#14900","AAARGH! So this is the end... The girl...I nearly had her...","",6000,25400,0,0,127490,0,566600,0,0,0,56660,99160,0,0,0,0,0,0,0,0,0,0,0,0,0,0,0,0,0,0,283300,3840,0,"InstanceContentRewardItem#100",False,0,0,"InstanceContentBuff#1",0,,0,0,0,0,0,False,0,0,0,5,63,0,False,0,0,True
51,"InstanceContentType#2",0,90,False,"music/ex2/BGM_EX2_Dan_D07.scd","music/ffxiv/BGM_System_WinLoop.scd","ex2/dungyr/dungyr3d310/dungyr3d310",6797021,236,"Colosseum#0",0,"",,"BNpcBase#14600","A stronger warrior I have not seen!","",0,0,30,0,75060,0,0,10,0,0,33360,58380,0,0,0,4,6,0,0,0,0,0,0,0,0,0,0,0,0,0,417000,4200,0,"InstanceContentRewardItem#40",False,0,0,"InstanceContentBuff#1",0,,0,0,0,0,0,False,0,0,0,0,64,0,False,0,0,True
52,"InstanceContentType#2",0,90,False,"music/ex2/BGM_EX2_Dan_D01.scd","music/ffxiv/BGM_System_WinLoop.scd","ex2/dunocn/dunocn3d110/dunocn3d110",6793825,238,"Colosseum#0",0,"",,"BNpcBase#14500","Seems we've arrived... Go on and greet our hosts─the rest of us will patch up the ship!","",6000,22500,0,0,112500,0,500000,0,0,0,50000,87500,0,0,0,0,0,0,0,0,0,0,0,0,0,0,0,0,0,0,250000,3720,0,"InstanceContentRewardItem#100",False,0,0,"InstanceContentBuff#1",0,,0,0,0,0,0,False,0,0,0,5,65,0,False,0,0,True
53,"InstanceContentType#2",0,90,False,"music/ex2/BGM_EX2_Dan_D03.scd","music/ffxiv/BGM_System_WinLoop.scd","ex2/dunest/dunest3d210/dunest3d210",6797773,240,"Colosseum#0",0,"",,"BNpcBase#14700","","",6000,28500,0,0,142920,0,635200,0,0,0,63520,111160,0,0,0,0,0,0,0,0,0,0,0,0,0,0,0,0,0,0,317600,3960,0,"InstanceContentRewardItem#100",False,0,0,"InstanceContentBuff#1",0,,0,0,0,2,0,False,0,0,0,5,66,0,False,0,0,True
54,"InstanceContentType#2",0,90,False,"music/ex2/BGM_EX2_Dan_D04.scd","music/ffxiv/BGM_System_WinLoop.scd","ex2/dunest/dunest3d310/dunest3d310",6881322,241,"Colosseum#0",0,"","I pronounce thy sentence!
By the radiance of eld be thee judged!","BNpcBase#16100","","",6000,31700,0,0,158900,0,706200,0,0,0,70620,123590,0,0,0,0,0,0,0,0,0,0,0,0,0,0,0,0,0,0,353100,4080,120,"InstanceContentRewardItem#100",False,0,0,"InstanceContentBuff#1",0,,0,0,0,0,0,False,0,143,0,5,67,0,False,0,0,True
55,"InstanceContentType#2",0,90,False,"music/ex2/BGM_EX2_Dan_D05.scd","music/ffxiv/BGM_System_WinLoop.scd","ex2/dungyr/dungyr3d110/dungyr3d110",6828756,242,"Colosseum#0",0,"",,"BNpcBase#15500","Aether loading test complete... Urgent redesign required...","",6000,35000,0,0,175370,0,779400,0,0,0,77940,136400,0,0,0,0,0,0,0,0,0,0,0,0,0,0,0,0,0,0,389700,4200,0,"InstanceContentRewardItem#100",False,0,0,"InstanceContentBuff#1",0,,0,0,0,0,0,False,0,253,0,5,68,0,False,0,0,True
56,"InstanceContentType#2",0,90,False,"music/ex2/BGM_EX2_Dan_D06.scd","music/ffxiv/BGM_System_WinLoop.scd","ex2/dungyr/dungyr3d210/dungyr3d210",6879598,247,"Colosseum#0",0,"",,"BNpcBase#17300","How glorious the violence within you...","",0,0,30,0,75060,0,0,10,0,0,33360,58380,0,0,0,4,6,0,0,0,0,0,0,0,0,0,0,0,0,0,417000,4200,121,"InstanceContentRewardItem#40",False,0,0,"InstanceContentBuff#1",0,,0,0,0,4,0,False,0,251,0,5,69,0,False,0,0,True
57,"InstanceContentType#2",0,90,False,"music/ex2/BGM_EX2_Dan_D08.scd","music/ffxiv/BGM_System_WinLoop.scd","ex2/dunest/dunest3d410/dunest3d410",6881036,262,"Colosseum#0",0,"",,"BNpcBase#16200","Let my blade sing once more!","",0,0,30,0,75060,0,0,10,0,0,33360,58380,0,0,0,4,6,0,0,0,0,0,0,0,0,0,0,0,0,0,417000,4200,0,"InstanceContentRewardItem#40",False,0,0,"InstanceContentBuff#1",0,,0,0,0,6,0,False,0,0,0,0,70,0,False,0,0,True
58,"InstanceContentType#2",0,90,False,"music/ex2/BGM_EX2_Dan_D09.scd","music/ffxiv/BGM_System_WinLoop.scd","ex2/dungyr/dungyr3d410/dungyr3d410",7042419,279,"Colosseum#0",0,"",,"BNpcBase#17900","×△sACriFicE△×◎WHIR◎×▼sUBserViEntS▼×
BooM, bOOm, BOom, boOm...","",0,0,40,0,75060,0,0,15,0,0,33360,58380,0,0,0,5,10,0,0,0,0,0,0,0,0,0,0,0,0,0,417000,4200,125,"InstanceContentRewardItem#40",False,0,0,"InstanceContentBuff#1",0,,0,0,0,0,0,False,0,0,0,5,71,0,False,0,0,True
59,"InstanceContentType#2",0,90,False,"music/ex2/BGM_EX2_Dan_D10.scd","music/ffxiv/BGM_System_WinLoop.scd","ex2/dunest/dunest3d510/dunest3d510",7167447,284,"Colosseum#0",0,"",,"BNpcBase#18400","Grrraaarrrgh!!!","",0,0,50,0,84440,0,0,20,0,0,37530,65680,0,0,0,7,13,0,0,0,0,0,0,0,0,0,0,0,0,0,417000,4200,138,"InstanceContentRewardItem#45",False,0,0,"InstanceContentBuff#1",0,,0,0,0,14,0,False,0,0,0,0,72,0,False,0,0,True
60,"InstanceContentType#2",0,90,False,"music/ex2/BGM_EX2_Dan_D11.scd","music/ffxiv/BGM_System_WinLoop.scd","ex2/dunabr/dunabr2d410/dunabr2d410",7170996,285,"Colosseum#0",0,"",,"BNpcBase#18500","A number of roborants can also be administered to bolster its strength further, making it the ultimate─ <buzzzzzz>","",0,0,50,0,84440,0,0,20,0,0,37530,65680,0,0,0,7,13,0,0,0,0,0,0,0,0,0,0,0,0,0,417000,4200,139,"InstanceContentRewardItem#45",False,0,0,"InstanceContentBuff#1",0,,0,0,0,0,0,False,0,0,0,0,73,0,False,0,0,True
61,"InstanceContentType#2",0,90,False,"music/ex2/BGM_EX2_Dan_D12.scd","music/ffxiv/BGM_System_WinLoop.scd","ex2/dunest/dunest3d610/dunest3d610",7335267,536,"Colosseum#0",0,"","3 seconds","BNpcBase#19200","Is emptiness form, or form emptiness?
Either way, I am still here and hitting you!","",0,0,60,0,84440,0,0,25,0,0,37530,65680,0,0,0,10,15,0,0,0,0,0,0,0,0,0,0,0,0,0,417000,4200,142,"InstanceContentRewardItem#45",False,0,0,"InstanceContentBuff#1",0,,0,0,0,18,0,False,0,0,0,0,74,0,False,0,0,True
62,"InstanceContentType#2",0,90,False,"music/ex2/BGM_EX2_Dan_D14.scd","music/ffxiv/BGM_System_WinLoop.scd","ex2/dundra/dundra2d910/dundra2d910",7403523,584,"Colosseum#0",0,"",,"BNpcBase#19800","Arrive in Kingsloam","",0,0,70,0,84440,0,0,35,0,0,37530,65680,0,0,0,15,20,0,0,0,0,0,0,0,0,0,0,0,0,0,417000,4200,149,"InstanceContentRewardItem#45",False,0,0,"InstanceContentBuff#1",0,,0,0,0,0,0,False,0,0,0,0,75,0,False,0,0,True
63,"InstanceContentType#2",0,90,False,"music/ex2/BGM_EX2_Dan_D13.scd","music/ffxiv/BGM_System_WinLoop.scd","ex2/dunest/dunest3d710/dunest3d710",7558761,585,"Colosseum#0",0,"",,"BNpcBase#19700","The dragon is poised to swoop! Be on your guard!","",0,0,70,0,84440,0,0,35,0,0,37530,65680,0,0,0,15,20,0,0,0,0,0,0,0,0,0,0,0,0,0,417000,4200,150,"InstanceContentRewardItem#45",False,0,0,"InstanceContentBuff#1",0,,0,0,0,0,0,False,0,0,0,5,76,0,False,0,0,True
64,"InstanceContentType#2",0,90,False,"music/ex2/BGM_EX2_Dan_D15.scd","music/ffxiv/BGM_System_WinLoop.scd","ex2/dungyr/dungyr3d510/dungyr3d510",7705971,611,"Colosseum#0",0,"",,,"Defeat Julia and Annia","",0,0,80,0,93830,0,0,50,0,0,41700,72980,0,0,0,20,30,0,0,0,0,0,0,0,0,0,0,0,0,0,417000,4200,162,"InstanceContentRewardItem#50",False,0,0,"InstanceContentBuff#1",0,,0,0,0,0,0,False,0,0,0,5,12,0,False,0,0,True
65,"InstanceContentType#2",0,90,False,"music/ex3/BGM_EX3_Dan_D02.scd","music/ffxiv/BGM_System_WinLoop.scd","ex3/dunnvt/dunnvt4d210/dunnvt4d210",7814768,649,"Colosseum#0",0,"",,,"Nooo! M-My performance!","",6000,54500,0,0,272700,0,1212000,0,0,0,121200,212100,0,0,0,0,0,0,0,0,0,0,0,0,0,0,0,0,0,0,606000,4380,0,"InstanceContentRewardItem#100",False,0,0,"InstanceContentBuff#1",0,,0,0,0,0,18,False,0,10,0,5,2,0,False,0,0,True
66,"InstanceContentType#2",0,90,False,"music/ex3/BGM_EX3_Dan_D03.scd","music/ffxiv/BGM_System_WinLoop.scd","ex3/dunnvt/dunnvt4d310/dunnvt4d310",7881156,651,"Colosseum#0",0,"",,,"Defeat <Sheet(BNpcName,8233,0)/>","",6000,60100,0,0,300920,0,1337400,0,0,0,133740,234050,0,0,0,0,0,0,0,0,0,0,0,0,0,0,0,0,0,0,668700,4500,166,"InstanceContentRewardItem#100",False,0,0,"InstanceContentBuff#1",0,,0,0,0,0,0,False,0,5,3,5,3,0,False,0,0,True
67,"InstanceContentType#2",0,90,False,"music/ex3/BGM_EX3_Dan_D06.scd","music/ffxiv/BGM_System_WinLoop.scd","ex3/dunnvt/dunnvt4d610/dunnvt4d610",7886218,652,"Colosseum#0",0,"",,,"Without decisive sacrifice, our star would surely perish.","",0,0,30,0,153900,0,0,10,0,0,68400,119700,0,0,0,4,6,0,0,0,0,0,0,0,0,0,0,0,0,0,855000,4800,0,"InstanceContentRewardItem#40",False,0,0,"InstanceContentBuff#1",0,,0,0,0,0,16,False,0,3,5,5,6,0,False,0,0,True
68,"InstanceContentType#2",0,90,False,"music/ex3/BGM_EX3_Dan_D08.scd","music/ffxiv/BGM_System_WinLoop.scd","ex3/dunnvt/dunnvt4d710/dunnvt4d710",7917862,655,"Colosseum#0",0,"",,,"Temporal stasis deactivated","",0,0,30,0,153900,0,0,10,0,0,68400,119700,0,0,0,4,6,0,0,0,0,0,0,0,0,0,0,0,0,0,855000,4800,0,"InstanceContentRewardItem#40",False,0,0,"InstanceContentBuff#1",0,,0,0,0,0,0,False,0,11,0,0,7,0,False,0,0,True
69,"InstanceContentType#2",0,90,False,"music/ex3/BGM_EX3_Dan_D04.scd","music/ffxiv/BGM_System_WinLoop.scd","ex3/dunnvt/dunnvt4d410/dunnvt4d410",7903197,656,"Colosseum#0",0,"",,,"Defeat <Sheet(BNpcName,8249,0)/>","",6000,66100,0,0,330660,0,1469600,0,0,0,146960,257180,0,0,0,0,0,0,0,0,0,0,0,0,0,0,0,0,0,0,734800,4620,167,"InstanceContentRewardItem#100",False,0,0,"InstanceContentBuff#1",0,,0,0,0,0,0,False,0,7,2,5,4,0,False,0,0,True
70,"InstanceContentType#2",0,90,False,"music/ex3/BGM_EX3_Dan_D05.scd","music/ffxiv/BGM_System_WinLoop.scd","ex3/dunnvt/dunnvt4d510/dunnvt4d510",7926262,659,"Colosseum#0",0,"",,"BNpcBase#20400","Defeat the forgiven obscenity","",6000,72100,0,0,360590,0,1602600,0,0,0,160260,280460,0,0,0,0,0,0,0,0,0,0,0,0,0,0,0,0,0,0,801300,4740,0,"InstanceContentRewardItem#100",False,0,0,"InstanceContentBuff#1",0,,0,0,0,0,0,False,0,6,4,5,5,0,False,0,0,True
71,"InstanceContentType#2",0,90,False,"music/ex3/BGM_EX3_Dan_D07.scd","music/ffxiv/BGM_System_WinLoop.scd","ex3/dunnvt/dunnvt4d810/dunnvt4d810",7923123,661,"Colosseum#0",0,"",,,"Defeat <Sheet(BNpcName,8273,0)/>","",0,0,30,0,153900,0,0,10,0,0,68400,119700,0,0,0,4,6,0,0,0,0,0,0,0,0,0,0,0,0,0,855000,4800,0,"InstanceContentRewardItem#40",False,0,0,"InstanceContentBuff#1",0,,0,0,0,0,0,False,0,4,1,0,8,0,False,0,0,True
72,"InstanceContentType#2",0,90,False,"music/ex3/BGM_EX3_Dan_D01.scd","music/ffxiv/BGM_System_WinLoop.scd","ex3/dunnvt/dunnvt4d110/dunnvt4d110",7919152,676,"Colosseum#0",0,"","",,"Grrraaarrrgh!!!","",6000,48900,0,0,244580,0,1087000,0,0,0,108700,190230,0,0,0,0,0,0,0,0,0,0,0,0,0,0,0,0,0,0,543500,4260,165,"InstanceContentRewardItem#100",False,0,0,"InstanceContentBuff#1",0,,0,0,0,0,0,False,0,9,6,5,1,0,False,0,0,True
73,"InstanceContentType#2",0,90,False,"music/ex3/BGM_EX3_Dan_D09.scd","music/ffxiv/BGM_System_WinLoop.scd","ex3/dunnvt/dunnvt4d910/dunnvt4d910",8101435,692,"Colosseum#0",0,"",,,"Knights immortal, heed my call!","",0,0,40,0,153900,0,0,15,0,0,68400,119700,0,0,0,5,10,0,0,0,0,0,0,0,0,0,0,0,0,0,855000,4800,181,"InstanceContentRewardItem#40",False,0,0,"InstanceContentBuff#1",0,,0,0,0,0,0,False,0,12,0,5,9,0,False,0,0,True
74,"InstanceContentType#2",0,90,False,"music/ex3/BGM_EX3_Dan_D10.scd","music/ffxiv/BGM_System_WinLoop.scd","ex3/dunnvt/dunnvt4da10/dunnvt4da10",8241592,714,"Colosseum#0",0,"",,,"Visions of eld, attend to us now...","",0,0,50,0,173137,0,0,20,0,0,76950,134662,0,0,0,7,13,0,0,0,0,0,0,0,0,0,0,0,0,0,855000,4800,190,"InstanceContentRewardItem#45",False,0,0,"InstanceContentBuff#1",0,,0,0,0,0,0,False,0,17,14,5,10,0,False,0,0,True
75,"InstanceContentType#2",0,90,False,"music/ex3/BGM_EX3_Dan_D11.scd","music/ffxiv/BGM_System_WinLoop.scd","ex3/dunnvt/dunnvt4db10/dunnvt4db10",8366253,737,"Colosseum#0",0,"","",,"Have a taste of dwarven tradition, you airy glowing bastards!","",0,0,60,0,173137,0,0,25,0,0,76950,134662,0,0,0,10,15,0,0,0,0,0,0,0,0,0,0,0,0,0,855000,4800,0,"InstanceContentRewardItem#45",False,0,0,"InstanceContentBuff#1",0,,0,0,0,0,31,False,0,33,18,5,11,0,False,0,0,True
76,"InstanceContentType#2",0,90,False,"music/ex3/BGM_EX3_Dan_D12.scd","music/ffxiv/BGM_System_WinLoop.scd","ex3/dundra/dundra4d110/dundra4d110",8532638,746,"Colosseum#0",0,"","",,"All right, let's see how well you handle the big girl.","",0,0,70,0,173137,0,0,35,0,0,76950,134662,0,0,0,15,20,0,0,0,0,0,0,0,0,0,0,0,0,0,855000,4800,226,"InstanceContentRewardItem#45",False,0,0,"InstanceContentBuff#1",0,,0,0,0,42,37,False,0,38,20,5,13,0,False,0,0,True
77,"InstanceContentType#2",0,90,False,"music/ex3/BGM_EX3_Dan_D13.scd","music/ffxiv/BGM_System_WinLoop.scd","ex3/dunwil/dunwil4d110/dunwil4d110",8638193,777,"Colosseum#0",0,"","",,"You fight well!
Our brethren will hear of your brave deeds.","",0,0,80,0,192375,0,0,50,0,0,85500,149625,0,0,0,20,30,0,0,0,0,0,0,0,0,0,0,0,0,0,855000,4800,230,"InstanceContentRewardItem#50",False,0,0,"InstanceContentBuff#1",0,,0,0,0,0,0,False,0,48,28,5,77,0,False,0,0,True
78,"InstanceContentType#2",0,90,False,"music/ex4/BGM_EX4_Dan_D02.scd","music/ffxiv/BGM_System_WinLoop.scd","ex4/dunmid/dunmid5d110/dunmid5d110",8860015,783,"Colosseum#0",0,"","",,"While my blessings endure, then so shall we...","",6000,153600,0,0,768487,0,1707740,0,0,0,341550,597712,0,0,0,0,0,0,0,0,0,0,0,0,0,0,0,0,0,0,1707750,4800,259,"InstanceContentRewardItem#100",False,0,0,"InstanceContentBuff#0",0,,0,0,0,0,0,False,0,53,35,5,79,0,False,0,0,True
79,"InstanceContentType#2",0,90,False,"music/ex4/BGM_EX4_Dan_D08.scd","music/ffxiv/BGM_System_WinLoop.scd","ex4/dunuvs/dunuvs5d310/dunuvs5d310",8805121,784,"Colosseum#0",0,"","",,"These principles were used to design the systems of the Omega model─first deployed in an unfinished state. ","",0,0,30,0,594000,0,0,10,0,0,264000,462000,0,0,0,4,6,0,0,0,0,0,0,0,0,0,0,0,0,0,3300000,4800,0,"InstanceContentRewardItem#40",False,0,0,"InstanceContentBuff#0",0,,0,0,0,0,0,False,0,55,29,0,85,0,False,0,0,True
80,"InstanceContentType#2",0,90,False,"music/ex4/BGM_EX4_Dan_D04.scd","music/ffxiv/BGM_System_WinLoop.scd","ex4/dunmid/dunmid5d210/dunmid5d210",8864036,785,"Colosseum#0",0,"","",,"The altered reality plunges into chaos!","",6000,173900,0,0,869838,0,1932970,0,0,0,386595,676541,0,0,0,0,0,0,0,0,0,0,0,0,0,0,0,0,0,0,1932975,4800,260,"InstanceContentRewardItem#100",False,0,0,"InstanceContentBuff#0",0,,0,0,0,46,0,False,0,52,32,5,78,0,False,0,0,True
81,"InstanceContentType#2",0,90,False,"music/ex4/BGM_EX4_Dan_D01.scd","music/ffxiv/BGM_System_WinLoop.scd","ex4/dunkld/dunkld5d110/dunkld5d110",8870225,786,"Colosseum#0",0,"","",,"In a rush of familiar delight, the memory of a kind-hearted knight takes form.","",6000,240100,0,0,1200622,0,2668040,0,0,0,533610,933817,0,0,0,0,0,0,0,0,0,0,0,0,0,0,0,0,0,0,2668050,4800,262,"InstanceContentRewardItem#100",False,0,0,"InstanceContentBuff#0",0,,0,0,0,0,0,False,0,58,31,5,83,0,False,0,0,True
82,"InstanceContentType#2",0,90,False,"music/ex4/BGM_EX4_Dan_D05.scd","music/ffxiv/BGM_System_WinLoop.scd","ex4/dunnvt/dunnvt5d110/dunnvt5d110",8868570,787,"Colosseum#0",0,"","",,"Even when transformed... But I am not finished yet!","",6000,217100,0,0,1085906,0,2413120,0,0,0,482625,844593,0,0,0,0,0,0,0,0,0,0,0,0,0,0,0,0,0,0,2413125,4800,261,"InstanceContentRewardItem#100",False,0,0,"InstanceContentBuff#0",0,,0,0,0,0,0,False,0,54,30,5,81,0,False,0,0,True
83,"InstanceContentType#2",0,90,False,"music/ex4/BGM_EX4_Dan_D03.scd","music/ffxiv/BGM_System_WinLoop.scd","ex4/dunmid/dunmid5d310/dunmid5d310",8804064,789,"Colosseum#0",0,"","",,"...I shall silence the beasts of the air. Pray continue onward!","",6000,195100,0,0,975645,0,2168100,0,0,0,433620,758835,0,0,0,0,0,0,0,0,0,0,0,0,0,0,0,0,0,0,2168100,4800,0,"InstanceContentRewardItem#100",False,0,0,"InstanceContentBuff#0",0,,0,0,0,0,0,False,0,56,33,5,80,0,False,0,0,True
84,"InstanceContentType#2",0,90,False,"music/ex4/BGM_EX4_Dan_D06.scd","music/ffxiv/BGM_System_WinLoop.scd","ex4/dunuvs/dunuvs5d110/dunuvs5d110",8880083,792,"Colosseum#0",0,"","",,"Don't...want to...die...alone...","",0,0,30,0,594000,0,0,10,0,0,264000,462000,0,0,0,4,6,0,0,0,0,0,0,0,0,0,0,0,0,0,3300000,4800,0,"InstanceContentRewardItem#40",False,0,0,"InstanceContentBuff#0",0,,0,0,0,0,0,False,0,59,34,5,82,0,False,0,0,True
85,"InstanceContentType#2",0,90,False,"music/ex4/BGM_EX4_Dan_D07.scd","music/ffxiv/BGM_System_WinLoop.scd","ex4/dunuvs/dunuvs5d210/dunuvs5d210",8872210,794,"Colosseum#0",0,"","",,"Scan complete. Prepare for replicant synthesis.","",0,0,30,0,594000,0,0,10,0,0,264000,462000,0,0,0,4,6,0,0,0,0,0,0,0,0,0,0,0,0,0,3300000,4800,0,"InstanceContentRewardItem#40",False,0,0,"InstanceContentBuff#0",0,,0,0,0,0,0,False,0,61,36,0,84,0,False,0,0,True
86,"InstanceContentType#2",0,120,False,"music/ffxiv/BGM_Con_Teikoku_02.scd","music/ffxiv/BGM_System_WinLoop.scd","ffxiv/dunwil/dunwil1d502/dunwil1d502",9058465,16,"Colosseum#0",0,"","",,"Here it is. If you'd care to take the van, I'll follow after I've had a look around.","",0,0,100,0,77666,0,0,150,0,0,34518,60407,0,0,0,0,0,0,0,0,0,0,0,0,0,0,0,0,0,0,135900,3000,17,"InstanceContentRewardItem#130",False,0,0,"InstanceContentBuff#1",0,,0,0,0,58,0,False,0,77,49,5,86,0,False,0,0,True
87,"InstanceContentType#2",0,90,False,"music/ex4/BGM_EX4_Dan_D09.scd","music/ffxiv/BGM_System_WinLoop.scd","ex4/dunmid/dunmid5d410/dunmid5d410",9056889,844,"Colosseum#0",0,"","",,"Glyph of passage detected.
Confirming bearer's identity...","",0,0,40,0,594000,0,0,15,0,0,264000,462000,0,0,0,5,10,0,0,0,0,0,0,0,0,0,0,0,0,0,3300000,4800,269,"InstanceContentRewardItem#40",False,0,0,"InstanceContentBuff#0",0,,0,0,0,0,0,False,0,78,45,5,86,0,False,0,0,True
88,"InstanceContentType#2",0,90,False,"music/ex4/BGM_EX4_Dan_D10.scd","music/ffxiv/BGM_System_WinLoop.scd","ex4/dunzon/dunzon5d110/dunzon5d110",9305366,869,"Colosseum#0",0,"","",,"Trapped in my own domain... No, I don't want to be eaten!","",0,0,50,0,594000,0,0,20,0,0,264000,462000,0,0,0,7,13,0,0,0,0,0,0,0,0,0,0,0,0,0,3300000,4800,272,"InstanceContentRewardItem#40",False,0,0,"InstanceContentBuff#0",0,,0,0,0,60,0,False,0,91,50,5,86,0,False,0,0,True
89,"InstanceContentType#2",0,90,False,"music/ex4/BGM_EX4_Dan_D11.scd","music/ffxiv/BGM_System_WinLoop.scd","ex4/dunmid/dunmid5d510/dunmid5d510",9450513,896,"Colosseum#0",0,"","",,"Hopefully that's the last of those winged bastards...
I'm afraid this is as far as the mammoth'll go. You'll have to make it the rest of the way on foot.","",0,0,60,0,668250,0,0,25,0,0,297000,519750,0,0,0,10,15,0,0,0,0,0,0,0,0,0,0,0,0,0,3300000,4800,281,"InstanceContentRewardItem#45",False,0,0,"InstanceContentBuff#0",0,,0,0,0,66,0,False,0,106,58,5,86,0,False,0,0,True
90,"InstanceContentType#2",0,90,False,"music/ex4/BGM_EX4_Dan_D12.scd","music/ffxiv/BGM_System_WinLoop.scd","ex4/dunkld/dunkld5d210/dunkld5d210",9802955,822,"Colosseum#0",0,"","",,"Defeat the Octomammoth","",0,0,70,0,668250,0,0,35,0,0,297000,519750,0,0,0,15,20,0,0,0,0,0,0,0,0,0,0,0,0,0,3300000,4800,285,"InstanceContentRewardItem#45",False,0,0,"InstanceContentBuff#0",0,,0,0,0,0,0,False,0,128,64,5,86,0,False,0,0,True
91,"InstanceContentType#2",0,90,False,"music/ex4/BGM_EX4_Dan_D13.scd","music/ffxiv/BGM_System_WinLoop.scd","ex4/dunzon/dunzon5d210/dunzon5d210",10090430,823,"Colosseum#0",0,"","",,"Such...strength...","",0,0,80,0,742500,0,0,50,0,0,330000,577500,0,0,0,20,30,0,0,0,0,0,0,0,0,0,0,0,0,0,3300000,4800,295,"InstanceContentRewardItem#50",False,0,0,"InstanceContentBuff#0",0,,0,0,0,0,0,False,0,144,67,5,86,0,False,0,0,True
92,"InstanceContentType#2",0,90,False,"music/ex5/BGM_EX5_Dan_D02.scd","music/ffxiv/BGM_System_WinLoop.scd","ex5/dunykt/dunykt6d210/dunykt6d210",10148590,824,"Colosseum#0",0,"","",,"Come to me, snowkin, large and small!","",6000,384100,0,0,1920996,0,6403320,0,0,0,853776,1494108,0,0,0,0,0,0,0,0,0,0,0,0,0,0,0,0,0,0,4268880,4800,302,"InstanceContentRewardItem#100",False,0,0,"InstanceContentBuff#0",0,,0,0,0,0,0,False,0,154,72,5,86,0,False,0,10,True
93,"InstanceContentType#2",0,90,False,"music/ex5/BGM_EX5_Dan_D05.scd","music/ffxiv/BGM_System_WinLoop.scd","ex5/dunxkt/dunxkt6d210/dunxkt6d210",10359416,825,"Colosseum#0",0,"","",,"Graaagggh! I must win...or else my souls...","",6000,527000,0,0,2635416,0,8784720,0,0,0,1171296,2049768,0,0,0,0,0,0,0,0,0,0,0,0,0,0,0,0,0,0,5856480,4800,303,"InstanceContentRewardItem#100",False,0,0,"InstanceContentBuff#0",0,,0,0,0,0,0,False,0,155,73,5,86,0,False,0,7,True
94,"InstanceContentType#2",0,90,False,"music/ex5/BGM_EX5_Dan_D01.scd","music/ffxiv/BGM_System_WinLoop.scd","ex5/dunykt/dunykt6d110/dunykt6d110",10386723,826,"Colosseum#0",0,"","",,"A gift! Courtesy of the blessed siblings!","",6000,340200,0,0,1701000,0,5670000,0,0,0,756000,1323000,0,0,0,0,0,0,0,0,0,0,0,0,0,0,0,0,0,0,3780000,4800,304,"InstanceContentRewardItem#100",False,0,0,"InstanceContentBuff#0",0,,0,0,0,0,0,False,0,157,74,5,86,0,False,0,0,True
95,"InstanceContentType#2",0,90,False,"music/ex5/BGM_EX5_Dan_D06.scd","music/ffxiv/BGM_System_WinLoop.scd","ex5/dunxkt/dunxkt6d310/dunxkt6d310",10362048,827,"Colosseum#0",0,"","",,"Attempting total annihilation...annihilation...annihilation.","",0,0,0,40,0,0,0,0,25,20,0,0,0,0,0,0,0,0,0,0,10,15,0,0,0,0,0,0,0,0,0,4800,305,"InstanceContentRewardItem#100",False,0,0,"InstanceContentBuff#0",0,,0,0,0,75,0,False,0,161,77,5,86,0,False,0,3,True
96,"InstanceContentType#2",0,90,False,"music/ex5/BGM_EX5_Dan_D03.scd","music/ffxiv/BGM_System_WinLoop.scd","ex5/dunykt/dunykt6d310/dunykt6d310",10358857,829,"Colosseum#0",0,"","",,"Crumble beneath my full might! Die, die, die!","",6000,430000,0,0,2150064,0,7166880,0,0,0,955584,1672272,0,0,0,0,0,0,0,0,0,0,0,0,0,0,0,0,0,0,4777920,4800,306,"InstanceContentRewardItem#100",False,0,0,"InstanceContentBuff#0",0,,0,0,0,0,58,False,0,156,75,5,86,0,True,0,28,True
97,"InstanceContentType#2",0,90,False,"music/ex5/BGM_EX5_Dan_D04.scd","music/ffxiv/BGM_System_WinLoop.scd","ex5/dunxkt/dunxkt6d110/dunxkt6d110",10408302,831,"Colosseum#0",0,"","",,"Enemy vital signs detected... Initiating raze protocol.","",6000,477600,0,0,2388204,0,7960680,0,0,0,1061424,1857492,0,0,0,0,0,0,0,0,0,0,0,0,0,0,0,0,0,0,5307120,4800,307,"InstanceContentRewardItem#100",False,0,0,"InstanceContentBuff#0",0,,0,0,0,0,0,False,0,158,76,5,86,0,False,0,14,True
98,"InstanceContentType#2",0,90,False,"music/ex5/BGM_EX5_Dan_D07.scd","music/ffxiv/BGM_System_WinLoop.scd","ex5/dunxkt/dunxkt6d410/dunxkt6d410",10437911,834,"Colosseum#0",0,"","",,"Guardians of the sanctuary─in the name of the great serpent, I bid you awaken!","",0,0,0,40,0,0,0,0,25,20,0,0,0,0,0,0,0,0,0,0,10,15,0,0,0,0,0,0,0,0,0,4800,308,"InstanceContentRewardItem#100",False,0,0,"InstanceContentBuff#0",0,,0,0,0,0,0,False,0,162,78,0,86,0,False,0,0,True
99,"InstanceContentType#2",0,90,False,"music/ex5/BGM_EX5_Dan_D08.scd","music/ffxiv/BGM_System_WinLoop.scd","ex5/dunxkt/dunxkt6d510/dunxkt6d510",10357733,981,"Colosseum#0",0,"","",,"","",0,0,0,40,0,0,0,0,25,20,0,0,0,0,0,0,0,0,0,0,10,15,0,0,0,0,0,0,0,0,0,4800,309,"InstanceContentRewardItem#100",False,0,0,"InstanceContentBuff#0",0,,0,0,0,0,0,False,0,163,79,0,86,0,False,0,22,True
100,"InstanceContentType#2",0,90,False,"music/ex5/BGM_EX5_Dan_D09.scd","music/ffxiv/BGM_System_WinLoop.scd","ex5/dunxkt/dunxkt6d610/dunxkt6d610",10878451,1008,"Colosseum#0",0,"","",,"What was that roar? Did it come from inside the storm!?","",0,0,0,40,0,0,0,0,25,20,0,0,0,0,0,0,0,0,0,0,10,15,0,0,0,0,0,0,0,0,0,4800,319,"InstanceContentRewardItem#100",False,0,0,"InstanceContentBuff#0",0,,0,0,0,0,63,False,0,182,87,5,86,0,False,0,23,True
101,"InstanceContentType#2",0,90,False,"music/ex5/BGM_EX5_Dan_D10.scd","music/ffxiv/BGM_System_WinLoop.scd","ex5/dunxkt/dunxkt6d710/dunxkt6d710",11398005,1027,"Colosseum#0",0,"","",,"You are untroubled thus far, but I have something that may test you yet.","",0,0,0,40,0,0,0,0,30,30,0,0,0,0,0,0,0,0,0,0,10,20,0,0,0,0,0,0,0,0,0,4800,321,"InstanceContentRewardItem#100",False,0,0,"InstanceContentBuff#0",0,,0,0,0,0,0,False,0,197,96,5,86,0,False,0,39,True
102,"InstanceContentType#2",0,90,False,"music/ex5/BGM_EX5_Dan_D11.scd","music/ffxiv/BGM_System_WinLoop.scd","ex5/dunxkt/dunxkt6d810/dunxkt6d810",11805643,1028,"Colosseum#0",0,"","",,"Criminals may run, but they cannot escape.","",0,0,0,40,0,0,0,0,30,30,0,0,0,0,0,0,0,0,0,0,10,20,0,0,0,0,0,0,0,0,0,4800,337,"InstanceContentRewardItem#100",False,0,0,"InstanceContentBuff#0",0,,0,0,0,0,6,False,0,206,97,5,86,0,False,0,46,True
103,"InstanceContentType#2",0,90,False,"music/ex5/BGM_EX5_Dan_D12.scd","music/ex5/BGM_EX5_Fanfare_01.scd","ex5/dunxkt/dunxkt6d910/dunxkt6d910",12020734,1064,"Colosseum#0",0,"","",,"君たち、旅人さんか！？
みんな街の奥へ避難してるから、そこを目指すといい！","",0,0,0,40,0,0,0,0,40,50,0,0,0,0,0,0,0,0,0,0,15,25,0,0,0,0,0,0,0,0,0,4800,340,"InstanceContentRewardItem#100",False,0,0,"InstanceContentBuff#0",0,,0,0,0,0,0,False,0,222,99,5,86,0,False,0,50,True
104,"InstanceContentType#2",0,90,False,"music/ex5/BGM_EX5_Dan_D13.scd","music/ffxiv/BGM_System_WinLoop.scd","ex5/dunmid/dunmid6d210/dunmid6d210",12296446,1011,"Colosseum#0",0,"","",,"Care to join my horde? You would make such fine minions...","",0,0,0,40,0,0,0,0,40,50,0,0,0,0,0,0,0,0,0,0,15,25,0,0,0,0,0,0,0,0,0,4800,362,"InstanceContentRewardItem#100",False,0,0,"InstanceContentBuff#0",0,,0,0,0,0,0,False,0,244,106,5,86,0,False,0,60,True
105,"InstanceContentType#0",0,0,False,"","","",0,0,"Colosseum#0",0,"","","BNpcBase#0","","",0,0,0,0,0,0,0,0,0,0,0,0,0,0,0,0,0,0,0,0,0,0,0,0,0,0,0,0,0,0,0,0,0,"InstanceContentRewardItem#0",False,0,0,"InstanceContentBuff#0",0,"InstanceContent#0",0,0,0,0,0,False,0,0,0,0,0,0,False,0,0,False
106,"InstanceContentType#0",0,0,False,"","","",0,0,"Colosseum#0",0,"","","BNpcBase#0","","",0,0,0,0,0,0,0,0,0,0,0,0,0,0,0,0,0,0,0,0,0,0,0,0,0,0,0,0,0,0,0,0,0,"InstanceContentRewardItem#0",False,0,0,"InstanceContentBuff#0",0,"InstanceContent#0",0,0,0,0,0,False,0,0,0,0,0,0,False,0,0,False
107,"InstanceContentType#0",0,0,False,"","","",0,0,"Colosseum#0",0,"","","BNpcBase#0","","",0,0,0,0,0,0,0,0,0,0,0,0,0,0,0,0,0,0,0,0,0,0,0,0,0,0,0,0,0,0,0,0,0,"InstanceContentRewardItem#0",False,0,0,"InstanceContentBuff#0",0,"InstanceContent#0",0,0,0,0,0,False,0,0,0,0,0,0,False,0,0,False
5000,"InstanceContentType#0",0,60,False,"","music/ffxiv/BGM_System_WinLoop.scd","",0,0,"Colosseum#0",0,"","","BNpcBase#0","","",0,0,0,0,0,0,0,0,0,0,0,0,0,0,0,0,0,0,0,0,0,0,0,0,0,0,0,0,0,0,0,0,0,"InstanceContentRewardItem#100",False,0,0,"InstanceContentBuff#0",0,,0,0,0,0,0,False,0,0,0,0,0,0,False,0,0,False
5001,"InstanceContentType#7",0,30,False,"music/ex1/BGM_EX1_Event_IshWar.scd","","",0,167,"Colosseum#1",0,"",,"BNpcBase#10400","Aye, all right... Take your victory. You've earned it.","",0,0,0,0,0,0,0,0,0,0,0,0,0,0,0,0,0,0,0,0,0,0,0,0,0,0,0,0,0,0,0,0,0,"InstanceContentRewardItem#100",False,0,0,"InstanceContentBuff#0",0,,0,0,0,0,0,False,0,0,0,0,0,0,False,0,0,False
5002,"InstanceContentType#7",0,30,False,"music/ex1/BGM_EX1_Boss04.scd","","",0,173,"Colosseum#1",0,"",,"BNpcBase#12500","<Split(<Highlight>ObjectParameter(1)</Highlight>, ,1)/>! Krile needs you!","",0,0,0,0,0,0,0,0,0,0,0,0,0,0,0,0,0,0,0,0,0,0,0,0,0,0,0,0,0,0,0,0,0,"InstanceContentRewardItem#100",False,0,0,"InstanceContentBuff#0",0,,0,0,0,0,0,False,0,0,0,0,0,0,False,0,0,False
5003,"InstanceContentType#7",0,30,False,"music/ffxiv/BGM_Event_Escape.scd","","",0,194,"Colosseum#1",0,"",,"BNpcBase#13300","Channel aether into Alisaie's blade","",0,0,0,0,0,0,0,0,0,0,0,0,0,0,0,0,0,0,0,0,0,0,0,0,0,0,0,0,0,0,0,0,0,"InstanceContentRewardItem#100",False,0,0,"InstanceContentBuff#0",0,,0,0,0,0,0,False,0,0,0,0,0,0,False,0,0,False
5004,"InstanceContentType#7",0,30,False,"music/ffxiv/BGM_Con_Teikoku_Boss.scd","","",0,222,"Colosseum#1",0,"","","BNpcBase#14200","The colossi are scrap, and the captain hits <Emphasis>us</Emphasis> as often as the enemy!
Enough! Time for a tactical withdrawal!","",0,0,0,0,0,0,0,0,0,0,0,0,0,0,0,0,0,0,0,0,0,0,0,0,0,0,0,0,0,0,0,0,0,"InstanceContentRewardItem#100",False,0,0,"InstanceContentBuff#0",0,,0,0,0,0,0,False,0,0,0,0,0,0,False,0,0,False
5005,"InstanceContentType#7",0,30,False,"music/ffxiv/BGM_Event_Treacherous.scd","","",0,237,"Colosseum#0",0,"","","BNpcBase#14800","Split up and head for the Ruby Bazaar! And remember: under no circumstances must you engage the Sekiseigumi!","",0,0,0,0,0,0,0,0,0,0,0,0,0,0,0,0,0,0,0,0,0,0,0,0,0,0,0,0,0,0,0,0,0,"InstanceContentRewardItem#100",False,0,0,"InstanceContentBuff#0",0,,0,0,0,0,0,False,0,0,0,0,0,0,False,0,0,False
5006,"InstanceContentType#7",0,30,False,"","","",0,261,"Colosseum#0",0,"","","BNpcBase#15000","","",0,0,0,0,0,0,0,0,0,0,0,0,0,0,0,0,0,0,0,0,0,0,0,0,0,0,0,0,0,0,0,0,0,"InstanceContentRewardItem#100",False,0,0,"InstanceContentBuff#0",0,,0,0,0,0,0,False,0,0,0,0,0,0,False,0,0,False
5007,"InstanceContentType#7",0,30,False,"music/ex1/BGM_EX1_Makosen_Nomal02.scd","","",0,245,"Colosseum#0",0,"","","BNpcBase#15400","Ritual progress","",0,0,0,0,0,0,0,0,0,0,0,0,0,0,0,0,0,0,0,0,0,0,0,0,0,0,0,0,0,0,0,0,0,"InstanceContentRewardItem#100",False,0,0,"InstanceContentBuff#0",0,,0,0,0,0,0,False,0,0,0,0,0,0,False,0,0,False
5008,"InstanceContentType#7",0,30,False,"music/ffxiv/BGM_Event_BattleCommon_02.scd","","",0,246,"Colosseum#0",0,"","","BNpcBase#15200","Prevent the Dotharl from claiming the ovoo","",0,0,0,0,0,0,0,0,0,0,0,0,0,0,0,0,0,0,0,0,0,0,0,0,0,0,0,0,0,0,0,0,0,"InstanceContentRewardItem#100",False,0,0,"InstanceContentBuff#0",0,,0,0,0,5,0,False,0,0,0,0,0,0,False,0,0,False
5009,"InstanceContentType#7",0,30,False,"music/ffxiv/BGM_Dungeon_Lim_05.scd","","",0,248,"Colosseum#0",0,"","","BNpcBase#15300","B-Bugger this! Time to use the secret weapon!","",0,0,0,0,0,0,0,0,0,0,0,0,0,0,0,0,0,0,0,0,0,0,0,0,0,0,0,0,0,0,0,0,0,"InstanceContentRewardItem#100",False,0,0,"InstanceContentBuff#0",0,,0,0,0,0,0,False,0,0,0,0,0,0,False,0,0,False
5010,"InstanceContentType#7",0,30,False,"music/ffxiv/BGM_Event_JobShiren.scd","music/ffxiv/BGM_Boss_05.scd","",0,249,"Colosseum#0",0,"","","BNpcBase#15600","No, <Split(<Highlight>ObjectParameter(1)</Highlight>, ,1)/>! You cannot fall...not when you are so close!","",0,0,0,0,0,0,0,0,0,0,0,0,0,0,0,0,0,0,0,0,0,0,0,0,0,0,0,0,0,0,0,0,0,"InstanceContentRewardItem#100",False,0,0,"InstanceContentBuff#0",0,,0,0,0,0,0,False,0,0,0,0,0,0,False,0,0,False
5011,"InstanceContentType#7",0,30,False,"music/ffxiv/BGM_Event_JobShiren.scd","music/ffxiv/BGM_Boss_07.scd","",0,250,"Colosseum#0",0,"","","BNpcBase#15800","<Split(<Highlight>ObjectParameter(1)</Highlight>, ,1)/>, forgive me... I am undone...","",0,0,0,0,0,0,0,0,0,0,0,0,0,0,0,0,0,0,0,0,0,0,0,0,0,0,0,0,0,0,0,0,0,"InstanceContentRewardItem#100",False,0,0,"InstanceContentBuff#0",0,,0,0,0,0,0,False,0,0,0,0,0,0,False,0,0,False
5012,"InstanceContentType#7",0,30,False,"music/ex2/BGM_EX2_Boss_Battle_01.scd","","",0,251,"Colosseum#0",0,"","","BNpcBase#16000","Victory is mine. A new day dawns upon the realm.","",0,0,0,0,0,0,0,0,0,0,0,0,0,0,0,0,0,0,0,0,0,0,0,0,0,0,0,0,0,0,0,0,0,"InstanceContentRewardItem#100",False,0,0,"InstanceContentBuff#0",0,,0,0,0,0,0,False,0,0,0,0,0,0,False,0,0,False
5013,"InstanceContentType#7",0,30,False,"music/ffxiv/BGM_Event_BattleCommon_02.scd","","",0,260,"Colosseum#0",0,"","","BNpcBase#15700","Brace yourself! I fear there is no escaping this onslaught!","",0,0,0,0,0,0,0,0,0,0,0,0,0,0,0,0,0,0,0,0,0,0,0,0,0,0,0,0,0,0,0,0,0,"InstanceContentRewardItem#100",False,0,0,"InstanceContentBuff#0",0,,0,0,0,0,0,False,0,0,0,0,0,0,False,0,0,False
5014,"InstanceContentType#7",0,30,False,"music/ex1/BGM_EX1_Dungeon_Komuda2.scd","","",0,265,"Colosseum#0",0,"","","BNpcBase#16600","Is it...waiting for us?","",0,0,0,0,0,0,0,0,0,0,0,0,0,0,0,0,0,0,0,0,0,0,0,0,0,0,0,0,0,0,0,0,0,"InstanceContentRewardItem#100",False,0,0,"InstanceContentBuff#0",0,,0,0,0,0,0,False,0,0,0,0,0,0,False,0,0,False
5015,"InstanceContentType#7",0,30,False,"music/ffxiv/BGM_Dungeon_Uru_06.scd","","",0,266,"Colosseum#0",0,"","","BNpcBase#15900","It would be my pleasure.","",0,0,0,0,0,0,0,0,0,0,0,0,0,0,0,0,0,0,0,0,0,0,0,0,0,0,0,0,0,0,0,0,0,"InstanceContentRewardItem#100",False,0,0,"InstanceContentBuff#0",0,,0,0,0,0,0,False,0,0,0,0,0,0,False,0,0,False
5016,"InstanceContentType#7",0,30,False,"music/ffxiv/BGM_Event_Treacherous.scd","","",0,267,"Colosseum#1",0,"","","BNpcBase#16700","Graaagh! Faunehm, why...?","",0,0,0,0,0,0,0,0,0,0,0,0,0,0,0,0,0,0,0,0,0,0,0,0,0,0,0,0,0,0,0,0,0,"InstanceContentRewardItem#100",False,0,0,"InstanceContentBuff#0",0,,0,0,0,0,0,False,0,0,0,0,0,0,False,0,0,False
5017,"InstanceContentType#7",0,30,False,"music/ffxiv/BGM_Con_Teikoku_02.scd","","",0,269,"Colosseum#0",0,"","","BNpcBase#17000","Still got that siphon, <Split(<Highlight>ObjectParameter(1)</Highlight>, ,1)/>!? Then use it!","",0,0,0,0,0,0,0,0,0,0,0,0,0,0,0,0,0,0,0,0,0,0,0,0,0,0,0,0,0,0,0,0,0,"InstanceContentRewardItem#100",False,0,0,"InstanceContentBuff#0",0,,0,0,0,0,0,False,0,0,0,0,0,0,False,0,0,False
5018,"InstanceContentType#7",0,30,False,"","","",0,270,"Colosseum#0",0,"","","BNpcBase#15100","","",0,0,0,0,0,0,0,0,0,0,0,0,0,0,0,0,0,0,0,0,0,0,0,0,0,0,0,0,0,0,0,0,0,"InstanceContentRewardItem#100",False,0,0,"InstanceContentBuff#0",0,,0,0,0,0,0,False,0,0,0,0,0,0,False,0,0,False
5019,"InstanceContentType#7",0,30,False,"","","",0,271,"Colosseum#0",0,"","","BNpcBase#16400","We're still here, old man! What else have you got!?","",0,0,0,0,0,0,0,0,0,0,0,0,0,0,0,0,0,0,0,0,0,0,0,0,0,0,0,0,0,0,0,0,0,"InstanceContentRewardItem#100",False,0,0,"InstanceContentBuff#0",0,,0,0,0,0,0,False,0,0,0,0,0,0,False,0,0,False
5020,"InstanceContentType#7",0,30,False,"","","",0,272,"Colosseum#0",0,"","","BNpcBase#16500","Again and again and again you kill. Do you feel nothing!?","",0,0,0,0,0,0,0,0,0,0,0,0,0,0,0,0,0,0,0,0,0,0,0,0,0,0,0,0,0,0,0,0,0,"InstanceContentRewardItem#100",False,0,0,"InstanceContentBuff#0",0,,0,0,0,0,0,False,0,0,0,0,0,0,False,0,0,False
5021,"InstanceContentType#7",0,30,False,"","","",0,273,"Colosseum#1",0,"","","BNpcBase#16800","<Split(<Highlight>ObjectParameter(1)</Highlight>, ,1)/>, come to my side! I shall heal you.","",0,0,0,0,0,0,0,0,0,0,0,0,0,0,0,0,0,0,0,0,0,0,0,0,0,0,0,0,0,0,0,0,0,"InstanceContentRewardItem#100",False,0,0,"InstanceContentBuff#0",0,,0,0,0,0,0,False,0,0,0,0,0,0,False,0,0,False
5022,"InstanceContentType#7",0,30,False,"music/ffxiv/BGM_Event_JobShiren.scd","","",0,274,"Colosseum#0",0,"","","BNpcBase#17100","See through Hanzo's illusions and defeat him!","",0,0,0,0,0,0,0,0,0,0,0,0,0,0,0,0,0,0,0,0,0,0,0,0,0,0,0,0,0,0,0,0,0,"InstanceContentRewardItem#100",False,0,0,"InstanceContentBuff#0",0,,0,0,0,0,0,False,0,0,0,0,0,0,False,0,0,False
5023,"InstanceContentType#7",0,30,False,"music/ex2/BGM_EX2_Omega_01.scd","","",0,275,"Colosseum#0",0,"","","BNpcBase#17400","Not even mine avatar is safe... I take my leave of thee, mortal.","",0,0,0,0,0,0,0,0,0,0,0,0,0,0,0,0,0,0,0,0,0,0,0,0,0,0,0,0,0,0,0,0,0,"InstanceContentRewardItem#100",False,0,0,"InstanceContentBuff#0",0,,0,0,0,0,0,False,0,0,0,0,0,0,False,0,0,False
5024,"InstanceContentType#7",0,30,False,"music/ex2/BGM_EX2_Ban_02.scd","","",0,282,"Colosseum#0",0,"","","BNpcBase#18300","Hold on, Fordola...
We end this now! For Ala Mhigo!","",0,0,0,0,0,0,0,0,0,0,0,0,0,0,0,0,0,0,0,0,0,0,0,0,0,0,0,0,0,0,0,0,0,"InstanceContentRewardItem#100",False,0,0,"InstanceContentBuff#0",0,,0,6,0,11,0,False,0,0,0,0,0,0,False,0,0,False
5025,"InstanceContentType#7",0,30,False,"","","",0,582,"Colosseum#0",0,"","","BNpcBase#19600","","",0,0,0,0,0,0,0,0,0,0,0,0,0,0,0,0,0,0,0,0,0,0,0,0,0,0,0,0,0,0,0,0,0,"InstanceContentRewardItem#100",False,0,0,"InstanceContentBuff#0",0,,0,0,0,0,0,False,0,0,0,0,0,0,False,0,0,False
5026,"InstanceContentType#7",0,30,False,"music/ffxiv/BGM_Con_Teikoku_01_Sido.scd","","",0,609,"Colosseum#0",0,"","","BNpcBase#20300","Time to finish this!","",0,0,0,0,0,0,0,0,0,0,0,0,0,0,0,0,0,0,0,0,0,0,0,0,0,0,0,0,0,0,0,0,0,"InstanceContentRewardItem#100",False,0,0,"InstanceContentBuff#0",0,,0,8,0,25,0,False,0,0,0,0,0,0,False,0,0,False
5027,"InstanceContentType#7",0,30,False,"music/ffxiv/BGM_Event_BKC10.scd","music/ffxiv/BGM_System_WinLoop.scd","",0,646,"Colosseum#0",0,"","",,"Of all the places...","",0,0,0,0,0,0,0,0,0,0,0,0,0,0,0,0,0,0,0,0,0,0,0,0,0,0,0,0,0,0,0,0,0,"InstanceContentRewardItem#100",False,0,0,"InstanceContentBuff#0",0,,0,9,0,0,0,False,0,0,0,0,0,0,False,0,0,False
5028,"InstanceContentType#7",0,30,False,"music/ex2/BGM_EX2_Boss_Battle_01.scd","","",0,648,"Colosseum#0",0,"","",,"We may be on the back foot, but it's not over yet!","",0,0,0,0,0,0,0,0,0,0,0,0,0,0,0,0,0,0,0,0,0,0,0,0,0,0,0,0,0,0,0,0,0,"InstanceContentRewardItem#100",False,0,0,"InstanceContentBuff#0",0,,0,0,0,31,0,False,0,0,0,0,0,0,False,0,0,False
5029,"InstanceContentType#7",0,30,False,"music/ffxiv/BGM_Con_Teikoku_01_Sido.scd","","",0,678,"Colosseum#0",0,"","",,"Unrepentant to the last... This madness dies with you.","",0,0,0,0,0,0,0,0,0,0,0,0,0,0,0,0,0,0,0,0,0,0,0,0,0,0,0,0,0,0,0,0,0,"InstanceContentRewardItem#100",False,0,0,"InstanceContentBuff#0",0,,0,0,0,0,0,False,0,0,0,0,0,0,False,0,0,False
5030,"InstanceContentType#7",0,30,False,"music/ffxiv/BGM_Boss_06.scd","music/ffxiv/BGM_Con_Teikoku_01_Sido.scd","",0,679,"Colosseum#0",0,"","",,"If I'm not fully healed soon, I think I might...<pant>","",0,0,0,0,0,0,0,0,0,0,0,0,0,0,0,0,0,0,0,0,0,0,0,0,0,0,0,0,0,0,0,0,0,"InstanceContentRewardItem#100",False,0,0,"InstanceContentBuff#0",0,,0,0,0,0,0,False,0,0,0,0,0,0,False,0,0,False
5031,"InstanceContentType#7",0,30,False,"music/ex3/BGM_EX3_Boss_Battle01.scd","music/ffxiv/BGM_Null.scd","",0,680,"Colosseum#1",0,"","",,"Then pay it you shall!","",0,0,0,0,0,0,0,0,0,0,0,0,0,0,0,0,0,0,0,0,0,0,0,0,0,0,0,0,0,0,0,0,0,"InstanceContentRewardItem#100",False,0,0,"InstanceContentBuff#0",0,,0,4,0,0,0,False,0,0,0,0,0,0,False,0,0,False
5032,"InstanceContentType#7",0,30,False,"music/ffxiv/BGM_Dungeon_Deep02.scd","music/ffxiv/BGM_System_WinLoop.scd","",0,681,"Colosseum#1",0,"","",,"Hurry! We can hold him no longer!","",0,0,0,0,0,0,0,0,0,0,0,0,0,0,0,0,0,0,0,0,0,0,0,0,0,0,0,0,0,0,0,0,0,"InstanceContentRewardItem#100",False,0,0,"InstanceContentBuff#0",0,,0,4,0,0,0,False,0,0,0,0,0,0,False,0,0,False
5033,"InstanceContentType#7",0,30,False,"music/ffxiv/BGM_Battle_Dungeon_02.scd","music/ffxiv/BGM_Con_Teikoku_01_Sido.scd","",0,686,"Colosseum#0",0,"","",,"We really should have asked for a map. Not that it'd have been much use after all the cave-ins...","",0,0,0,0,0,0,0,0,0,0,0,0,0,0,0,0,0,0,0,0,0,0,0,0,0,0,0,0,0,0,0,0,0,"InstanceContentRewardItem#100",False,0,0,"InstanceContentBuff#0",0,,0,0,0,0,0,False,0,0,0,0,0,0,False,0,0,False
5034,"InstanceContentType#7",0,30,False,"music/ffxiv/BGM_Boss_03.scd","music/ffxiv/BGM_Con_Teikoku_01_Sido.scd","",0,691,"Colosseum#0",0,"","",,"Like I'll let you roar again! I've got plenty of arrows left!","",0,0,0,0,0,0,0,0,0,0,0,0,0,0,0,0,0,0,0,0,0,0,0,0,0,0,0,0,0,0,0,0,0,"InstanceContentRewardItem#100",False,0,0,"InstanceContentBuff#0",0,,0,0,0,0,0,False,0,0,0,0,0,0,False,0,0,False
5035,"InstanceContentType#7",0,30,False,"music/ffxiv/BGM_Con_Teikoku_01_Sido.scd","","",0,702,"Colosseum#1",0,"","",,"It works, it works! Hahaha! Arch Ultima is unstoppable!","",0,0,0,0,0,0,0,0,0,0,0,0,0,0,0,0,0,0,0,0,0,0,0,0,0,0,0,0,0,0,0,0,0,"InstanceContentRewardItem#100",False,0,0,"InstanceContentBuff#0",0,,0,4,0,0,0,False,0,0,0,0,0,0,False,0,0,False
5036,"InstanceContentType#7",0,30,False,"music/ex3/BGM_EX3_Event_06.scd","music/ex3/BGM_EX3_Null.scd","",0,703,"Colosseum#0",0,"","",,"I still sense a nightmare nearby... Let's hurry and find it!","",0,0,0,0,0,0,0,0,0,0,0,0,0,0,0,0,0,0,0,0,0,0,0,0,0,0,0,0,0,0,0,0,0,"InstanceContentRewardItem#100",False,0,0,"InstanceContentBuff#0",0,,0,0,0,0,0,False,0,14,12,0,0,0,False,0,0,False
5037,"InstanceContentType#7",0,90,False,"music/ex2/BGM_EX2_Dan_D13.scd","music/ffxiv/BGM_System_WinLoop.scd","",0,723,"Colosseum#0",0,"","",,"Defeat Varis yae Galvus!","",0,0,0,0,0,0,0,0,0,0,0,0,0,0,0,0,0,0,0,0,0,0,0,0,0,0,0,0,0,0,0,0,0,"InstanceContentRewardItem#100",False,0,0,"InstanceContentBuff#0",0,,0,13,0,39,0,False,0,24,0,0,0,0,False,0,0,False
5038,"InstanceContentType#7",0,30,False,"music/ffxiv/BGM_Dungeon_Deep02.scd","","",0,724,"Colosseum#1",0,"","",,"One worthy of she who the Ronkans extolled, must be strong of mind, body, and soul.","",0,0,0,0,0,0,0,0,0,0,0,0,0,0,0,0,0,0,0,0,0,0,0,0,0,0,0,0,0,0,0,0,0,"InstanceContentRewardItem#100",False,0,0,"InstanceContentBuff#0",0,,0,0,0,0,0,False,0,23,0,0,0,0,False,0,0,False
5039,"InstanceContentType#7",0,15,False,"music/ex1/BGM_EX1_Boss04.scd","","",0,740,"Colosseum#0",0,"","",,"Deploy the Aetherial Aegis to weather the storm!","",0,0,0,0,0,0,0,0,0,0,0,0,0,0,0,0,0,0,0,0,0,0,0,0,0,0,0,0,0,0,0,0,0,"InstanceContentRewardItem#100",False,0,0,"InstanceContentBuff#0",0,,0,0,0,0,0,False,0,0,0,0,0,0,False,0,0,False
5040,"InstanceContentType#7",0,30,False,"music/ex3/BGM_EX3_Ban_09.scd","","",0,741,"Colosseum#0",0,"","",,"The turrets are preparing to self-destruct.
Destroy them with the Ultima Buster!","",0,0,0,0,0,0,0,0,0,0,0,0,0,0,0,0,0,0,0,0,0,0,0,0,0,0,0,0,0,0,0,0,0,"InstanceContentRewardItem#100",False,0,0,"InstanceContentBuff#0",0,,0,0,0,0,0,False,0,0,0,0,0,0,False,0,0,False
5041,"InstanceContentType#7",0,30,False,"","","",0,743,"Colosseum#0",0,"","",,"","",0,0,0,0,0,0,0,0,0,0,0,0,0,0,0,0,0,0,0,0,0,0,0,0,0,0,0,0,0,0,0,0,0,"InstanceContentRewardItem#100",False,0,0,"InstanceContentBuff#0",0,,0,0,0,31,0,False,0,0,0,0,0,0,False,0,0,False
5042,"InstanceContentType#7",0,30,False,"music/ex3/BGM_EX3_Event_06.scd","music/ex3/BGM_EX3_Null.scd","",0,764,"Colosseum#1",0,"","",,"<Split(<Highlight>ObjectParameter(1)</Highlight>, ,1)/>, a little more aether! Just a little more, and I can finish this!","",0,0,0,0,0,0,0,0,0,0,0,0,0,0,0,0,0,0,0,0,0,0,0,0,0,0,0,0,0,0,0,0,0,"InstanceContentRewardItem#100",False,0,0,"InstanceContentBuff#0",0,,0,0,0,44,0,False,0,0,0,0,0,0,False,0,0,False
5043,"InstanceContentType#7",0,30,False,"music/ex3/BGM_EX3_MYC_02.scd","music/ex3/BGM_EX3_Null.scd","",0,765,"Colosseum#0",0,"","",,"I will see to Misija. The remaining magitek armor is yours.","",0,0,0,0,0,0,0,0,0,0,0,0,0,0,0,0,0,0,0,0,0,0,0,0,0,0,0,0,0,0,0,0,0,"InstanceContentRewardItem#100",False,0,0,"InstanceContentBuff#0",0,,0,0,0,0,0,False,0,0,0,0,0,0,False,0,0,False
5044,"InstanceContentType#7",0,60,False,"","","",0,780,"Colosseum#1",0,"","",,"Then let us take this opportunity to cure the tempered!","",0,0,0,0,0,0,0,0,0,0,0,0,0,0,0,0,0,0,0,0,0,0,0,0,0,0,0,0,0,0,0,0,0,"InstanceContentRewardItem#100",False,0,0,"InstanceContentBuff#0",0,,0,0,0,0,0,False,0,49,0,0,0,0,False,0,0,False
5045,"InstanceContentType#7",0,60,False,"music/ex4/BGM_EX4_Boss_Battle01.scd","","",0,793,"Colosseum#1",0,"","",,"Search around the immobilized magitek reaper for the person calling to you","",0,0,0,0,0,0,0,0,0,0,0,0,0,0,0,0,0,0,0,0,0,0,0,0,0,0,0,0,0,0,0,0,0,"InstanceContentRewardItem#100",False,0,0,"InstanceContentBuff#0",0,,0,16,0,54,0,False,0,60,0,0,0,0,False,0,0,False
5046,"InstanceContentType#7",0,60,False,"music/ex4/BGM_EX4_Event_20.scd","","",0,795,"Colosseum#0",0,"","",,"I have seen enough.","",0,0,0,0,0,0,0,0,0,0,0,0,0,0,0,0,0,0,0,0,0,0,0,0,0,0,0,0,0,0,0,0,0,"InstanceContentRewardItem#100",False,0,0,"InstanceContentBuff#0",0,,0,0,0,57,0,False,0,0,0,0,0,0,False,0,0,False
5047,"InstanceContentType#7",0,60,False,"music/ex4/BGM_EX4_Event_18.scd","music/ffxiv/BGM_System_WinLoop.scd","",0,798,"Colosseum#1",0,"","",,"Show me your vaunted fortitude!","",0,0,0,0,0,0,0,0,0,0,0,0,0,0,0,0,0,0,0,0,0,0,0,0,0,0,0,0,0,0,0,0,0,"InstanceContentRewardItem#100",False,0,0,"InstanceContentBuff#0",0,,0,17,0,0,0,False,0,71,0,0,0,0,False,0,0,False
5048,"InstanceContentType#7",0,60,False,"music/ffxiv/BGM_Event_JobShiren.scd","music/ex3/BGM_EX3_Null.scd","",0,799,"Colosseum#1",0,"","",,"1 second to Extinction Flare...","",0,0,0,0,0,0,0,0,0,0,0,0,0,0,0,0,0,0,0,0,0,0,0,0,0,0,0,0,0,0,0,0,0,"InstanceContentRewardItem#100",False,0,0,"InstanceContentBuff#0",0,,0,0,0,0,0,False,0,0,0,0,0,0,False,0,0,False
5049,"InstanceContentType#7",0,60,False,"","","",0,804,"Colosseum#0",0,"","",,"Calm the distressed refugees!","",0,0,0,0,0,0,0,0,0,0,0,0,0,0,0,0,0,0,0,0,0,0,0,0,0,0,0,0,0,0,0,0,0,"InstanceContentRewardItem#100",False,0,0,"InstanceContentBuff#0",0,,0,0,0,0,0,False,0,74,0,0,0,0,False,0,0,False
5050,"InstanceContentType#7",0,60,False,"music/ffxiv/BGM_Event_JobShiren.scd","music/ex3/BGM_EX3_Null.scd","",0,805,"Colosseum#1",0,"","",,"My aether is exhausted... I cannot stand...","",0,0,0,0,0,0,0,0,0,0,0,0,0,0,0,0,0,0,0,0,0,0,0,0,0,0,0,0,0,0,0,0,0,"InstanceContentRewardItem#100",False,0,0,"InstanceContentBuff#0",0,,0,15,0,48,0,False,0,72,0,0,0,0,False,0,0,False
5051,"InstanceContentType#7",0,60,False,"","","",0,812,"Colosseum#0",0,"","",,"It's time. We only have one shot at this, so let's make it count!","",0,0,0,0,0,0,0,0,0,0,0,0,0,0,0,0,0,0,0,0,0,0,0,0,0,0,0,0,0,0,0,0,0,"InstanceContentRewardItem#100",False,0,0,"InstanceContentBuff#0",0,,0,0,0,49,0,False,0,73,0,0,0,0,False,0,0,False
5052,"InstanceContentType#7",0,60,False,"music/ex1/BGM_EX1_Dungeon_botanical_gardens.scd","","",0,813,"Colosseum#0",0,"","",,"Grrr, damn you!","",0,0,0,0,0,0,0,0,0,0,0,0,0,0,0,0,0,0,0,0,0,0,0,0,0,0,0,0,0,0,0,0,0,"InstanceContentRewardItem#100",False,0,0,"InstanceContentBuff#0",0,,0,0,0,0,0,False,0,0,0,0,0,0,False,0,0,False
5053,"InstanceContentType#7",0,60,False,"music/ffxiv/BGM_Dungeon_Uru_04.scd","","",0,814,"Colosseum#0",0,"","",,"Use Guillotine","",0,0,0,0,0,0,0,0,0,0,0,0,0,0,0,0,0,0,0,0,0,0,0,0,0,0,0,0,0,0,0,0,0,"InstanceContentRewardItem#100",False,0,0,"InstanceContentBuff#0",0,,0,0,0,0,0,False,0,75,42,0,0,0,False,0,0,False
5054,"InstanceContentType#7",0,60,False,"music/ex1/BGM_EX1_Event_Soten.scd","music/ex3/BGM_EX3_Null.scd","",0,815,"Colosseum#1",0,"","",,"<Split(<Highlight>ObjectParameter(1)</Highlight>, ,1)/>─this way!","",0,0,0,0,0,0,0,0,0,0,0,0,0,0,0,0,0,0,0,0,0,0,0,0,0,0,0,0,0,0,0,0,0,"InstanceContentRewardItem#100",False,0,0,"InstanceContentBuff#0",0,,0,0,0,55,0,False,0,0,0,0,0,0,False,0,0,False
5055,"InstanceContentType#7",0,60,False,"music/ex4/BGM_EX4_Boss_Battle01.scd","","",0,816,"Colosseum#0",0,"","",,"Ugh... I can't die...without a final meal.","",0,0,0,0,0,0,0,0,0,0,0,0,0,0,0,0,0,0,0,0,0,0,0,0,0,0,0,0,0,0,0,0,0,"InstanceContentRewardItem#100",False,0,0,"InstanceContentBuff#0",0,,0,0,0,0,0,False,0,0,0,0,0,0,False,0,0,False
5056,"InstanceContentType#7",0,60,False,"","","",0,817,"Colosseum#0",0,"","",,"Keep your comrades alive and break their mind control.","",0,0,0,0,0,0,0,0,0,0,0,0,0,0,0,0,0,0,0,0,0,0,0,0,0,0,0,0,0,0,0,0,0,"InstanceContentRewardItem#100",False,0,0,"InstanceContentBuff#0",0,,0,0,0,0,0,False,0,0,0,0,0,0,False,0,0,False
5057,"InstanceContentType#7",0,60,False,"music/ex4/BGM_EX4_Boss_Battle02.scd","","",0,818,"Colosseum#1",0,"","",,"Defeat Izanami","",0,0,0,0,0,0,0,0,0,0,0,0,0,0,0,0,0,0,0,0,0,0,0,0,0,0,0,0,0,0,0,0,0,"InstanceContentRewardItem#100",False,0,0,"InstanceContentBuff#0",0,,0,0,0,0,0,False,0,0,0,0,0,0,False,0,0,False
5058,"InstanceContentType#7",0,60,False,"music/ex2/BGM_EX2_Boss_Battle_01.scd","","",0,820,"Colosseum#1",0,"","",,"1 second to Fordola's Penitent Blade...","",0,0,0,0,0,0,0,0,0,0,0,0,0,0,0,0,0,0,0,0,0,0,0,0,0,0,0,0,0,0,0,0,0,"InstanceContentRewardItem#100",False,0,0,"InstanceContentBuff#0",0,,0,0,0,0,0,False,0,0,0,0,0,0,False,0,0,False
5059,"InstanceContentType#7",0,60,False,"","","",0,845,"Colosseum#1",0,"","",,"Defeat Nerva yae Galvus!","",0,0,0,0,0,0,0,0,0,0,0,0,0,0,0,0,0,0,0,0,0,0,0,0,0,0,0,0,0,0,0,0,0,"InstanceContentRewardItem#100",False,0,0,"InstanceContentBuff#0",0,,0,0,0,0,0,False,0,80,0,0,0,0,False,0,0,False
5060,"InstanceContentType#7",0,60,False,"music/ffxiv/BGM_Con_Teikoku_Boss.scd","music/ffxiv/BGM_Null.scd","",0,865,"Colosseum#0",0,"","",,"We've raised the alarm as you bade...and now we would fight with you!","",0,0,0,0,0,0,0,0,0,0,0,0,0,0,0,0,0,0,0,0,0,0,0,0,0,0,0,0,0,0,0,0,0,"InstanceContentRewardItem#100",False,0,0,"InstanceContentBuff#0",0,,0,0,0,0,0,False,0,85,0,0,0,0,False,0,0,False
5061,"InstanceContentType#7",0,60,False,"music/ffxiv/BGM_Con_Ascian.scd","","",0,867,"Colosseum#1",0,"","",,"Hmph. Yours was always a vain struggle.","",0,0,0,0,0,0,0,0,0,0,0,0,0,0,0,0,0,0,0,0,0,0,0,0,0,0,0,0,0,0,0,0,0,"InstanceContentRewardItem#100",False,0,0,"InstanceContentBuff#0",0,,0,0,0,61,0,False,0,88,0,0,0,0,False,0,0,False
5062,"InstanceContentType#7",0,60,False,"music/ex4/BGM_EX4_Boss_Battle03.scd","","",0,874,"Colosseum#1",0,"","",,"She can turn voidsent into crystal...","",0,0,0,0,0,0,0,0,0,0,0,0,0,0,0,0,0,0,0,0,0,0,0,0,0,0,0,0,0,0,0,0,0,"InstanceContentRewardItem#100",False,0,0,"InstanceContentBuff#0",0,,0,0,0,0,0,False,0,99,0,0,0,0,False,0,0,False
5063,"InstanceContentType#7",0,60,False,"music/ffxiv/BGM_Con_Ish_01.scd","","",0,885,"Colosseum#1",0,"","",,"Yda and I have matters here well in hand. <Split(<Highlight>ObjectParameter(1)</Highlight>, ,1)/>, you must go and see to the final ward.","",0,0,0,0,0,0,0,0,0,0,0,0,0,0,0,0,0,0,0,0,0,0,0,0,0,0,0,0,0,0,0,0,0,"InstanceContentRewardItem#100",False,0,0,"InstanceContentBuff#0",0,,0,0,0,64,0,False,0,105,0,0,0,0,False,0,0,False
5064,"InstanceContentType#7",0,60,False,"music/ffxiv/BGM_Event_FF2BossBattle.scd","","",0,907,"Colosseum#1",0,"","",,"Gyaaah! Why are they hitting <Emphasis>me</Emphasis>!?","",0,0,0,0,0,0,0,0,0,0,0,0,0,0,0,0,0,0,0,0,0,0,0,0,0,0,0,0,0,0,0,0,0,"InstanceContentRewardItem#100",False,0,0,"InstanceContentBuff#0",0,,0,18,0,0,0,False,0,107,0,0,0,0,False,0,0,False
5065,"InstanceContentType#7",0,60,False,"","","",0,910,"Colosseum#0",0,"","",,"Zero's concentration has been broken.","",0,0,0,0,0,0,0,0,0,0,0,0,0,0,0,0,0,0,0,0,0,0,0,0,0,0,0,0,0,0,0,0,0,"InstanceContentRewardItem#100",False,0,0,"InstanceContentBuff#0",0,,0,0,0,70,0,False,0,108,0,0,0,0,False,0,0,False
5066,"InstanceContentType#7",0,60,False,"music/ffxiv/BGM_Event_SXT08.scd","music/ffxiv/BGM_Null.scd","",0,959,"Colosseum#1",0,"","",,"Just a few more, <Split(<Highlight>ObjectParameter(1)</Highlight>, ,1)/>!
We leave none standing!","",0,0,0,0,0,0,0,0,0,0,0,0,0,0,0,0,0,0,0,0,0,0,0,0,0,0,0,0,0,0,0,0,0,"InstanceContentRewardItem#100",False,0,0,"InstanceContentBuff#0",0,,0,20,21,76,0,False,0,149,71,0,0,0,False,0,0,False
5067,"InstanceContentType#7",0,60,False,"","music/ffxiv/BGM_System_WinLoop.scd","",0,960,"Colosseum#0",0,"","",,"Clip the wings of the giant colibri","",0,0,0,0,0,0,0,0,0,0,0,0,0,0,0,0,0,0,0,0,0,0,0,0,0,0,0,0,0,0,0,0,0,"InstanceContentRewardItem#100",False,0,0,"InstanceContentBuff#0",0,,0,19,0,0,0,False,0,145,0,0,0,0,False,0,0,False
5068,"InstanceContentType#7",0,60,False,"music/ex5/BGM_EX5_Event_01.scd","","",0,828,"Colosseum#1",0,"","",,"Hraaaaaargh!","",0,0,0,0,0,0,0,0,0,0,0,0,0,0,0,0,0,0,0,0,0,0,0,0,0,0,0,0,0,0,0,0,0,"InstanceContentRewardItem#100",False,0,0,"InstanceContentBuff#0",0,,0,22,0,0,0,False,0,172,0,0,0,0,False,0,4,False
5069,"InstanceContentType#7",0,60,False,"music/ex5/BGM_EX5_Boss_Battle02.scd","","",0,982,"Colosseum#0",0,"","",,"How is this?","",0,0,0,0,0,0,0,0,0,0,0,0,0,0,0,0,0,0,0,0,0,0,0,0,0,0,0,0,0,0,0,0,0,"InstanceContentRewardItem#100",False,0,0,"InstanceContentBuff#0",0,,0,0,0,0,0,False,0,0,0,0,0,0,False,0,5,False
5070,"InstanceContentType#7",0,60,False,"music/ex5/BGM_EX5_Boss_Battle01.scd","music/ffxiv/BGM_System_WinLoop.scd","",0,983,"Colosseum#0",0,"","",,"Such confidence... What changed? She wasn't like this before!","",0,0,0,0,0,0,0,0,0,0,0,0,0,0,0,0,0,0,0,0,0,0,0,0,0,0,0,0,0,0,0,0,0,"InstanceContentRewardItem#100",False,0,0,"InstanceContentBuff#0",0,,0,24,0,0,0,False,0,180,0,0,0,0,False,0,1,False
5071,"InstanceContentType#7",0,60,False,"music/ffxiv/BGM_Event_Dotabata.scd","","",0,994,"Colosseum#0",0,"","",,"Stubborn worms! I will end you─<Emphasis>do you hear me</Emphasis>!?","",0,0,0,0,0,0,0,0,0,0,0,0,0,0,0,0,0,0,0,0,0,0,0,0,0,0,0,0,0,0,0,0,0,"InstanceContentRewardItem#100",False,0,0,"InstanceContentBuff#0",0,,0,0,0,0,0,False,0,167,0,0,0,0,False,0,8,False
5072,"InstanceContentType#7",0,60,False,"music/ffxiv/BGM_Event_BattleCommon_02.scd","","",0,925,"Colosseum#0",0,"","",,"Some attacks work better from certain positions, so mind your footwork!","",0,0,0,0,0,0,0,0,0,0,0,0,0,0,0,0,0,0,0,0,0,0,0,0,0,0,0,0,0,0,0,0,0,"InstanceContentRewardItem#100",False,0,0,"InstanceContentBuff#0",0,,0,0,0,0,0,False,0,0,80,0,0,0,False,0,9,False
5073,"InstanceContentType#7",0,60,False,"music/ffxiv/BGM_Event_JobShiren.scd","","",0,997,"Colosseum#1",0,"","",,"He's winded! Now's our chance!","",0,0,0,0,0,0,0,0,0,0,0,0,0,0,0,0,0,0,0,0,0,0,0,0,0,0,0,0,0,0,0,0,0,"InstanceContentRewardItem#100",False,0,0,"InstanceContentBuff#0",0,,0,23,0,77,0,False,0,177,0,0,0,0,False,0,6,False
5074,"InstanceContentType#7",0,60,False,"music/ex3/BGM_EX3_Event_06.scd","","",0,966,"Colosseum#1",0,"","",,"No... I cannot fall to a forgery...","",0,0,0,0,0,0,0,0,0,0,0,0,0,0,0,0,0,0,0,0,0,0,0,0,0,0,0,0,0,0,0,0,0,"InstanceContentRewardItem#100",False,0,0,"InstanceContentBuff#0",0,,0,0,0,0,0,False,0,0,0,0,0,0,False,0,12,False
5075,"InstanceContentType#7",0,60,False,"","","",0,998,"Colosseum#1",0,"","",,"Behold the bladework of a royal knight!","",0,0,0,0,0,0,0,0,0,0,0,0,0,0,0,0,0,0,0,0,0,0,0,0,0,0,0,0,0,0,0,0,0,"InstanceContentRewardItem#100",False,0,0,"InstanceContentBuff#0",0,,0,0,0,79,0,False,0,176,0,0,0,0,True,0,11,False
5076,"InstanceContentType#7",0,60,False,"music/ffxiv/BGM_Event_Dotabata.scd","","",0,999,"Colosseum#0",0,"","",,"It's working! Place your trust in the proverb!","",0,0,0,0,0,0,0,0,0,0,0,0,0,0,0,0,0,0,0,0,0,0,0,0,0,0,0,0,0,0,0,0,0,"InstanceContentRewardItem#100",False,0,0,"InstanceContentBuff#0",0,,0,0,0,0,0,False,0,0,0,0,0,0,False,0,21,False
5077,"InstanceContentType#7",0,60,False,"music/ffxiv/BGM_Event_BattleCommon_02.scd","","",0,1000,"Colosseum#0",0,"","",,"Cast Pom Motif","",0,0,0,0,0,0,0,0,0,0,0,0,0,0,0,0,0,0,0,0,0,0,0,0,0,0,0,0,0,0,0,0,0,"InstanceContentRewardItem#100",False,0,0,"InstanceContentBuff#0",0,,0,0,0,0,0,False,0,179,81,0,0,0,False,0,18,False
5078,"InstanceContentType#7",0,60,False,"music/ffxiv/BGM_Event_Dotabata.scd","","",0,1001,"Colosseum#0",0,"","",,"You've lost, Virazahn. Lay down your weapon!","",0,0,0,0,0,0,0,0,0,0,0,0,0,0,0,0,0,0,0,0,0,0,0,0,0,0,0,0,0,0,0,0,0,"InstanceContentRewardItem#100",False,0,0,"InstanceContentBuff#0",0,,0,0,0,0,0,False,0,178,0,0,0,0,False,0,13,False
5079,"InstanceContentType#7",0,60,False,"music/ffxiv/BGM_Event_JobShiren.scd","","",0,1002,"Colosseum#1",0,"","",,"The wings! They accumulate aether before the beast strikes!","",0,0,0,0,0,0,0,0,0,0,0,0,0,0,0,0,0,0,0,0,0,0,0,0,0,0,0,0,0,0,0,0,0,"InstanceContentRewardItem#100",False,0,0,"InstanceContentBuff#0",0,,0,0,0,82,0,False,0,0,0,0,0,0,False,0,15,False
5080,"InstanceContentType#7",0,60,False,"music/ex5/BGM_EX5_Boss_Battle01.scd","","",0,1003,"Colosseum#0",0,"","",,"Another one falls. Life is ever so fleeting!","",0,0,0,0,0,0,0,0,0,0,0,0,0,0,0,0,0,0,0,0,0,0,0,0,0,0,0,0,0,0,0,0,0,"InstanceContentRewardItem#100",False,0,0,"InstanceContentBuff#0",0,,0,0,0,0,0,False,0,0,0,0,0,0,False,0,26,False
5081,"InstanceContentType#7",0,60,False,"music/ex5/BGM_EX5_Boss_Battle01.scd","music/ffxiv/BGM_System_WinLoop.scd","",0,1009,"Colosseum#0",0,"","",,"","",0,0,0,0,0,0,0,0,0,0,0,0,0,0,0,0,0,0,0,0,0,0,0,0,0,0,0,0,0,0,0,0,0,"InstanceContentRewardItem#100",False,0,0,"InstanceContentBuff#0",0,,0,0,0,0,0,False,0,188,0,0,0,0,False,0,31,False
5082,"InstanceContentType#7",0,60,False,"","","",0,1016,"Colosseum#0",0,"","",,"No, I think not.","",0,0,0,0,0,0,0,0,0,0,0,0,0,0,0,0,0,0,0,0,0,0,0,0,0,0,0,0,0,0,0,0,0,"InstanceContentRewardItem#100",False,0,0,"InstanceContentBuff#0",0,,0,0,0,0,0,False,0,191,0,0,0,0,False,0,33,False
5083,"InstanceContentType#7",0,60,False,"music/ex5/BGM_EX5_Dan_D12.scd","music/ffxiv/BGM_System_WinLoop.scd","",0,1085,"Colosseum#0",0,"","",,"Just keep the lightning at bay a little longer!","",0,0,0,0,0,0,0,0,0,0,0,0,0,0,0,0,0,0,0,0,0,0,0,0,0,0,0,0,0,0,0,0,0,"InstanceContentRewardItem#100",False,0,0,"InstanceContentBuff#0",0,,0,0,0,90,0,False,0,236,0,0,0,0,False,0,57,False
5084,"InstanceContentType#0",0,0,False,"","","",0,0,"Colosseum#0",0,"","","BNpcBase#0","","",0,0,0,0,0,0,0,0,0,0,0,0,0,0,0,0,0,0,0,0,0,0,0,0,0,0,0,0,0,0,0,0,0,"InstanceContentRewardItem#0",False,0,0,"InstanceContentBuff#0",0,"InstanceContent#0",0,0,0,0,0,False,0,0,0,0,0,0,False,0,0,False
5085,"InstanceContentType#0",0,0,False,"","","",0,0,"Colosseum#0",0,"","","BNpcBase#0","","",0,0,0,0,0,0,0,0,0,0,0,0,0,0,0,0,0,0,0,0,0,0,0,0,0,0,0,0,0,0,0,0,0,"InstanceContentRewardItem#0",False,0,0,"InstanceContentBuff#0",0,"InstanceContent#0",0,0,0,0,0,False,0,0,0,0,0,0,False,0,0,False
5086,"InstanceContentType#0",0,0,False,"","","",0,0,"Colosseum#0",0,"","","BNpcBase#0","","",0,0,0,0,0,0,0,0,0,0,0,0,0,0,0,0,0,0,0,0,0,0,0,0,0,0,0,0,0,0,0,0,0,"InstanceContentRewardItem#0",False,0,0,"InstanceContentBuff#0",0,"InstanceContent#0",0,0,0,0,0,False,0,0,0,0,0,0,False,0,0,False
10000,"InstanceContentType#0",0,60,False,"","music/ffxiv/BGM_System_WinLoop.scd","",0,0,"Colosseum#0",0,"","","BNpcBase#0","","",0,0,0,0,0,0,0,0,0,0,0,0,0,0,0,0,0,0,0,0,0,0,0,0,0,0,0,0,0,0,0,0,0,"InstanceContentRewardItem#100",False,0,0,"InstanceContentBuff#0",0,,0,0,0,0,0,False,0,0,0,0,0,0,False,0,0,False
10001,"InstanceContentType#3",0,30,False,"music/ffxiv/BGM_Behest.scd","music/ffxiv/BGM_System_WinLoop.scd","",0,42,"Colosseum#0",0,"","","BNpcBase#1400","You've come this far, now finish him!","Exit <Highlight>ObjectParameter(56)</Highlight>?",0,0,0,0,0,0,0,0,0,0,0,0,0,0,0,0,0,0,0,0,0,0,0,0,0,0,0,0,0,0,0,0,0,"InstanceContentRewardItem#100",False,0,0,"InstanceContentBuff#0",0,,0,0,0,0,0,False,0,0,0,0,0,0,False,0,0,True
10002,"InstanceContentType#3",0,30,False,"music/ffxiv/BGM_Behest.scd","music/ffxiv/BGM_System_WinLoop.scd","",0,43,"Colosseum#0",0,"","","BNpcBase#1500","Another wave! But unlike the last!","Exit alone.",0,0,0,0,0,0,0,0,0,0,0,0,0,0,0,0,0,0,0,0,0,0,0,0,0,0,0,0,0,0,0,0,0,"InstanceContentRewardItem#100",False,0,0,"InstanceContentBuff#0",0,,0,0,0,0,0,False,0,0,0,0,0,0,False,0,0,True
10003,"InstanceContentType#3",0,30,False,"music/ffxiv/BGM_Behest.scd","music/ffxiv/BGM_System_WinLoop.scd","",0,44,"Colosseum#0",0,"","","BNpcBase#1600","The safety mechanism on the gate will deactivate once all threats in the area have been removed.","Exit with party.",0,0,0,0,0,0,0,0,0,0,0,0,0,0,0,0,0,0,0,0,0,0,0,0,0,0,0,0,0,0,0,0,0,"InstanceContentRewardItem#100",False,0,0,"InstanceContentBuff#0",0,,0,0,0,0,0,False,0,0,0,0,0,0,False,0,0,True
10004,"InstanceContentType#3",0,30,False,"music/ffxiv/BGM_Behest.scd","music/ffxiv/BGM_System_WinLoop.scd","",0,45,"Colosseum#0",0,"","","BNpcBase#1700","Silence those bandits!","Remain here.",0,0,0,0,0,0,0,0,0,0,0,0,0,0,0,0,0,0,0,0,0,0,0,0,0,0,0,0,0,0,0,0,0,"InstanceContentRewardItem#100",False,0,0,"InstanceContentBuff#0",0,,0,0,0,0,0,False,0,0,0,0,0,0,False,0,0,True
10005,"InstanceContentType#3",0,30,False,"music/ffxiv/BGM_Behest.scd","music/ffxiv/BGM_System_WinLoop.scd","",0,46,"Colosseum#0",0,"","","BNpcBase#1800","Yes! I do believe you have him! It won't be much longer now!","Defeat <SheetEn(BNpcName,2,IntegerParameter(1),1,1)/>",0,0,0,0,0,0,0,0,0,0,0,0,0,0,0,0,0,0,0,0,0,0,0,0,0,0,0,0,0,0,0,0,0,"InstanceContentRewardItem#100",False,0,0,"InstanceContentBuff#0",0,,0,0,0,0,0,False,0,0,0,0,0,0,False,0,0,True
10006,"InstanceContentType#3",0,30,False,"music/ffxiv/BGM_Behest.scd","music/ffxiv/BGM_System_WinLoop.scd","",0,47,"Colosseum#0",0,"","","BNpcBase#1900","Lo! There is a conjurer in your midst! Find the cur and slay him!","???",0,0,0,0,0,0,0,0,0,0,0,0,0,0,0,0,0,0,0,0,0,0,0,0,0,0,0,0,0,0,0,0,0,"InstanceContentRewardItem#100",False,0,0,"InstanceContentBuff#0",0,,0,0,0,0,0,False,0,0,0,0,0,0,False,0,0,True
10007,"InstanceContentType#3",0,30,False,"music/ffxiv/BGM_Behest.scd","music/ffxiv/BGM_System_WinLoop.scd","",0,48,"Colosseum#0",0,"","","BNpcBase#2000","Briaxio's followers have rushed to his aid! Send several of your allies to drive off the reinforcements while those remaining keep Briaxio under control.","Duty Progress",0,0,0,0,0,0,0,0,0,0,0,0,0,0,0,0,0,0,0,0,0,0,0,0,0,0,0,0,0,0,0,0,0,"InstanceContentRewardItem#100",False,0,0,"InstanceContentBuff#0",0,,0,0,0,0,0,False,0,0,0,0,0,0,False,0,0,True
10008,"InstanceContentType#3",0,30,False,"music/ffxiv/BGM_Behest.scd","music/ffxiv/BGM_System_WinLoop.scd","",0,49,"Colosseum#0",0,"","","BNpcBase#2100","Stikflix Grumblytoss may not appear to be the most formidable of foes, but his realm-shaking explosives make him a force to be reckoned with. If one happens to land in your vicinity, you would take my advice and run.","Leave duty?",0,0,0,0,0,0,0,0,0,0,0,0,0,0,0,0,0,0,0,0,0,0,0,0,0,0,0,0,0,0,0,0,0,"InstanceContentRewardItem#100",False,0,0,"InstanceContentBuff#0",0,,0,0,0,0,0,False,0,0,0,0,0,0,False,0,0,True
10009,"InstanceContentType#3",0,30,False,"music/ffxiv/BGM_Behest.scd","music/ffxiv/BGM_System_WinLoop.scd","",0,50,"Colosseum#0",0,"","","BNpcBase#2200","Leave them stale bubbles be, and from them'll drop a dollop of rancid ooze almost as foul as me ma's gruel. If you don't want to see that happen, burst the bubbles quick.","Select a destination.
Current Location: <Highlight>StringParameter(1)</Highlight>",0,0,0,0,0,0,0,0,0,0,0,0,0,0,0,0,0,0,0,0,0,0,0,0,0,0,0,0,0,0,0,0,0,"InstanceContentRewardItem#100",False,0,0,"InstanceContentBuff#0",0,,0,0,0,0,0,False,0,0,0,0,0,0,False,0,0,True
10010,"InstanceContentType#3",0,30,False,"music/ffxiv/BGM_Behest.scd","music/ffxiv/BGM_System_WinLoop.scd","",0,51,"Colosseum#0",0,"","","BNpcBase#2300","Draw Buso away from the blue flames before extinguishing them!","Starting Point",0,0,0,0,0,0,0,0,0,0,0,0,0,0,0,0,0,0,0,0,0,0,0,0,0,0,0,0,0,0,0,0,0,"InstanceContentRewardItem#100",False,0,0,"InstanceContentBuff#0",0,,0,0,0,0,0,False,0,0,0,0,0,0,False,0,0,True
10011,"InstanceContentType#3",0,30,False,"music/ffxiv/BGM_Behest.scd","music/ffxiv/BGM_System_WinLoop.scd","",0,52,"Colosseum#0",0,"","","BNpcBase#3000","Never before have I seen such mastery of the battlefield. You have far exceeded my expectations, adventurers.","Cancel",0,0,0,0,0,0,0,0,0,0,0,0,0,0,0,0,0,0,0,0,0,0,0,0,0,0,0,0,0,0,0,0,0,"InstanceContentRewardItem#100",False,0,0,"InstanceContentBuff#0",0,,0,0,0,0,0,False,0,0,0,0,0,0,False,0,0,True
10012,"InstanceContentType#3",0,30,False,"music/ffxiv/BGM_Behest.scd","music/ffxiv/BGM_System_WinLoop.scd","",0,53,"Colosseum#0",0,"","","BNpcBase#3100","Sound the bells! The queen is dead!","",0,0,0,0,0,0,0,0,0,0,0,0,0,0,0,0,0,0,0,0,0,0,0,0,0,0,0,0,0,0,0,0,0,"InstanceContentRewardItem#100",False,0,0,"InstanceContentBuff#0",0,,0,0,0,0,0,False,0,0,0,0,0,0,False,0,0,True
10013,"InstanceContentType#3",0,30,False,"music/ffxiv/BGM_Behest.scd","music/ffxiv/BGM_System_WinLoop.scd","",0,54,"Colosseum#0",0,"","","BNpcBase#3200","You've done it! They can no longer escape their dark demesne!","",0,0,0,0,0,0,0,0,0,0,0,0,0,0,0,0,0,0,0,0,0,0,0,0,0,0,0,0,0,0,0,0,0,"InstanceContentRewardItem#100",False,0,0,"InstanceContentBuff#0",0,,0,0,0,0,0,False,0,0,0,0,0,0,False,0,0,True
10014,"InstanceContentType#3",0,30,False,"music/ffxiv/BGM_Behest.scd","music/ffxiv/BGM_System_WinLoop.scd","",0,55,"Colosseum#0",0,"","","BNpcBase#3300","<Clickable(<SheetEn(BNpcName,3,IntegerParameter(1),1,1)/>)/>","",0,0,0,0,0,0,0,0,0,0,0,0,0,0,0,0,0,0,0,0,0,0,0,0,0,0,0,0,0,0,0,0,0,"InstanceContentRewardItem#100",False,0,0,"InstanceContentBuff#0",0,,0,0,0,0,0,False,0,0,0,0,0,0,False,0,0,False
10015,"InstanceContentType#0",0,60,False,"","music/ffxiv/BGM_System_WinLoop.scd","",0,0,"Colosseum#0",0,"","","BNpcBase#0","","",0,0,0,0,0,0,0,0,0,0,0,0,0,0,0,0,0,0,0,0,0,0,0,0,0,0,0,0,0,0,0,0,0,"InstanceContentRewardItem#100",False,0,0,"InstanceContentBuff#0",0,,0,0,0,0,0,False,0,0,0,0,0,0,False,0,0,False
15000,"InstanceContentType#0",0,60,False,"","music/ffxiv/BGM_System_WinLoop.scd","",0,0,"Colosseum#0",0,"","","BNpcBase#0","","",0,0,0,0,0,0,0,0,0,0,0,0,0,0,0,0,0,0,0,0,0,0,0,0,0,0,0,0,0,0,0,0,0,"InstanceContentRewardItem#100",False,0,0,"InstanceContentBuff#0",0,,0,0,0,0,0,False,0,0,0,0,0,0,False,0,0,False
15001,"InstanceContentType#8",0,30,False,"music/ffxiv/BGM_Event_FF2BossBattle.scd","music/ffxiv/BGM_System_WinLoop.scd","",6215537,151,"Colosseum#0",0,"","","BNpcBase#10500","Watch your opponent carefully. When you see an attack coming, move out of the strike zone!","",0,0,0,0,0,0,0,0,0,0,0,0,0,0,0,0,0,0,0,0,0,0,0,0,0,0,0,0,0,0,0,0,0,"InstanceContentRewardItem#100",False,0,0,"InstanceContentBuff#0",0,,0,0,0,0,0,False,1,0,0,0,0,0,False,0,0,False
15002,"InstanceContentType#8",0,30,False,"music/ffxiv/BGM_Event_FF2BossBattle.scd","music/ffxiv/BGM_System_WinLoop.scd","",6215537,152,"Colosseum#0",0,"","","BNpcBase#10700","Remember to bolster yourself with <Sheet(Action,3629,0)/> before every battle! That'll get yer foes to notice you nice an' early.","",0,0,0,0,0,0,0,0,0,0,0,0,0,0,0,0,0,0,0,0,0,0,0,0,0,0,0,0,0,0,0,0,0,"InstanceContentRewardItem#100",False,0,0,"InstanceContentBuff#0",0,,0,0,0,0,0,False,2,0,0,0,0,0,False,0,0,False
15003,"InstanceContentType#8",0,30,False,"music/ffxiv/BGM_Event_FF2BossBattle.scd","music/ffxiv/BGM_System_WinLoop.scd","",6215537,153,"Colosseum#0",0,"","","BNpcBase#10800","Yer ally's gettin' slaughtered!
Drag the foe's attention onto yerself!","",0,0,0,0,0,0,0,0,0,0,0,0,0,0,0,0,0,0,0,0,0,0,0,0,0,0,0,0,0,0,0,0,0,"InstanceContentRewardItem#100",False,0,0,"InstanceContentBuff#0",0,,0,0,0,0,0,False,3,0,0,0,0,0,False,0,0,False
15004,"InstanceContentType#8",0,30,False,"music/ffxiv/BGM_Event_FF2BossBattle.scd","music/ffxiv/BGM_System_WinLoop.scd","",6215537,154,"Colosseum#0",0,"","","BNpcBase#11000","If ye fail to carry out me instructions five times, ye'll be startin' the exercise over!","",0,0,0,0,0,0,0,0,0,0,0,0,0,0,0,0,0,0,0,0,0,0,0,0,0,0,0,0,0,0,0,0,0,"InstanceContentRewardItem#100",False,0,0,"InstanceContentBuff#0",0,,0,0,0,0,0,False,4,0,0,0,0,0,False,0,0,False
15005,"InstanceContentType#8",0,30,False,"music/ffxiv/BGM_Event_FF2BossBattle.scd","music/ffxiv/BGM_System_WinLoop.scd","",6215537,155,"Colosseum#0",0,"","","BNpcBase#11100","Defeat every enemy on the field, an' I'll consider yer lesson learned.","",0,0,0,0,0,0,0,0,0,0,0,0,0,0,0,0,0,0,0,0,0,0,0,0,0,0,0,0,0,0,0,0,0,"InstanceContentRewardItem#100",False,0,0,"InstanceContentBuff#0",0,,0,0,0,0,0,False,5,0,0,0,0,0,False,0,0,False
15006,"InstanceContentType#8",0,30,False,"music/ffxiv/BGM_Event_FF2BossBattle.scd","music/ffxiv/BGM_System_WinLoop.scd","",6215537,156,"Colosseum#0",0,"","","BNpcBase#10900","Defeat every enemy on the field, an' I'll consider yer lesson learned.","",0,0,0,0,0,0,0,0,0,0,0,0,0,0,0,0,0,0,0,0,0,0,0,0,0,0,0,0,0,0,0,0,0,"InstanceContentRewardItem#100",False,0,0,"InstanceContentBuff#0",0,,0,0,0,0,0,False,6,0,0,0,0,0,False,0,0,False
15007,"InstanceContentType#8",0,30,False,"music/ffxiv/BGM_Event_FF2BossBattle.scd","music/ffxiv/BGM_System_WinLoop.scd","",6215537,157,"Colosseum#0",0,"","","BNpcBase#11200","Defeat every enemy on the field, an' I'll consider yer lesson learned.","",0,0,0,0,0,0,0,0,0,0,0,0,0,0,0,0,0,0,0,0,0,0,0,0,0,0,0,0,0,0,0,0,0,"InstanceContentRewardItem#100",False,0,0,"InstanceContentBuff#0",0,,0,0,0,0,0,False,7,0,0,0,0,0,False,0,0,False
15008,"InstanceContentType#8",0,30,False,"music/ffxiv/BGM_Event_FF2BossBattle.scd","music/ffxiv/BGM_System_WinLoop.scd","",6215537,158,"Colosseum#0",0,"","","BNpcBase#11300","Work with your allies to defeat the enemy, and we can move on to the next training exercise.","",0,0,0,0,0,0,0,0,0,0,0,0,0,0,0,0,0,0,0,0,0,0,0,0,0,0,0,0,0,0,0,0,0,"InstanceContentRewardItem#100",False,0,0,"InstanceContentBuff#0",0,,0,0,0,0,0,False,8,0,0,0,0,0,False,0,0,False
15009,"InstanceContentType#8",0,30,False,"music/ffxiv/BGM_Event_FF2BossBattle.scd","music/ffxiv/BGM_System_WinLoop.scd","",6215537,159,"Colosseum#0",0,"","","BNpcBase#11400","Work with your allies to defeat the enemy, and we can move on to the next training exercise.","",0,0,0,0,0,0,0,0,0,0,0,0,0,0,0,0,0,0,0,0,0,0,0,0,0,0,0,0,0,0,0,0,0,"InstanceContentRewardItem#100",False,0,0,"InstanceContentBuff#0",0,,0,0,0,0,0,False,9,0,0,0,0,0,False,0,0,False
15010,"InstanceContentType#8",0,30,False,"music/ffxiv/BGM_Event_FF2BossBattle.scd","music/ffxiv/BGM_System_WinLoop.scd","",6215537,160,"Colosseum#0",0,"","","BNpcBase#11500","Work with your allies to defeat the enemy, and we can move on to the next training exercise.","",0,0,0,0,0,0,0,0,0,0,0,0,0,0,0,0,0,0,0,0,0,0,0,0,0,0,0,0,0,0,0,0,0,"InstanceContentRewardItem#100",False,0,0,"InstanceContentBuff#0",0,,0,0,0,0,0,False,10,0,0,0,0,0,False,0,0,False
15011,"InstanceContentType#8",0,30,False,"music/ffxiv/BGM_Event_FF2BossBattle.scd","music/ffxiv/BGM_System_WinLoop.scd","",6215537,161,"Colosseum#0",0,"","","BNpcBase#11600","Work with your allies to defeat the enemy, and we can move on to the next training exercise.","",0,0,0,0,0,0,0,0,0,0,0,0,0,0,0,0,0,0,0,0,0,0,0,0,0,0,0,0,0,0,0,0,0,"InstanceContentRewardItem#100",False,0,0,"InstanceContentBuff#0",0,,0,0,0,0,0,False,11,0,0,0,0,0,False,0,0,False
15012,"InstanceContentType#8",0,30,False,"music/ffxiv/BGM_Event_FF2BossBattle.scd","music/ffxiv/BGM_System_WinLoop.scd","",6215537,162,"Colosseum#0",0,"","","BNpcBase#11700","Work with your allies to defeat the enemy, and we can move on to the next training exercise.","",0,0,0,0,0,0,0,0,0,0,0,0,0,0,0,0,0,0,0,0,0,0,0,0,0,0,0,0,0,0,0,0,0,"InstanceContentRewardItem#100",False,0,0,"InstanceContentBuff#0",0,,0,0,0,0,0,False,12,0,0,0,0,0,False,0,0,False
15013,"InstanceContentType#8",0,30,False,"music/ffxiv/BGM_Event_FF2BossBattle.scd","music/ffxiv/BGM_System_WinLoop.scd","",6215537,163,"Colosseum#0",0,"","","BNpcBase#11800","Provide support, defeat the enemy, and victory will be yours!","",0,0,0,0,0,0,0,0,0,0,0,0,0,0,0,0,0,0,0,0,0,0,0,0,0,0,0,0,0,0,0,0,0,"InstanceContentRewardItem#100",False,0,0,"InstanceContentBuff#0",0,,0,0,0,0,0,False,13,0,0,0,0,0,False,0,0,False
15014,"InstanceContentType#8",0,30,False,"music/ffxiv/BGM_Event_FF2BossBattle.scd","music/ffxiv/BGM_System_WinLoop.scd","",6215537,164,"Colosseum#0",0,"","","BNpcBase#11900","Provide support, defeat the enemy, and victory will be yours!","",0,0,0,0,0,0,0,0,0,0,0,0,0,0,0,0,0,0,0,0,0,0,0,0,0,0,0,0,0,0,0,0,0,"InstanceContentRewardItem#100",False,0,0,"InstanceContentBuff#0",0,,0,0,0,0,0,False,14,0,0,0,0,0,False,0,0,False
15015,"InstanceContentType#8",0,30,False,"music/ffxiv/BGM_Event_FF2BossBattle.scd","music/ffxiv/BGM_System_WinLoop.scd","",6215537,165,"Colosseum#0",0,"","","BNpcBase#12000","Provide support, defeat the enemy, and victory will be yours!","",0,0,0,0,0,0,0,0,0,0,0,0,0,0,0,0,0,0,0,0,0,0,0,0,0,0,0,0,0,0,0,0,0,"InstanceContentRewardItem#100",False,0,0,"InstanceContentBuff#0",0,,0,0,0,0,0,False,15,0,0,0,0,0,False,0,0,False
15016,"InstanceContentType#8",0,30,False,"music/ffxiv/BGM_Con_Teikoku_01_Sido.scd","music/ffxiv/BGM_System_WinLoop.scd","",6229269,166,"Colosseum#0",0,"","","BNpcBase#12100","Put your lessons into practice and you'll do just fine! We can begin as soon as you are ready.","",0,0,0,0,0,0,0,0,0,0,0,0,0,0,0,0,0,0,0,0,0,0,0,0,0,0,0,0,0,0,0,0,0,"InstanceContentRewardItem#100",False,0,0,"InstanceContentBuff#0",0,,0,0,0,0,0,False,16,0,0,0,0,0,False,0,0,False
15017,"InstanceContentType#8",0,30,False,"music/ffxiv/BGM_Event_FF2BossBattle.scd","music/ffxiv/BGM_System_WinLoop.scd","",0,1012,"Colosseum#0",0,"","",,"These attacks pack quite a punch. Should it fall to you to deal with it, you'd do well to employ what abilities you have to lighten the damage.","",0,0,0,0,0,0,0,0,0,0,0,0,0,0,0,0,0,0,0,0,0,0,0,0,0,0,0,0,0,0,0,0,0,"InstanceContentRewardItem#100",False,0,0,"InstanceContentBuff#0",0,,0,0,0,0,0,False,17,185,89,0,0,0,False,0,0,False
15018,"InstanceContentType#8",0,30,False,"music/ffxiv/BGM_Event_FF2BossBattle.scd","music/ffxiv/BGM_System_WinLoop.scd","",0,1013,"Colosseum#0",0,"","",,"Barely a scratch, eh? Sometimes the simplest solution is to get the hells out of there, so to speak.","",0,0,0,0,0,0,0,0,0,0,0,0,0,0,0,0,0,0,0,0,0,0,0,0,0,0,0,0,0,0,0,0,0,"InstanceContentRewardItem#100",False,0,0,"InstanceContentBuff#0",0,,0,0,0,0,0,False,18,186,90,0,0,0,False,0,0,False
15019,"InstanceContentType#8",0,30,False,"music/ffxiv/BGM_Event_FF2BossBattle.scd","music/ffxiv/BGM_System_WinLoop.scd","",0,1014,"Colosseum#0",0,"","",,"I'm pleased you took the lesson to heart.","",0,0,0,0,0,0,0,0,0,0,0,0,0,0,0,0,0,0,0,0,0,0,0,0,0,0,0,0,0,0,0,0,0,"InstanceContentRewardItem#100",False,0,0,"InstanceContentBuff#0",0,,0,0,0,0,0,False,19,187,91,0,0,0,False,0,0,False
15020,"InstanceContentType#0",0,60,False,"","music/ffxiv/BGM_System_WinLoop.scd","",0,0,"Colosseum#0",0,"","","BNpcBase#0","","",0,0,0,0,0,0,0,0,0,0,0,0,0,0,0,0,0,0,0,0,0,0,0,0,0,0,0,0,0,0,0,0,0,"InstanceContentRewardItem#100",False,0,0,"InstanceContentBuff#0",0,,0,0,0,0,0,False,0,0,0,0,0,0,False,0,0,False
20000,"InstanceContentType#0",0,60,False,"","music/ffxiv/BGM_System_WinLoop.scd","",0,0,"Colosseum#0",0,"","","BNpcBase#0","","",0,0,0,0,0,0,0,0,0,0,0,0,0,0,0,0,0,0,0,0,0,0,0,0,0,0,0,0,0,0,0,0,0,"InstanceContentRewardItem#100",False,0,0,"InstanceContentBuff#0",0,,0,0,0,0,0,False,0,0,0,0,0,0,False,0,0,False
20001,"InstanceContentType#4",0,60,False,"music/ffxiv/BGM_Ban_Ifrit.scd","music/ffxiv/BGM_System_WinLoop.scd","ffxiv/manfst/manfst20930/manfst20930",0,56,"Colosseum#0",0,"","","BNpcBase#2600","The blessing of Light...defies me!?","Exit <Highlight>ObjectParameter(56)</Highlight>?",1500,90,0,0,174,0,0,0,0,0,0,0,0,0,0,0,0,0,0,0,0,0,0,0,0,0,0,0,0,0,0,0,0,"InstanceContentRewardItem#60",False,0,2,"InstanceContentBuff#1",0,,0,0,0,0,0,False,0,0,0,6,0,0,False,0,0,True
20002,"InstanceContentType#4",0,60,False,"music/ffxiv/BGM_Ban_Titan_pre1.scd","music/ffxiv/BGM_System_WinLoop.scd","ffxiv/manfst/manfst31210/manfst31210",0,57,"Colosseum#0",0,"","","BNpcBase#3800","Where are you... Where are you...","Exit alone.",2200,190,0,0,366,0,0,0,0,0,0,0,0,0,0,0,0,0,0,0,0,0,0,0,0,0,0,0,0,0,0,0,0,"InstanceContentRewardItem#60",False,0,2,"InstanceContentBuff#1",0,,0,0,0,0,0,False,0,0,0,6,0,0,False,0,0,True
20003,"InstanceContentType#4",0,60,False,"music/ffxiv/BGM_Ban_Garuda.scd","music/ffxiv/BGM_System_WinLoop.scd","ffxiv/manfst/manfst40450/manfst40450",0,58,"Colosseum#0",0,"","","BNpcBase#3700","My power... No... ","Exit with party.",2700,300,0,0,583,0,0,0,0,0,0,0,0,0,0,0,0,0,0,0,0,0,0,0,0,0,0,0,0,0,0,0,0,"InstanceContentRewardItem#60",False,0,2,"InstanceContentBuff#1",0,,0,0,0,0,0,False,0,0,0,6,0,0,False,0,0,True
20004,"InstanceContentType#4",0,60,False,"music/ffxiv/BGM_Ban_Ifrit.scd","music/ffxiv/BGM_System_WinLoop.scd","ffxiv/bosifr/bosifr00010/bosifr00010",0,59,"Colosseum#0",0,"","","BNpcBase#2600","The blessing of Light...defies me!?",,0,0,60,0,1170,0,0,12,0,0,0,0,0,0,0,0,0,0,0,0,0,0,0,0,0,0,0,0,0,0,0,0,23,"InstanceContentRewardItem#30",False,0,2,"InstanceContentBuff#1",0,,0,0,0,0,0,False,0,0,0,0,0,0,False,0,0,False
20005,"InstanceContentType#4",0,60,False,"music/ffxiv/BGM_Ban_Titan_pre1.scd","music/ffxiv/BGM_System_WinLoop.scd","ffxiv/bostit/bostit00010/bostit00010",0,60,"Colosseum#0",0,"","","BNpcBase#3800","Where are you... Where are you...",,0,0,75,0,1170,0,0,15,0,0,0,0,0,0,0,0,0,0,0,0,0,0,0,0,0,0,0,0,0,0,0,0,25,"InstanceContentRewardItem#30",False,0,2,"InstanceContentBuff#1",0,,0,0,0,0,0,False,0,0,0,0,0,0,False,0,0,False
20006,"InstanceContentType#4",0,60,False,"music/ffxiv/BGM_Ban_Garuda.scd","music/ffxiv/BGM_System_WinLoop.scd","ffxiv/bosgar/bosgar00010/bosgar00010",0,61,"Colosseum#0",0,"","","BNpcBase#3700","My power... No... ",,0,0,60,0,1170,0,0,12,0,0,0,0,0,0,0,0,0,0,0,0,0,0,0,0,0,0,0,0,0,0,0,0,27,"InstanceContentRewardItem#30",False,0,2,"InstanceContentBuff#1",0,,0,0,0,0,0,False,0,0,0,0,0,0,False,0,0,False
20007,"InstanceContentType#0",0,0,False,"","","",0,0,"Colosseum#0",0,"","","BNpcBase#0","","",0,0,0,0,0,0,0,0,0,0,0,0,0,0,0,0,0,0,0,0,0,0,0,0,0,0,0,0,0,0,0,0,0,"InstanceContentRewardItem#0",False,0,0,"InstanceContentBuff#0",0,"InstanceContent#0",0,0,0,0,0,False,0,0,0,0,0,0,False,0,0,False
20008,"InstanceContentType#4",0,60,False,"music/ffxiv/BGM_Ban_Ifrit.scd","music/ffxiv/BGM_System_WinLoop.scd","ffxiv/bosifr/bosifr00110/bosifr00110",0,63,"Colosseum#0",0,"","","BNpcBase#2600","The blessing of Light...defies me!?",,0,0,100,0,1170,0,0,20,0,0,0,0,0,0,0,0,0,0,0,0,0,0,0,0,0,0,0,0,0,0,0,0,24,"InstanceContentRewardItem#100",False,0,1,"InstanceContentBuff#1",0,,0,0,0,0,0,False,0,0,0,0,0,0,False,0,0,False
20009,"InstanceContentType#4",0,60,False,"music/ffxiv/BGM_Ban_Titan_pre1.scd","music/ffxiv/BGM_System_WinLoop.scd","ffxiv/bostit/bostit00110/bostit00110",0,64,"Colosseum#0",0,"","","BNpcBase#3800","Hie, my children, into the dark! <If(PlayerParameter(4))>She<Else/>He</If> will not be denied...",,0,0,100,0,1170,0,0,20,0,0,0,0,0,0,0,0,0,0,0,0,0,0,0,0,0,0,0,0,0,0,0,0,26,"InstanceContentRewardItem#100",False,0,1,"InstanceContentBuff#1",0,,0,0,0,0,0,False,0,0,0,0,0,0,False,0,0,False
20010,"InstanceContentType#4",0,60,False,"music/ffxiv/BGM_Ban_Garuda.scd","music/ffxiv/BGM_System_WinLoop.scd","ffxiv/bosgar/bosgar00110/bosgar00110",0,65,"Colosseum#0",0,"","","BNpcBase#3700","My power... No... ",,0,0,100,0,1170,0,0,20,0,0,0,0,0,0,0,0,0,0,0,0,0,0,0,0,0,0,0,0,0,0,0,0,28,"InstanceContentRewardItem#100",False,0,1,"InstanceContentBuff#1",0,,0,0,0,0,0,False,0,0,0,0,0,0,False,0,0,False
20011,"InstanceContentType#4",0,60,False,"music/ffxiv/BGM_Ban_Moogle_Nomal.scd","music/ffxiv/BGM_System_WinLoop.scd","ffxiv/bosmog/bosmog00010/bosmog00010",0,66,"Colosseum#0",0,"","",,"You'll be blown to smithereens, kupo!",,0,0,60,0,1170,0,0,12,0,0,0,0,0,0,0,0,0,0,0,0,0,0,0,0,0,0,0,0,0,0,0,0,29,"InstanceContentRewardItem#30",False,0,2,"InstanceContentBuff#1",0,,0,0,0,0,0,False,0,89,0,0,0,0,False,0,0,False
20012,"InstanceContentType#4",0,60,False,"music/ffxiv/BGM_Ban_Moogle_Nomal.scd","music/ffxiv/BGM_System_WinLoop.scd","ffxiv/bosmog/bosmog00110/bosmog00110",0,67,"Colosseum#0",0,"","","BNpcBase#4900","Begone, pomless ones! Torment my subjects no more!",,0,0,100,0,1170,0,0,20,0,0,0,0,0,0,0,0,0,0,0,0,0,0,0,0,0,0,0,0,0,0,0,0,30,"InstanceContentRewardItem#100",False,0,1,"InstanceContentBuff#1",0,,0,0,0,0,0,False,0,0,0,0,0,0,False,0,0,False
20013,"InstanceContentType#4",0,60,False,"music/ffxiv/BGM_Con_Altima.scd","music/ffxiv/BGM_System_WinLoop.scd","ffxiv/bosult/bosult00010/bosult00010",0,68,"Colosseum#0",0,"","","BNpcBase#4044","1...",,0,0,75,0,1170,0,0,15,0,0,0,0,0,0,0,0,0,0,0,0,0,0,0,0,0,0,0,0,0,0,0,0,31,"InstanceContentRewardItem#100",False,0,1,"InstanceContentBuff#1",0,,0,0,0,0,0,False,0,0,0,0,0,0,False,0,0,False
20014,"InstanceContentType#4",0,60,False,"music/ex4/BGM_EX4_Boss_Battle03.scd","music/ffxiv/BGM_System_WinLoop.scd","",0,69,"Colosseum#0",0,"","",,"I will scatter your bones!","",0,0,0,0,0,0,0,0,0,0,0,0,0,0,0,0,0,0,0,0,0,0,0,0,0,0,0,0,0,0,0,0,0,"InstanceContentRewardItem#100",False,0,0,"InstanceContentBuff#0",0,,0,0,0,0,0,False,0,141,0,0,0,0,False,0,0,False
20015,"InstanceContentType#4",0,15,False,"music/ex2/BGM_EX2_Boss_Battle_01.scd","music/ffxiv/BGM_System_WinLoop.scd","",0,70,"Colosseum#0",0,"","",,"I...I will not be bested yet again! Have at thee!",,0,0,0,0,0,0,0,0,0,0,0,0,0,0,0,0,0,0,0,0,0,0,0,0,0,0,0,0,0,0,0,0,0,"InstanceContentRewardItem#100",False,0,0,"InstanceContentBuff#1",0,,0,0,0,22,0,False,0,0,0,0,0,0,False,0,0,False
20016,"InstanceContentType#4",0,15,False,"music/ex3/BGM_EX3_Ban_01.scd","music/ffxiv/BGM_System_WinLoop.scd","",0,71,"Colosseum#0",0,"","",,"The more the merrier! Join us, my children!",,0,0,0,0,0,0,0,0,0,0,0,0,0,0,0,0,0,0,0,0,0,0,0,0,0,0,0,0,0,0,0,0,0,"InstanceContentRewardItem#100",False,0,0,"InstanceContentBuff#1",0,,0,0,0,33,15,False,0,8,0,0,0,0,False,0,0,False
20017,"InstanceContentType#4",0,60,False,"music/ffxiv/BGM_Ban_Leviathan1.scd","music/ffxiv/BGM_System_WinLoop.scd","ffxiv/gaiuse/gaiuse21710/gaiuse21710",0,72,"Colosseum#0",0,"","","BNpcBase#5200","Elemental Conversion",,0,0,75,0,1170,0,0,15,0,0,0,0,0,0,0,0,0,0,0,0,0,0,0,0,0,0,0,0,0,0,0,0,35,"InstanceContentRewardItem#30",False,0,2,"InstanceContentBuff#1",0,,0,0,0,0,0,False,0,0,0,0,0,0,False,0,0,False
20018,"InstanceContentType#4",0,60,False,"music/ffxiv/BGM_Ban_Leviathan1.scd","music/ffxiv/BGM_System_WinLoop.scd","ffxiv/boslev/boslev00110/boslev00110",0,73,"Colosseum#0",0,"","","BNpcBase#5200","You challenge me with trickery?",,0,0,100,0,1170,0,0,20,0,0,0,0,0,0,0,0,0,0,0,0,0,0,0,0,0,0,0,0,0,0,0,0,36,"InstanceContentRewardItem#100",False,0,1,"InstanceContentBuff#1",0,,0,0,0,0,0,False,0,0,0,0,0,0,False,0,0,False
20019,"InstanceContentType#4",0,60,False,"music/ffxiv/BGM_Boss_01.scd","music/ffxiv/BGM_System_WinLoop.scd","ffxiv/bosdkm/bosdkm00010/bosdkm00010",0,74,"Colosseum#0",0,"","","BNpcBase#0","","",0,0,50,0,1170,0,0,10,0,0,0,0,0,0,0,0,0,0,0,0,0,0,0,0,0,0,0,0,0,0,0,0,0,"InstanceContentRewardItem#30",False,0,2,"InstanceContentBuff#1",0,,0,0,0,0,0,False,0,0,0,0,0,0,False,0,0,False
20020,"InstanceContentType#4",0,60,False,"music/ffxiv/BGM_Boss_01.scd","music/ffxiv/BGM_System_WinLoop.scd","ffxiv/boshyd/boshyd00010/boshyd00010",0,75,"Colosseum#0",0,"","","BNpcBase#0","","",0,0,50,0,1170,0,0,10,0,0,0,0,0,0,0,0,0,0,0,0,0,0,0,0,0,0,0,0,0,0,0,0,0,"InstanceContentRewardItem#30",False,0,2,"InstanceContentBuff#1",0,,0,0,0,0,0,False,0,0,0,0,0,0,False,0,0,False
20021,"InstanceContentType#4",0,60,False,"music/ffxiv/BGM_Event_ClashOnTheBigBridge.scd","music/ffxiv/BGM_System_WinLoop.scd","ffxiv/bosgil/bosgil00010/bosgil00010",4630934,76,"Colosseum#0",0,"","","BNpcBase#5501","これなるはエオルゼアいちの強者……
その名も、剣豪ギルガメッシュ！","",0,0,50,0,1170,0,0,10,0,0,0,0,0,0,0,0,0,0,0,0,0,0,0,0,0,0,0,0,0,0,0,0,21,"InstanceContentRewardItem#30",False,0,4,"InstanceContentBuff#1",0,,0,0,0,0,0,False,0,0,0,0,0,0,False,0,0,False
20022,"InstanceContentType#4",0,60,False,"music/ffxiv/BGM_Ban_Ramuh.scd","music/ffxiv/BGM_System_WinLoop.scd","ffxiv/bosram/bosram00010/bosram00010",0,77,"Colosseum#0",0,"","","BNpcBase#6200","I pronounce thy sentence!
By the radiance of eld be thee judged!",,0,0,75,0,1170,0,0,15,0,0,0,0,0,0,0,0,0,0,0,0,0,0,0,0,0,0,0,0,0,0,0,0,33,"InstanceContentRewardItem#30",False,0,2,"InstanceContentBuff#1",0,,0,0,0,0,0,False,0,0,0,0,0,0,False,0,0,False
20023,"InstanceContentType#4",0,60,False,"music/ffxiv/BGM_Ban_Ramuh.scd","music/ffxiv/BGM_System_WinLoop.scd","ffxiv/bosram/bosram00110/bosram00110",0,78,"Colosseum#0",0,"","","BNpcBase#6200","I pronounce thy sentence!
By the radiance of eld be thee judged!",,0,0,100,0,1170,0,0,20,0,0,0,0,0,0,0,0,0,0,0,0,0,0,0,0,0,0,0,0,0,0,0,0,34,"InstanceContentRewardItem#100",False,0,1,"InstanceContentBuff#1",0,,0,0,0,0,0,False,0,0,0,0,0,0,False,0,0,False
20024,"InstanceContentType#4",0,60,False,"music/ffxiv/BGM_Ban_Shiva1.scd","music/ffxiv/BGM_System_WinLoop.scd","ffxiv/gaiuse/gaiuse41540/gaiuse41540",0,79,"Colosseum#0",0,"","","BNpcBase#7100","Forgive them, my beloved...",,0,0,75,0,1170,0,0,15,0,0,0,0,0,0,0,0,0,0,0,0,0,0,0,0,0,0,0,0,0,0,0,0,37,"InstanceContentRewardItem#30",False,0,2,"InstanceContentBuff#1",0,,0,0,0,0,0,False,0,0,0,0,0,0,False,0,0,False
20025,"InstanceContentType#4",0,60,False,"music/ffxiv/BGM_Ban_Shiva1.scd","music/ffxiv/BGM_System_WinLoop.scd","ffxiv/bossiv/bossiv00110/bossiv00110",0,80,"Colosseum#0",0,"","","BNpcBase#7100","Forgive them, my beloved...",,0,0,100,0,1170,0,0,22,0,0,0,0,0,0,0,0,0,0,0,0,0,0,0,0,0,0,0,0,0,0,0,0,1,"InstanceContentRewardItem#100",False,0,1,"InstanceContentBuff#1",0,,0,0,0,0,0,False,0,0,0,0,0,0,False,0,0,False
20026,"InstanceContentType#4",0,60,False,"music/ffxiv/BGM_Event_Orthros.scd","music/ffxiv/BGM_System_WinLoop.scd","ffxiv/bosort/bosort00010/bosort00010",0,81,"Colosseum#0",0,"","","BNpcBase#7600","Fu... Fu... Fungaaahhh!","",0,0,75,0,1170,0,0,15,0,0,0,0,0,0,0,0,0,0,0,0,0,0,0,0,0,0,0,0,0,0,0,0,19,"InstanceContentRewardItem#30",False,0,2,"InstanceContentBuff#1",0,,0,0,0,0,0,False,0,0,0,0,0,0,False,0,0,False
20027,"InstanceContentType#4",0,60,False,"music/ffxiv/BGM_Ban_Odin.scd","music/ffxiv/BGM_System_WinLoop.scd","ffxiv/bosodn/bosodn00010/bosodn00010",0,82,"Colosseum#0",0,"","","BNpcBase#0","","",0,0,80,0,1170,0,0,15,0,0,0,0,0,0,0,0,0,0,0,0,0,0,0,0,0,0,0,0,0,0,0,0,32,"InstanceContentRewardItem#100",False,0,2,"InstanceContentBuff#1",0,,0,0,0,0,0,False,0,0,0,0,0,0,False,0,0,False
20028,"InstanceContentType#0",0,0,False,"","","",0,0,"Colosseum#0",0,"","","BNpcBase#0","","",0,0,0,0,0,0,0,0,0,0,0,0,0,0,0,0,0,0,0,0,0,0,0,0,0,0,0,0,0,0,0,0,0,"InstanceContentRewardItem#0",False,0,0,"InstanceContentBuff#0",0,"InstanceContent#0",0,0,0,0,0,False,0,0,0,0,0,0,False,0,0,False
20029,"InstanceContentType#4",0,60,False,"music/ffxiv/BGM_Con_Ascian.scd","music/ffxiv/BGM_System_WinLoop.scd","ffxiv/bosnbr/bosnbr00010/bosnbr00010",0,84,"Colosseum#0",0,"","","BNpcBase#7800","Impossible!
Has he power over...time itself!?","Defeat <SheetEn(BNpcName,2,IntegerParameter(1),1,1)/>",0,0,100,0,1170,0,0,15,0,0,0,0,0,0,0,0,0,0,0,0,0,0,0,0,0,0,0,0,0,0,0,0,0,"InstanceContentRewardItem#30",False,0,2,"InstanceContentBuff#1",0,,0,0,0,0,0,False,0,0,0,0,0,0,False,0,0,False
20030,"InstanceContentType#4",0,60,False,"music/ffxiv/BGM_Event_Enkidu.scd","music/ffxiv/BGM_System_WinLoop.scd","ffxiv/bosgil/bosgil00110/bosgil00110",0,85,"Colosseum#0",0,"","","BNpcBase#7900","Enkidu! Are the bonds of our friendship so fragile!?","",0,0,80,0,1170,0,0,15,0,0,0,0,0,0,0,0,0,0,0,0,0,0,0,0,0,0,0,0,0,0,0,0,22,"InstanceContentRewardItem#30",False,0,4,"InstanceContentBuff#1",0,,0,0,0,0,0,False,0,0,0,0,0,0,False,0,0,False
20031,"InstanceContentType#4",0,60,False,"music/ex1/BGM_EX1_Ban_Ravana_01.scd","music/ffxiv/BGM_System_WinLoop.scd","ex1/bosrav/bosrav00010/bosrav00010",0,86,"Colosseum#0",0,"","","BNpcBase#8400","Rejoice in the glory of combat!",,3000,3580,0,0,6757,0,0,0,0,0,0,0,0,0,0,0,0,0,0,0,0,0,0,0,0,0,0,0,0,0,0,0,44,"InstanceContentRewardItem#30",False,0,2,"InstanceContentBuff#1",0,,0,0,0,0,0,False,0,0,0,0,0,0,False,0,0,False
20032,"InstanceContentType#4",0,60,False,"music/ex1/BGM_EX1_Ban_Ravana_01.scd","music/ffxiv/BGM_System_WinLoop.scd","ex1/bosrav/bosrav00110/bosrav00110",0,87,"Colosseum#0",0,"","","BNpcBase#8400","Rejoice in the glory of combat!",,0,0,100,0,2500,0,0,15,0,0,0,0,0,0,0,0,0,0,0,0,0,0,0,0,0,0,0,0,0,0,0,0,38,"InstanceContentRewardItem#100",False,0,1,"InstanceContentBuff#1",0,,0,0,0,0,0,False,0,0,0,0,0,0,False,0,0,False
20033,"InstanceContentType#4",0,60,False,"music/ex1/BGM_EX1_Ban_Bismark_01.scd","music/ffxiv/BGM_System_WinLoop.scd","ex1/bosbis/bosbis00010/bosbis00010",0,88,"Colosseum#0",0,"","","BNpcBase#9000","I'm detecting a huge increase in─
Oh gods, brace yourselves!",,3000,3800,0,0,7186,0,0,0,0,0,0,0,0,0,0,0,0,0,0,0,0,0,0,0,0,0,0,0,0,0,0,0,45,"InstanceContentRewardItem#30",False,0,2,"InstanceContentBuff#1",0,,0,0,0,0,0,False,0,0,0,0,0,0,False,0,0,False
20034,"InstanceContentType#4",0,60,False,"music/ex1/BGM_EX1_Ban_Bismark_01.scd","music/ffxiv/BGM_System_WinLoop.scd","ex1/bosbis/bosbis00110/bosbis00110",0,89,"Colosseum#0",0,"","","BNpcBase#9000","I'm detecting a huge increase in─
Oh gods, brace yourselves!",,0,0,100,0,2500,0,0,15,0,0,0,0,0,0,0,0,0,0,0,0,0,0,0,0,0,0,0,0,0,0,0,0,39,"InstanceContentRewardItem#100",False,0,1,"InstanceContentBuff#1",0,,0,0,0,0,0,False,0,0,0,0,0,0,False,0,0,False
20035,"InstanceContentType#4",0,60,False,"music/ex1/BGM_EX1_Boss02.scd","music/ffxiv/BGM_System_WinLoop.scd","ex1/heavna/heavna70835/heavna70835",0,90,"Colosseum#0",0,"","","BNpcBase#8800","This is the power of Light?",,0,0,75,0,2500,0,0,10,0,0,0,0,0,0,0,0,0,0,0,0,0,0,0,0,0,0,0,0,0,0,0,0,0,"InstanceContentRewardItem#30",False,0,2,"InstanceContentBuff#1",0,,0,0,0,0,0,False,0,0,0,0,0,0,False,0,0,False
20036,"InstanceContentType#4",0,60,False,"music/ex1/BGM_EX1_Boss03.scd","music/ffxiv/BGM_System_WinLoop.scd","ex1/boskor/boskor00010/boskor00010",0,91,"Colosseum#0",0,"","","BNpcBase#8800","You think to withstand the fury of my divine will?
Kneel now before the unfettered glory of the Eye!",,0,0,100,0,2500,0,0,20,0,0,0,0,0,0,0,0,0,0,0,0,0,0,0,0,0,0,0,0,0,0,0,0,54,"InstanceContentRewardItem#100",False,0,1,"InstanceContentBuff#1",0,,0,0,0,0,0,False,0,0,0,0,0,0,False,0,0,False
20037,"InstanceContentType#4",0,60,False,"music/ex1/BGM_EX1_Ban_Sephiroth01.scd","music/ffxiv/BGM_System_WinLoop.scd","ex1/bossep/bossep00010/bossep00010",0,134,"Colosseum#0",0,"","","BNpcBase#9900","You have dimmed my boundless light.
What power of death do you mortals wield...?",,0,0,75,0,2500,0,0,10,0,0,0,0,0,0,0,0,0,0,0,0,0,0,0,0,0,0,0,0,0,0,0,0,73,"InstanceContentRewardItem#30",False,0,2,"InstanceContentBuff#1",0,,0,0,0,0,0,False,0,0,0,0,0,0,False,0,0,False
20038,"InstanceContentType#4",0,60,False,"music/ex1/BGM_EX1_Ban_Sephiroth01.scd","music/ffxiv/BGM_System_WinLoop.scd","ex1/bossep/bossep00110/bossep00110",0,135,"Colosseum#0",0,"","","BNpcBase#9900","You have dimmed my boundless light.
What power of death do you mortals wield...?",,0,0,100,0,2500,0,0,20,0,0,0,0,0,0,0,0,0,0,0,0,0,0,0,0,0,0,0,0,0,0,0,0,67,"InstanceContentRewardItem#100",False,0,1,"InstanceContentBuff#1",0,,0,0,0,0,0,False,0,0,0,0,0,0,False,0,0,False
20039,"InstanceContentType#4",0,60,False,"music/ex1/BGM_EX1_Ban_Nidhogg_01.scd","music/ffxiv/BGM_System_WinLoop.scd","ex1/bosnid/bosnid00010/bosnid00010",0,169,"Colosseum#0",0,"","","BNpcBase#12600","Will you flee, little mortals?
My talons shall rend your courage; my jaws, taste agony!",,0,0,75,0,2500,0,0,10,0,0,0,0,0,0,0,0,0,0,0,0,0,0,0,0,0,0,0,0,0,0,0,0,87,"InstanceContentRewardItem#30",False,0,2,"InstanceContentBuff#1",0,,0,0,0,0,0,False,0,0,0,0,0,0,False,0,0,False
20040,"InstanceContentType#4",0,60,False,"music/ex1/BGM_EX1_Ban_Nidhogg_01.scd","music/ffxiv/BGM_System_WinLoop.scd","ex1/bosnid/bosnid00110/bosnid00110",0,170,"Colosseum#0",0,"","","BNpcBase#12600","Will you flee, little mortals?
My talons shall rend your courage; my jaws, taste agony!",,0,0,100,0,2500,0,0,20,0,0,0,0,0,0,0,0,0,0,0,0,0,0,0,0,0,0,0,0,0,0,0,0,86,"InstanceContentRewardItem#100",False,0,1,"InstanceContentBuff#1",0,,0,0,0,0,0,False,0,0,0,0,0,0,False,0,0,False
20041,"InstanceContentType#4",0,60,False,"music/ex1/BGM_EX1_Ban_Sephiroth01.scd","music/ffxiv/BGM_System_WinLoop.scd","ex1/bossop/bossop00010/bossop00010",0,183,"Colosseum#0",0,"","","BNpcBase#13100","My revelations are lost...",,0,0,100,0,2500,0,0,15,0,0,0,0,0,0,0,0,0,0,0,0,0,0,0,0,0,0,0,0,0,0,0,0,92,"InstanceContentRewardItem#30",False,0,2,"InstanceContentBuff#1",0,,0,0,0,0,0,False,0,0,0,0,0,0,False,0,0,False
20042,"InstanceContentType#4",0,60,False,"music/ex1/BGM_EX1_Ban_Sephiroth01.scd","music/ffxiv/BGM_System_WinLoop.scd","ex1/bossop/bossop00110/bossop00110",0,184,"Colosseum#0",0,"","","BNpcBase#13100","My revelations are lost...",,0,0,100,0,2500,0,0,25,0,0,0,0,0,0,0,0,0,0,0,0,0,0,0,0,0,0,0,0,0,0,0,0,88,"InstanceContentRewardItem#100",False,0,1,"InstanceContentBuff#1",0,,0,0,0,0,0,False,0,0,0,0,0,0,False,0,0,False
20043,"InstanceContentType#4",0,60,False,"music/ex1/BGM_EX1_Ban_Sephiroth01.scd","music/ffxiv/BGM_System_WinLoop.scd","ex1/boszur/boszur00010/boszur00010",0,223,"Colosseum#0",0,"","","BNpcBase#14300","Limit Break",,0,0,100,0,2500,0,0,15,0,0,0,0,0,0,0,0,0,0,0,0,0,0,0,0,0,0,0,0,0,0,0,0,105,"InstanceContentRewardItem#30",False,0,2,"InstanceContentBuff#1",0,,0,0,0,0,0,False,0,0,0,0,0,0,False,0,0,False
20044,"InstanceContentType#4",0,60,False,"music/ex1/BGM_EX1_Ban_Sephiroth01.scd","music/ffxiv/BGM_System_WinLoop.scd","ex1/boszur/boszur00110/boszur00110",0,224,"Colosseum#0",0,"","","BNpcBase#14300","Limit Break",,0,0,100,0,2500,0,0,25,0,0,0,0,0,0,0,0,0,0,0,0,0,0,0,0,0,0,0,0,0,0,0,0,106,"InstanceContentRewardItem#100",False,0,1,"InstanceContentBuff#1",0,,0,0,0,0,0,False,0,0,0,0,0,0,False,0,0,False
20045,"InstanceContentType#4",0,60,False,"music/ex2/BGM_EX2_Ban_03_1.scd","music/ffxiv/BGM_System_WinLoop.scd","ex2/bossin/bossin00010/bossin00010",0,239,"Colosseum#0",0,"","","BNpcBase#16900","This day we shall write a new legend, my friend!
This battle shall echo in eternity!","",0,0,75,0,5400,0,0,12,0,0,0,0,0,0,0,0,0,0,0,0,0,0,0,0,0,0,0,0,0,0,0,0,115,"InstanceContentRewardItem#30",False,0,2,"InstanceContentBuff#1",0,,0,2,0,3,1,False,0,0,0,0,0,0,False,0,0,False
20046,"InstanceContentType#4",0,60,False,"music/ex2/BGM_EX2_Ban_01.scd","music/ffxiv/BGM_System_WinLoop.scd","ex2/bosssn/bosssn00010/bosssn00010",0,243,"Colosseum#0",0,"","","BNpcBase#17200","The seas part for we alone!",,3000,7500,0,0,14163,0,0,0,0,0,0,0,0,0,0,0,0,0,0,0,0,0,0,0,0,0,0,0,0,0,0,0,116,"InstanceContentRewardItem#30",False,0,2,"InstanceContentBuff#1",0,,0,3,0,0,0,False,0,0,0,0,0,0,False,0,0,False
20047,"InstanceContentType#4",0,60,False,"music/ex2/BGM_EX2_Ban_01.scd","music/ffxiv/BGM_System_WinLoop.scd","ex2/bosssn/bosssn00110/bosssn00110",0,244,"Colosseum#0",0,"","","BNpcBase#17200","The seas part for we alone!",,0,0,100,0,5400,0,0,15,0,0,0,0,0,0,0,0,0,0,0,0,0,0,0,0,0,0,0,0,0,0,0,0,117,"InstanceContentRewardItem#100",False,0,1,"InstanceContentBuff#1",0,,0,3,0,0,0,False,0,0,0,0,0,0,False,0,0,False
20048,"InstanceContentType#4",0,60,False,"music/ex2/BGM_EX2_Ban_02.scd","music/ffxiv/BGM_System_WinLoop.scd","ex2/boslxm/boslxm00010/boslxm00010",0,263,"Colosseum#0",0,"","","BNpcBase#16300","Who are you to wake them from the dream...",,3000,7790,0,0,14713,0,0,0,0,0,0,0,0,0,0,0,0,0,0,0,0,0,0,0,0,0,0,0,0,0,0,0,118,"InstanceContentRewardItem#30",False,0,2,"InstanceContentBuff#1",0,,0,4,0,0,3,False,0,0,0,0,0,0,False,0,0,False
20049,"InstanceContentType#4",0,60,False,"music/ex2/BGM_EX2_Ban_02.scd","music/ffxiv/BGM_System_WinLoop.scd","ex2/boslxm/boslxm00110/boslxm00110",0,264,"Colosseum#0",0,"","","BNpcBase#16300","Who are you to wake them from the dream...",,0,0,100,0,5400,0,0,15,0,0,0,0,0,0,0,0,0,0,0,0,0,0,0,0,0,0,0,0,0,0,0,0,119,"InstanceContentRewardItem#100",False,0,1,"InstanceContentBuff#1",0,,0,4,0,7,3,False,0,0,0,0,0,0,False,0,0,False
20050,"InstanceContentType#4",0,60,False,"music/ex2/BGM_EX2_Ban_03_1.scd","music/ffxiv/BGM_System_WinLoop.scd","ex2/bossin/bossin00110/bossin00110",0,278,"Colosseum#0",0,"","","BNpcBase#16900","Yesss! Let us shed all limits! Only then shall our legend be complete!","",0,0,100,0,5400,0,0,20,0,0,0,0,0,0,0,0,0,0,0,0,0,0,0,0,0,0,0,0,0,0,0,0,122,"InstanceContentRewardItem#100",False,0,1,"InstanceContentBuff#1",0,,0,5,0,3,5,False,0,0,0,0,0,0,False,0,0,False
20051,"InstanceContentType#4",0,60,False,"music/ex2/BGM_EX2_Ban_11.scd","music/ffxiv/BGM_System_WinLoop.scd","ex2/bosbyk/bosbyk00010/bosbyk00010",0,290,"Colosseum#0",0,"","","BNpcBase#18600","You are stronger than I dared to hope.",,0,0,75,0,5400,0,0,12,0,0,0,0,0,0,0,0,0,0,0,0,0,0,0,0,0,0,0,0,0,0,0,0,135,"InstanceContentRewardItem#30",False,0,2,"InstanceContentBuff#1",0,,0,4,0,0,0,False,0,0,0,0,0,0,False,0,0,False
20052,"InstanceContentType#4",0,60,False,"music/ex2/BGM_EX2_Ban_11.scd","music/ffxiv/BGM_System_WinLoop.scd","ex2/bosbyk/bosbyk00110/bosbyk00110",0,291,"Colosseum#0",0,"","","BNpcBase#18600","You are stronger than I dared to hope.",,0,0,100,0,5400,0,0,20,0,0,0,0,0,0,0,0,0,0,0,0,0,0,0,0,0,0,0,0,0,0,0,0,136,"InstanceContentRewardItem#100",False,0,1,"InstanceContentBuff#1",0,,0,4,0,0,0,False,0,0,0,0,0,0,False,0,0,False
20053,"InstanceContentType#4",0,60,False,"music/ex2/BGM_EX2_Ban_14.scd","music/ex2/BGM_EX2_Event_14.scd","ex2/nikucl/nikucl00020/nikucl00020",0,474,"Colosseum#0",0,"","","BNpcBase#0","","",0,0,50,0,5400,0,0,10,0,0,0,0,0,0,0,0,0,0,0,0,0,0,0,0,0,0,0,0,0,0,0,0,0,"InstanceContentRewardItem#30",False,0,2,"InstanceContentBuff#1",0,,0,7,0,16,0,False,0,0,0,0,0,0,False,0,0,False
20054,"InstanceContentType#4",0,60,False,"music/ex2/BGM_EX2_Ban_14.scd","music/ex2/BGM_EX2_Event_14.scd","ex2/nikucl/nikucl00120/nikucl00120",0,475,"Colosseum#0",0,"","","BNpcBase#0","","",0,0,100,0,5400,0,0,15,0,0,0,0,0,0,0,0,0,0,0,0,0,0,0,0,0,0,0,0,0,0,0,0,0,"InstanceContentRewardItem#100",False,0,1,"InstanceContentBuff#1",0,,0,7,0,16,0,False,0,0,0,0,0,0,False,0,0,False
20055,"InstanceContentType#4",0,60,False,"music/ex2/BGM_EX2_Ban_16.scd","music/ffxiv/BGM_System_WinLoop.scd","ex2/bostku/bostku00010/bostku00010",0,537,"Colosseum#0",0,"","","BNpcBase#19500","Come forth, shades of the dead! Curse my name!
Strike my body! Fill my soul with blackest malice!",,0,0,75,0,5400,0,0,12,0,0,0,0,0,0,0,0,0,0,0,0,0,0,0,0,0,0,0,0,0,0,0,0,143,"InstanceContentRewardItem#30",False,0,2,"InstanceContentBuff#1",0,,0,0,0,17,0,False,0,0,0,0,0,0,False,0,0,False
20056,"InstanceContentType#4",0,60,False,"music/ex2/BGM_EX2_Ban_16.scd","music/ffxiv/BGM_System_WinLoop.scd","ex2/bostku/bostku00110/bostku00110",0,538,"Colosseum#0",0,"","","BNpcBase#19500","Come forth, shades of the dead! Curse my name!
Strike my body! Fill my soul with blackest malice!",,0,0,100,0,5400,0,0,20,0,0,0,0,0,0,0,0,0,0,0,0,0,0,0,0,0,0,0,0,0,0,0,0,144,"InstanceContentRewardItem#100",False,0,1,"InstanceContentBuff#1",0,,0,0,0,17,0,False,0,0,0,0,0,0,False,0,0,False
20057,"InstanceContentType#4",0,60,False,"music/ex2/BGM_EX2_Ban_11.scd","music/ffxiv/BGM_System_WinLoop.scd","ex2/bosszk/bosszk00010/bosszk00010",0,596,"Colosseum#0",0,"","","BNpcBase#19900","Hearken to my melody...","",0,0,100,0,5400,0,0,15,0,0,0,0,0,0,0,0,0,0,0,0,0,0,0,0,0,0,0,0,0,0,0,0,147,"InstanceContentRewardItem#30",False,0,2,"InstanceContentBuff#1",0,,0,0,0,23,12,False,0,0,0,0,0,0,False,0,0,False
20058,"InstanceContentType#4",0,60,False,"music/ex2/BGM_EX2_Ban_11.scd","music/ffxiv/BGM_System_WinLoop.scd","ex2/bosszk/bosszk00110/bosszk00110",0,597,"Colosseum#0",0,"","","BNpcBase#19900","Hearken to my melody...","",0,0,100,0,5400,0,0,25,0,0,0,0,0,0,0,0,0,0,0,0,0,0,0,0,0,0,0,0,0,0,0,0,148,"InstanceContentRewardItem#100",False,0,1,"InstanceContentBuff#1",0,,0,0,0,23,12,False,0,0,0,0,0,0,False,0,0,False
20059,"InstanceContentType#4",0,60,False,"music/ex2/BGM_EX2_Boss_Battle_01.scd","music/ffxiv/BGM_System_WinLoop.scd","ex2/bosyjb/bosyjb00010/bosyjb00010",0,595,"Colosseum#0",0,"","",,"I...I will not be bested yet again! Have at thee!","",0,0,50,0,5400,0,0,10,0,0,0,0,0,0,0,0,0,0,0,0,0,0,0,0,0,0,0,0,0,0,0,0,161,"InstanceContentRewardItem#30",False,0,2,"InstanceContentBuff#1",0,,0,0,0,22,0,False,0,0,0,0,0,0,False,0,0,False
20060,"InstanceContentType#4",0,60,False,"music/ex2/BGM_EX2_Ban_11.scd","music/ffxiv/BGM_System_WinLoop.scd","ex2/bossry/bossry00010/bossry00010",0,637,"Colosseum#0",0,"","",,"THE LAND, THE LAND, THE LAND...","",0,0,100,0,5400,0,0,15,0,0,0,0,0,0,0,0,0,0,0,0,0,0,0,0,0,0,0,0,0,0,0,0,163,"InstanceContentRewardItem#30",False,0,2,"InstanceContentBuff#1",0,,0,4,0,29,0,False,0,0,0,0,0,0,False,0,0,False
20061,"InstanceContentType#4",0,60,False,"music/ex2/BGM_EX2_Ban_11.scd","music/ffxiv/BGM_System_WinLoop.scd","ex2/bossry/bossry00110/bossry00110",0,638,"Colosseum#0",0,"","",,"THE LAND, THE LAND, THE LAND...","",0,0,100,0,5400,0,0,25,0,0,0,0,0,0,0,0,0,0,0,0,0,0,0,0,0,0,0,0,0,0,0,0,164,"InstanceContentRewardItem#100",False,0,1,"InstanceContentBuff#1",0,,0,4,0,29,0,False,0,0,0,0,0,0,False,0,0,False
20062,"InstanceContentType#4",0,60,False,"music/ex3/BGM_EX3_Ban_01.scd","music/ffxiv/BGM_System_WinLoop.scd","ex3/bosttn/bosttn00010/bosttn00010",0,657,"Colosseum#0",0,"","",,"The more the merrier! Join us, my children!","",3000,16050,0,0,30294,0,0,0,0,0,0,0,0,0,0,0,0,0,0,0,0,0,0,0,0,0,0,0,0,0,0,0,173,"InstanceContentRewardItem#30",False,0,2,"InstanceContentBuff#1",0,,0,0,0,33,15,False,0,8,0,0,0,0,False,0,0,False
20063,"InstanceContentType#4",0,60,False,"music/ex3/BGM_EX3_Ban_01.scd","music/ffxiv/BGM_System_WinLoop.scd","ex3/bosttn/bosttn00110/bosttn00110",0,658,"Colosseum#0",0,"","",,"The more the merrier! Join us, my children!","",0,0,100,0,11220,0,0,15,0,0,0,0,0,0,0,0,0,0,0,0,0,0,0,0,0,0,0,0,0,0,0,0,174,"InstanceContentRewardItem#100",False,0,1,"InstanceContentBuff#1",0,,0,0,0,33,15,False,0,8,0,0,0,0,False,0,0,False
20064,"InstanceContentType#4",0,60,False,"music/ex3/BGM_EX3_Ban_02.scd","music/ffxiv/BGM_System_WinLoop.scd","ex3/bosinc/bosinc00010/bosinc00010",0,666,"Colosseum#0",0,"","",,"I shall excise the sin of your existence!","",3000,16680,0,0,31482,0,0,0,0,0,0,0,0,0,0,0,0,0,0,0,0,0,0,0,0,0,0,0,0,0,0,0,175,"InstanceContentRewardItem#30",False,0,2,"InstanceContentBuff#1",0,,0,4,0,34,0,False,0,0,0,0,0,0,False,0,0,False
20065,"InstanceContentType#4",0,60,False,"music/ex3/BGM_EX3_Ban_02.scd","music/ffxiv/BGM_System_WinLoop.scd","ex3/bosinc/bosinc00110/bosinc00110",0,667,"Colosseum#0",0,"","",,"My ascension to godhood is complete!","",0,0,100,0,11220,0,0,15,0,0,0,0,0,0,0,0,0,0,0,0,0,0,0,0,0,0,0,0,0,0,0,0,176,"InstanceContentRewardItem#100",False,0,1,"InstanceContentBuff#1",0,,0,4,0,34,0,False,0,0,0,0,0,0,False,0,0,False
20066,"InstanceContentType#4",0,60,False,"music/ex3/BGM_EX3_Ban_03.scd","music/ffxiv/BGM_System_WinLoop.scd","ex3/boshds/boshds00010/boshds00010",0,687,"Colosseum#0",0,"","",,"Impressive resilience... But it matters little. I have all eternity to break your stubborn wills!","",0,0,50,0,11220,0,0,10,0,0,0,0,0,0,0,0,0,0,0,0,0,0,0,0,0,0,0,0,0,0,0,0,177,"InstanceContentRewardItem#30",False,0,2,"InstanceContentBuff#1",0,,0,10,0,35,21,False,0,0,0,0,0,0,False,0,0,False
20067,"InstanceContentType#4",0,60,False,"music/ex3/BGM_EX3_Ban_03.scd","music/ffxiv/BGM_System_WinLoop.scd","ex3/boshds/boshds00110/boshds00110",0,693,"Colosseum#0",0,"","",,"At last, you are one! Let the profundity of your soul crush all who would defy us!","",0,0,100,0,11220,0,0,20,0,0,0,0,0,0,0,0,0,0,0,0,0,0,0,0,0,0,0,0,0,0,0,0,179,"InstanceContentRewardItem#100",False,0,1,"InstanceContentBuff#1",0,,0,11,0,0,22,False,0,0,0,0,0,0,False,0,0,False
20068,"InstanceContentType#4",0,60,False,"music/ex3/BGM_EX3_Ban_09.scd","music/ffxiv/BGM_System_WinLoop.scd","ex3/bosalr/bosalr00010/bosalr00010",0,717,"Colosseum#0",0,"","",,"I'm sorry, everyone. This is the end for me.
Activating...Oversoul.","",0,0,50,0,11220,0,0,12,0,0,0,0,0,0,0,0,0,0,0,0,0,0,0,0,0,0,0,0,0,0,0,0,183,"InstanceContentRewardItem#30",False,0,2,"InstanceContentBuff#1",0,,0,4,0,40,27,False,0,16,0,0,0,0,False,0,0,False
20069,"InstanceContentType#4",0,60,False,"music/ex3/BGM_EX3_Ban_09.scd","music/ffxiv/BGM_System_WinLoop.scd","ex3/bosalr/bosalr00110/bosalr00110",0,718,"Colosseum#0",0,"","",,"I'm sorry, everyone. This is the end for me.
Activating...Oversoul.","",0,0,100,0,11220,0,0,25,0,0,0,0,0,0,0,0,0,0,0,0,0,0,0,0,0,0,0,0,0,0,0,0,184,"InstanceContentRewardItem#100",False,0,1,"InstanceContentBuff#1",0,,0,4,0,40,27,False,0,16,0,0,0,0,False,0,0,False
20070,"InstanceContentType#4",0,60,False,"music/ex3/BGM_EX3_Boss_Battle01.scd","music/ffxiv/BGM_System_WinLoop.scd","ex3/bosvrs/bosvrs00010/bosvrs00010",0,725,"Colosseum#0",0,"","",,"It is time I bring my full strength to bear!","",0,0,100,0,11220,0,0,20,0,0,0,0,0,0,0,0,0,0,0,0,0,0,0,0,0,0,0,0,0,0,0,0,191,"InstanceContentRewardItem#100",False,0,1,"InstanceContentBuff#1",0,,0,12,0,39,0,False,0,26,0,0,0,0,False,0,0,False
20071,"InstanceContentType#4",0,60,False,"music/ex3/BGM_EX3_Ban_11.scd","music/ffxiv/BGM_System_WinLoop.scd","ex3/boswol/boswol00010/boswol00010",0,738,"Colosseum#0",0,"","",,"To me, Warriors of Light!","",0,0,50,0,11220,0,0,12,0,0,0,0,0,0,0,0,0,0,0,0,0,0,0,0,0,0,0,0,0,0,0,0,193,"InstanceContentRewardItem#30",False,0,2,"InstanceContentBuff#1",0,,0,14,0,0,0,False,0,34,0,0,0,0,False,0,0,False
20072,"InstanceContentType#4",0,60,False,"music/ex3/BGM_EX3_Ban_11.scd","music/ffxiv/BGM_System_WinLoop.scd","ex3/boswol/boswol00110/boswol00110",0,739,"Colosseum#0",0,"","",,"To me, Warriors of Light!","",0,0,100,0,11220,0,0,25,0,0,0,0,0,0,0,0,0,0,0,0,0,0,0,0,0,0,0,0,0,0,0,0,194,"InstanceContentRewardItem#100",False,0,1,"InstanceContentBuff#1",0,,0,0,0,41,0,False,0,35,0,0,0,0,False,0,0,False
20073,"InstanceContentType#4",0,60,False,"music/ex3/BGM_EX3_Ban_09.scd","music/ffxiv/BGM_System_WinLoop.scd","ex3/bosale/bosale00010/bosale00010",0,762,"Colosseum#0",0,"","",,"I'm sorry, Father. We've come too far to back down now!","",0,0,50,0,11220,0,0,12,0,0,0,0,0,0,0,0,0,0,0,0,0,0,0,0,0,0,0,0,0,0,0,0,219,"InstanceContentRewardItem#30",False,0,2,"InstanceContentBuff#1",0,,0,4,0,0,36,False,0,46,0,0,0,0,False,0,0,False
20074,"InstanceContentType#4",0,60,False,"music/ex3/BGM_EX3_Ban_09.scd","music/ffxiv/BGM_System_WinLoop.scd","ex3/bosale/bosale00110/bosale00110",0,763,"Colosseum#0",0,"","",,"With the power of the Emerald Weapon, we'll build a brighter tomorrow.
Farewell!","",0,0,100,0,11220,0,0,25,0,0,0,0,0,0,0,0,0,0,0,0,0,0,0,0,0,0,0,0,0,0,0,0,220,"InstanceContentRewardItem#100",False,0,1,"InstanceContentBuff#1",0,,0,4,0,0,36,False,0,46,0,0,0,0,False,0,0,False
20075,"InstanceContentType#4",0,60,False,"music/ex3/BGM_EX3_Ban_15.scd","music/ffxiv/BGM_System_WinLoop.scd","ex3/bosald/bosald00010/bosald00010",0,781,"Colosseum#0",0,"","",,"Our dream will not─cannot─end here...","",0,0,50,0,11220,0,0,12,0,0,0,0,0,0,0,0,0,0,0,0,0,0,0,0,0,0,0,0,0,0,0,0,228,"InstanceContentRewardItem#30",False,0,2,"InstanceContentBuff#1",0,,0,0,0,0,39,False,0,50,0,0,0,0,False,0,0,False
20076,"InstanceContentType#4",0,60,False,"music/ex3/BGM_EX3_Ban_15.scd","music/ffxiv/BGM_System_WinLoop.scd","ex3/bosald/bosald00110/bosald00110",0,782,"Colosseum#0",0,"","",,"Our dream will not─cannot─end here...","",0,0,100,0,11220,0,0,25,0,0,0,0,0,0,0,0,0,0,0,0,0,0,0,0,0,0,0,0,0,0,0,0,229,"InstanceContentRewardItem#100",False,0,1,"InstanceContentBuff#1",0,,0,0,0,0,39,False,0,50,0,0,0,0,False,0,0,False
20077,"InstanceContentType#4",0,60,False,"music/ex4/BGM_EX4_Ban_02.scd","music/ffxiv/BGM_System_WinLoop.scd","ex4/bosgdy/bosgdy00010/bosgdy00010",0,790,"Colosseum#0",0,"","",,"And now this!","",3000,36900,0,0,69800,0,0,0,0,0,0,0,0,0,0,0,0,0,0,0,0,0,0,0,0,0,0,0,0,0,0,0,256,"InstanceContentRewardItem#30",False,0,2,"InstanceContentBuff#0",0,,0,0,0,51,0,False,0,57,0,1,0,0,False,0,0,False
20078,"InstanceContentType#4",0,60,False,"music/ex4/BGM_EX4_Ban_02.scd","music/ffxiv/BGM_System_WinLoop.scd","ex4/bosgdy/bosgdy00110/bosgdy00110",0,791,"Colosseum#0",0,"","",,"And now this!","",0,0,100,0,24860,0,0,15,0,0,0,0,0,0,0,0,0,0,0,0,0,0,0,0,0,0,0,0,0,0,0,0,257,"InstanceContentRewardItem#100",False,0,1,"InstanceContentBuff#0",0,,0,0,0,51,0,False,0,57,0,0,0,0,False,0,0,False
20079,"InstanceContentType#4",0,60,False,"music/ex4/BGM_EX4_Ban_04.scd","music/ffxiv/BGM_System_WinLoop.scd","ex4/bosgdz/bosgdz00010/bosgdz00010",0,796,"Colosseum#0",0,"","",,"1 second...","",0,0,50,0,24860,0,0,10,0,0,0,0,0,0,0,0,0,0,0,0,0,0,0,0,0,0,0,0,0,0,0,0,258,"InstanceContentRewardItem#30",False,0,2,"InstanceContentBuff#0",0,,0,0,0,47,41,False,0,62,0,0,0,0,True,0,0,False
20080,"InstanceContentType#4",0,60,False,"music/ex4/BGM_EX4_Ban_01.scd","music/ffxiv/BGM_System_WinLoop.scd","ex4/bosgdx/bosgdx00010/bosgdx00010",0,802,"Colosseum#0",0,"","",,"At last, I am become Zodiark!","",3000,34100,0,0,64400,0,0,0,0,0,0,0,0,0,0,0,0,0,0,0,0,0,0,0,0,0,0,0,0,0,0,0,254,"InstanceContentRewardItem#30",False,0,2,"InstanceContentBuff#0",0,,0,0,0,0,40,False,0,69,0,0,0,0,False,0,0,False
20081,"InstanceContentType#4",0,60,False,"music/ex4/BGM_EX4_Ban_01.scd","music/ffxiv/BGM_System_WinLoop.scd","ex4/bosgdx/bosgdx00110/bosgdx00110",0,803,"Colosseum#0",0,"","",,"At last, I am become Zodiark!","",0,0,100,0,24860,0,0,15,0,0,0,0,0,0,0,0,0,0,0,0,0,0,0,0,0,0,0,0,0,0,0,0,255,"InstanceContentRewardItem#100",False,0,1,"InstanceContentBuff#0",0,,0,0,0,50,40,False,0,70,0,0,0,0,False,0,0,False
20082,"InstanceContentType#4",0,60,False,"","music/ffxiv/BGM_System_WinLoop.scd","ffxiv/manfst/manfst50328/manfst50328",0,830,"Colosseum#0",0,"","",,"Hear... Feel... Think...","",0,0,100,0,172593,0,0,100,0,0,0,0,0,0,0,0,0,0,0,0,0,0,0,0,0,0,0,0,0,0,135900,3000,0,"InstanceContentRewardItem#62",False,0,2,"InstanceContentBuff#1",0,,0,0,0,0,0,False,0,87,0,6,0,0,False,0,0,True
20083,"InstanceContentType#4",0,60,False,"music/ex4/BGM_EX4_Ban_04.scd","music/ffxiv/BGM_System_WinLoop.scd","ex4/bosgdz/bosgdz00110/bosgdz00110",0,846,"Colosseum#0",0,"","",,"We cannot suffer it again...","",0,0,100,0,24860,0,0,20,0,0,0,0,0,0,0,0,0,0,0,0,0,0,0,0,0,0,0,0,0,0,0,0,267,"InstanceContentRewardItem#100",False,0,1,"InstanceContentBuff#0",0,,0,0,0,0,42,False,0,79,0,0,0,0,False,0,0,False
20084,"InstanceContentType#4",0,60,False,"music/ex4/BGM_EX4_Ban_07.scd","music/ffxiv/BGM_System_WinLoop.scd","ex4/bosbar/bosbar00010/bosbar00010",0,870,"Colosseum#0",0,"","",,"You won't leave my domain alive!","",0,0,50,0,24860,0,0,12,0,0,0,0,0,0,0,0,0,0,0,0,0,0,0,0,0,0,0,0,0,0,0,0,278,"InstanceContentRewardItem#30",False,0,2,"InstanceContentBuff#0",0,,0,0,0,0,0,False,0,93,0,0,0,0,False,0,0,False
20085,"InstanceContentType#4",0,60,False,"music/ex4/BGM_EX4_Ban_07.scd","music/ffxiv/BGM_System_WinLoop.scd","ex4/bosbar/bosbar00110/bosbar00110",0,871,"Colosseum#0",0,"","",,"You won't leave my domain alive!","",0,0,100,0,24860,0,0,25,0,0,0,0,0,0,0,0,0,0,0,0,0,0,0,0,0,0,0,0,0,0,0,0,271,"InstanceContentRewardItem#100",False,0,1,"InstanceContentBuff#0",0,,0,0,0,0,0,False,0,94,0,0,0,0,False,0,0,False
20086,"InstanceContentType#4",0,60,False,"music/ex4/BGM_EX4_Ban_08.scd","music/ffxiv/BGM_System_WinLoop.scd","ex4/bosrub/bosrub00010/bosrub00010",0,886,"Colosseum#0",0,"","",,"My flames shall consume all!","",0,0,50,0,24860,0,0,12,0,0,0,0,0,0,0,0,0,0,0,0,0,0,0,0,0,0,0,0,0,0,0,0,282,"InstanceContentRewardItem#30",False,0,2,"InstanceContentBuff#0",0,,0,0,0,69,47,False,0,113,0,0,0,0,False,0,0,False
20087,"InstanceContentType#4",0,60,False,"music/ex4/BGM_EX4_Ban_08.scd","music/ffxiv/BGM_System_WinLoop.scd","ex4/bosrub/bosrub00110/bosrub00110",0,924,"Colosseum#0",0,"","",,"My flames shall consume all!","",0,0,100,0,24860,0,0,25,0,0,0,0,0,0,0,0,0,0,0,0,0,0,0,0,0,0,0,0,0,0,0,0,280,"InstanceContentRewardItem#100",False,0,1,"InstanceContentBuff#0",0,,0,0,0,69,47,False,0,114,0,0,0,0,False,0,0,False
20088,"InstanceContentType#4",0,60,False,"music/ex4/BGM_EX4_Boss_Battle03.scd","music/ffxiv/BGM_System_WinLoop.scd","ex4/bosasr/bosasr00010/bosasr00010",0,944,"Colosseum#0",0,"","",,"I will scatter your bones!","",0,0,50,0,24860,0,0,10,0,0,0,0,0,0,0,0,0,0,0,0,0,0,0,0,0,0,0,0,0,0,0,0,296,"InstanceContentRewardItem#30",False,0,2,"InstanceContentBuff#0",0,,0,0,0,0,0,False,0,141,0,0,0,0,False,0,0,False
20089,"InstanceContentType#4",0,60,False,"music/ex4/BGM_EX4_Ban_14.scd","music/ffxiv/BGM_System_WinLoop.scd","ex4/bosgol/bosgol00010/bosgol00010",0,949,"Colosseum#0",0,"","",,"Our salvation is at hand!","",0,0,50,0,24860,0,0,12,0,0,0,0,0,0,0,0,0,0,0,0,0,0,0,0,0,0,0,0,0,0,0,0,291,"InstanceContentRewardItem#30",False,0,2,"InstanceContentBuff#0",0,,0,0,0,0,53,False,0,134,0,0,0,0,False,0,0,False
20090,"InstanceContentType#4",0,60,False,"music/ex4/BGM_EX4_Ban_14.scd","music/ffxiv/BGM_System_WinLoop.scd","ex4/bosgol/bosgol00110/bosgol00110",0,950,"Colosseum#0",0,"","",,"Our salvation is at hand!","",0,0,100,0,24860,0,0,25,0,0,0,0,0,0,0,0,0,0,0,0,0,0,0,0,0,0,0,0,0,0,0,0,284,"InstanceContentRewardItem#100",False,0,1,"InstanceContentBuff#0",0,,0,0,0,0,53,False,0,134,0,0,0,0,False,0,0,False
20091,"InstanceContentType#4",0,60,False,"music/ex4/BGM_EX4_Ban_15.scd","music/ffxiv/BGM_System_WinLoop.scd","ex4/boszer/boszer00010/boszer00010",0,964,"Colosseum#0",0,"","",,"In endless Dark embrace your end.","",0,0,50,0,24860,0,0,12,0,0,0,0,0,0,0,0,0,0,0,0,0,0,0,0,0,0,0,0,0,0,0,0,294,"InstanceContentRewardItem#30",False,0,2,"InstanceContentBuff#0",0,,0,0,0,0,56,False,0,150,0,0,0,0,False,0,0,False
20092,"InstanceContentType#4",0,60,False,"music/ex4/BGM_EX4_Ban_15.scd","music/ffxiv/BGM_System_WinLoop.scd","ex4/boszer/boszer00110/boszer00110",0,965,"Colosseum#0",0,"","",,"In endless Dark embrace your end.","",0,0,100,0,24860,0,0,25,0,0,0,0,0,0,0,0,0,0,0,0,0,0,0,0,0,0,0,0,0,0,0,0,293,"InstanceContentRewardItem#100",False,0,1,"InstanceContentBuff#0",0,,0,0,0,0,56,False,0,151,0,0,0,0,False,0,0,False
20093,"InstanceContentType#4",0,60,False,"music/ex5/BGM_EX5_Ban_01.scd","music/ffxiv/BGM_System_WinLoop.scd","ex5/bosval/bosval00010/bosval00010",0,832,"Colosseum#0",0,"","",,"フグゥゥ……フゥ、ギャア……！","",3000,75300,0,0,142200,0,0,0,0,0,0,0,0,0,0,0,0,0,0,0,0,0,0,0,0,0,0,0,0,0,0,0,297,"InstanceContentRewardItem#30",False,0,2,"InstanceContentBuff#0",0,,0,0,0,81,57,False,0,159,0,2,0,0,False,0,30,False
20094,"InstanceContentType#4",0,60,False,"music/ex5/BGM_EX5_Ban_01.scd","music/ffxiv/BGM_System_WinLoop.scd","ex5/bosval/bosval00110/bosval00110",0,833,"Colosseum#0",0,"","",,"フグゥゥ……フゥ、ギャア……！","",0,0,0,30,0,0,0,0,15,8,0,0,0,0,0,0,0,0,0,0,0,0,0,0,0,0,0,0,0,0,0,0,298,"InstanceContentRewardItem#100",False,0,1,"InstanceContentBuff#0",0,,0,0,0,81,57,False,0,160,0,0,0,0,False,0,30,False
20095,"InstanceContentType#4",0,60,False,"music/ex5/BGM_EX5_Ban_03.scd","music/ffxiv/BGM_Null.scd","ex5/bosspf/bosspf00010/bosspf00010",0,984,"Colosseum#0",0,"","",,"1 second to Absolute Authority...","",0,0,0,20,0,0,0,0,10,5,0,0,0,0,0,0,0,0,0,0,0,0,0,0,0,0,0,0,0,0,0,0,301,"InstanceContentRewardItem#100",False,0,2,"InstanceContentBuff#0",0,,0,4,0,0,61,False,0,164,0,0,0,0,True,0,16,False
20096,"InstanceContentType#4",0,60,False,"music/ex5/BGM_EX5_Ban_02.scd","music/ffxiv/BGM_System_WinLoop.scd","ex5/boszrj/boszrj00010/boszrj00010",0,995,"Colosseum#0",0,"","",,"Such might befits a ruler─befits <Emphasis>me</Emphasis>!","",3000,81200,0,0,153300,0,0,0,0,0,0,0,0,0,0,0,0,0,0,0,0,0,0,0,0,0,0,0,0,0,0,0,299,"InstanceContentRewardItem#30",False,0,2,"InstanceContentBuff#0",0,,0,0,0,0,60,False,0,168,0,3,0,0,False,0,17,False
20097,"InstanceContentType#4",0,60,False,"music/ex5/BGM_EX5_Ban_02.scd","music/ffxiv/BGM_System_WinLoop.scd","ex5/boszrj/boszrj00110/boszrj00110",0,996,"Colosseum#0",0,"","",,"Such might befits a ruler─befits <Emphasis>me</Emphasis>!","",0,0,0,30,0,0,0,0,15,8,0,0,0,0,0,0,0,0,0,0,0,0,0,0,0,0,0,0,0,0,0,0,300,"InstanceContentRewardItem#100",False,0,1,"InstanceContentBuff#0",0,,0,0,0,0,60,False,0,169,0,0,0,0,False,0,17,False
20098,"InstanceContentType#4",0,90,False,"music/ffxiv/BGM_Con_CrystalTower_Boss_03.scd","music/ffxiv/BGM_System_WinLoop.scd","ex5/bosdrk/bosdrk00110/bosdrk00110",0,1010,"Colosseum#0",0,"","",,"You shall not escape!","",0,0,0,100,0,0,0,0,0,20,0,0,0,0,0,0,0,0,0,0,0,0,0,0,0,0,0,0,0,0,0,0,316,"InstanceContentRewardItem#100",True,0,0,"InstanceContentBuff#0",0,,0,0,0,0,64,False,0,183,0,0,0,0,False,0,0,False
20099,"InstanceContentType#4",0,60,False,"music/ex5/BGM_EX5_Ban_03.scd","music/ffxiv/BGM_System_WinLoop.scd","ex5/bosspf/bosspf00110/bosspf00110",0,1017,"Colosseum#0",0,"","",,"Let...let uS...let us...let uS...above deaTH...","",0,0,0,40,0,0,0,0,20,10,0,0,0,0,0,0,0,0,0,0,0,0,0,0,0,0,0,0,0,0,0,0,318,"InstanceContentRewardItem#100",False,0,1,"InstanceContentBuff#0",0,,0,0,0,0,65,False,0,190,0,0,0,0,True,0,35,False
20100,"InstanceContentType#4",0,60,False,"music/ex5/BGM_EX5_Ban_17.scd","music/ffxiv/BGM_System_WinLoop.scd","ex5/boszln/boszln00010/boszln00010",0,1030,"Colosseum#0",0,"","",,"I know this is merely a reconstruction...and yet...","",0,0,0,20,0,0,0,0,12,6,0,0,0,0,0,0,0,0,0,0,0,0,0,0,0,0,0,0,0,0,0,0,322,"InstanceContentRewardItem#100",False,0,2,"InstanceContentBuff#0",0,,0,0,0,0,0,False,0,202,0,0,0,0,False,0,44,False
20101,"InstanceContentType#4",0,60,False,"music/ex5/BGM_EX5_Ban_17.scd","music/ffxiv/BGM_System_WinLoop.scd","ex5/boszln/boszln00110/boszln00110",0,1031,"Colosseum#0",0,"","",,"For the honor and glory of Alexandria, I strike!","",0,0,0,40,0,0,0,0,25,13,0,0,0,0,0,0,0,0,0,0,0,0,0,0,0,0,0,0,0,0,0,0,323,"InstanceContentRewardItem#100",False,0,1,"InstanceContentBuff#0",0,,0,0,0,86,0,False,0,203,0,0,0,0,False,0,44,False
20102,"InstanceContentType#4",0,60,False,"music/ex5/BGM_EX5_KGR_01.scd","music/ex5/BGM_EX5_KGR_02.scd","ex5/kgrclb/kgrclb00120/kgrclb00120",0,1043,"Colosseum#0",0,"","","BNpcBase#0","","",0,0,0,20,0,0,0,0,12,7,0,0,0,0,0,0,0,0,0,0,0,0,0,0,0,0,0,0,0,0,0,0,338,"InstanceContentRewardItem#100",False,0,2,"InstanceContentBuff#0",0,,0,0,0,0,0,False,0,207,0,0,0,0,False,0,0,False
20103,"InstanceContentType#4",0,60,False,"music/ex5/BGM_EX5_KGR_01.scd","music/ex5/BGM_EX5_KGR_02.scd","ex5/kgrclb/kgrclb00220/kgrclb00220",0,1044,"Colosseum#0",0,"","","BNpcBase#0","","",0,0,0,50,0,0,0,0,25,14,0,0,0,0,0,0,0,0,0,0,0,0,0,0,0,0,0,0,0,0,0,0,339,"InstanceContentRewardItem#100",False,0,1,"InstanceContentBuff#0",0,,0,0,0,0,0,False,0,208,0,0,0,0,False,0,0,False
20104,"InstanceContentType#4",0,60,False,"music/ex5/BGM_EX5_Ban_19.scd","music/ffxiv/BGM_System_WinLoop.scd","ex5/bosetd/bosetd00010/bosetd00010",0,1061,"Colosseum#0",0,"","",,"There.","",0,0,0,20,0,0,0,0,12,7,0,0,0,0,0,0,0,0,0,0,0,0,0,0,0,0,0,0,0,0,0,0,335,"InstanceContentRewardItem#100",False,0,2,"InstanceContentBuff#0",0,,0,0,0,87,73,False,0,219,0,4,0,0,False,0,49,False
20105,"InstanceContentType#4",0,60,False,"music/ex5/BGM_EX5_Ban_19.scd","music/ffxiv/BGM_System_WinLoop.scd","ex5/bosetd/bosetd00110/bosetd00110",0,1062,"Colosseum#0",0,"","",,"There.","",0,0,0,50,0,0,0,0,25,14,0,0,0,0,0,0,0,0,0,0,0,0,0,0,0,0,0,0,0,0,0,0,336,"InstanceContentRewardItem#100",False,0,1,"InstanceContentBuff#0",0,,0,0,0,87,73,False,0,220,0,0,0,0,False,0,49,False
20106,"InstanceContentType#4",0,60,False,"music/ex5/BGM_EX5_Ban_20.scd","music/ex5/BGM_EX5_Fanfare_01.scd","ex5/bosgls/bosgls00010/bosgls00010",0,1076,"Colosseum#0",0,"","",,"Hit it harder!","",0,0,0,20,0,0,0,0,12,8,0,0,0,0,0,0,0,0,0,0,0,0,0,0,0,0,0,0,0,0,0,0,341,"InstanceContentRewardItem#100",False,0,2,"InstanceContentBuff#0",0,,0,0,0,89,74,False,0,223,0,0,0,0,True,0,58,False
20107,"InstanceContentType#4",0,60,False,"music/ex5/BGM_EX5_Ban_20.scd","music/ex5/BGM_EX5_Fanfare_01.scd","ex5/bosgls/bosgls00110/bosgls00110",0,1077,"Colosseum#0",0,"","",,"Hit it harder!","",0,0,0,50,0,0,0,0,25,15,0,0,0,0,0,0,0,0,0,0,0,0,0,0,0,0,0,0,0,0,0,0,342,"InstanceContentRewardItem#100",False,0,1,"InstanceContentBuff#0",0,,0,0,0,89,74,False,0,224,0,0,0,0,True,0,58,False
20108,"InstanceContentType#4",0,60,False,"music/ex5/BGM_EX5_Ban_21.scd","music/ffxiv/BGM_System_WinLoop.scd","ex5/boseno/boseno00010/boseno00010",0,1115,"Colosseum#0",0,"","",,"Succumb to eternal silence!","",0,0,0,20,0,0,0,0,12,9,0,0,0,0,0,0,0,0,0,0,0,0,0,0,0,0,0,0,0,0,0,0,360,"InstanceContentRewardItem#100",False,0,0,"InstanceContentBuff#0",0,,0,4,0,99,82,False,0,246,0,0,0,0,False,0,63,False
20109,"InstanceContentType#4",0,60,False,"music/ex5/BGM_EX5_Ban_21.scd","music/ffxiv/BGM_System_WinLoop.scd","ex5/boseno/boseno00110/boseno00110",0,1116,"Colosseum#0",0,"","",,"Succumb to eternal silence!","",0,0,0,50,0,0,0,0,25,16,0,0,0,0,0,0,0,0,0,0,0,0,0,0,0,0,0,0,0,0,0,0,361,"InstanceContentRewardItem#100",False,0,0,"InstanceContentBuff#0",0,,0,0,0,99,82,False,0,250,0,0,0,0,False,0,63,False
20110,"InstanceContentType#0",0,0,False,"","","",0,0,"Colosseum#0",0,"","","BNpcBase#0","","",0,0,0,0,0,0,0,0,0,0,0,0,0,0,0,0,0,0,0,0,0,0,0,0,0,0,0,0,0,0,0,0,0,"InstanceContentRewardItem#0",False,0,0,"InstanceContentBuff#0",0,"InstanceContent#0",0,0,0,0,0,False,0,0,0,0,0,0,False,0,0,False
25000,"InstanceContentType#0",0,60,False,"","music/ffxiv/BGM_System_WinLoop.scd","",0,0,"Colosseum#0",0,"","","BNpcBase#0","","",0,0,0,0,0,0,0,0,0,0,0,0,0,0,0,0,0,0,0,0,0,0,0,0,0,0,0,0,0,0,0,0,0,"InstanceContentRewardItem#100",False,0,0,"InstanceContentBuff#0",0,,0,0,0,0,0,False,0,0,0,0,0,0,False,0,0,False
25001,"InstanceContentType#11",0,30,False,"music/ffxiv/BGM_Season_HalloweenD.scd","music/ffxiv/BGM_System_WinLoop.scd","ffxiv/feshlw/feshlw00410/feshlw00410",6381330,181,"Colosseum#0",0,"","","BNpcBase#12900","This meter is shared by the entire party. Once it reaches zero, you will be ejected from the instance.","",0,0,0,0,0,0,0,0,0,0,0,0,0,0,0,0,0,0,0,0,0,0,0,0,0,0,0,0,0,0,0,0,178,"InstanceContentRewardItem#100",False,0,0,"InstanceContentBuff#0",0,,0,0,0,0,0,False,0,0,0,0,0,0,False,0,0,False
25002,"InstanceContentType#11",0,30,False,"music/ffxiv/BGM_Season_VTID.scd","","ffxiv/fesvlt/fesvlt04210/fesvlt04210",7186180,473,"Colosseum#1",0,"","","BNpcBase#18700","That concludes the Valentione's Ceremony.
We look forward to hosting you again, kupo!","",0,0,0,0,0,0,0,0,0,0,0,0,0,0,0,0,0,0,0,0,0,0,0,0,0,0,0,0,0,0,0,0,0,"InstanceContentRewardItem#100",False,0,0,"InstanceContentBuff#0",0,,0,0,0,15,0,False,0,0,0,0,0,0,False,0,0,False
25003,"InstanceContentType#11",0,30,False,"music/ffxiv/BGM_Season_HalloweenD.scd","music/ffxiv/BGM_System_WinLoop.scd","ffxiv/feshlw/feshlw06010/feshlw06010",8734194,797,"Colosseum#0",0,"","",,"Splendid work! You've already saved an impressive number of souls. Keep going, and he'll have no choice but to abandon the ritual!","",0,0,0,0,0,0,0,0,0,0,0,0,0,0,0,0,0,0,0,0,0,0,0,0,0,0,0,0,0,0,0,0,0,"InstanceContentRewardItem#100",False,0,0,"InstanceContentBuff#0",0,,0,0,0,0,0,False,0,63,37,0,0,0,False,0,0,False
25004,"InstanceContentType#11",0,30,False,"music/ffxiv/BGM_Season_VT_Cake_01.scd","music/ffxiv/BGM_Season_VT_Cake_01.scd","ffxiv/fesvlt/fesvlt07310/fesvlt07310",11829037,1045,"Colosseum#1",0,"","",,"The ingredients you need are no doubt twinkling with anticipation, kupo!","",0,0,0,0,0,0,0,0,0,0,0,0,0,0,0,0,0,0,0,0,0,0,0,0,0,0,0,0,0,0,0,0,0,"InstanceContentRewardItem#100",False,0,0,"InstanceContentBuff#0",0,,0,0,0,78,0,False,0,211,0,0,0,0,False,0,48,False
25005,"InstanceContentType#0",0,60,False,"","music/ffxiv/BGM_System_WinLoop.scd","",0,0,"Colosseum#0",0,"","","BNpcBase#0","","",0,0,0,0,0,0,0,0,0,0,0,0,0,0,0,0,0,0,0,0,0,0,0,0,0,0,0,0,0,0,0,0,0,"InstanceContentRewardItem#100",False,0,0,"InstanceContentBuff#0",0,,0,0,0,0,0,False,0,0,0,0,0,0,False,0,0,False
26000,"InstanceContentType#0",0,60,False,"","music/ffxiv/BGM_System_WinLoop.scd","",0,0,"Colosseum#0",0,"","","BNpcBase#0","","",0,0,0,0,0,0,0,0,0,0,0,0,0,0,0,0,0,0,0,0,0,0,0,0,0,0,0,0,0,0,0,0,0,"InstanceContentRewardItem#100",False,0,0,"InstanceContentBuff#0",0,,0,0,0,0,0,False,0,0,0,0,0,0,False,0,0,False
26001,"InstanceContentType#18",0,30,False,"","","ffxiv/gldttd/gldttd05410/gldttd05410",0,755,"Colosseum#0",0,"","",,"Round","",0,0,0,0,0,0,0,0,0,0,0,0,0,0,0,0,0,0,0,0,0,0,0,0,0,0,0,0,0,0,0,0,0,"InstanceContentRewardItem#100",False,0,0,"InstanceContentBuff#0",0,,0,0,0,0,0,False,0,0,0,0,0,0,False,0,0,True
26002,"InstanceContentType#18",0,30,False,"","","ffxiv/gldttd/gldttd05410/gldttd05410",0,756,"Colosseum#0",0,"","",,"Round","",0,0,0,0,0,0,0,0,0,0,0,0,0,0,0,0,0,0,0,0,0,0,0,0,0,0,0,0,0,0,0,0,0,"InstanceContentRewardItem#100",False,0,0,"InstanceContentBuff#0",0,,0,0,0,0,0,False,0,0,0,0,0,0,False,0,0,True
26003,"InstanceContentType#0",0,60,False,"","music/ffxiv/BGM_System_WinLoop.scd","",0,0,"Colosseum#0",0,"","","BNpcBase#0","","",0,0,0,0,0,0,0,0,0,0,0,0,0,0,0,0,0,0,0,0,0,0,0,0,0,0,0,0,0,0,0,0,0,"InstanceContentRewardItem#100",False,0,0,"InstanceContentBuff#0",0,,0,0,0,0,0,False,0,0,0,0,0,0,False,0,0,False
30000,"InstanceContentType#0",0,60,False,"","music/ffxiv/BGM_System_WinLoop.scd","",0,0,"Colosseum#0",0,"","","BNpcBase#0","","",0,0,0,0,0,0,0,0,0,0,0,0,0,0,0,0,0,0,0,0,0,0,0,0,0,0,0,0,0,0,0,0,0,"InstanceContentRewardItem#100",False,0,0,"InstanceContentBuff#0",0,,0,0,0,0,0,False,0,0,0,0,0,0,False,0,0,False
30001,"InstanceContentType#1",0,120,False,"music/ffxiv/BGM_Con_CrystalTower_01.scd","music/ffxiv/BGM_System_WinLoop.scd","ffxiv/dunlak/dunlak1r120/dunlak1r120",4317125,92,"Colosseum#0",0,"","","BNpcBase#4700","Grrraaaaaarrrghhh!","Exit <Highlight>ObjectParameter(56)</Highlight>?",0,0,50,0,56060,0,0,40,0,0,10190,15290,20390,0,0,10,20,30,0,0,0,0,0,0,0,0,0,0,0,0,135900,0,76,"InstanceContentRewardItem#96",False,0,0,"InstanceContentBuff#1",0,,0,0,0,0,0,False,0,0,0,0,0,0,False,0,0,False
30002,"InstanceContentType#1",0,90,False,"music/ffxiv/BGM_Con_Bahamut.scd","music/ffxiv/BGM_System_WinLoop.scd","ffxiv/dunsea/dunsea1b110/dunsea1b110",4293363,93,"Colosseum#0",0,"",,"BNpcBase#4100","Breach the aetherial fields","Remain here.",0,0,100,0,0,0,0,10,0,0,0,0,0,0,0,0,0,0,0,0,0,0,0,0,0,0,0,0,0,0,0,0,0,"InstanceContentRewardItem#100",False,0,8,"InstanceContentBuff#1",0,,0,0,0,0,0,False,0,0,0,0,0,0,False,0,0,False
30003,"InstanceContentType#1",0,90,False,"music/ffxiv/BGM_Con_Bahamut_Boss.scd","music/ffxiv/BGM_System_WinLoop.scd","ffxiv/dunsea/dunsea1b210/dunsea1b210",4294907,94,"Colosseum#0",0,"",,"BNpcBase#0","","Defeat <SheetEn(BNpcName,2,IntegerParameter(1),1,1)/>",0,0,100,0,0,0,0,10,0,0,0,0,0,0,0,0,0,0,0,0,0,0,0,0,0,0,0,0,0,0,0,0,0,"InstanceContentRewardItem#100",False,0,8,"InstanceContentBuff#1",0,,0,0,0,0,0,False,0,0,0,0,0,0,False,0,0,False
30004,"InstanceContentType#1",0,90,False,"music/ffxiv/BGM_Con_Bahamut.scd","music/ffxiv/BGM_System_WinLoop.scd","ffxiv/dunsea/dunsea1b310/dunsea1b310",4294864,95,"Colosseum#0",0,"","","BNpcBase#4200","Power the Allagan terminal","???",0,0,0,0,0,0,0,0,0,0,0,0,0,0,0,0,0,0,0,0,0,0,0,0,0,0,0,0,0,0,0,0,0,"InstanceContentRewardItem#100",False,0,0,"InstanceContentBuff#1",0,,0,0,0,0,0,False,0,0,0,0,0,0,False,0,0,False
30005,"InstanceContentType#1",0,90,False,"music/ffxiv/BGM_Con_Bahamut.scd","music/ffxiv/BGM_System_WinLoop.scd","",4374569,96,"Colosseum#0",0,"","","BNpcBase#4300","Slay all the enemies","Duty Progress",0,0,100,0,0,0,0,10,0,0,0,0,0,0,0,0,0,0,0,0,0,0,0,0,0,0,0,0,0,0,0,0,0,"InstanceContentRewardItem#100",False,0,8,"InstanceContentBuff#1",0,,0,0,0,0,0,False,0,0,0,0,0,0,False,0,0,False
30006,"InstanceContentType#1",0,90,False,"music/ffxiv/BGM_Con_Bahamut.scd","music/ffxiv/BGM_System_WinLoop.scd","ffxiv/dunsea/dunsea1b510/dunsea1b510",4294951,97,"Colosseum#0",0,"",,"BNpcBase#0","","Leave duty?",0,0,100,0,0,0,0,10,0,0,0,0,0,0,0,0,0,0,0,0,0,0,0,0,0,0,0,0,0,0,0,0,0,"InstanceContentRewardItem#100",False,0,8,"InstanceContentBuff#1",0,,0,0,0,0,0,False,0,0,0,0,0,0,False,0,0,False
30007,"InstanceContentType#1",0,90,False,"music/ffxiv/BGM_Con_Bahamut_v2.scd","music/ffxiv/BGM_System_WinLoop.scd","ffxiv/dunfst/dunfst1b110/dunfst1b110",4616593,98,"Colosseum#0",0,"",,"BNpcBase#5600","Destroy the dark matter cluster","Select a destination.
Current Location: <Highlight>StringParameter(1)</Highlight>",0,0,100,0,0,0,0,20,0,0,0,0,0,0,0,0,0,0,0,0,0,0,0,0,0,0,0,0,0,0,0,0,0,"InstanceContentRewardItem#100",False,0,6,"InstanceContentBuff#1",0,,0,0,0,0,0,False,0,0,0,0,0,0,False,0,0,False
30008,"InstanceContentType#1",0,90,False,"music/ffxiv/BGM_Con_Bahamut_v2.scd","music/ffxiv/BGM_System_WinLoop.scd","",4646974,99,"Colosseum#0",0,"",,"BNpcBase#5700","Destroy the maintenance modules","Starting Point",0,0,100,0,0,0,0,20,0,0,0,0,0,0,0,0,0,0,0,0,0,0,0,0,0,0,0,0,0,0,0,0,0,"InstanceContentRewardItem#100",False,0,6,"InstanceContentBuff#1",0,,0,0,0,0,0,False,0,0,0,0,0,0,False,0,0,False
30009,"InstanceContentType#1",0,90,False,"music/ffxiv/BGM_Con_Bahamut_v2.scd","music/ffxiv/BGM_System_WinLoop.scd","ffxiv/dunfst/dunfst1b320/dunfst1b320",4649327,100,"Colosseum#0",0,"",,"BNpcBase#5800","Open the frontal bulkhead","Cancel",0,0,100,0,0,0,0,20,0,0,0,0,0,0,0,0,0,0,0,0,0,0,0,0,0,0,0,0,0,0,0,0,0,"InstanceContentRewardItem#100",False,0,6,"InstanceContentBuff#1",0,,0,0,0,0,0,False,0,0,0,0,0,0,False,0,0,False
30010,"InstanceContentType#1",0,90,False,"music/ffxiv/BGM_Con_Neal.scd","music/ffxiv/BGM_System_WinLoop.scd","ffxiv/dunfst/dunfst1b420/dunfst1b420",0,101,"Colosseum#0",0,"",,"BNpcBase#5900","1 second","",0,0,100,0,0,0,0,20,0,0,0,0,0,0,0,0,0,0,0,0,0,0,0,0,0,0,0,0,0,0,0,0,0,"InstanceContentRewardItem#100",False,0,6,"InstanceContentBuff#1",0,,0,0,0,0,0,False,0,0,0,0,0,0,False,0,0,False
30011,"InstanceContentType#1",0,120,False,"music/ffxiv/BGM_Con_CrystalTower_02.scd","music/ffxiv/BGM_System_WinLoop.scd","ffxiv/dunlak/dunlak1r210/dunlak1r210",4723161,102,"Colosseum#0",0,"",,"BNpcBase#6300","My defeat...means nothing... Darkness...shall devour all...","Exit alone.",0,0,50,0,56060,0,0,40,0,0,10190,15290,20390,0,0,10,20,30,0,0,0,0,0,0,0,0,0,0,0,0,135900,0,77,"InstanceContentRewardItem#95",False,0,0,"InstanceContentBuff#1",0,,0,0,0,0,0,False,0,0,0,0,0,0,False,0,0,False
30012,"InstanceContentType#1",0,90,False,"music/ffxiv/BGM_Con_Bahamut_v2.scd","music/ffxiv/BGM_System_WinLoop.scd","ffxiv/dunfst/dunfst1b111/dunfst1b111",4616593,103,"Colosseum#0",0,"",,"BNpcBase#5600","Destroy the dark matter cluster","",0,0,100,0,0,0,0,20,0,0,0,0,0,0,0,0,0,0,0,0,0,0,0,0,0,0,0,0,0,0,0,0,0,"InstanceContentRewardItem#100",False,0,0,"InstanceContentBuff#1",0,,0,0,0,0,0,False,0,0,0,0,0,0,False,0,0,False
30013,"InstanceContentType#1",0,90,False,"music/ffxiv/BGM_Con_Bahamut_v2.scd","music/ffxiv/BGM_System_WinLoop.scd","",4646974,104,"Colosseum#0",0,"",,"BNpcBase#5700","Destroy the maintenance modules","",0,0,100,0,0,0,0,20,0,0,0,0,0,0,0,0,0,0,0,0,0,0,0,0,0,0,0,0,0,0,0,0,0,"InstanceContentRewardItem#100",False,0,0,"InstanceContentBuff#1",0,,0,0,0,0,0,False,0,0,0,0,0,0,False,0,0,False
30014,"InstanceContentType#1",0,90,False,"music/ffxiv/BGM_Con_Bahamut_v2.scd","music/ffxiv/BGM_System_WinLoop.scd","ffxiv/dunfst/dunfst1b321/dunfst1b321",4649327,105,"Colosseum#0",0,"",,"BNpcBase#5800","Open the frontal bulkhead","",0,0,100,0,0,0,0,20,0,0,0,0,0,0,0,0,0,0,0,0,0,0,0,0,0,0,0,0,0,0,0,0,0,"InstanceContentRewardItem#100",False,0,0,"InstanceContentBuff#1",0,,0,0,0,0,0,False,0,0,0,0,0,0,False,0,0,False
30015,"InstanceContentType#1",0,90,False,"music/ffxiv/BGM_Con_Neal.scd","music/ffxiv/BGM_System_WinLoop.scd","ffxiv/dunfst/dunfst1b421/dunfst1b421",0,106,"Colosseum#0",0,"",,"BNpcBase#5900","1 second","",0,0,100,0,0,0,0,20,0,0,0,0,0,0,0,0,0,0,0,0,0,0,0,0,0,0,0,0,0,0,0,0,0,"InstanceContentRewardItem#100",False,0,0,"InstanceContentBuff#1",0,,0,0,0,0,0,False,0,0,0,0,0,0,False,0,0,False
30016,"InstanceContentType#1",0,90,False,"music/ffxiv/BGM_Con_Bahamut.scd","music/ffxiv/BGM_System_WinLoop.scd","ffxiv/dunwil/dunwil1b110/dunwil1b110",4894217,107,"Colosseum#0",0,"",,"BNpcBase#6900","Breach the Neurokinetic Linkup","",0,0,100,0,0,0,0,30,0,0,0,0,0,0,0,0,0,0,0,0,0,0,0,0,0,0,0,0,0,0,0,0,0,"InstanceContentRewardItem#100",False,0,6,"InstanceContentBuff#1",0,,0,0,0,0,0,False,0,0,0,0,0,0,False,0,0,False
30017,"InstanceContentType#1",0,90,False,"music/ffxiv/BGM_Con_Bahamut_v2.scd","music/ffxiv/BGM_System_WinLoop.scd","ffxiv/dunwil/dunwil1b210/dunwil1b210",4895391,108,"Colosseum#0",0,"",,"BNpcBase#7000","Deactivate the Allagan fields","",0,0,100,0,0,0,0,30,0,0,0,0,0,0,0,0,0,0,0,0,0,0,0,0,0,0,0,0,0,0,0,0,0,"InstanceContentRewardItem#100",False,0,6,"InstanceContentBuff#1",0,,0,0,0,0,0,False,0,0,0,0,0,0,False,0,0,False
30018,"InstanceContentType#1",0,90,False,"music/ffxiv/BGM_Con_Bahamut_Bigboss1.scd","music/ffxiv/BGM_System_WinLoop.scd","ffxiv/dunwil/dunwil1b310/dunwil1b310",0,109,"Colosseum#0",0,"","They're forming a defensive line!","BNpcBase#0","","",0,0,100,0,0,0,0,30,0,0,0,0,0,0,0,0,0,0,0,0,0,0,0,0,0,0,0,0,0,0,0,0,0,"InstanceContentRewardItem#100",False,0,6,"InstanceContentBuff#1",0,,0,0,0,0,0,False,0,0,0,0,0,0,False,0,0,False
30019,"InstanceContentType#1",0,90,False,"music/ffxiv/BGM_Con_Bahamut_Bigboss0.scd","music/ffxiv/BGM_System_WinLoop.scd","ffxiv/dunwil/dunwil1b410/dunwil1b410",0,110,"Colosseum#0",0,"","Their foul magicks protect him! Your attacks amount to naught!","BNpcBase#7200","1 second","",0,0,100,0,0,0,0,30,0,0,0,0,0,0,0,0,0,0,0,0,0,0,0,0,0,0,0,0,0,0,0,0,0,"InstanceContentRewardItem#100",False,0,6,"InstanceContentBuff#1",0,,0,0,0,0,0,False,0,0,0,0,0,0,False,0,0,False
30020,"InstanceContentType#1",0,120,False,"music/ffxiv/BGM_Con_CrystalTower_03.scd","music/ffxiv/BGM_System_WinLoop.scd","ffxiv/dunlak/dunlak1r310/dunlak1r310",5032239,111,"Colosseum#0",0,"","","BNpcBase#7400","Grrraaaaaawr!","Exit with party.",0,0,50,0,74750,0,0,40,0,0,13590,20390,27180,0,0,10,20,30,0,0,0,0,0,0,0,0,0,0,0,0,135900,0,18,"InstanceContentRewardItem#120",False,0,0,"InstanceContentBuff#1",0,,0,0,0,0,0,False,0,0,0,0,0,0,False,0,0,False
30021,"InstanceContentType#1",0,90,False,"music/ex1/BGM_EX1_Alex01.scd","music/ffxiv/BGM_System_WinLoop.scd","ex1/dunalx/dunalx1a110/dunalx1a110",5787758,112,"Colosseum#0",0,"",,"BNpcBase#9200","Arrive in Hangar 8","",0,0,100,0,26160,0,0,10,0,0,0,0,0,0,0,0,0,0,0,0,0,0,0,0,0,0,0,0,0,0,174400,0,55,"InstanceContentRewardItem#15",False,0,0,"InstanceContentBuff#1",0,,0,0,0,0,0,False,0,0,0,0,0,0,False,0,0,False
30022,"InstanceContentType#1",0,90,False,"music/ex1/BGM_EX1_Alex01.scd","music/ffxiv/BGM_System_WinLoop.scd","ex1/dunalx/dunalx1a210/dunalx1a210",5787830,113,"Colosseum#0",0,"","","BNpcBase#9300","Slay the Gordian goblins","",0,0,100,0,26160,0,0,10,0,0,0,0,0,0,0,0,0,0,0,0,0,0,0,0,0,0,0,0,0,0,174400,0,56,"InstanceContentRewardItem#15",False,0,0,"InstanceContentBuff#1",0,,0,0,0,0,0,False,0,0,0,0,0,0,False,0,0,False
30023,"InstanceContentType#1",0,90,False,"music/ex1/BGM_EX1_Alex01.scd","music/ffxiv/BGM_System_WinLoop.scd","ex1/dunalx/dunalx1a310/dunalx1a310",5787952,114,"Colosseum#0",0,"",,"BNpcBase#9400","Arrive at Condensate Demineralizer #9","",0,0,100,0,26160,0,0,10,0,0,0,0,0,0,0,0,0,0,0,0,0,0,0,0,0,0,0,0,0,0,174400,0,57,"InstanceContentRewardItem#15",False,0,0,"InstanceContentBuff#1",0,,0,0,0,0,0,False,0,0,0,0,0,0,False,0,0,False
30024,"InstanceContentType#1",0,90,False,"music/ex1/BGM_EX1_Alex03.scd","music/ffxiv/BGM_System_WinLoop.scd","ex1/dunalx/dunalx1a410/dunalx1a410",0,115,"Colosseum#0",0,"",,"BNpcBase#0","","",0,0,100,0,26160,0,0,10,0,0,0,0,0,0,0,0,0,0,0,0,0,0,0,0,0,0,0,0,0,0,174400,0,58,"InstanceContentRewardItem#15",False,0,0,"InstanceContentBuff#1",0,,0,0,0,0,0,False,0,0,0,0,0,0,False,0,0,False
30025,"InstanceContentType#1",0,90,False,"music/ex1/BGM_EX1_Alex01.scd","music/ffxiv/BGM_System_WinLoop.scd","ex1/dunalx/dunalx1b110/dunalx1b110",5911087,116,"Colosseum#0",0,"",,"BNpcBase#9201","Arrive in Hangar 8","",0,0,100,0,0,0,0,15,0,0,0,0,0,0,0,0,0,0,0,0,0,0,0,0,0,0,0,0,0,0,0,0,40,"InstanceContentRewardItem#100",False,0,6,"InstanceContentBuff#1",0,,0,0,0,0,0,False,0,0,0,0,0,0,False,0,0,False
30026,"InstanceContentType#1",0,90,False,"music/ex1/BGM_EX1_Alex01.scd","music/ffxiv/BGM_System_WinLoop.scd","ex1/dunalx/dunalx1b210/dunalx1b210",5908675,117,"Colosseum#0",0,"","","BNpcBase#9303","Slay the Gordian goblins","",0,0,100,0,0,0,0,15,0,0,0,0,0,0,0,0,0,0,0,0,0,0,0,0,0,0,0,0,0,0,0,0,41,"InstanceContentRewardItem#100",False,0,6,"InstanceContentBuff#1",0,,0,0,0,0,0,False,0,0,0,0,0,0,False,0,0,False
30027,"InstanceContentType#1",0,90,False,"music/ex1/BGM_EX1_Alex01.scd","music/ffxiv/BGM_System_WinLoop.scd","ex1/dunalx/dunalx1b310/dunalx1b310",5911896,118,"Colosseum#0",0,"",,"BNpcBase#9400","Arrive at Condensate Demineralizer #9","",0,0,100,0,0,0,0,15,0,0,0,0,0,0,0,0,0,0,0,0,0,0,0,0,0,0,0,0,0,0,0,0,42,"InstanceContentRewardItem#100",False,0,6,"InstanceContentBuff#1",0,,0,0,0,0,0,False,0,0,0,0,0,0,False,0,0,False
30028,"InstanceContentType#1",0,90,False,"music/ex1/BGM_EX1_Alex03.scd","music/ffxiv/BGM_System_WinLoop.scd","ex1/dunalx/dunalx1b410/dunalx1b410",0,119,"Colosseum#0",0,"",,"BNpcBase#0","","",0,0,100,0,0,0,0,15,0,0,0,0,0,0,0,0,0,0,0,0,0,0,0,0,0,0,0,0,0,0,0,0,43,"InstanceContentRewardItem#100",False,0,6,"InstanceContentBuff#1",0,,0,0,0,0,0,False,0,0,0,0,0,0,False,0,0,False
30029,"InstanceContentType#1",0,120,False,"music/ex1/BGM_EX1_Makosen_Nomal.scd","music/ffxiv/BGM_System_WinLoop.scd","ex1/dunzon/dunzon2r110/dunzon2r110",5965023,120,"Colosseum#0",0,"","","BNpcBase#9600","Graaaaaaaaar!","",0,0,50,0,105490,0,0,40,22,8,19180,28770,38360,0,0,10,20,30,0,0,8,12,18,0,0,0,0,0,0,0,191800,0,50,"InstanceContentRewardItem#122",False,0,0,"InstanceContentBuff#1",0,,0,0,0,0,0,False,0,0,0,0,0,0,False,0,0,False
30030,"InstanceContentType#1",0,90,False,"music/ex1/BGM_EX1_Alex01.scd","music/ffxiv/BGM_System_WinLoop.scd","ex1/dunalx/dunalx2a110/dunalx2a110",6177867,136,"Colosseum#0",0,"",,"BNpcBase#10100","Goblixer Sample","",0,0,100,0,26160,0,0,10,0,0,0,0,0,0,0,0,0,0,0,0,0,0,0,0,0,0,0,0,0,0,174400,0,0,"InstanceContentRewardItem#15",False,0,0,"InstanceContentBuff#1",0,,0,0,0,0,0,False,0,0,0,0,0,0,False,0,0,False
30031,"InstanceContentType#1",0,90,False,"music/ex1/BGM_EX1_Alex01.scd","music/ffxiv/BGM_System_WinLoop.scd","ex1/dunalx/dunalx2a210/dunalx2a210",6177897,137,"Colosseum#0",0,"","Defeat the king behemoth","BNpcBase#10200","Commencing auto-clean!","",0,0,100,0,26160,0,0,10,0,0,0,0,0,0,0,0,0,0,0,0,0,0,0,0,0,0,0,0,0,0,174400,0,0,"InstanceContentRewardItem#15",False,0,0,"InstanceContentBuff#1",0,,0,0,0,0,0,False,0,0,0,0,0,0,False,0,0,False
30032,"InstanceContentType#1",0,90,False,"music/ex1/BGM_EX1_Alex01.scd","music/ffxiv/BGM_System_WinLoop.scd","ex1/dunalx/dunalx2a310/dunalx2a310",6177869,138,"Colosseum#0",0,"",,"BNpcBase#10300","Pshhhkohhh... Uplanders backstrike well... Too well...","",0,0,100,0,26160,0,0,10,0,0,0,0,0,0,0,0,0,0,0,0,0,0,0,0,0,0,0,0,0,0,174400,0,0,"InstanceContentRewardItem#15",False,0,0,"InstanceContentBuff#1",0,,0,0,0,0,0,False,0,0,0,0,0,0,False,0,0,False
30033,"InstanceContentType#1",0,90,False,"music/ex1/BGM_EX1_Alex03.scd","music/ffxiv/BGM_System_WinLoop.scd","ex1/dunalx/dunalx2a410/dunalx2a410",0,139,"Colosseum#0",0,"","Defeat Phlegethon","BNpcBase#10600","Illegal operation detected...
Contaminant must be purged...
Commence auto-clean!","",0,0,100,0,26160,0,0,10,0,0,0,0,0,0,0,0,0,0,0,0,0,0,0,0,0,0,0,0,0,0,174400,0,62,"InstanceContentRewardItem#15",False,0,0,"InstanceContentBuff#1",0,,0,0,0,0,0,False,0,0,0,0,0,0,False,0,0,False
30034,"InstanceContentType#1",0,90,False,"music/ex1/BGM_EX1_Alex01.scd","music/ffxiv/BGM_System_WinLoop.scd","ex1/dunalx/dunalx2b110/dunalx2b110",6184203,147,"Colosseum#0",0,"",,"BNpcBase#10100","Pssshkoh... The time is come! Ripcrush intruders!","",0,0,100,0,0,0,0,15,0,0,0,0,0,0,0,0,0,0,0,0,0,0,0,0,0,0,0,0,0,0,0,0,63,"InstanceContentRewardItem#100",False,0,6,"InstanceContentBuff#1",0,,0,0,0,0,0,False,0,0,0,0,0,0,False,0,0,False
30035,"InstanceContentType#1",0,90,False,"music/ex1/BGM_EX1_Alex02.scd","music/ffxiv/BGM_System_WinLoop.scd","ex1/dunalx/dunalx2b210/dunalx2b210",6184207,148,"Colosseum#0",0,"","Defeat the king behemoth","BNpcBase#10200","Commencing auto-clean!","",0,0,100,0,0,0,0,15,0,0,0,0,0,0,0,0,0,0,0,0,0,0,0,0,0,0,0,0,0,0,0,0,64,"InstanceContentRewardItem#100",False,0,6,"InstanceContentBuff#1",0,,0,0,0,0,0,False,0,0,0,0,0,0,False,0,0,False
30036,"InstanceContentType#1",0,90,False,"music/ex1/BGM_EX1_Alex02.scd","music/ffxiv/BGM_System_WinLoop.scd","ex1/dunalx/dunalx2b310/dunalx2b310",6184214,149,"Colosseum#0",0,"",,"BNpcBase#10300","Pshhhkohhh... Uplanders backstrike well... Too well...","",0,0,100,0,0,0,0,15,0,0,0,0,0,0,0,0,0,0,0,0,0,0,0,0,0,0,0,0,0,0,0,0,65,"InstanceContentRewardItem#100",False,0,6,"InstanceContentBuff#1",0,,0,0,0,0,0,False,0,0,0,0,0,0,False,0,0,False
30037,"InstanceContentType#1",0,90,False,"music/ex1/BGM_EX1_Alex03.scd","music/ffxiv/BGM_System_WinLoop.scd","ex1/dunalx/dunalx2b410/dunalx2b410",0,150,"Colosseum#0",0,"","Defeat Phlegethon","BNpcBase#10600","Illegal operation detected...
Contaminant must be purged...
Commence auto-clean!","",0,0,100,0,0,0,0,15,0,0,0,0,0,0,0,0,0,0,0,0,0,0,0,0,0,0,0,0,0,0,0,0,66,"InstanceContentRewardItem#100",False,0,6,"InstanceContentBuff#1",0,,0,0,0,0,0,False,0,0,0,0,0,0,False,0,0,False
30038,"InstanceContentType#1",0,120,False,"music/ex1/BGM_EX1_Makosen_Nomal02.scd","music/ffxiv/BGM_System_WinLoop.scd","ex1/dunzon/dunzon2r210/dunzon2r210",6256395,168,"Colosseum#0",0,"","","BNpcBase#12700","Magic Charge","",0,0,50,0,131860,0,0,40,22,8,23970,35960,47950,0,0,10,20,30,0,0,8,12,18,0,0,0,0,0,0,0,191800,0,81,"InstanceContentRewardItem#161",False,0,0,"InstanceContentBuff#1",0,,0,0,0,0,0,False,0,0,0,0,0,0,False,0,0,False
30039,"InstanceContentType#1",0,90,False,"music/ex1/BGM_EX1_Alex01.scd","music/ffxiv/BGM_System_WinLoop.scd","ex1/dunalx/dunalx3a110/dunalx3a110",6526593,186,"Colosseum#0",0,"",,"BNpcBase#13400","Main hull reassembly","",0,0,100,0,26160,0,0,20,0,0,0,0,0,0,0,0,0,0,0,0,0,0,0,0,0,0,0,0,0,0,174400,0,0,"InstanceContentRewardItem#15",False,0,0,"InstanceContentBuff#1",0,,0,0,0,0,0,False,0,0,0,0,0,0,False,0,0,False
30040,"InstanceContentType#1",0,90,False,"music/ex1/BGM_EX1_Alex01.scd","music/ffxiv/BGM_System_WinLoop.scd","ex1/dunalx/dunalx3a210/dunalx3a210",6493954,187,"Colosseum#0",0,"",,"BNpcBase#13500","Pssshkoh... Lamebrix does not...<cough>...get enough jinglyshine for...<cough>...this...","",0,0,100,0,26160,0,0,20,0,0,0,0,0,0,0,0,0,0,0,0,0,0,0,0,0,0,0,0,0,0,174400,0,0,"InstanceContentRewardItem#15",False,0,0,"InstanceContentBuff#1",0,,0,0,0,0,0,False,0,0,0,0,0,0,False,0,0,False
30041,"InstanceContentType#1",0,90,False,"music/ex1/BGM_EX1_Alex01.scd","music/ffxiv/BGM_System_WinLoop.scd","ex1/dunalx/dunalx3a310/dunalx3a310",6531769,188,"Colosseum#0",0,"",,"BNpcBase#13600","Northwestern multifield","",0,0,100,0,26160,0,0,20,0,0,0,0,0,0,0,0,0,0,0,0,0,0,0,0,0,0,0,0,0,0,174400,0,0,"InstanceContentRewardItem#15",False,0,0,"InstanceContentBuff#1",0,,0,0,0,0,0,False,0,0,0,0,0,0,False,0,0,False
30042,"InstanceContentType#1",0,90,False,"music/ex1/BGM_EX1_Alex07.scd","music/ffxiv/BGM_System_WinLoop.scd","ex1/dunalx/dunalx3a415/dunalx3a415",0,189,"Colosseum#0",0,"",,"BNpcBase#13700","Judgment has been rendered... The verdict of history is...","",0,0,100,0,26160,0,0,20,0,0,0,0,0,0,0,0,0,0,0,0,0,0,0,0,0,0,0,0,0,0,174400,0,96,"InstanceContentRewardItem#15",False,0,0,"InstanceContentBuff#1",0,,0,0,0,0,0,False,0,0,0,0,0,0,False,0,0,False
30043,"InstanceContentType#1",0,90,False,"music/ex1/BGM_EX1_Alex01.scd","music/ffxiv/BGM_System_WinLoop.scd","ex1/dunalx/dunalx3b110/dunalx3b110",6480216,190,"Colosseum#0",0,"",,"BNpcBase#13400","Main hull reassembly","",0,0,100,0,0,0,0,30,0,0,0,0,0,0,0,0,0,0,0,0,0,0,0,0,0,0,0,0,0,0,0,0,97,"InstanceContentRewardItem#100",False,0,6,"InstanceContentBuff#1",0,,0,0,0,0,0,False,0,0,0,0,0,0,False,0,0,False
30044,"InstanceContentType#1",0,90,False,"music/ex1/BGM_EX1_Alex02.scd","music/ffxiv/BGM_System_WinLoop.scd","ex1/dunalx/dunalx3b220/dunalx3b220",6493963,191,"Colosseum#0",0,"",,"BNpcBase#13500","Pssshkoh... Lamebrix does not...<cough>...get enough jinglyshine for...<cough>...this...","",0,0,100,0,0,0,0,30,0,0,0,0,0,0,0,0,0,0,0,0,0,0,0,0,0,0,0,0,0,0,0,0,98,"InstanceContentRewardItem#100",False,0,6,"InstanceContentBuff#1",30043,,0,0,0,0,0,False,0,0,0,0,0,0,False,0,0,False
30045,"InstanceContentType#1",0,90,False,"music/ex1/BGM_EX1_Alex06.scd","music/ffxiv/BGM_System_WinLoop.scd","ex1/dunalx/dunalx3b320/dunalx3b320",6485748,192,"Colosseum#0",0,"",,"BNpcBase#13600","Northwestern multifield","",0,0,100,0,0,0,0,30,0,0,0,0,0,0,0,0,0,0,0,0,0,0,0,0,0,0,0,0,0,0,0,0,99,"InstanceContentRewardItem#100",False,0,6,"InstanceContentBuff#1",30043,,0,0,0,0,0,False,0,0,0,0,0,0,False,0,0,False
30046,"InstanceContentType#1",0,90,False,"music/ex1/BGM_EX1_Alex07.scd","music/ffxiv/BGM_System_WinLoop.scd","ex1/dunalx/dunalx3b410/dunalx3b410",0,193,"Colosseum#0",0,"",,"BNpcBase#13700","Judgment has been rendered... The verdict of history is...","",0,0,100,0,0,0,0,30,0,0,0,0,0,0,0,0,0,0,0,0,0,0,0,0,0,0,0,0,0,0,0,0,100,"InstanceContentRewardItem#100",False,0,6,"InstanceContentBuff#1",30043,,0,0,0,0,0,False,0,0,0,0,0,0,False,0,0,False
30047,"InstanceContentType#1",0,120,False,"music/ex1/BGM_EX1_Makosen_Field01.scd","music/ffxiv/BGM_System_WinLoop.scd","ex1/dunzon/dunzon2r310/dunzon2r310",6610728,220,"Colosseum#0",0,"","","BNpcBase#14100","Such defenses will be difficult to pierce...
But mind not his boasts! A persistent assault will prevail!","",0,0,50,0,131860,0,0,40,30,10,23970,35960,47950,0,0,10,20,30,0,0,10,15,25,0,0,0,0,0,0,0,191800,0,102,"InstanceContentRewardItem#175",False,0,0,"InstanceContentBuff#1",0,,0,0,0,0,0,False,0,0,0,0,0,0,False,0,0,False
30048,"InstanceContentType#0",0,0,False,"","","",0,0,"Colosseum#0",0,"","","BNpcBase#0","","",0,0,0,0,0,0,0,0,0,0,0,0,0,0,0,0,0,0,0,0,0,0,0,0,0,0,0,0,0,0,0,0,0,"InstanceContentRewardItem#0",False,0,0,"InstanceContentBuff#0",0,"InstanceContent#0",0,0,0,0,0,False,0,0,0,0,0,0,False,0,0,False
30049,"InstanceContentType#1",0,90,False,"music/ex2/BGM_EX2_Omega_02.scd","music/ffxiv/BGM_System_WinLoop.scd","ex2/dunomg/dunomg1a110/dunomg1a110",0,252,"Colosseum#0",0,"",,"BNpcBase#0","","",0,0,100,0,41700,0,0,10,0,0,0,0,0,0,0,0,0,0,0,0,0,0,0,0,0,0,0,0,0,0,417000,0,107,"InstanceContentRewardItem#10",False,0,0,"InstanceContentBuff#1",0,,0,0,0,0,0,False,0,0,0,0,0,0,False,0,0,False
30050,"InstanceContentType#1",0,90,False,"music/ex2/BGM_EX2_Omega_02.scd","music/ffxiv/BGM_System_WinLoop.scd","ex2/dunomg/dunomg1a210/dunomg1a210",0,253,"Colosseum#0",0,"",,"BNpcBase#17600","Grrraaarrrghhh! You no like ground? I make you fly!","",0,0,100,0,41700,0,0,10,0,0,0,0,0,0,0,0,0,0,0,0,0,0,0,0,0,0,0,0,0,0,417000,0,108,"InstanceContentRewardItem#10",False,0,0,"InstanceContentBuff#1",0,,0,0,0,0,0,False,0,0,0,0,0,0,False,0,0,False
30051,"InstanceContentType#1",0,90,False,"music/ex2/BGM_EX2_Omega_02.scd","music/ffxiv/BGM_System_WinLoop.scd","ex2/dunomg/dunomg1a310/dunomg1a310",0,254,"Colosseum#0",0,"",,"BNpcBase#17700","Now then, let us have a race. Run, run, as fast as you can!","",0,0,100,0,41700,0,0,10,0,0,0,0,0,0,0,0,0,0,0,0,0,0,0,0,0,0,0,0,0,0,417000,0,109,"InstanceContentRewardItem#10",False,0,0,"InstanceContentBuff#1",0,,0,0,0,0,0,False,0,0,0,0,0,0,False,0,0,False
30052,"InstanceContentType#1",0,90,False,"music/ex2/BGM_EX2_Omega_03.scd","music/ffxiv/BGM_System_WinLoop.scd","ex2/dunomg/dunomg1a410/dunomg1a410",0,255,"Colosseum#0",0,"",,"BNpcBase#17800","My true strength lies in the void, and in the void all is laid bare!","",0,0,100,0,41700,0,0,10,0,0,0,0,0,0,0,0,0,0,0,0,0,0,0,0,0,0,0,0,0,0,417000,0,110,"InstanceContentRewardItem#10",False,0,0,"InstanceContentBuff#1",0,,0,0,0,0,4,False,0,0,0,0,0,0,False,0,0,False
30053,"InstanceContentType#1",0,90,False,"music/ex2/BGM_EX2_Omega_02.scd","music/ffxiv/BGM_System_WinLoop.scd","ex2/dunomg/dunomg1b110/dunomg1b110",0,256,"Colosseum#0",0,"",,"BNpcBase#0","","",0,0,100,0,0,0,0,15,0,0,0,0,0,0,0,0,0,0,0,0,0,0,0,0,0,0,0,0,0,0,0,0,111,"InstanceContentRewardItem#100",False,0,6,"InstanceContentBuff#1",0,,0,0,0,0,2,False,0,0,0,0,0,0,False,0,0,False
30054,"InstanceContentType#1",0,90,False,"music/ex2/BGM_EX2_Omega_02.scd","music/ffxiv/BGM_System_WinLoop.scd","ex2/dunomg/dunomg1b210/dunomg1b210",0,257,"Colosseum#0",0,"",,"BNpcBase#17600","Grrraaarrrghhh! You no like ground? I make you fly!","",0,0,100,0,0,0,0,15,0,0,0,0,0,0,0,0,0,0,0,0,0,0,0,0,0,0,0,0,0,0,0,0,112,"InstanceContentRewardItem#100",False,0,6,"InstanceContentBuff#1",30053,,0,0,0,0,0,False,0,0,0,0,0,0,False,0,0,False
30055,"InstanceContentType#1",0,90,False,"music/ex2/BGM_EX2_Omega_02.scd","music/ffxiv/BGM_System_WinLoop.scd","ex2/dunomg/dunomg1b310/dunomg1b310",0,258,"Colosseum#0",0,"",,"BNpcBase#17700","Now then, let us have a race. Run, run, as fast as you can!","",0,0,100,0,0,0,0,15,0,0,0,0,0,0,0,0,0,0,0,0,0,0,0,0,0,0,0,0,0,0,0,0,113,"InstanceContentRewardItem#100",False,0,6,"InstanceContentBuff#1",30053,,0,0,0,0,0,False,0,0,0,0,0,0,False,0,0,False
30056,"InstanceContentType#1",0,120,False,"music/ex2/BGM_EX2_Omega_03.scd","music/ffxiv/BGM_System_WinLoop.scd","ex2/dunomg/dunomg1b410/dunomg1b410",0,259,"Colosseum#0",0,"",,"BNpcBase#17800","","",0,0,100,0,0,0,0,15,0,0,0,0,0,0,0,0,0,0,0,0,0,0,0,0,0,0,0,0,0,0,0,0,114,"InstanceContentRewardItem#100",False,0,6,"InstanceContentBuff#1",30053,,0,0,0,0,4,False,0,0,0,0,0,0,False,0,0,False
30057,"InstanceContentType#1",0,120,False,"music/ffxiv/BGM_Con_Ascian.scd","music/ffxiv/BGM_System_WinLoop.scd","ex2/bosrsh/bosrsh0a010/bosrsh0a010",0,280,"Colosseum#0",0,"","","BNpcBase#18100","1 second","",0,0,100,0,0,0,0,100,0,0,0,0,0,0,0,0,0,0,0,0,0,0,0,0,0,0,0,0,0,0,0,0,123,"InstanceContentRewardItem#100",False,0,0,"InstanceContentBuff#0",0,,0,0,0,9,0,False,0,0,0,0,0,0,False,0,0,False
30058,"InstanceContentType#1",0,120,False,"music/ex2/BGM_EX2_Rti_01.scd","music/ex2/BGM_EX2_Rti_04.scd","ex2/dunrti/dunrti1a110/dunrti1a110",7069111,281,"Colosseum#0",0,"","","BNpcBase#18000","Writhe in the land's embrace!","",0,0,50,0,286680,0,0,40,30,10,52120,78180,104250,0,0,10,20,30,0,0,10,15,25,0,0,0,0,0,0,0,417000,0,124,"InstanceContentRewardItem#163",False,0,0,"InstanceContentBuff#1",0,,0,0,0,12,0,False,0,0,0,0,0,0,False,0,0,False
30059,"InstanceContentType#1",0,90,False,"music/ex2/BGM_EX2_Sigma_02.scd","music/ffxiv/BGM_System_WinLoop.scd","ex2/dunomg/dunomg2a110/dunomg2a110",0,286,"Colosseum#0",0,"",,"BNpcBase#19100","We've detected significant spectral activity!
Find a way to banish them!","",0,0,100,0,62550,0,0,10,0,0,0,0,0,0,0,0,0,0,0,0,0,0,0,0,0,0,0,0,0,0,417000,0,0,"InstanceContentRewardItem#15",False,0,0,"InstanceContentBuff#1",0,,0,0,0,0,0,False,0,0,0,0,0,0,False,0,0,False
30060,"InstanceContentType#1",0,90,False,"music/ex2/BGM_EX2_Sigma_02.scd","music/ffxiv/BGM_System_WinLoop.scd","ex2/dunomg/dunomg2a210/dunomg2a210",0,287,"Colosseum#0",0,"",,"BNpcBase#18900","All is without hope...","",0,0,100,0,62550,0,0,10,0,0,0,0,0,0,0,0,0,0,0,0,0,0,0,0,0,0,0,0,0,0,417000,0,0,"InstanceContentRewardItem#15",False,0,0,"InstanceContentBuff#1",0,,0,0,0,0,0,False,0,0,0,0,0,0,False,0,0,False
30061,"InstanceContentType#1",0,90,False,"music/ex2/BGM_EX2_Sigma_02.scd","music/ffxiv/BGM_System_WinLoop.scd","ex2/dunomg/dunomg2a310/dunomg2a310",0,288,"Colosseum#0",0,"",,"BNpcBase#18800","MAIN CANNON: TARGET ACQUIRED...
OPEN FIRE.","",0,0,100,0,62550,0,0,10,0,0,0,0,0,0,0,0,0,0,0,0,0,0,0,0,0,0,0,0,0,0,417000,0,0,"InstanceContentRewardItem#15",False,0,0,"InstanceContentBuff#1",0,,0,0,0,0,0,False,0,0,0,0,0,0,False,0,0,False
30062,"InstanceContentType#1",0,90,False,"music/ex2/BGM_EX2_Sigma_02.scd","music/ffxiv/BGM_System_WinLoop.scd","ex2/dunomg/dunomg2a410/dunomg2a410",0,289,"Colosseum#0",0,"",,"BNpcBase#19000","Destroy... Destroy... Destroy...
Only utter ruin will suffice...","",0,0,100,0,62550,0,0,10,0,0,0,0,0,0,0,0,0,0,0,0,0,0,0,0,0,0,0,0,0,0,417000,0,130,"InstanceContentRewardItem#15",False,0,0,"InstanceContentBuff#1",0,,0,0,0,0,7,False,0,0,0,0,0,0,False,0,0,False
30063,"InstanceContentType#1",0,90,False,"music/ex2/BGM_EX2_Sigma_02.scd","music/ffxiv/BGM_System_WinLoop.scd","ex2/dunomg/dunomg2b110/dunomg2b110",0,292,"Colosseum#0",0,"",,"BNpcBase#19100","We've detected significant spectral activity!
Find a way to banish them!","",0,0,100,0,0,0,0,15,0,0,0,0,0,0,0,0,0,0,0,0,0,0,0,0,0,0,0,0,0,0,0,0,131,"InstanceContentRewardItem#100",False,0,6,"InstanceContentBuff#1",0,,0,0,0,0,0,False,0,0,0,0,0,0,False,0,0,False
30064,"InstanceContentType#1",0,90,False,"music/ex2/BGM_EX2_Sigma_02.scd","music/ffxiv/BGM_System_WinLoop.scd","ex2/dunomg/dunomg2b210/dunomg2b210",0,293,"Colosseum#0",0,"",,"BNpcBase#18900","All is without hope...","",0,0,100,0,0,0,0,15,0,0,0,0,0,0,0,0,0,0,0,0,0,0,0,0,0,0,0,0,0,0,0,0,132,"InstanceContentRewardItem#100",False,0,6,"InstanceContentBuff#1",30063,,0,0,0,0,0,False,0,0,0,0,0,0,False,0,0,False
30065,"InstanceContentType#1",0,90,False,"music/ex2/BGM_EX2_Sigma_02.scd","music/ffxiv/BGM_System_WinLoop.scd","ex2/dunomg/dunomg2b310/dunomg2b310",0,294,"Colosseum#0",0,"",,"BNpcBase#18800","RUNNING EXTERMINATION PROGRAM...","",0,0,100,0,0,0,0,15,0,0,0,0,0,0,0,0,0,0,0,0,0,0,0,0,0,0,0,0,0,0,0,0,133,"InstanceContentRewardItem#100",False,0,6,"InstanceContentBuff#1",30063,,0,0,0,0,0,False,0,0,0,0,0,0,False,0,0,False
30066,"InstanceContentType#1",0,120,False,"music/ex2/BGM_EX2_Sigma_02.scd","music/ffxiv/BGM_System_WinLoop.scd","ex2/dunomg/dunomg2b410/dunomg2b410",0,295,"Colosseum#0",0,"",,"BNpcBase#19000","Destroy... Destroy... Destroy...
Only utter ruin will suffice...","",0,0,100,0,0,0,0,15,0,0,0,0,0,0,0,0,0,0,0,0,0,0,0,0,0,0,0,0,0,0,0,0,134,"InstanceContentRewardItem#100",False,0,6,"InstanceContentBuff#1",30063,,0,4,0,0,7,False,0,0,0,0,0,0,False,0,0,False
30067,"InstanceContentType#1",0,120,False,"music/ex2/BGM_EX2_Ban_19.scd","music/ffxiv/BGM_System_WinLoop.scd","ex2/bosrsh/bosrsh1a010/bosrsh1a010",0,539,"Colosseum#0",0,"","","BNpcBase#19300","See how the Heart of Sabik pulses with primal energy!","",0,0,100,0,0,0,0,100,0,0,0,0,0,0,0,0,0,0,0,0,0,0,0,0,0,0,0,0,0,0,0,0,146,"InstanceContentRewardItem#100",False,0,0,"InstanceContentBuff#0",0,,0,0,0,19,0,True,0,0,0,0,0,0,False,0,0,False
30068,"InstanceContentType#1",0,120,False,"music/ex2/BGM_EX2_Rti_13.scd","music/ex2/BGM_EX2_Rti_18.scd","ex2/dunrti/dunrti2a110/dunrti2a110",7359065,550,"Colosseum#0",0,"","","BNpcBase#19400","There is no mistaking it. We are in the legendary Clockwork City of Goug!","",0,0,50,0,389890,0,0,40,30,10,70890,106330,141780,0,0,10,20,30,0,0,10,15,25,0,0,0,0,0,0,0,417000,0,145,"InstanceContentRewardItem#180",False,0,0,"InstanceContentBuff#1",0,,0,0,0,21,8,False,0,0,0,0,0,0,False,0,0,False
30069,"InstanceContentType#1",0,90,False,"music/ex2/BGM_EX2_alpha_01.scd","music/ffxiv/BGM_System_WinLoop.scd","ex2/dunomg/dunomg3a110/dunomg3a110",0,587,"Colosseum#0",0,"",,"BNpcBase#20000","Abandon this feeble hope.
None may rise above me!","",0,0,100,0,70890,0,0,20,0,0,0,0,0,0,0,0,0,0,0,0,0,0,0,0,0,0,0,0,0,0,417000,0,151,"InstanceContentRewardItem#17",False,0,0,"InstanceContentBuff#1",0,,0,0,0,26,10,False,0,0,0,0,0,0,False,0,0,False
30070,"InstanceContentType#1",0,90,False,"music/ffxiv/BGM_Dungeon_Mor_02.scd","music/ffxiv/BGM_System_WinLoop.scd","ex2/dunomg/dunomg3a210/dunomg3a210",0,588,"Colosseum#0",0,"",,,"Overlong doth this clash endure.
Let us not allow the dance to grow stale!","",0,0,100,0,70890,0,0,20,0,0,0,0,0,0,0,0,0,0,0,0,0,0,0,0,0,0,0,0,0,0,417000,0,152,"InstanceContentRewardItem#17",False,0,0,"InstanceContentBuff#1",0,,0,0,0,24,0,False,0,0,0,0,0,0,False,0,0,False
30071,"InstanceContentType#1",0,90,False,"music/ex2/BGM_EX2_alpha_02.scd","music/ffxiv/BGM_System_WinLoop.scd","ex2/dunomg/dunomg3a310/dunomg3a310",0,589,"Colosseum#0",0,"",,"BNpcBase#20100","The protection field is ready, but you'll need your own defenses─this may break even your considerable limits!","",0,0,100,0,70890,0,0,20,0,0,0,0,0,0,0,0,0,0,0,0,0,0,0,0,0,0,0,0,0,0,417000,0,153,"InstanceContentRewardItem#17",False,0,0,"InstanceContentBuff#1",0,,0,0,0,27,0,False,0,0,0,0,0,0,False,0,0,False
30072,"InstanceContentType#1",0,90,False,"music/ex2/BGM_EX2_alpha_03.scd","music/ffxiv/BGM_System_WinLoop.scd","ex2/dunomg/dunomg3a410/dunomg3a410",0,590,"Colosseum#0",0,"",,,"<blip> Warning. Calculations indicate increased probability of defeat.
<bleep> Error. Further data analysis required.","",0,0,100,0,70890,0,0,20,0,0,0,0,0,0,0,0,0,0,0,0,0,0,0,0,0,0,0,0,0,0,417000,0,154,"InstanceContentRewardItem#17",False,0,0,"InstanceContentBuff#1",0,,0,0,0,0,11,False,0,0,0,0,0,0,False,0,0,False
30073,"InstanceContentType#1",0,90,False,"music/ex2/BGM_EX2_alpha_01.scd","music/ffxiv/BGM_System_WinLoop.scd","ex2/dunomg/dunomg3b110/dunomg3b110",0,591,"Colosseum#0",0,"",,"BNpcBase#20000","Abandon this feeble hope.
None may rise above me!","",0,0,100,0,0,0,0,30,0,0,0,0,0,0,0,0,0,0,0,0,0,0,0,0,0,0,0,0,0,0,0,0,155,"InstanceContentRewardItem#100",False,0,6,"InstanceContentBuff#1",0,,0,0,0,26,10,False,0,0,0,0,0,0,False,0,0,False
30074,"InstanceContentType#1",0,90,False,"music/ffxiv/BGM_Dungeon_Mor_02.scd","music/ffxiv/BGM_System_WinLoop.scd","ex2/dunomg/dunomg3b210/dunomg3b210",0,592,"Colosseum#0",0,"",,,"Overlong doth this clash endure.
Let us not allow the dance to grow stale!","",0,0,100,0,0,0,0,30,0,0,0,0,0,0,0,0,0,0,0,0,0,0,0,0,0,0,0,0,0,0,0,0,156,"InstanceContentRewardItem#100",False,0,6,"InstanceContentBuff#1",30073,,0,0,0,24,0,False,0,0,0,0,0,0,False,0,0,False
30075,"InstanceContentType#1",0,90,False,"music/ex2/BGM_EX2_alpha_02.scd","music/ffxiv/BGM_System_WinLoop.scd","ex2/dunomg/dunomg3b310/dunomg3b310",0,593,"Colosseum#0",0,"",,"BNpcBase#20100","Program loop upgrade complete.
Initiating deletion protocol.
Target: Alpha group.","",0,0,100,0,0,0,0,30,0,0,0,0,0,0,0,0,0,0,0,0,0,0,0,0,0,0,0,0,0,0,0,0,157,"InstanceContentRewardItem#100",False,0,6,"InstanceContentBuff#1",30073,,0,0,0,0,9,False,0,0,0,0,0,0,False,0,0,False
30076,"InstanceContentType#1",0,120,False,"music/ex2/BGM_EX2_alpha_03.scd","music/ffxiv/BGM_System_WinLoop.scd","ex2/dunomg/dunomg3b410/dunomg3b410",0,594,"Colosseum#0",0,"",,,"<blip> Warning. Calculations indicate increased probability of defeat.
<bleep> Error. Further data analysis required.","",0,0,100,0,0,0,0,30,0,0,0,0,0,0,0,0,0,0,0,0,0,0,0,0,0,0,0,0,0,0,0,0,158,"InstanceContentRewardItem#100",False,0,6,"InstanceContentBuff#1",30073,,0,0,0,0,11,False,0,0,0,0,0,0,False,0,0,False
30077,"InstanceContentType#1",0,120,False,"music/ex2/BGM_EX2_Rti_26.scd","music/ex2/BGM_EX2_Rti_34.scd","ex2/dunrti/dunrti3a110/dunrti3a110",7724987,636,"Colosseum#0",0,"","",,"The Mist I sensed before─the aether─its flow is much stronger now. It is almost as if the guardians we defeated were somehow preventing its escape...","",0,0,50,0,389890,0,0,40,40,12,70890,106330,141780,0,0,10,20,30,0,0,10,20,30,0,0,0,0,0,0,0,417000,0,160,"InstanceContentRewardItem#215",False,0,4,"InstanceContentBuff#1",0,,0,4,0,28,14,False,0,0,0,0,0,0,False,0,0,False
30078,"InstanceContentType#1",0,90,False,"music/ex3/BGM_EX3_Raid_02.scd","music/ffxiv/BGM_System_WinLoop.scd","ex3/dunedn/dunedn1a110/dunedn1a110",0,653,"Colosseum#0",0,"","",,"Defeat Eden Prime","",0,0,100,0,85500,0,0,10,0,0,0,0,0,0,0,0,0,0,0,0,0,0,0,0,0,0,0,0,0,0,855000,0,0,"InstanceContentRewardItem#10",False,0,0,"InstanceContentBuff#1",0,,0,4,0,0,0,False,0,0,7,0,0,0,False,0,0,False
30079,"InstanceContentType#1",0,90,False,"music/ex3/BGM_EX3_Raid_02.scd","music/ffxiv/BGM_System_WinLoop.scd","ex3/dunedn/dunedn1b110/dunedn1b110",0,654,"Colosseum#0",0,"","",,"Defeat Eden Prime","",0,0,100,0,0,0,0,15,0,0,0,0,0,0,0,0,0,0,0,0,0,0,0,0,0,0,0,0,0,0,0,0,169,"InstanceContentRewardItem#100",False,0,6,"InstanceContentBuff#1",0,,0,4,0,0,0,False,0,0,7,0,0,0,False,0,0,False
30080,"InstanceContentType#1",0,90,False,"music/ex3/BGM_EX3_Raid_04.scd","music/ffxiv/BGM_System_WinLoop.scd","ex3/dunedn/dunedn1a310/dunedn1a310",0,682,"Colosseum#0",0,"","",,"Defeat Leviathan","",0,0,100,0,85500,0,0,10,0,0,0,0,0,0,0,0,0,0,0,0,0,0,0,0,0,0,0,0,0,0,855000,0,0,"InstanceContentRewardItem#10",False,0,0,"InstanceContentBuff#1",0,,0,0,0,0,17,False,0,0,9,0,0,0,False,0,0,False
30081,"InstanceContentType#1",0,90,False,"music/ex3/BGM_EX3_Raid_04.scd","music/ffxiv/BGM_System_WinLoop.scd","ex3/dunedn/dunedn1b310/dunedn1b310",0,683,"Colosseum#0",0,"","",,"Defeat Leviathan","",0,0,100,0,0,0,0,15,0,0,0,0,0,0,0,0,0,0,0,0,0,0,0,0,0,0,0,0,0,0,0,0,171,"InstanceContentRewardItem#100",False,0,6,"InstanceContentBuff#1",30079,,0,0,0,0,17,False,0,0,9,0,0,0,False,0,0,False
30082,"InstanceContentType#1",0,90,False,"music/ex3/BGM_EX3_Raid_02.scd","music/ffxiv/BGM_System_WinLoop.scd","ex3/dunedn/dunedn1a210/dunedn1a210",0,684,"Colosseum#0",0,"","",,"My blade hungers for your lifeblood, evil one!","",0,0,100,0,85500,0,0,10,0,0,0,0,0,0,0,0,0,0,0,0,0,0,0,0,0,0,0,0,0,0,855000,0,0,"InstanceContentRewardItem#10",False,0,0,"InstanceContentBuff#1",0,,0,0,0,0,19,False,0,0,8,0,0,0,False,0,0,False
30083,"InstanceContentType#1",0,90,False,"music/ex3/BGM_EX3_Raid_02.scd","music/ffxiv/BGM_System_WinLoop.scd","ex3/dunedn/dunedn1b210/dunedn1b210",0,685,"Colosseum#0",0,"","",,"My blade hungers for your lifeblood, evil one!","",0,0,100,0,0,0,0,15,0,0,0,0,0,0,0,0,0,0,0,0,0,0,0,0,0,0,0,0,0,0,0,0,170,"InstanceContentRewardItem#100",False,0,6,"InstanceContentBuff#1",30079,,0,0,0,0,19,False,0,0,8,0,0,0,False,0,0,False
30084,"InstanceContentType#1",0,90,False,"music/ex3/BGM_EX3_Raid_03.scd","music/ffxiv/BGM_System_WinLoop.scd","ex3/dunedn/dunedn1a410/dunedn1a410",0,689,"Colosseum#0",0,"","",,"Defeat Titan","",0,0,100,0,85500,0,0,10,0,0,0,0,0,0,0,0,0,0,0,0,0,0,0,0,0,0,0,0,0,0,855000,0,0,"InstanceContentRewardItem#10",False,0,0,"InstanceContentBuff#1",0,,0,0,0,0,20,False,0,0,10,0,0,0,False,0,0,False
30085,"InstanceContentType#1",0,120,False,"music/ex3/BGM_EX3_Raid_03.scd","music/ffxiv/BGM_System_WinLoop.scd","ex3/dunedn/dunedn1b410/dunedn1b410",0,690,"Colosseum#0",0,"","",,"Your soul is doomed to everlasting torment!","",0,0,100,0,0,0,0,15,0,0,0,0,0,0,0,0,0,0,0,0,0,0,0,0,0,0,0,0,0,0,0,0,172,"InstanceContentRewardItem#100",False,0,6,"InstanceContentBuff#1",30079,,0,0,0,0,20,False,0,0,10,0,0,0,False,0,0,False
30086,"InstanceContentType#1",0,120,False,"music/ex3/BGM_EX3_Boss_Battle02.scd","music/ffxiv/BGM_System_WinLoop.scd","ex3/bosalx/bosalx00210/bosalx00210",0,694,"Colosseum#0",0,"","",,"Space-time interference restrictions lifted... Initializing temporal prison...","",0,0,100,0,0,0,0,100,0,0,0,0,0,0,0,0,0,0,0,0,0,0,0,0,0,0,0,0,0,0,0,0,182,"InstanceContentRewardItem#100",False,0,0,"InstanceContentBuff#0",0,,0,4,0,0,0,True,0,15,0,0,0,0,False,0,0,False
30087,"InstanceContentType#1",0,120,False,"","music/ffxiv/BGM_System_WinLoop.scd","ex3/dunytc/dunytc1a110/dunytc1a110",8127790,700,"Colosseum#0",0,"","",,"<cough> <cough> ...Particularly as I just breathed some in.","",0,0,50,0,752400,0,0,40,40,12,136800,205200,273600,0,0,10,20,30,0,0,10,20,30,0,0,0,0,0,0,0,855000,0,0,"InstanceContentRewardItem#220",False,0,0,"InstanceContentBuff#1",0,,0,4,0,36,23,False,0,13,11,0,0,0,False,0,0,False
30088,"InstanceContentType#1",0,90,False,"music/ex3/BGM_EX3_Raid_05.scd","music/ffxiv/BGM_System_WinLoop.scd","ex3/dunedn/dunedn2a110/dunedn2a110",0,715,"Colosseum#0",0,"","",,"Arbiters! With me!","",0,0,100,0,128250,0,0,10,0,0,0,0,0,0,0,0,0,0,0,0,0,0,0,0,0,0,0,0,0,0,855000,0,0,"InstanceContentRewardItem#15",False,0,0,"InstanceContentBuff#1",0,,0,0,0,0,26,False,0,18,13,0,0,0,False,0,0,False
30089,"InstanceContentType#1",0,90,False,"music/ex3/BGM_EX3_Raid_05.scd","music/ffxiv/BGM_System_WinLoop.scd","ex3/dunedn/dunedn2b110/dunedn2b110",0,716,"Colosseum#0",0,"","",,"Arbiters! With me!","",0,0,100,0,0,0,0,15,0,0,0,0,0,0,0,0,0,0,0,0,0,0,0,0,0,0,0,0,0,0,0,0,186,"InstanceContentRewardItem#100",False,0,6,"InstanceContentBuff#1",0,,0,0,0,0,26,False,0,29,13,0,0,0,False,0,0,False
30090,"InstanceContentType#1",0,90,False,"music/ex3/BGM_EX3_Raid_06.scd","music/ffxiv/BGM_System_WinLoop.scd","ex3/dunedn/dunedn2a210/dunedn2a210",0,719,"Colosseum#0",0,"","",,"All shall succumb to my fury!","",0,0,100,0,128250,0,0,10,0,0,0,0,0,0,0,0,0,0,0,0,0,0,0,0,0,0,0,0,0,0,855000,0,0,"InstanceContentRewardItem#15",False,0,0,"InstanceContentBuff#1",0,,0,0,0,0,0,False,0,19,15,0,0,0,False,0,0,False
30091,"InstanceContentType#1",0,90,False,"music/ex3/BGM_EX3_Raid_06.scd","music/ffxiv/BGM_System_WinLoop.scd","ex3/dunedn/dunedn2b210/dunedn2b210",0,720,"Colosseum#0",0,"","",,"All shall succumb to my fury!","",0,0,100,0,0,0,0,15,0,0,0,0,0,0,0,0,0,0,0,0,0,0,0,0,0,0,0,0,0,0,0,0,187,"InstanceContentRewardItem#100",False,0,6,"InstanceContentBuff#1",30089,,0,0,0,0,0,False,0,19,15,0,0,0,False,0,0,False
30092,"InstanceContentType#1",0,90,False,"music/ex3/BGM_EX3_Raid_02.scd","music/ffxiv/BGM_System_WinLoop.scd","ex3/dunedn/dunedn2a310/dunedn2a310",0,726,"Colosseum#0",0,"","",,"<Split(<Highlight>ObjectParameter(1)</Highlight>, ,1)/>! It'll destroy us all!","",0,0,100,0,128250,0,0,10,0,0,0,0,0,0,0,0,0,0,0,0,0,0,0,0,0,0,0,0,0,0,855000,0,0,"InstanceContentRewardItem#15",False,0,0,"InstanceContentBuff#1",0,,0,0,0,0,25,False,0,28,16,0,0,0,False,0,0,False
30093,"InstanceContentType#1",0,90,False,"music/ex3/BGM_EX3_Raid_02.scd","music/ffxiv/BGM_System_WinLoop.scd","ex3/dunedn/dunedn2b310/dunedn2b310",0,727,"Colosseum#0",0,"","",,"<Split(<Highlight>ObjectParameter(1)</Highlight>, ,1)/>! It'll destroy us all!","",0,0,100,0,0,0,0,15,0,0,0,0,0,0,0,0,0,0,0,0,0,0,0,0,0,0,0,0,0,0,0,0,188,"InstanceContentRewardItem#100",False,0,6,"InstanceContentBuff#1",30089,,0,0,0,0,25,False,0,20,16,0,0,0,False,0,0,False
30094,"InstanceContentType#1",0,90,False,"music/ffxiv/BGM_Ban_Shiva1.scd","music/ffxiv/BGM_System_WinLoop.scd","ex3/dunedn/dunedn2a410/dunedn2a410",0,728,"Colosseum#0",0,"","",,"The age of peace and tranquility has come...","",0,0,100,0,128250,0,0,10,0,0,0,0,0,0,0,0,0,0,0,0,0,0,0,0,0,0,0,0,0,0,855000,0,0,"InstanceContentRewardItem#15",False,0,0,"InstanceContentBuff#1",0,,0,4,0,38,28,False,0,21,17,0,0,0,False,0,0,False
30095,"InstanceContentType#1",0,120,False,"music/ffxiv/BGM_Ban_Shiva1.scd","music/ffxiv/BGM_System_WinLoop.scd","ex3/dunedn/dunedn2b410/dunedn2b410",0,729,"Colosseum#0",0,"","",,"The age of peace and tranquility has come...","",0,0,100,0,0,0,0,15,0,0,0,0,0,0,0,0,0,0,0,0,0,0,0,0,0,0,0,0,0,0,0,0,189,"InstanceContentRewardItem#100",False,0,6,"InstanceContentBuff#1",30089,,0,4,0,38,28,False,0,27,17,0,0,0,False,0,0,False
30096,"InstanceContentType#1",0,120,False,"","music/ffxiv/BGM_System_WinLoop.scd","ex3/dunytc/dunytc2a110/dunytc2a110",8351876,736,"Colosseum#0",0,"","",,"Concealment program active. Initiating transfer.","",0,0,50,0,775910,0,0,40,40,12,141070,211610,282150,0,0,10,20,30,0,0,10,20,30,0,0,0,0,0,0,0,855000,0,0,"InstanceContentRewardItem#220",False,0,0,"InstanceContentBuff#1",0,,0,0,0,0,29,False,0,32,19,0,0,0,False,0,0,False
30097,"InstanceContentType#1",0,90,False,"music/ex3/BGM_EX3_Raid_09.scd","music/ffxiv/BGM_System_WinLoop.scd","ex3/dunedn/dunedn3a110/dunedn3a110",0,749,"Colosseum#0",0,"","",,"Unleash the shadows!","",0,0,100,0,145350,0,0,20,0,0,0,0,0,0,0,0,0,0,0,0,0,0,0,0,0,0,0,0,0,0,855000,0,0,"InstanceContentRewardItem#17",False,0,0,"InstanceContentBuff#1",0,,0,0,0,0,32,False,0,39,23,0,0,0,False,0,0,False
30098,"InstanceContentType#1",0,90,False,"music/ex3/BGM_EX3_Raid_09.scd","music/ffxiv/BGM_System_WinLoop.scd","ex3/dunedn/dunedn3b110/dunedn3b110",0,750,"Colosseum#0",0,"","",,"Unleash the shadows!","",0,0,100,0,0,0,0,30,0,0,0,0,0,0,0,0,0,0,0,0,0,0,0,0,0,0,0,0,0,0,0,0,222,"InstanceContentRewardItem#100",False,0,6,"InstanceContentBuff#1",0,,0,0,0,0,32,False,0,40,23,0,0,0,False,0,0,False
30099,"InstanceContentType#1",0,90,False,"music/ex3/BGM_EX3_Raid_09.scd","music/ffxiv/BGM_System_WinLoop.scd","ex3/dunedn/dunedn3a210/dunedn3a210",0,747,"Colosseum#0",0,"","",,"This is the end of our adventure.
You meant the world to me...","",0,0,100,0,145350,0,0,20,0,0,0,0,0,0,0,0,0,0,0,0,0,0,0,0,0,0,0,0,0,0,855000,0,0,"InstanceContentRewardItem#17",False,0,0,"InstanceContentBuff#1",0,,0,0,0,0,0,False,0,44,24,0,0,0,False,0,0,False
30100,"InstanceContentType#1",0,90,False,"music/ex3/BGM_EX3_Raid_09.scd","music/ffxiv/BGM_System_WinLoop.scd","ex3/dunedn/dunedn3b210/dunedn3b210",0,748,"Colosseum#0",0,"","",,"This is the end of our adventure.
You meant the world to me...","",0,0,100,0,0,0,0,30,0,0,0,0,0,0,0,0,0,0,0,0,0,0,0,0,0,0,0,0,0,0,0,0,223,"InstanceContentRewardItem#100",False,0,6,"InstanceContentBuff#1",30098,,0,0,0,0,0,False,0,43,24,0,0,0,False,0,0,False
30101,"InstanceContentType#1",0,90,False,"music/ex3/BGM_EX3_Raid_10.scd","music/ffxiv/BGM_System_WinLoop.scd","ex3/dunedn/dunedn3a310/dunedn3a310",0,751,"Colosseum#0",0,"","",,"No... She still needs me...","",0,0,100,0,145350,0,0,20,0,0,0,0,0,0,0,0,0,0,0,0,0,0,0,0,0,0,0,0,0,0,855000,0,0,"InstanceContentRewardItem#17",False,0,0,"InstanceContentBuff#1",0,,0,0,0,0,35,False,0,0,25,0,0,0,False,0,0,False
30102,"InstanceContentType#1",0,90,False,"music/ex3/BGM_EX3_Raid_10.scd","music/ffxiv/BGM_System_WinLoop.scd","ex3/dunedn/dunedn3b310/dunedn3b310",0,752,"Colosseum#0",0,"","",,"No... She still needs me...","",0,0,100,0,0,0,0,30,0,0,0,0,0,0,0,0,0,0,0,0,0,0,0,0,0,0,0,0,0,0,0,0,224,"InstanceContentRewardItem#100",False,0,6,"InstanceContentBuff#1",30098,,0,0,0,0,35,False,0,0,25,0,0,0,False,0,0,False
30103,"InstanceContentType#1",0,90,False,"music/ex3/BGM_EX3_Raid_11.scd","music/ffxiv/BGM_System_WinLoop.scd","ex3/dunedn/dunedn3a410/dunedn3a410",0,758,"Colosseum#0",0,"","",,"Even if my memory should fade...I will live on!","",0,0,100,0,145350,0,0,20,0,0,0,0,0,0,0,0,0,0,0,0,0,0,0,0,0,0,0,0,0,0,855000,0,221,"InstanceContentRewardItem#17",False,0,0,"InstanceContentBuff#1",0,,0,0,0,43,33,False,0,41,26,0,0,0,False,0,0,False
30104,"InstanceContentType#1",0,120,False,"music/ex3/BGM_EX3_Raid_11.scd","music/ffxiv/BGM_System_WinLoop.scd","ex3/dunedn/dunedn3b410/dunedn3b410",0,759,"Colosseum#0",0,"","",,"Even if my memory should fade...I will live on!","",0,0,100,0,0,0,0,30,0,0,0,0,0,0,0,0,0,0,0,0,0,0,0,0,0,0,0,0,0,0,0,0,225,"InstanceContentRewardItem#100",False,0,6,"InstanceContentBuff#1",30098,,0,0,0,0,34,False,0,42,26,0,0,0,False,0,0,False
30105,"InstanceContentType#1",0,120,False,"music/ffxiv/BGM_Null.scd","music/ffxiv/BGM_Null.scd","ex3/dunytc/dunytc4a110/dunytc4a110",8661282,779,"Colosseum#0",0,"","",,"An energy signal! Watch which way it turns.","",0,0,50,0,822930,0,0,40,45,15,149620,224430,299250,0,0,10,20,30,0,0,15,25,35,0,0,0,0,0,0,0,855000,0,227,"InstanceContentRewardItem#275",False,0,0,"InstanceContentBuff#1",0,,0,0,0,0,38,False,0,47,27,0,0,0,False,0,0,False
30106,"InstanceContentType#1",0,120,False,"music/ex4/BGM_EX4_Event_Soten.scd","music/ffxiv/BGM_System_WinLoop.scd","ex4/bosnid/bosnid00210/bosnid00210",0,788,"Colosseum#0",0,"","",,"If you believe that eliminating me will undo a thousand years of strife and suffering, then you are a fool.","",0,0,100,0,0,0,0,100,0,0,0,0,0,0,0,0,0,0,0,0,0,0,0,0,0,0,0,0,0,0,0,0,268,"InstanceContentRewardItem#100",False,0,0,"InstanceContentBuff#0",0,,0,0,0,53,0,True,0,76,43,0,0,0,False,0,0,False
30107,"InstanceContentType#1",0,90,False,"music/ex4/BGM_EX4_Raid_03.scd","music/ffxiv/BGM_System_WinLoop.scd","ex4/dunpdn/dunpdn1a410/dunpdn1a410",0,800,"Colosseum#0",0,"","",,"This chlamys is no mere affectation, I assure you!","",0,0,100,0,330000,0,0,10,0,0,0,0,0,0,0,0,0,0,0,0,0,0,0,0,0,0,0,0,0,0,3300000,0,0,"InstanceContentRewardItem#10",False,0,0,"InstanceContentBuff#0",0,,0,0,0,0,0,False,0,64,41,0,0,0,False,0,0,False
30108,"InstanceContentType#1",0,120,False,"music/ex4/BGM_EX4_Raid_03.scd","music/ffxiv/BGM_System_WinLoop.scd","ex4/dunpdn/dunpdn1b410/dunpdn1b410",0,801,"Colosseum#0",0,"","",,"A tragedy demands death. Discard your delusions of salvation and embrace catharsis!","",0,0,100,0,0,0,0,15,0,0,0,0,0,0,0,0,0,0,0,0,0,0,0,0,0,0,0,0,0,0,0,0,253,"InstanceContentRewardItem#100",False,0,6,"InstanceContentBuff#0",30112,,0,0,0,0,0,False,0,64,41,0,0,0,True,0,0,False
30109,"InstanceContentType#1",0,90,False,"music/ex4/BGM_EX4_Raid_02.scd","music/ffxiv/BGM_System_WinLoop.scd","ex4/dunpdn/dunpdn1a310/dunpdn1a310",0,806,"Colosseum#0",0,"","",,"理由はわからないが、獄卒長が環境を作り変えたみたいだ……！
ともかく今は眼前の脅威を、フェネクスを弱らせてくれ！","",0,0,100,0,330000,0,0,10,0,0,0,0,0,0,0,0,0,0,0,0,0,0,0,0,0,0,0,0,0,0,3300000,0,0,"InstanceContentRewardItem#10",False,0,0,"InstanceContentBuff#0",0,,0,0,0,56,0,False,0,68,40,0,0,0,False,0,0,False
30110,"InstanceContentType#1",0,90,False,"music/ex4/BGM_EX4_Raid_02.scd","music/ffxiv/BGM_System_WinLoop.scd","ex4/dunpdn/dunpdn1b310/dunpdn1b310",0,807,"Colosseum#0",0,"","",,"理由はわからないが、獄卒長が環境を作り変えたみたいだ……！
ともかく今は眼前の脅威を、フェネクスを弱らせてくれ！","",0,0,100,0,0,0,0,15,0,0,0,0,0,0,0,0,0,0,0,0,0,0,0,0,0,0,0,0,0,0,0,0,252,"InstanceContentRewardItem#100",False,0,6,"InstanceContentBuff#0",30112,,0,0,0,0,0,False,0,68,40,0,0,0,False,0,0,False
30111,"InstanceContentType#1",0,90,False,"music/ex4/BGM_EX4_Raid_02.scd","music/ffxiv/BGM_System_WinLoop.scd","ex4/dunpdn/dunpdn1a110/dunpdn1a110",0,808,"Colosseum#0",0,"","",,"I will lock you away, once and again! Forever!","",0,0,100,0,330000,0,0,10,0,0,0,0,0,0,0,0,0,0,0,0,0,0,0,0,0,0,0,0,0,0,3300000,0,263,"InstanceContentRewardItem#10",False,0,0,"InstanceContentBuff#0",0,,0,0,0,0,0,False,0,66,38,0,0,0,False,0,0,False
30112,"InstanceContentType#1",0,90,False,"music/ex4/BGM_EX4_Raid_02.scd","music/ffxiv/BGM_System_WinLoop.scd","ex4/dunpdn/dunpdn1b110/dunpdn1b110",0,809,"Colosseum#0",0,"","",,"I will lock you away, once and again! Forever!","",0,0,100,0,0,0,0,15,0,0,0,0,0,0,0,0,0,0,0,0,0,0,0,0,0,0,0,0,0,0,0,0,250,"InstanceContentRewardItem#100",False,0,6,"InstanceContentBuff#0",0,,0,0,0,0,0,False,0,67,38,0,0,0,False,0,0,False
30113,"InstanceContentType#1",0,90,False,"music/ex4/BGM_EX4_Raid_02.scd","music/ffxiv/BGM_System_WinLoop.scd","ex4/dunpdn/dunpdn1a210/dunpdn1a210",0,810,"Colosseum#0",0,"","",,"Its head comes off!? Have care!","",0,0,100,0,330000,0,0,10,0,0,0,0,0,0,0,0,0,0,0,0,0,0,0,0,0,0,0,0,0,0,3300000,0,0,"InstanceContentRewardItem#10",False,0,0,"InstanceContentBuff#0",0,,0,0,0,0,0,False,0,65,39,0,0,0,False,0,0,False
30114,"InstanceContentType#1",0,90,False,"music/ex4/BGM_EX4_Raid_02.scd","music/ffxiv/BGM_System_WinLoop.scd","ex4/dunpdn/dunpdn1b210/dunpdn1b210",0,811,"Colosseum#0",0,"","",,"Its head comes off!? Have care!","",0,0,100,0,0,0,0,15,0,0,0,0,0,0,0,0,0,0,0,0,0,0,0,0,0,0,0,0,0,0,0,0,251,"InstanceContentRewardItem#100",False,0,6,"InstanceContentBuff#0",30112,,0,0,0,0,0,False,0,65,39,0,0,0,False,0,0,False
30115,"InstanceContentType#1",0,120,False,"music/ex4/BGM_EX4_MoE_02.scd","music/ffxiv/BGM_System_WinLoop.scd","ex4/dunmoe/dunmoe00110/dunmoe00110",9085561,866,"Colosseum#0",0,"","",,"Ever shall the fires burn...","",0,0,50,0,1452000,0,0,40,40,12,264000,396000,528000,0,0,10,20,30,0,0,10,20,30,0,0,0,0,0,0,0,3300000,0,0,"InstanceContentRewardItem#240",False,0,0,"InstanceContentBuff#0",0,,0,0,0,0,43,False,0,84,48,0,0,0,True,0,0,False
30116,"InstanceContentType#1",0,90,False,"music/ex4/BGM_EX4_Raid_04.scd","music/ffxiv/BGM_System_WinLoop.scd","ex4/dunpdn/dunpdn2a110/dunpdn2a110",0,872,"Colosseum#0",0,"","",,"Defeat the proto-Carbuncle","",0,0,100,0,495000,0,0,10,0,0,0,0,0,0,0,0,0,0,0,0,0,0,0,0,0,0,0,0,0,0,3300000,0,0,"InstanceContentRewardItem#15",False,0,0,"InstanceContentBuff#0",0,,0,0,0,0,0,False,0,95,51,0,0,0,True,0,0,False
30117,"InstanceContentType#1",0,90,False,"music/ex4/BGM_EX4_Raid_04.scd","music/ffxiv/BGM_System_WinLoop.scd","ex4/dunpdn/dunpdn2b110/dunpdn2b110",0,873,"Colosseum#0",0,"","",,"Defeat the proto-Carbuncle","",0,0,100,0,0,0,0,15,0,0,0,0,0,0,0,0,0,0,0,0,0,0,0,0,0,0,0,0,0,0,0,0,274,"InstanceContentRewardItem#100",False,0,6,"InstanceContentBuff#0",0,,0,0,0,63,0,False,0,104,51,0,0,0,False,0,0,False
30118,"InstanceContentType#1",0,90,False,"music/ex4/BGM_EX4_Raid_05.scd","music/ffxiv/BGM_System_WinLoop.scd","ex4/dunpdn/dunpdn2a310/dunpdn2a310",0,876,"Colosseum#0",0,"","",,"It begins again. Fear not─I shall make new ground!","",0,0,100,0,495000,0,0,10,0,0,0,0,0,0,0,0,0,0,0,0,0,0,0,0,0,0,0,0,0,0,3300000,0,0,"InstanceContentRewardItem#15",False,0,0,"InstanceContentBuff#0",0,,0,0,0,0,44,False,0,96,52,0,0,0,False,0,0,False
30119,"InstanceContentType#1",0,90,False,"music/ex4/BGM_EX4_Raid_05.scd","music/ffxiv/BGM_System_WinLoop.scd","ex4/dunpdn/dunpdn2b310/dunpdn2b310",0,877,"Colosseum#0",0,"","",,"I tire of this insolence. Troublesome <Emphasis>SPECIMENS</Emphasis> must be put down!","",0,0,100,0,0,0,0,15,0,0,0,0,0,0,0,0,0,0,0,0,0,0,0,0,0,0,0,0,0,0,0,0,276,"InstanceContentRewardItem#100",False,0,6,"InstanceContentBuff#0",30117,,0,0,0,0,45,False,0,97,52,0,0,0,False,0,0,False
30120,"InstanceContentType#1",0,90,False,"music/ex4/BGM_EX4_Raid_05.scd","music/ffxiv/BGM_System_WinLoop.scd","ex4/dunpdn/dunpdn2a210/dunpdn2a210",0,880,"Colosseum#0",0,"","",,"Abyssos is my domain! I shall suffer your intrusion no longer!","",0,0,100,0,495000,0,0,10,0,0,0,0,0,0,0,0,0,0,0,0,0,0,0,0,0,0,0,0,0,0,3300000,0,0,"InstanceContentRewardItem#15",False,0,0,"InstanceContentBuff#0",0,,0,0,0,0,0,False,0,100,54,0,0,0,False,0,0,False
30121,"InstanceContentType#1",0,90,False,"music/ex4/BGM_EX4_Raid_05.scd","music/ffxiv/BGM_System_WinLoop.scd","ex4/dunpdn/dunpdn2b210/dunpdn2b210",0,881,"Colosseum#0",0,"","",,"Abyssos is my domain! I shall suffer your intrusion no longer!","",0,0,100,0,0,0,0,15,0,0,0,0,0,0,0,0,0,0,0,0,0,0,0,0,0,0,0,0,0,0,0,0,275,"InstanceContentRewardItem#100",False,0,6,"InstanceContentBuff#0",30117,,0,0,0,0,0,False,0,101,54,0,0,0,False,0,0,False
30122,"InstanceContentType#1",0,90,False,"music/ex4/BGM_EX4_Raid_06.scd","music/ffxiv/BGM_System_WinLoop.scd","ex4/dunpdn/dunpdn2a410/dunpdn2a410",0,883,"Colosseum#0",0,"","",,"Defeat Hephaistos","",0,0,100,0,495000,0,0,10,0,0,0,0,0,0,0,0,0,0,0,0,0,0,0,0,0,0,0,0,0,0,3300000,0,273,"InstanceContentRewardItem#15",False,0,0,"InstanceContentBuff#0",0,,0,0,0,0,0,False,0,102,53,0,0,0,False,0,0,False
30123,"InstanceContentType#1",0,120,False,"music/ex4/BGM_EX4_Raid_06.scd","music/ffxiv/BGM_System_WinLoop.scd","ex4/dunpdn/dunpdn2b410/dunpdn2b410",0,884,"Colosseum#0",0,"","",,"Defeat Hephaistos","",0,0,100,0,0,0,0,15,0,0,0,0,0,0,0,0,0,0,0,0,0,0,0,0,0,0,0,0,0,0,0,0,277,"InstanceContentRewardItem#100",False,0,6,"InstanceContentBuff#0",30117,,0,0,0,0,0,False,0,103,53,0,0,0,False,0,0,False
30124,"InstanceContentType#1",0,120,False,"music/ex4/BGM_EX4_Ban_11.scd","music/ffxiv/BGM_System_WinLoop.scd","ex4/bosomg/bosomg00210/bosomg00210",0,908,"Colosseum#0",0,"","",,"My experiment has accomplished its purpose...and I will prove it by claiming this victory!","",0,0,100,0,0,0,0,100,0,0,0,0,0,0,0,0,0,0,0,0,0,0,0,0,0,0,0,0,0,0,0,0,283,"InstanceContentRewardItem#100",False,0,0,"InstanceContentBuff#0",0,,0,0,0,0,0,True,0,109,0,0,0,0,False,0,0,False
30125,"InstanceContentType#1",0,120,False,"music/ex4/BGM_EX4_MoE_06.scd","music/ffxiv/BGM_System_WinLoop.scd","ex4/dunmoe/dunmoe02010/dunmoe02010",9453606,911,"Colosseum#0",0,"","",,"All of our love, we give unto you. Pray accept it, my darlings!","",0,0,50,0,1633500,0,0,40,40,12,297000,445500,594000,0,0,10,20,30,0,0,10,20,30,0,0,0,0,0,0,0,3300000,0,0,"InstanceContentRewardItem#295",False,0,0,"InstanceContentBuff#0",0,,0,0,0,72,46,False,0,110,59,0,0,0,False,0,0,False
30126,"InstanceContentType#1",0,90,False,"music/ex4/BGM_EX4_Raid_08.scd","music/ffxiv/BGM_System_WinLoop.scd","ex4/dunpdn/dunpdn3a110/dunpdn3a110",0,936,"Colosseum#0",0,"","",,"Ice bind you!","",0,0,100,0,561000,0,0,20,0,0,0,0,0,0,0,0,0,0,0,0,0,0,0,0,0,0,0,0,0,0,3300000,0,0,"InstanceContentRewardItem#17",False,0,0,"InstanceContentBuff#0",0,,0,0,0,0,0,False,0,129,60,0,0,0,False,0,0,False
30127,"InstanceContentType#1",0,90,False,"music/ex4/BGM_EX4_Raid_08.scd","music/ffxiv/BGM_System_WinLoop.scd","ex4/dunpdn/dunpdn3b110/dunpdn3b110",0,937,"Colosseum#0",0,"","",,"Ice bind you!","",0,0,100,0,0,0,0,30,0,0,0,0,0,0,0,0,0,0,0,0,0,0,0,0,0,0,0,0,0,0,0,0,287,"InstanceContentRewardItem#100",False,0,6,"InstanceContentBuff#0",0,,0,0,0,0,0,False,0,130,60,0,0,0,False,0,0,False
30128,"InstanceContentType#1",0,90,False,"music/ex4/BGM_EX4_Raid_08.scd","music/ffxiv/BGM_System_WinLoop.scd","ex4/dunpdn/dunpdn3a210/dunpdn3a210",0,938,"Colosseum#0",0,"","",,"This vessel can be so much more!","",0,0,100,0,561000,0,0,20,0,0,0,0,0,0,0,0,0,0,0,0,0,0,0,0,0,0,0,0,0,0,3300000,0,0,"InstanceContentRewardItem#17",False,0,0,"InstanceContentBuff#0",0,,0,0,0,0,49,False,0,132,61,0,0,0,False,0,0,False
30129,"InstanceContentType#1",0,90,False,"music/ex4/BGM_EX4_Raid_08.scd","music/ffxiv/BGM_System_WinLoop.scd","ex4/dunpdn/dunpdn3b210/dunpdn3b210",0,939,"Colosseum#0",0,"","",,"This vessel can be so much more!","",0,0,100,0,0,0,0,30,0,0,0,0,0,0,0,0,0,0,0,0,0,0,0,0,0,0,0,0,0,0,0,0,288,"InstanceContentRewardItem#100",False,0,6,"InstanceContentBuff#0",30127,,0,0,0,0,50,False,0,133,61,0,0,0,False,0,0,False
30130,"InstanceContentType#1",0,90,False,"music/ex4/BGM_EX4_Raid_09.scd","music/ffxiv/BGM_System_WinLoop.scd","ex4/dunpdn/dunpdn3a310/dunpdn3a310",0,940,"Colosseum#0",0,"","",,"But every dream must come to an end!","",0,0,100,0,561000,0,0,20,0,0,0,0,0,0,0,0,0,0,0,0,0,0,0,0,0,0,0,0,0,0,3300000,0,0,"InstanceContentRewardItem#17",False,0,0,"InstanceContentBuff#0",0,,0,0,0,0,0,False,0,138,62,0,0,0,False,0,0,False
30131,"InstanceContentType#1",0,90,False,"music/ex4/BGM_EX4_Raid_09.scd","music/ffxiv/BGM_System_WinLoop.scd","ex4/dunpdn/dunpdn3b310/dunpdn3b310",0,941,"Colosseum#0",0,"","",,"But every dream must come to an end!","",0,0,100,0,0,0,0,30,0,0,0,0,0,0,0,0,0,0,0,0,0,0,0,0,0,0,0,0,0,0,0,0,289,"InstanceContentRewardItem#100",False,0,6,"InstanceContentBuff#0",30127,,0,0,0,0,0,False,0,139,62,0,0,0,False,0,0,False
30132,"InstanceContentType#1",0,90,False,"music/ex4/BGM_EX4_Raid_10.scd","music/ffxiv/BGM_System_WinLoop.scd","ex4/dunpdn/dunpdn3a410/dunpdn3a410",0,942,"Colosseum#0",0,"","",,"Today, my theories shall be proven as fact!","",0,0,100,0,561000,0,0,20,0,0,0,0,0,0,0,0,0,0,0,0,0,0,0,0,0,0,0,0,0,0,3300000,0,286,"InstanceContentRewardItem#17",False,0,0,"InstanceContentBuff#0",0,,0,0,0,74,51,False,0,135,63,0,0,0,False,0,0,False
30133,"InstanceContentType#1",0,120,False,"music/ex4/BGM_EX4_Raid_10.scd","music/ffxiv/BGM_System_WinLoop.scd","ex4/dunpdn/dunpdn3b410/dunpdn3b410",0,943,"Colosseum#0",0,"","",,"Why...do <Emphasis>I</Emphasis> persist?","",0,0,100,0,0,0,0,30,0,0,0,0,0,0,0,0,0,0,0,0,0,0,0,0,0,0,0,0,0,0,0,0,290,"InstanceContentRewardItem#100",False,0,6,"InstanceContentBuff#0",30127,,0,0,0,0,52,False,0,136,63,0,0,0,True,0,0,False
30134,"InstanceContentType#1",0,120,False,"music/ex4/BGM_EX4_MoE_09.scd","music/ffxiv/BGM_System_WinLoop.scd","ex4/dunmoe/dunmoe03010/dunmoe03010",10090366,962,"Colosseum#0",0,"","",,"Well done, wise children. Well done.","",0,0,50,0,1996500,0,0,40,45,15,363000,544500,726000,0,0,10,20,30,0,0,15,25,35,0,0,0,0,0,0,0,3300000,0,292,,False,0,0,"InstanceContentBuff#0",0,,0,0,0,0,55,False,0,147,68,0,0,0,False,0,0,False
30135,"InstanceContentType#1",0,90,False,"music/ex5/BGM_EX5_Raid_03.scd","music/ffxiv/BGM_System_WinLoop.scd","ex5/dunarc/dunarc1a110/dunarc1a110",0,985,"Colosseum#0",0,"","",,"Defeat Black Cat","",0,0,0,40,0,0,0,0,10,5,0,0,0,0,0,0,0,0,0,0,0,0,0,0,0,0,0,0,0,0,0,0,315,"InstanceContentRewardItem#100",False,0,0,"InstanceContentBuff#0",0,,0,0,0,0,59,False,0,170,82,0,0,0,False,0,27,False
30136,"InstanceContentType#1",0,90,False,"music/ex5/BGM_EX5_Raid_03.scd","music/ffxiv/BGM_System_WinLoop.scd","ex5/dunarc/dunarc1b110/dunarc1b110",0,986,"Colosseum#0",0,"","",,"Defeat Black Cat","",0,0,0,100,0,0,0,0,0,15,0,0,0,0,0,0,0,0,0,0,0,0,0,0,0,0,0,0,0,0,0,0,311,"InstanceContentRewardItem#100",False,0,6,"InstanceContentBuff#0",0,,0,0,0,0,59,False,0,170,82,0,0,0,False,0,27,False
30137,"InstanceContentType#1",0,90,False,"music/ex5/BGM_EX5_Raid_04.scd","music/ffxiv/BGM_System_WinLoop.scd","ex5/dunarc/dunarc1a210/dunarc1a210",0,987,"Colosseum#0",0,"","",,"Defeat Honey B. Lovely","",0,0,0,40,0,0,0,0,10,5,0,0,0,0,0,0,0,0,0,0,0,0,0,0,0,0,0,0,0,0,0,0,0,"InstanceContentRewardItem#100",False,0,0,"InstanceContentBuff#0",0,,0,0,0,0,0,False,0,165,83,0,0,0,False,0,2,False
30138,"InstanceContentType#1",0,90,False,"music/ex5/BGM_EX5_Raid_04.scd","music/ffxiv/BGM_System_WinLoop.scd","ex5/dunarc/dunarc1b210/dunarc1b210",0,988,"Colosseum#0",0,"","",,"Defeat Honey B. Lovely","",0,0,0,100,0,0,0,0,0,15,0,0,0,0,0,0,0,0,0,0,0,0,0,0,0,0,0,0,0,0,0,0,312,"InstanceContentRewardItem#100",False,0,6,"InstanceContentBuff#0",30136,,0,0,0,0,0,False,0,166,83,0,0,0,False,0,2,False
30139,"InstanceContentType#1",0,90,False,"music/ex5/BGM_EX5_Raid_05.scd","music/ffxiv/BGM_System_WinLoop.scd","ex5/dunarc/dunarc1a310/dunarc1a310",0,989,"Colosseum#0",0,"","",,"Your time's up!","",0,0,0,40,0,0,0,0,10,5,0,0,0,0,0,0,0,0,0,0,0,0,0,0,0,0,0,0,0,0,0,0,0,"InstanceContentRewardItem#100",False,0,0,"InstanceContentBuff#0",0,,0,0,0,0,0,False,0,174,84,0,0,0,False,0,29,False
30140,"InstanceContentType#1",0,90,False,"music/ex5/BGM_EX5_Raid_05.scd","music/ffxiv/BGM_System_WinLoop.scd","ex5/dunarc/dunarc1b310/dunarc1b310",0,990,"Colosseum#0",0,"","",,"Your time's up!","",0,0,0,100,0,0,0,0,0,15,0,0,0,0,0,0,0,0,0,0,0,0,0,0,0,0,0,0,0,0,0,0,313,"InstanceContentRewardItem#100",False,0,6,"InstanceContentBuff#0",30136,,0,0,0,0,0,False,0,175,84,0,0,0,False,0,29,False
30141,"InstanceContentType#1",0,90,False,"music/ex5/BGM_EX5_Raid_06.scd","music/ffxiv/BGM_System_WinLoop.scd","ex5/dunarc/dunarc1a410/dunarc1a410",0,991,"Colosseum#0",0,"","",,"Defeat Wicked Thunder","",0,0,0,40,0,0,0,0,10,5,0,0,0,0,0,0,0,0,0,0,0,0,0,0,0,0,0,0,0,0,0,0,310,"InstanceContentRewardItem#100",False,0,0,"InstanceContentBuff#0",0,,0,0,0,0,62,False,0,171,85,0,0,0,False,0,20,False
30142,"InstanceContentType#1",0,120,False,"music/ex5/BGM_EX5_Raid_06.scd","music/ffxiv/BGM_System_WinLoop.scd","ex5/dunarc/dunarc1b410/dunarc1b410",0,992,"Colosseum#0",0,"","",,"Defeat Wicked Thunder","",0,0,0,100,0,0,0,0,0,15,0,0,0,0,0,0,0,0,0,0,0,0,0,0,0,0,0,0,0,0,0,0,314,"InstanceContentRewardItem#100",False,0,6,"InstanceContentBuff#0",30136,,0,0,0,0,62,False,0,173,85,0,0,0,False,0,20,False
30143,"InstanceContentType#1",0,120,False,"music/ex5/BGM_EX5_Ban_13.scd","music/ffxiv/BGM_System_WinLoop.scd","ex5/bosrag/bosrag00310/bosrag00310",0,1006,"Colosseum#0",0,"","",,"Raaaaaargggh!","",0,0,0,100,0,0,0,0,0,30,0,0,0,0,0,0,0,0,0,0,0,0,0,0,0,0,0,0,0,0,0,0,320,"InstanceContentRewardItem#100",False,0,0,"InstanceContentBuff#0",0,,0,0,0,0,0,True,0,181,0,0,0,0,True,0,34,False
30144,"InstanceContentType#1",0,120,False,"","music/ex5/BGM_EX5_EoV_10.scd","ex5/duneov/duneov00110/duneov00110",10963889,1015,"Colosseum#0",0,"","",,"Mijin Gakure in 20 seconds!","",0,0,0,50,0,0,0,0,45,15,0,0,0,0,0,0,0,0,0,0,15,25,35,0,0,0,0,0,0,0,0,0,317,"InstanceContentRewardItem#100",False,0,0,"InstanceContentBuff#0",0,,0,0,0,0,66,False,0,189,57,0,86,0,False,0,32,False
30145,"InstanceContentType#1",0,90,False,"music/ex5/timeline/BGM_EX5_Raid_08.scd","music/ffxiv/BGM_System_WinLoop.scd","ex5/dunarc/dunarc2a110/dunarc2a110",0,1019,"Colosseum#0",0,"","",,"That was one helluva party! Let's do it again sometime!","",0,0,0,40,0,0,0,0,10,5,0,0,0,0,0,0,0,0,0,0,0,0,0,0,0,0,0,0,0,0,0,0,0,"InstanceContentRewardItem#100",False,0,0,"InstanceContentBuff#0",0,,0,0,0,85,0,False,0,200,92,0,0,0,False,0,42,False
30146,"InstanceContentType#1",0,90,False,"music/ex5/timeline/BGM_EX5_Raid_08.scd","music/ffxiv/BGM_System_WinLoop.scd","ex5/dunarc/dunarc2b110/dunarc2b110",0,1020,"Colosseum#0",0,"","",,"That was one helluva party! Let's do it again sometime!","",0,0,0,100,0,0,0,0,0,15,0,0,0,0,0,0,0,0,0,0,0,0,0,0,0,0,0,0,0,0,0,0,325,"InstanceContentRewardItem#100",False,0,6,"InstanceContentBuff#0",0,,0,0,0,85,0,False,0,201,92,0,0,0,False,0,42,False
30147,"InstanceContentType#1",0,90,False,"music/ex5/BGM_EX5_Raid_20.scd","music/ffxiv/BGM_System_WinLoop.scd","ex5/dunarc/dunarc2a210/dunarc2a210",0,1021,"Colosseum#0",0,"","",,"Defeat Sugar Riot","",0,0,0,40,0,0,0,0,10,5,0,0,0,0,0,0,0,0,0,0,0,0,0,0,0,0,0,0,0,0,0,0,0,"InstanceContentRewardItem#100",False,0,0,"InstanceContentBuff#0",0,,0,0,0,0,0,False,0,195,93,0,0,0,False,0,41,False
30148,"InstanceContentType#1",0,90,False,"music/ex5/BGM_EX5_Raid_20.scd","music/ffxiv/BGM_System_WinLoop.scd","ex5/dunarc/dunarc2b210/dunarc2b210",0,1022,"Colosseum#0",0,"","",,"Defeat Sugar Riot","",0,0,0,100,0,0,0,0,0,15,0,0,0,0,0,0,0,0,0,0,0,0,0,0,0,0,0,0,0,0,0,0,326,"InstanceContentRewardItem#100",False,0,6,"InstanceContentBuff#0",30146,,0,0,0,0,0,False,0,196,93,0,0,0,False,0,41,False
30149,"InstanceContentType#1",0,90,False,"music/ex5/BGM_EX5_Raid_21.scd","music/ffxiv/BGM_System_WinLoop.scd","ex5/dunarc/dunarc2a310/dunarc2a310",0,1023,"Colosseum#0",0,"","",,"Defeat the Brute Abombinator","",0,0,0,40,0,0,0,0,10,5,0,0,0,0,0,0,0,0,0,0,0,0,0,0,0,0,0,0,0,0,0,0,0,"InstanceContentRewardItem#100",False,0,0,"InstanceContentBuff#0",0,,0,0,0,0,67,False,0,198,94,0,0,0,False,0,37,False
30150,"InstanceContentType#1",0,90,False,"music/ex5/BGM_EX5_Raid_21.scd","music/ffxiv/BGM_System_WinLoop.scd","ex5/dunarc/dunarc2b310/dunarc2b310",0,1024,"Colosseum#0",0,"","",,"Defeat the Brute Abombinator","",0,0,0,100,0,0,0,0,0,15,0,0,0,0,0,0,0,0,0,0,0,0,0,0,0,0,0,0,0,0,0,0,327,"InstanceContentRewardItem#100",False,0,6,"InstanceContentBuff#0",30146,,0,0,0,0,68,False,0,199,94,0,0,0,False,0,37,False
30151,"InstanceContentType#1",0,90,False,"music/ex5/BGM_EX5_Raid_22.scd","music/ffxiv/BGM_System_WinLoop.scd","ex5/dunarc/dunarc2a410/dunarc2a410",0,1025,"Colosseum#0",0,"","",,"Have at you!","",0,0,0,40,0,0,0,0,10,5,0,0,0,0,0,0,0,0,0,0,0,0,0,0,0,0,0,0,0,0,0,0,324,"InstanceContentRewardItem#100",False,0,0,"InstanceContentBuff#0",0,,0,0,0,84,70,False,0,193,95,0,0,0,False,0,40,False
30152,"InstanceContentType#1",0,120,False,"music/ex5/BGM_EX5_Raid_22.scd","music/ffxiv/BGM_System_WinLoop.scd","ex5/dunarc/dunarc2b410/dunarc2b410",0,1026,"Colosseum#0",0,"","",,"Have at you!","",0,0,0,100,0,0,0,0,0,15,0,0,0,0,0,0,0,0,0,0,0,0,0,0,0,0,0,0,0,0,0,0,328,"InstanceContentRewardItem#100",False,0,6,"InstanceContentBuff#0",30146,,0,0,0,0,71,False,0,194,95,0,0,0,False,0,40,False
30153,"InstanceContentType#1",0,120,False,"","music/ex5/BGM_EX5_EoV_10.scd","ex5/duneov/duneov00210/duneov00210",11827945,1058,"Colosseum#0",0,"","",,"I do so hope you'll live up to my expectations.","",0,0,0,50,0,0,0,0,45,15,0,0,0,0,0,0,0,0,0,0,15,25,35,0,0,0,0,0,0,0,0,0,334,"InstanceContentRewardItem#100",False,0,0,"InstanceContentBuff#0",0,,0,0,0,0,72,False,0,213,98,0,0,0,False,0,45,False
30154,"InstanceContentType#1",0,90,False,"music/ex5/BGM_EX5_Raid_24.scd","music/ffxiv/BGM_System_WinLoop.scd","ex5/dunarc/dunarc3a110/dunarc3a110",0,1068,"Colosseum#0",0,"","",,"On your knees, damn you!","",0,0,0,40,0,0,0,0,20,10,0,0,0,0,0,0,0,0,0,0,0,0,0,0,0,0,0,0,0,0,0,0,0,"InstanceContentRewardItem#100",False,0,0,"InstanceContentBuff#0",0,,0,0,0,0,75,False,0,232,100,0,0,0,False,0,52,False
30155,"InstanceContentType#1",0,90,False,"music/ex5/BGM_EX5_Raid_24.scd","music/ffxiv/BGM_System_WinLoop.scd","ex5/dunarc/dunarc3b110/dunarc3b110",0,1069,"Colosseum#0",0,"","",,"On your knees, damn you!","",0,0,0,100,0,0,0,0,0,30,0,0,0,0,0,0,0,0,0,0,0,0,0,0,0,0,0,0,0,0,0,0,344,"InstanceContentRewardItem#100",False,0,0,"InstanceContentBuff#0",0,"InstanceContent#0",0,0,0,0,75,False,0,233,100,0,0,0,False,0,52,False
30156,"InstanceContentType#1",0,90,False,"music/ex5/BGM_EX5_Raid_25.scd","music/ffxiv/BGM_System_WinLoop.scd","ex5/dunarc/dunarc3a210/dunarc3a210",0,1070,"Colosseum#0",0,"","",,"That all you got, huh? Nice knowing you, unenhanced warrior!","",0,0,0,40,0,0,0,0,20,10,0,0,0,0,0,0,0,0,0,0,0,0,0,0,0,0,0,0,0,0,0,0,0,"InstanceContentRewardItem#100",False,0,0,"InstanceContentBuff#0",0,,0,0,0,0,0,False,0,234,101,0,0,0,False,0,53,False
30157,"InstanceContentType#1",0,90,False,"music/ex5/BGM_EX5_Raid_25.scd","music/ffxiv/BGM_System_WinLoop.scd","ex5/dunarc/dunarc3b210/dunarc3b210",0,1071,"Colosseum#0",0,"","",,"That all you got, huh? Nice knowing you, unenhanced warrior!","",0,0,0,100,0,0,0,0,0,30,0,0,0,0,0,0,0,0,0,0,0,0,0,0,0,0,0,0,0,0,0,0,345,"InstanceContentRewardItem#100",False,0,0,"InstanceContentBuff#0",30155,"InstanceContent#10",0,0,0,0,0,False,0,235,101,0,0,0,False,0,53,False
30158,"InstanceContentType#1",0,90,False,"music/ex5/BGM_EX5_Raid_26.scd","music/ffxiv/BGM_System_WinLoop.scd","ex5/dunarc/dunarc3a310/dunarc3a310",0,1072,"Colosseum#0",0,"","",,"Defeat the Tyrant","",0,0,0,40,0,0,0,0,20,10,0,0,0,0,0,0,0,0,0,0,0,0,0,0,0,0,0,0,0,0,0,0,0,"InstanceContentRewardItem#100",False,0,0,"InstanceContentBuff#0",0,,0,0,0,0,76,False,0,225,102,0,0,0,True,0,54,False
30159,"InstanceContentType#1",0,90,False,"music/ex5/BGM_EX5_Raid_26.scd","music/ffxiv/BGM_System_WinLoop.scd","ex5/dunarc/dunarc3b310/dunarc3b310",0,1073,"Colosseum#0",0,"","",,"Defeat the Tyrant","",0,0,0,100,0,0,0,0,0,30,0,0,0,0,0,0,0,0,0,0,0,0,0,0,0,0,0,0,0,0,0,0,346,"InstanceContentRewardItem#100",False,0,0,"InstanceContentBuff#0",30155,"InstanceContent#20",0,0,0,0,76,False,0,226,102,0,0,0,True,0,54,False
30160,"InstanceContentType#1",1,90,False,"music/ex5/BGM_EX5_Raid_27.scd","music/ffxiv/BGM_System_WinLoop.scd","ex5/dunarc/dunarc3a410/dunarc3a410",0,1074,"Colosseum#0",0,"","",,"Defeat the Lindwurm","",0,0,0,40,0,0,0,0,20,10,0,0,0,0,0,0,0,0,0,0,0,0,0,0,0,0,0,0,0,0,0,0,343,"InstanceContentRewardItem#100",False,0,0,"InstanceContentBuff#0",0,,0,0,0,0,77,False,0,227,103,0,0,0,False,0,55,False
30161,"InstanceContentType#1",0,120,False,"music/ex5/BGM_EX5_Raid_27.scd","music/ffxiv/BGM_System_WinLoop.scd","ex5/dunarc/dunarc3b410/dunarc3b410",0,1075,"Colosseum#0",0,"","",,"Defeat the Lindwurm","",0,0,0,100,0,0,0,0,0,30,0,0,0,0,0,0,0,0,0,0,0,0,0,0,0,0,0,0,0,0,0,0,347,"InstanceContentRewardItem#100",False,0,0,"InstanceContentBuff#0",30155,"InstanceContent#30",0,0,0,0,78,False,0,228,103,0,0,0,False,0,55,False
30162,"InstanceContentType#1",0,120,False,"music/ex5/BGM_EX5_Ban_26.scd","music/ffxiv/BGM_System_WinLoop.scd","ex5/boskfk/boskfk00210/boskfk00210",0,1094,"Colosseum#0",0,"","",,"_rsv_45548_-1_1_0_0_S13095D61_E13095D61","",0,0,0,100,0,0,0,0,0,30,0,0,0,0,0,0,0,0,0,0,0,0,0,0,0,0,0,0,0,0,0,0,363,"InstanceContentRewardItem#100",False,0,0,"InstanceContentBuff#0",0,,0,0,0,0,80,True,0,240,0,0,0,0,True,0,68,False
30163,"InstanceContentType#1",1,120,False,"","music/ex5/BGM_EX5_EoV_10.scd","ex5/duneov/duneov00310/duneov00310",12458955,1117,"Colosseum#0",0,"","",,"What are you plotting, witch!?","",0,0,0,0,0,0,0,0,60,20,0,0,0,0,0,0,0,0,0,0,20,30,40,0,0,0,0,0,0,0,0,0,359,"InstanceContentRewardItem#100",False,0,0,"InstanceContentBuff#0",0,,0,0,0,97,81,False,0,248,108,0,0,0,False,0,62,False
30164,"InstanceContentType#0",0,0,False,"","","",0,0,"Colosseum#0",0,"","","BNpcBase#0","","",0,0,0,0,0,0,0,0,0,0,0,0,0,0,0,0,0,0,0,0,0,0,0,0,0,0,0,0,0,0,0,0,0,"InstanceContentRewardItem#0",False,0,0,"InstanceContentBuff#0",0,"InstanceContent#0",0,0,0,0,0,False,0,0,0,0,0,0,False,0,0,False
35000,"InstanceContentType#0",0,60,False,"","music/ffxiv/BGM_System_WinLoop.scd","",0,0,"Colosseum#0",0,"","","BNpcBase#0","","",0,0,0,0,0,0,0,0,0,0,0,0,0,0,0,0,0,0,0,0,0,0,0,0,0,0,0,0,0,0,0,0,0,"InstanceContentRewardItem#100",False,0,0,"InstanceContentBuff#0",0,,0,0,0,0,0,False,0,0,0,0,0,0,False,0,0,False
35001,"InstanceContentType#13",0,30,False,"","music/ffxiv/BGM_System_WinLoop.scd","",0,610,"Colosseum#0",0,"","","BNpcBase#0","","",0,0,0,0,0,0,0,0,0,0,0,0,0,0,0,0,0,0,0,0,0,0,0,0,0,0,0,0,0,0,0,0,0,"InstanceContentRewardItem#100",False,0,0,"InstanceContentBuff#0",0,,0,0,0,0,0,False,0,0,0,0,0,0,False,0,0,False
35002,"InstanceContentType#13",0,30,False,"","music/ffxiv/BGM_System_WinLoop.scd","",0,612,"Colosseum#0",0,"","","BNpcBase#0","","",0,0,0,0,0,0,0,0,0,0,0,0,0,0,0,0,0,0,0,0,0,0,0,0,0,0,0,0,0,0,0,0,0,"InstanceContentRewardItem#100",False,0,0,"InstanceContentBuff#0",0,,0,0,0,0,0,False,0,0,0,0,0,0,False,0,0,False
35003,"InstanceContentType#13",0,30,False,"","music/ffxiv/BGM_System_WinLoop.scd","",0,613,"Colosseum#0",0,"","","BNpcBase#0","","",0,0,0,0,0,0,0,0,0,0,0,0,0,0,0,0,0,0,0,0,0,0,0,0,0,0,0,0,0,0,0,0,0,"InstanceContentRewardItem#100",False,0,0,"InstanceContentBuff#0",0,,0,0,0,0,0,False,0,0,0,0,0,0,False,0,0,False
35004,"InstanceContentType#13",0,30,False,"","music/ffxiv/BGM_System_WinLoop.scd","",0,614,"Colosseum#0",0,"","","BNpcBase#0","","",0,0,0,0,0,0,0,0,0,0,0,0,0,0,0,0,0,0,0,0,0,0,0,0,0,0,0,0,0,0,0,0,0,"InstanceContentRewardItem#100",False,0,0,"InstanceContentBuff#0",0,,0,0,0,0,0,False,0,0,0,0,0,0,False,0,0,False
35005,"InstanceContentType#13",0,30,False,"","music/ffxiv/BGM_System_WinLoop.scd","",0,615,"Colosseum#0",0,"","","BNpcBase#0","","",0,0,0,0,0,0,0,0,0,0,0,0,0,0,0,0,0,0,0,0,0,0,0,0,0,0,0,0,0,0,0,0,0,"InstanceContentRewardItem#100",False,0,0,"InstanceContentBuff#0",0,,0,0,0,0,0,False,0,0,0,0,0,0,False,0,0,False
35006,"InstanceContentType#13",0,30,False,"","music/ffxiv/BGM_System_WinLoop.scd","",0,616,"Colosseum#0",0,"","","BNpcBase#0","","",0,0,0,0,0,0,0,0,0,0,0,0,0,0,0,0,0,0,0,0,0,0,0,0,0,0,0,0,0,0,0,0,0,"InstanceContentRewardItem#100",False,0,0,"InstanceContentBuff#0",0,,0,0,0,0,0,False,0,0,0,0,0,0,False,0,0,False
35007,"InstanceContentType#13",0,30,False,"","music/ffxiv/BGM_System_WinLoop.scd","",0,617,"Colosseum#0",0,"","","BNpcBase#0","","",0,0,0,0,0,0,0,0,0,0,0,0,0,0,0,0,0,0,0,0,0,0,0,0,0,0,0,0,0,0,0,0,0,"InstanceContentRewardItem#100",False,0,0,"InstanceContentBuff#0",0,,0,0,0,0,0,False,0,0,0,0,0,0,False,0,0,False
35008,"InstanceContentType#13",0,30,False,"","music/ffxiv/BGM_System_WinLoop.scd","",0,618,"Colosseum#0",0,"","","BNpcBase#0","","",0,0,0,0,0,0,0,0,0,0,0,0,0,0,0,0,0,0,0,0,0,0,0,0,0,0,0,0,0,0,0,0,0,"InstanceContentRewardItem#100",False,0,0,"InstanceContentBuff#0",0,,0,0,0,0,0,False,0,0,0,0,0,0,False,0,0,False
35009,"InstanceContentType#13",0,30,False,"","music/ffxiv/BGM_System_WinLoop.scd","",0,619,"Colosseum#0",0,"","","BNpcBase#0","","",0,0,0,0,0,0,0,0,0,0,0,0,0,0,0,0,0,0,0,0,0,0,0,0,0,0,0,0,0,0,0,0,0,"InstanceContentRewardItem#100",False,0,0,"InstanceContentBuff#0",0,,0,0,0,0,0,False,0,0,0,0,0,0,False,0,0,False
35010,"InstanceContentType#13",0,30,False,"","music/ffxiv/BGM_System_WinLoop.scd","",0,620,"Colosseum#0",0,"","","BNpcBase#0","","",0,0,0,0,0,0,0,0,0,0,0,0,0,0,0,0,0,0,0,0,0,0,0,0,0,0,0,0,0,0,0,0,0,"InstanceContentRewardItem#100",False,0,0,"InstanceContentBuff#0",0,,0,0,0,0,0,False,0,0,0,0,0,0,False,0,0,False
35011,"InstanceContentType#13",0,30,False,"","music/ffxiv/BGM_System_WinLoop.scd","",0,621,"Colosseum#0",0,"","","BNpcBase#0","","",0,0,0,0,0,0,0,0,0,0,0,0,0,0,0,0,0,0,0,0,0,0,0,0,0,0,0,0,0,0,0,0,0,"InstanceContentRewardItem#100",False,0,0,"InstanceContentBuff#0",0,,0,0,0,0,0,False,0,0,0,0,0,0,False,0,0,False
35012,"InstanceContentType#13",0,30,False,"","music/ffxiv/BGM_System_WinLoop.scd","",0,622,"Colosseum#0",0,"","","BNpcBase#0","","",0,0,0,0,0,0,0,0,0,0,0,0,0,0,0,0,0,0,0,0,0,0,0,0,0,0,0,0,0,0,0,0,0,"InstanceContentRewardItem#100",False,0,0,"InstanceContentBuff#0",0,,0,0,0,0,0,False,0,0,0,0,0,0,False,0,0,False
35013,"InstanceContentType#13",0,30,False,"","music/ffxiv/BGM_System_WinLoop.scd","",0,623,"Colosseum#0",0,"","","BNpcBase#0","","",0,0,0,0,0,0,0,0,0,0,0,0,0,0,0,0,0,0,0,0,0,0,0,0,0,0,0,0,0,0,0,0,0,"InstanceContentRewardItem#100",False,0,0,"InstanceContentBuff#0",0,,0,0,0,0,0,False,0,0,0,0,0,0,False,0,0,False
35014,"InstanceContentType#13",0,30,False,"","music/ffxiv/BGM_System_WinLoop.scd","",0,624,"Colosseum#0",0,"","","BNpcBase#0","","",0,0,0,0,0,0,0,0,0,0,0,0,0,0,0,0,0,0,0,0,0,0,0,0,0,0,0,0,0,0,0,0,0,"InstanceContentRewardItem#100",False,0,0,"InstanceContentBuff#0",0,,0,0,0,0,0,False,0,0,0,0,0,0,False,0,0,False
35015,"InstanceContentType#13",0,30,False,"","music/ffxiv/BGM_System_WinLoop.scd","",0,625,"Colosseum#0",0,"","","BNpcBase#0","","",0,0,0,0,0,0,0,0,0,0,0,0,0,0,0,0,0,0,0,0,0,0,0,0,0,0,0,0,0,0,0,0,0,"InstanceContentRewardItem#100",False,0,0,"InstanceContentBuff#0",0,,0,0,0,0,0,False,0,0,0,0,0,0,False,0,0,False
35016,"InstanceContentType#13",0,30,False,"","music/ffxiv/BGM_System_WinLoop.scd","",0,626,"Colosseum#0",0,"","","BNpcBase#0","","",0,0,0,0,0,0,0,0,0,0,0,0,0,0,0,0,0,0,0,0,0,0,0,0,0,0,0,0,0,0,0,0,0,"InstanceContentRewardItem#100",False,0,0,"InstanceContentBuff#0",0,,0,0,0,0,0,False,0,0,0,0,0,0,False,0,0,False
35017,"InstanceContentType#13",0,30,False,"","music/ffxiv/BGM_System_WinLoop.scd","",0,627,"Colosseum#0",0,"","","BNpcBase#0","","",0,0,0,0,0,0,0,0,0,0,0,0,0,0,0,0,0,0,0,0,0,0,0,0,0,0,0,0,0,0,0,0,0,"InstanceContentRewardItem#100",False,0,0,"InstanceContentBuff#0",0,,0,0,0,0,0,False,0,0,0,0,0,0,False,0,0,False
35018,"InstanceContentType#13",0,30,False,"","music/ffxiv/BGM_System_WinLoop.scd","",0,628,"Colosseum#0",0,"","","BNpcBase#0","","",0,0,0,0,0,0,0,0,0,0,0,0,0,0,0,0,0,0,0,0,0,0,0,0,0,0,0,0,0,0,0,0,0,"InstanceContentRewardItem#100",False,0,0,"InstanceContentBuff#0",0,,0,0,0,0,0,False,0,0,0,0,0,0,False,0,0,False
35019,"InstanceContentType#13",0,30,False,"","music/ffxiv/BGM_System_WinLoop.scd","",0,629,"Colosseum#0",0,"","","BNpcBase#0","","",0,0,0,0,0,0,0,0,0,0,0,0,0,0,0,0,0,0,0,0,0,0,0,0,0,0,0,0,0,0,0,0,0,"InstanceContentRewardItem#100",False,0,0,"InstanceContentBuff#0",0,,0,0,0,0,0,False,0,0,0,0,0,0,False,0,0,False
35020,"InstanceContentType#13",0,30,False,"","music/ffxiv/BGM_System_WinLoop.scd","",0,630,"Colosseum#0",0,"","","BNpcBase#0","","",0,0,0,0,0,0,0,0,0,0,0,0,0,0,0,0,0,0,0,0,0,0,0,0,0,0,0,0,0,0,0,0,0,"InstanceContentRewardItem#100",False,0,0,"InstanceContentBuff#0",0,,0,0,0,0,0,False,0,0,0,0,0,0,False,0,0,False
35021,"InstanceContentType#13",0,30,False,"","music/ffxiv/BGM_System_WinLoop.scd","",0,631,"Colosseum#0",0,"","","BNpcBase#0","","",0,0,0,0,0,0,0,0,0,0,0,0,0,0,0,0,0,0,0,0,0,0,0,0,0,0,0,0,0,0,0,0,0,"InstanceContentRewardItem#100",False,0,0,"InstanceContentBuff#0",0,,0,0,0,0,0,False,0,0,0,0,0,0,False,0,0,False
35022,"InstanceContentType#13",0,30,False,"","music/ffxiv/BGM_System_WinLoop.scd","",0,632,"Colosseum#0",0,"","","BNpcBase#0","","",0,0,0,0,0,0,0,0,0,0,0,0,0,0,0,0,0,0,0,0,0,0,0,0,0,0,0,0,0,0,0,0,0,"InstanceContentRewardItem#100",False,0,0,"InstanceContentBuff#0",0,,0,0,0,0,0,False,0,0,0,0,0,0,False,0,0,False
35023,"InstanceContentType#13",0,30,False,"","music/ffxiv/BGM_System_WinLoop.scd","",0,633,"Colosseum#0",0,"","","BNpcBase#0","","",0,0,0,0,0,0,0,0,0,0,0,0,0,0,0,0,0,0,0,0,0,0,0,0,0,0,0,0,0,0,0,0,0,"InstanceContentRewardItem#100",False,0,0,"InstanceContentBuff#0",0,,0,0,0,0,0,False,0,0,0,0,0,0,False,0,0,False
35024,"InstanceContentType#13",0,30,False,"","music/ffxiv/BGM_System_WinLoop.scd","",0,634,"Colosseum#0",0,"","","BNpcBase#0","","",0,0,0,0,0,0,0,0,0,0,0,0,0,0,0,0,0,0,0,0,0,0,0,0,0,0,0,0,0,0,0,0,0,"InstanceContentRewardItem#100",False,0,0,"InstanceContentBuff#0",0,,0,0,0,0,0,False,0,0,0,0,0,0,False,0,0,False
35025,"InstanceContentType#13",0,30,False,"","music/ffxiv/BGM_System_WinLoop.scd","",0,635,"Colosseum#0",0,"","","BNpcBase#0","","",0,0,0,0,0,0,0,0,0,0,0,0,0,0,0,0,0,0,0,0,0,0,0,0,0,0,0,0,0,0,0,0,0,"InstanceContentRewardItem#100",False,0,0,"InstanceContentBuff#0",0,,0,0,0,0,0,False,0,0,0,0,0,0,False,0,0,False
35026,"InstanceContentType#13",0,30,False,"","music/ffxiv/BGM_System_WinLoop.scd","",0,695,"Colosseum#0",0,"","","BNpcBase#0","","",0,0,0,0,0,0,0,0,0,0,0,0,0,0,0,0,0,0,0,0,0,0,0,0,0,0,0,0,0,0,0,0,0,"InstanceContentRewardItem#100",False,0,0,"InstanceContentBuff#0",0,,0,0,0,0,0,False,0,0,0,0,0,0,False,0,0,False
35027,"InstanceContentType#13",0,30,False,"","music/ffxiv/BGM_System_WinLoop.scd","",0,696,"Colosseum#0",0,"","","BNpcBase#0","","",0,0,0,0,0,0,0,0,0,0,0,0,0,0,0,0,0,0,0,0,0,0,0,0,0,0,0,0,0,0,0,0,0,"InstanceContentRewardItem#100",False,0,0,"InstanceContentBuff#0",0,,0,0,0,0,0,False,0,0,0,0,0,0,False,0,0,False
35028,"InstanceContentType#13",0,30,False,"","music/ffxiv/BGM_System_WinLoop.scd","",0,697,"Colosseum#0",0,"","","BNpcBase#0","","",0,0,0,0,0,0,0,0,0,0,0,0,0,0,0,0,0,0,0,0,0,0,0,0,0,0,0,0,0,0,0,0,0,"InstanceContentRewardItem#100",False,0,0,"InstanceContentBuff#0",0,,0,0,0,0,0,False,0,0,0,0,0,0,False,0,0,False
35029,"InstanceContentType#13",0,30,False,"","music/ffxiv/BGM_System_WinLoop.scd","",0,698,"Colosseum#0",0,"","","BNpcBase#0","","",0,0,0,0,0,0,0,0,0,0,0,0,0,0,0,0,0,0,0,0,0,0,0,0,0,0,0,0,0,0,0,0,0,"InstanceContentRewardItem#100",False,0,0,"InstanceContentBuff#0",0,,0,0,0,0,0,False,0,0,0,0,0,0,False,0,0,False
35030,"InstanceContentType#13",0,30,False,"","music/ffxiv/BGM_System_WinLoop.scd","",0,699,"Colosseum#0",0,"","","BNpcBase#0","","",0,0,0,0,0,0,0,0,0,0,0,0,0,0,0,0,0,0,0,0,0,0,0,0,0,0,0,0,0,0,0,0,0,"InstanceContentRewardItem#100",False,0,0,"InstanceContentBuff#0",0,,0,0,0,0,0,False,0,0,0,0,0,0,False,0,0,False
35031,"InstanceContentType#13",0,30,False,"","music/ffxiv/BGM_System_WinLoop.scd","",0,754,"Colosseum#0",0,"","",,"Anything you can do, I can do better...
A strike for a strike!","",0,0,0,0,0,0,0,0,0,0,0,0,0,0,0,0,0,0,0,0,0,0,0,0,0,0,0,0,0,0,0,0,0,"InstanceContentRewardItem#100",False,0,0,"InstanceContentBuff#0",0,,0,0,0,0,0,False,0,0,0,0,0,0,False,0,0,False
35032,"InstanceContentType#13",0,30,False,"","music/ffxiv/BGM_System_WinLoop.scd","",0,948,"Colosseum#0",0,"","",,"So long as the crystal's light holds strong, so too shall I!","",0,0,0,0,0,0,0,0,0,0,0,0,0,0,0,0,0,0,0,0,0,0,0,0,0,0,0,0,0,0,0,0,0,"InstanceContentRewardItem#100",False,0,0,"InstanceContentBuff#0",0,,0,0,0,0,0,False,0,142,0,0,0,0,False,0,0,False
35033,"InstanceContentType#0",0,60,False,"","music/ffxiv/BGM_System_WinLoop.scd","",0,0,"Colosseum#0",0,"","","BNpcBase#0","","",0,0,0,0,0,0,0,0,0,0,0,0,0,0,0,0,0,0,0,0,0,0,0,0,0,0,0,0,0,0,0,0,0,"InstanceContentRewardItem#100",False,0,0,"InstanceContentBuff#0",0,,0,0,0,0,0,False,0,0,0,0,0,0,False,0,0,False
36000,"InstanceContentType#0",0,60,False,"","music/ffxiv/BGM_System_WinLoop.scd","",0,0,"Colosseum#0",0,"","","BNpcBase#0","","",0,0,0,0,0,0,0,0,0,0,0,0,0,0,0,0,0,0,0,0,0,0,0,0,0,0,0,0,0,0,0,0,0,"InstanceContentRewardItem#100",False,0,0,"InstanceContentBuff#0",0,,0,0,0,0,0,False,0,0,0,0,0,0,False,0,0,False
36001,"InstanceContentType#19",0,90,False,"music/ex4/BGM_EX4_VVD_01.scd","music/ffxiv/BGM_System_WinLoop.scd","ex4/vvdnnm/vvdnnm00110/vvdnnm00110",9316979,868,"Colosseum#0",0,"","",,"Clear the Sil'dihn Subterrane","",0,0,100,0,528000,0,0,10,0,0,132000,0,0,0,0,5,0,0,0,0,0,0,0,0,0,0,0,0,0,0,0,0,0,"InstanceContentRewardItem#100",False,0,0,"InstanceContentBuff#0",0,,0,0,0,0,0,False,1,90,55,0,0,7,False,1,0,True
36002,"InstanceContentType#19",0,90,False,"music/ex4/BGM_EX4_VVD_03.scd","music/ffxiv/BGM_System_WinLoop.scd","ex4/vvdhcc/vvdhcc00110/vvdhcc00110",9747025,945,"Colosseum#0",0,"","",,"A sorry attempt at an ambush, if you ask me...but let us continue on.","",0,0,100,0,594000,0,0,10,0,0,148500,0,0,0,0,5,0,0,0,0,0,0,0,0,0,0,0,0,0,0,0,0,0,"InstanceContentRewardItem#100",False,0,0,"InstanceContentBuff#0",0,,0,0,0,0,0,False,4,131,65,0,0,11,False,2,0,True
36003,"InstanceContentType#19",0,90,False,"music/ex4/BGM_EX4_VVD_06.scd","music/ffxiv/BGM_System_WinLoop.scd","ex4/vvdmts/vvdmts00110/vvdmts00110",10085277,961,"Colosseum#0",0,"","",,"The direction of its magicks don't match the patterns. What puzzle is it putting before us?","",0,0,100,0,660000,0,0,15,0,0,165000,0,0,0,0,10,0,0,0,0,0,0,0,0,0,0,0,0,0,0,0,0,0,"InstanceContentRewardItem#100",False,0,0,"InstanceContentBuff#0",0,,0,0,0,0,0,False,7,148,69,0,0,15,False,3,0,True
36004,"InstanceContentType#19",0,90,False,"music/ex5/BGM_EX5_VVD4_01.scd","music/ffxiv/BGM_System_WinLoop.scd","ex5/vvdnzq/vvdnzq00110/vvdnzq00110",12109731,1066,"Colosseum#0",0,"","",,"Crates delivered","",0,0,0,40,0,15,0,0,20,25,0,0,0,0,0,0,0,0,0,0,20,0,0,0,0,0,0,0,0,0,0,0,0,"InstanceContentRewardItem#100",False,0,0,"InstanceContentBuff#0",0,,0,0,0,0,0,False,10,229,104,0,0,24,False,0,51,True
36005,"InstanceContentType#0",0,60,False,"","music/ffxiv/BGM_System_WinLoop.scd","",0,0,"Colosseum#0",0,"","","BNpcBase#0","","",0,0,0,0,0,0,0,0,0,0,0,0,0,0,0,0,0,0,0,0,0,0,0,0,0,0,0,0,0,0,0,0,0,"InstanceContentRewardItem#100",False,0,0,"InstanceContentBuff#0",0,,0,0,0,0,0,False,0,0,0,0,0,0,False,0,0,False
37000,"InstanceContentType#0",0,60,False,"","music/ffxiv/BGM_System_WinLoop.scd","",0,0,"Colosseum#0",0,"","","BNpcBase#0","","",0,0,0,0,0,0,0,0,0,0,0,0,0,0,0,0,0,0,0,0,0,0,0,0,0,0,0,0,0,0,0,0,0,"InstanceContentRewardItem#100",False,0,0,"InstanceContentBuff#0",0,,0,0,0,0,0,False,0,0,0,0,0,0,False,0,0,False
37001,"InstanceContentType#20",0,90,False,"music/ex4/BGM_EX4_VVD_02.scd","music/ffxiv/BGM_System_WinLoop.scd","ex4/vvdnnm/vvdnnm00120/vvdnnm00120",9358577,878,"Colosseum#0",0,"","",,"Defeat Shadowcaster Zeless Gah","",0,0,100,0,0,0,0,20,0,0,0,0,0,0,0,0,0,0,0,0,0,0,0,0,0,0,0,0,0,0,0,0,0,"InstanceContentRewardItem#100",False,0,0,"InstanceContentBuff#0",0,,0,0,0,0,0,False,2,98,56,0,0,8,False,0,0,False
37002,"InstanceContentType#20",0,120,False,"music/ex4/BGM_EX4_VVD_02.scd","music/ffxiv/BGM_System_WinLoop.scd","ex4/vvdnnm/vvdnnm00130/vvdnnm00130",9358577,879,"Colosseum#0",0,"","",,"Defeat Shadowcaster Zeless Gah","",0,0,100,0,0,0,0,20,0,0,0,0,0,0,0,0,0,0,0,0,0,0,0,0,0,0,0,0,0,0,0,0,0,"InstanceContentRewardItem#100",False,0,0,"InstanceContentBuff#0",0,,0,0,0,0,0,True,3,98,56,0,0,9,False,0,0,False
37003,"InstanceContentType#20",0,90,False,"music/ex4/BGM_EX4_VVD_05.scd","music/ffxiv/BGM_System_WinLoop.scd","ex4/vvdhcc/vvdhcc00120/vvdhcc00120",9903652,946,"Colosseum#0",0,"","",,"You have done well to forestall your fate... But your end is come!","",0,0,100,0,0,0,0,20,0,0,0,0,0,0,0,0,0,0,0,0,0,0,0,0,0,0,0,0,0,0,0,0,0,"InstanceContentRewardItem#100",False,0,0,"InstanceContentBuff#0",0,,0,0,0,0,0,False,5,137,66,0,0,12,False,0,0,False
37004,"InstanceContentType#20",0,120,False,"music/ex4/BGM_EX4_VVD_05.scd","music/ffxiv/BGM_System_WinLoop.scd","ex4/vvdhcc/vvdhcc00130/vvdhcc00130",9903652,947,"Colosseum#0",0,"","",,"You have done well to forestall your fate... But your end is come!","",0,0,100,0,0,0,0,20,0,0,0,0,0,0,0,0,0,0,0,0,0,0,0,0,0,0,0,0,0,0,0,0,0,"InstanceContentRewardItem#100",False,0,0,"InstanceContentBuff#0",0,,0,0,0,0,0,True,6,137,66,0,0,13,False,0,0,False
37005,"InstanceContentType#20",0,90,False,"music/ex4/BGM_EX4_VVD_07.scd","music/ffxiv/BGM_System_WinLoop.scd","ex4/vvdmts/vvdmts00120/vvdmts00120",10092605,979,"Colosseum#0",0,"","",,"Revising threat assessment... Integrating additional tactics into stratagem.","",0,0,100,0,0,0,0,30,0,0,0,0,0,0,0,0,0,0,0,0,0,0,0,0,0,0,0,0,0,0,0,0,0,"InstanceContentRewardItem#100",False,0,0,"InstanceContentBuff#0",0,,0,0,0,0,0,False,8,152,70,0,0,16,False,0,0,False
37006,"InstanceContentType#20",0,120,False,"music/ex4/BGM_EX4_VVD_07.scd","music/ffxiv/BGM_System_WinLoop.scd","ex4/vvdmts/vvdmts00130/vvdmts00130",10092605,980,"Colosseum#0",0,"","",,"Revising threat assessment... Integrating additional tactics into stratagem.","",0,0,100,0,0,0,0,30,0,0,0,0,0,0,0,0,0,0,0,0,0,0,0,0,0,0,0,0,0,0,0,0,0,"InstanceContentRewardItem#100",False,0,0,"InstanceContentBuff#0",0,,0,0,0,0,0,True,9,152,70,0,0,17,False,0,0,False
37007,"InstanceContentType#20",0,90,False,"music/ex5/BGM_EX5_VVD4_02.scd","music/ffxiv/BGM_System_WinLoop.scd","ex5/vvdnzq/vvdnzq00130/vvdnzq00130",12290339,1079,"Colosseum#0",0,"","",,"From where shall death take you? I shall grant you the mercy of foresight.","",0,0,0,100,0,0,0,0,0,30,0,0,0,0,0,0,0,0,0,0,0,0,0,0,0,0,0,0,0,0,0,0,0,"InstanceContentRewardItem#100",False,0,0,"InstanceContentBuff#0",0,,0,0,0,0,0,False,12,231,107,0,0,26,False,0,51,False
37008,"InstanceContentType#0",0,60,False,"","music/ffxiv/BGM_System_WinLoop.scd","",0,0,"Colosseum#0",0,"","","BNpcBase#0","","",0,0,0,0,0,0,0,0,0,0,0,0,0,0,0,0,0,0,0,0,0,0,0,0,0,0,0,0,0,0,0,0,0,"InstanceContentRewardItem#100",False,0,0,"InstanceContentBuff#0",0,,0,0,0,0,0,False,0,0,0,0,0,0,False,0,0,False
38000,"InstanceContentType#0",0,60,False,"","music/ffxiv/BGM_System_WinLoop.scd","",0,0,"Colosseum#0",0,"","","BNpcBase#0","","",0,0,0,0,0,0,0,0,0,0,0,0,0,0,0,0,0,0,0,0,0,0,0,0,0,0,0,0,0,0,0,0,0,"InstanceContentRewardItem#100",False,0,0,"InstanceContentBuff#0",0,,0,0,0,0,0,False,0,0,0,0,0,0,False,0,0,False
38001,"InstanceContentType#21",0,90,False,"music/ex5/BGM_EX5_VVD4_02.scd","music/ffxiv/BGM_System_WinLoop.scd","ex5/vvdnzq/vvdnzq00120/vvdnzq00120",12290314,1084,"Colosseum#0",0,"","",,"From where shall death take you? I shall grant you the mercy of foresight.","",0,0,0,100,0,0,0,0,0,30,0,0,0,0,0,0,0,0,0,0,0,0,0,0,0,0,0,0,0,0,0,0,0,"InstanceContentRewardItem#100",False,0,0,"InstanceContentBuff#0",0,,0,0,0,0,0,False,11,230,105,0,0,25,False,0,51,True
38002,"InstanceContentType#0",0,0,False,"","","",0,0,"Colosseum#0",0,"","","BNpcBase#0","","",0,0,0,0,0,0,0,0,0,0,0,0,0,0,0,0,0,0,0,0,0,0,0,0,0,0,0,0,0,0,0,0,0,"InstanceContentRewardItem#0",False,0,0,"InstanceContentBuff#0",0,"InstanceContent#0",0,0,0,0,0,False,0,0,0,0,0,0,False,0,0,False
40000,"InstanceContentType#0",0,60,False,"","music/ffxiv/BGM_System_WinLoop.scd","",0,0,"Colosseum#0",0,"","","BNpcBase#0","","",0,0,0,0,0,0,0,0,0,0,0,0,0,0,0,0,0,0,0,0,0,0,0,0,0,0,0,0,0,0,0,0,0,"InstanceContentRewardItem#100",False,0,0,"InstanceContentBuff#0",0,,0,0,0,0,0,False,0,0,0,0,0,0,False,0,0,False
40001,"InstanceContentType#5",0,30,False,,"music/ffxiv/BGM_Null.scd","",0,121,"Colosseum#0",0,"","","BNpcBase#0","","Exit <Highlight>ObjectParameter(56)</Highlight>?",0,0,0,0,0,0,0,0,0,0,0,0,0,0,0,0,0,0,0,0,0,0,0,0,0,0,0,0,0,0,0,0,0,"InstanceContentRewardItem#100",False,0,0,"InstanceContentBuff#0",0,,2,0,0,0,0,False,1,0,0,0,0,0,False,0,0,False
40002,"InstanceContentType#0",0,0,False,"","","",0,0,"Colosseum#0",0,"","","BNpcBase#0","","",0,0,0,0,0,0,0,0,0,0,0,0,0,0,0,0,0,0,0,0,0,0,0,0,0,0,0,0,0,0,0,0,0,"InstanceContentRewardItem#0",False,0,0,"InstanceContentBuff#0",0,"InstanceContent#0",0,0,0,0,0,False,0,0,0,0,0,0,False,0,0,False
40003,"InstanceContentType#0",0,0,False,"","","",0,0,"Colosseum#0",0,"","","BNpcBase#0","","",0,0,0,0,0,0,0,0,0,0,0,0,0,0,0,0,0,0,0,0,0,0,0,0,0,0,0,0,0,0,0,0,0,"InstanceContentRewardItem#0",False,0,0,"InstanceContentBuff#0",0,"InstanceContent#0",0,0,0,0,0,False,0,0,0,0,0,0,False,0,0,False
40004,"InstanceContentType#0",0,0,False,"","","",0,0,"Colosseum#0",0,"","","BNpcBase#0","","",0,0,0,0,0,0,0,0,0,0,0,0,0,0,0,0,0,0,0,0,0,0,0,0,0,0,0,0,0,0,0,0,0,"InstanceContentRewardItem#0",False,0,0,"InstanceContentBuff#0",0,"InstanceContent#0",0,0,0,0,0,False,0,0,0,0,0,0,False,0,0,False
40005,"InstanceContentType#0",0,0,False,"","","",0,0,"Colosseum#0",0,"","","BNpcBase#0","","",0,0,0,0,0,0,0,0,0,0,0,0,0,0,0,0,0,0,0,0,0,0,0,0,0,0,0,0,0,0,0,0,0,"InstanceContentRewardItem#0",False,0,0,"InstanceContentBuff#0",0,"InstanceContent#0",0,0,0,0,0,False,0,0,0,0,0,0,False,0,0,False
40006,"InstanceContentType#0",0,0,False,"","","",0,0,"Colosseum#0",0,"","","BNpcBase#0","","",0,0,0,0,0,0,0,0,0,0,0,0,0,0,0,0,0,0,0,0,0,0,0,0,0,0,0,0,0,0,0,0,0,"InstanceContentRewardItem#0",False,0,0,"InstanceContentBuff#0",0,"InstanceContent#0",0,0,0,0,0,False,0,0,0,0,0,0,False,0,0,False
40007,"InstanceContentType#0",0,0,False,"","","",0,0,"Colosseum#0",0,"","","BNpcBase#0","","",0,0,0,0,0,0,0,0,0,0,0,0,0,0,0,0,0,0,0,0,0,0,0,0,0,0,0,0,0,0,0,0,0,"InstanceContentRewardItem#0",False,0,0,"InstanceContentBuff#0",0,"InstanceContent#0",0,0,0,0,0,False,0,0,0,0,0,0,False,0,0,False
40008,"InstanceContentType#0",0,0,False,"","","",0,0,"Colosseum#0",0,"","","BNpcBase#0","","",0,0,0,0,0,0,0,0,0,0,0,0,0,0,0,0,0,0,0,0,0,0,0,0,0,0,0,0,0,0,0,0,0,"InstanceContentRewardItem#0",False,0,0,"InstanceContentBuff#0",0,"InstanceContent#0",0,0,0,0,0,False,0,0,0,0,0,0,False,0,0,False
40009,"InstanceContentType#0",0,0,False,"","","",0,0,"Colosseum#0",0,"","","BNpcBase#0","","",0,0,0,0,0,0,0,0,0,0,0,0,0,0,0,0,0,0,0,0,0,0,0,0,0,0,0,0,0,0,0,0,0,"InstanceContentRewardItem#0",False,0,0,"InstanceContentBuff#0",0,"InstanceContent#0",0,0,0,0,0,False,0,0,0,0,0,0,False,0,0,False
40010,"InstanceContentType#0",0,0,False,"","","",0,0,"Colosseum#0",0,"","","BNpcBase#0","","",0,0,0,0,0,0,0,0,0,0,0,0,0,0,0,0,0,0,0,0,0,0,0,0,0,0,0,0,0,0,0,0,0,"InstanceContentRewardItem#0",False,0,0,"InstanceContentBuff#0",0,"InstanceContent#0",0,0,0,0,0,False,0,0,0,0,0,0,False,0,0,False
40011,"InstanceContentType#0",0,0,False,"","","",0,0,"Colosseum#0",0,"","","BNpcBase#0","","",0,0,0,0,0,0,0,0,0,0,0,0,0,0,0,0,0,0,0,0,0,0,0,0,0,0,0,0,0,0,0,0,0,"InstanceContentRewardItem#0",False,0,0,"InstanceContentBuff#0",0,"InstanceContent#0",0,0,0,0,0,False,0,0,0,0,0,0,False,0,0,False
40012,"InstanceContentType#0",0,0,False,"","","",0,0,"Colosseum#0",0,"","","BNpcBase#0","","",0,0,0,0,0,0,0,0,0,0,0,0,0,0,0,0,0,0,0,0,0,0,0,0,0,0,0,0,0,0,0,0,0,"InstanceContentRewardItem#0",False,0,0,"InstanceContentBuff#0",0,"InstanceContent#0",0,0,0,0,0,False,0,0,0,0,0,0,False,0,0,False
40013,"InstanceContentType#0",0,0,False,"","","",0,0,"Colosseum#0",0,"","","BNpcBase#0","","",0,0,0,0,0,0,0,0,0,0,0,0,0,0,0,0,0,0,0,0,0,0,0,0,0,0,0,0,0,0,0,0,0,"InstanceContentRewardItem#0",False,0,0,"InstanceContentBuff#0",0,"InstanceContent#0",0,0,0,0,0,False,0,0,0,0,0,0,False,0,0,False
40014,"InstanceContentType#0",0,0,False,"","","",0,0,"Colosseum#0",0,"","","BNpcBase#0","","",0,0,0,0,0,0,0,0,0,0,0,0,0,0,0,0,0,0,0,0,0,0,0,0,0,0,0,0,0,0,0,0,0,"InstanceContentRewardItem#0",False,0,0,"InstanceContentBuff#0",0,"InstanceContent#0",0,0,0,0,0,False,0,0,0,0,0,0,False,0,0,False
40015,"InstanceContentType#0",0,0,False,"","","",0,0,"Colosseum#0",0,"","","BNpcBase#0","","",0,0,0,0,0,0,0,0,0,0,0,0,0,0,0,0,0,0,0,0,0,0,0,0,0,0,0,0,0,0,0,0,0,"InstanceContentRewardItem#0",False,0,0,"InstanceContentBuff#0",0,"InstanceContent#0",0,0,0,0,0,False,0,0,0,0,0,0,False,0,0,False
40016,"InstanceContentType#0",0,0,False,"","","",0,0,"Colosseum#0",0,"","","BNpcBase#0","","",0,0,0,0,0,0,0,0,0,0,0,0,0,0,0,0,0,0,0,0,0,0,0,0,0,0,0,0,0,0,0,0,0,"InstanceContentRewardItem#0",False,0,0,"InstanceContentBuff#0",0,"InstanceContent#0",0,0,0,0,0,False,0,0,0,0,0,0,False,0,0,False
40017,"InstanceContentType#0",0,0,False,"","","",0,0,"Colosseum#0",0,"","","BNpcBase#0","","",0,0,0,0,0,0,0,0,0,0,0,0,0,0,0,0,0,0,0,0,0,0,0,0,0,0,0,0,0,0,0,0,0,"InstanceContentRewardItem#0",False,0,0,"InstanceContentBuff#0",0,"InstanceContent#0",0,0,0,0,0,False,0,0,0,0,0,0,False,0,0,False
40018,"InstanceContentType#0",0,0,False,"","","",0,0,"Colosseum#0",0,"","","BNpcBase#0","","",0,0,0,0,0,0,0,0,0,0,0,0,0,0,0,0,0,0,0,0,0,0,0,0,0,0,0,0,0,0,0,0,0,"InstanceContentRewardItem#0",False,0,0,"InstanceContentBuff#0",0,"InstanceContent#0",0,0,0,0,0,False,0,0,0,0,0,0,False,0,0,False
40019,"InstanceContentType#0",0,0,False,"","","",0,0,"Colosseum#0",0,"","","BNpcBase#0","","",0,0,0,0,0,0,0,0,0,0,0,0,0,0,0,0,0,0,0,0,0,0,0,0,0,0,0,0,0,0,0,0,0,"InstanceContentRewardItem#0",False,0,0,"InstanceContentBuff#0",0,"InstanceContent#0",0,0,0,0,0,False,0,0,0,0,0,0,False,0,0,False
40020,"InstanceContentType#0",0,0,False,"","","",0,0,"Colosseum#0",0,"","","BNpcBase#0","","",0,0,0,0,0,0,0,0,0,0,0,0,0,0,0,0,0,0,0,0,0,0,0,0,0,0,0,0,0,0,0,0,0,"InstanceContentRewardItem#0",False,0,0,"InstanceContentBuff#0",0,"InstanceContent#0",0,0,0,0,0,False,0,0,0,0,0,0,False,0,0,False
40021,"InstanceContentType#0",0,0,False,"","","",0,0,"Colosseum#0",0,"","","BNpcBase#0","","",0,0,0,0,0,0,0,0,0,0,0,0,0,0,0,0,0,0,0,0,0,0,0,0,0,0,0,0,0,0,0,0,0,"InstanceContentRewardItem#0",False,0,0,"InstanceContentBuff#0",0,"InstanceContent#0",0,0,0,0,0,False,0,0,0,0,0,0,False,0,0,False
40022,"InstanceContentType#0",0,0,False,"","","",0,0,"Colosseum#0",0,"","","BNpcBase#0","","",0,0,0,0,0,0,0,0,0,0,0,0,0,0,0,0,0,0,0,0,0,0,0,0,0,0,0,0,0,0,0,0,0,"InstanceContentRewardItem#0",False,0,0,"InstanceContentBuff#0",0,"InstanceContent#0",0,0,0,0,0,False,0,0,0,0,0,0,False,0,0,False
40023,"InstanceContentType#0",0,0,False,"","","",0,0,"Colosseum#0",0,"","","BNpcBase#0","","",0,0,0,0,0,0,0,0,0,0,0,0,0,0,0,0,0,0,0,0,0,0,0,0,0,0,0,0,0,0,0,0,0,"InstanceContentRewardItem#0",False,0,0,"InstanceContentBuff#0",0,"InstanceContent#0",0,0,0,0,0,False,0,0,0,0,0,0,False,0,0,False
40024,"InstanceContentType#0",0,0,False,"","","",0,0,"Colosseum#0",0,"","","BNpcBase#0","","",0,0,0,0,0,0,0,0,0,0,0,0,0,0,0,0,0,0,0,0,0,0,0,0,0,0,0,0,0,0,0,0,0,"InstanceContentRewardItem#0",False,0,0,"InstanceContentBuff#0",0,"InstanceContent#0",0,0,0,0,0,False,0,0,0,0,0,0,False,0,0,False
40025,"InstanceContentType#0",0,0,False,"","","",0,0,"Colosseum#0",0,"","","BNpcBase#0","","",0,0,0,0,0,0,0,0,0,0,0,0,0,0,0,0,0,0,0,0,0,0,0,0,0,0,0,0,0,0,0,0,0,"InstanceContentRewardItem#0",False,0,0,"InstanceContentBuff#0",0,"InstanceContent#0",0,0,0,0,0,False,0,0,0,0,0,0,False,0,0,False
40026,"InstanceContentType#0",0,0,False,"","","",0,0,"Colosseum#0",0,"","","BNpcBase#0","","",0,0,0,0,0,0,0,0,0,0,0,0,0,0,0,0,0,0,0,0,0,0,0,0,0,0,0,0,0,0,0,0,0,"InstanceContentRewardItem#0",False,0,0,"InstanceContentBuff#0",0,"InstanceContent#0",0,0,0,0,0,False,0,0,0,0,0,0,False,0,0,False
40027,"InstanceContentType#5",0,5,False,"","music/ffxiv/BGM_System_WinLoop.scd","ffxiv/pvpmks/pvpmks06010/pvpmks06010",0,835,"Colosseum#0",0,"","","BNpcBase#0","","",0,0,0,0,0,0,0,20,20,10,0,0,0,0,0,0,0,0,0,0,0,0,0,0,0,0,0,0,0,0,0,0,0,"InstanceContentRewardItem#100",False,0,0,"InstanceContentBuff#0",40001,,2,0,0,0,0,False,26,0,0,0,0,0,False,0,0,False
40028,"InstanceContentType#5",0,5,False,"","music/ffxiv/BGM_System_WinLoop.scd","ffxiv/pvpmks/pvpmks06020/pvpmks06020",0,836,"Colosseum#0",0,"","","BNpcBase#0","","An exit has appeared.",0,0,0,0,0,0,0,0,0,0,0,0,0,0,0,0,0,0,0,0,0,0,0,0,0,0,0,0,0,0,0,0,0,"InstanceContentRewardItem#100",False,40027,0,"InstanceContentBuff#0",40001,,2,0,0,0,0,False,27,0,0,0,0,0,False,0,0,False
40029,"InstanceContentType#5",0,5,False,"","music/ffxiv/BGM_System_WinLoop.scd","ffxiv/pvpmks/pvpmks06030/pvpmks06030",0,837,"Colosseum#0",0,"","","BNpcBase#0","","guildhest",0,0,0,0,0,0,0,0,0,0,0,0,0,0,0,0,0,0,0,0,0,0,0,0,0,0,0,0,0,0,0,0,0,"InstanceContentRewardItem#100",False,40027,0,"InstanceContentBuff#0",40001,,2,0,0,0,0,False,28,0,0,0,0,0,False,0,0,False
40030,"InstanceContentType#5",0,5,False,"","music/ffxiv/BGM_System_WinLoop.scd","ffxiv/pvpmks/pvpmks06010/pvpmks06010",0,847,"Colosseum#0",0,"","","BNpcBase#0","","",0,0,0,0,0,0,0,20,20,10,0,0,0,0,0,0,0,0,0,0,0,0,0,0,0,0,0,0,0,0,0,0,0,"InstanceContentRewardItem#100",False,0,0,"InstanceContentBuff#0",40001,,1,0,0,0,0,False,29,0,0,0,0,0,False,0,0,False
40031,"InstanceContentType#5",0,5,False,"","music/ffxiv/BGM_System_WinLoop.scd","ffxiv/pvpmks/pvpmks06020/pvpmks06020",0,848,"Colosseum#0",0,"","","BNpcBase#0","","",0,0,0,0,0,0,0,0,0,0,0,0,0,0,0,0,0,0,0,0,0,0,0,0,0,0,0,0,0,0,0,0,0,"InstanceContentRewardItem#100",False,40030,0,"InstanceContentBuff#0",40001,,1,0,0,0,0,False,30,0,0,0,0,0,False,0,0,False
40032,"InstanceContentType#5",0,5,False,"","music/ffxiv/BGM_System_WinLoop.scd","ffxiv/pvpmks/pvpmks06030/pvpmks06030",0,849,"Colosseum#0",0,"","","BNpcBase#0","","",0,0,0,0,0,0,0,0,0,0,0,0,0,0,0,0,0,0,0,0,0,0,0,0,0,0,0,0,0,0,0,0,0,"InstanceContentRewardItem#100",False,40030,0,"InstanceContentBuff#0",40001,,1,0,0,0,0,False,31,0,0,0,0,0,False,0,0,False
40033,"InstanceContentType#5",0,5,False,"","music/ffxiv/BGM_System_WinLoop.scd","ffxiv/pvpmks/pvpmks06010/pvpmks06010",0,862,"Colosseum#0",0,"","","BNpcBase#0","","",0,0,0,0,0,0,0,0,0,0,0,0,0,0,0,0,0,0,0,0,0,0,0,0,0,0,0,0,0,0,0,0,0,"InstanceContentRewardItem#100",False,0,0,"InstanceContentBuff#0",40001,,2,0,0,0,0,False,32,0,0,0,0,0,False,0,0,False
40034,"InstanceContentType#5",0,5,False,"","music/ffxiv/BGM_System_WinLoop.scd","ffxiv/pvpmks/pvpmks06020/pvpmks06020",0,863,"Colosseum#0",0,"","","BNpcBase#0","","",0,0,0,0,0,0,0,0,0,0,0,0,0,0,0,0,0,0,0,0,0,0,0,0,0,0,0,0,0,0,0,0,0,"InstanceContentRewardItem#100",False,0,0,"InstanceContentBuff#0",40001,,2,0,0,0,0,False,33,0,0,0,0,0,False,0,0,False
40035,"InstanceContentType#5",0,5,False,"","music/ffxiv/BGM_System_WinLoop.scd","ffxiv/pvpmks/pvpmks06030/pvpmks06030",0,864,"Colosseum#0",0,"","","BNpcBase#0","","",0,0,0,0,0,0,0,0,0,0,0,0,0,0,0,0,0,0,0,0,0,0,0,0,0,0,0,0,0,0,0,0,0,"InstanceContentRewardItem#100",False,0,0,"InstanceContentBuff#0",40001,,2,0,0,0,0,False,34,0,0,0,0,0,False,0,0,False
40036,"InstanceContentType#5",0,5,False,"","music/ffxiv/BGM_System_WinLoop.scd","ffxiv/pvpmks/pvpmks06310/pvpmks06310",0,912,"Colosseum#0",0,"","",,"Oh, I seem to have dropped a coin. And another. And another!","",0,0,0,0,0,0,0,0,0,0,0,0,0,0,0,0,0,0,0,0,0,0,0,0,0,0,0,0,0,0,0,0,0,"InstanceContentRewardItem#100",False,40027,0,"InstanceContentBuff#0",40001,,2,0,0,0,0,False,35,0,0,0,0,0,False,0,0,False
40037,"InstanceContentType#5",0,5,False,"","music/ffxiv/BGM_System_WinLoop.scd","ffxiv/pvpmks/pvpmks06310/pvpmks06310",0,915,"Colosseum#0",0,"","",,"Oh, I seem to have dropped a coin. And another. And another!","",0,0,0,0,0,0,0,0,0,0,0,0,0,0,0,0,0,0,0,0,0,0,0,0,0,0,0,0,0,0,0,0,0,"InstanceContentRewardItem#100",False,40030,0,"InstanceContentBuff#0",40001,,1,0,0,0,0,False,36,0,0,0,0,0,False,0,0,False
40038,"InstanceContentType#5",0,5,False,"","music/ffxiv/BGM_System_WinLoop.scd","ffxiv/pvpmks/pvpmks06310/pvpmks06310",0,923,"Colosseum#0",0,"","",,"Oh, I seem to have dropped a coin. And another. And another!","",0,0,0,0,0,0,0,0,0,0,0,0,0,0,0,0,0,0,0,0,0,0,0,0,0,0,0,0,0,0,0,0,0,"InstanceContentRewardItem#100",False,0,0,"InstanceContentBuff#0",40001,,2,0,0,0,0,False,37,0,0,0,0,0,False,0,0,False
40039,"InstanceContentType#5",0,5,False,"","music/ffxiv/BGM_System_WinLoop.scd","ffxiv/pvpmks/pvpmks06510/pvpmks06510",0,967,"Colosseum#0",0,"","","BNpcBase#0","","",0,0,0,0,0,0,0,0,0,0,0,0,0,0,0,0,0,0,0,0,0,0,0,0,0,0,0,0,0,0,0,0,0,"InstanceContentRewardItem#100",False,40027,0,"InstanceContentBuff#0",40001,,2,0,0,0,0,False,38,0,0,0,0,0,False,0,0,False
40040,"InstanceContentType#5",0,5,False,"","music/ffxiv/BGM_System_WinLoop.scd","ffxiv/pvpmks/pvpmks06510/pvpmks06510",0,970,"Colosseum#0",0,"","","BNpcBase#0","","",0,0,0,0,0,0,0,0,0,0,0,0,0,0,0,0,0,0,0,0,0,0,0,0,0,0,0,0,0,0,0,0,0,"InstanceContentRewardItem#100",False,40030,0,"InstanceContentBuff#0",40001,,1,0,0,0,0,False,39,0,0,0,0,0,False,0,0,False
40041,"InstanceContentType#5",0,5,False,"","music/ffxiv/BGM_System_WinLoop.scd","ffxiv/pvpmks/pvpmks06510/pvpmks06510",0,978,"Colosseum#0",0,"","","BNpcBase#0","","",0,0,0,0,0,0,0,0,0,0,0,0,0,0,0,0,0,0,0,0,0,0,0,0,0,0,0,0,0,0,0,0,0,"InstanceContentRewardItem#100",False,0,0,"InstanceContentBuff#0",40001,,2,0,0,0,0,False,40,0,0,0,0,0,False,0,0,False
40042,"InstanceContentType#5",0,5,False,"","music/ffxiv/BGM_System_WinLoop.scd","ffxiv/pvpmks/pvpmks07310/pvpmks07310",0,1046,"Colosseum#0",0,"","","BNpcBase#0","","",0,0,0,0,0,0,0,0,0,0,0,0,0,0,0,0,0,0,0,0,0,0,0,0,0,0,0,0,0,0,0,0,0,"InstanceContentRewardItem#100",False,40027,0,"InstanceContentBuff#0",40001,,2,0,0,0,0,False,41,0,0,0,0,0,False,0,0,False
40043,"InstanceContentType#5",0,5,False,"","music/ffxiv/BGM_System_WinLoop.scd","ffxiv/pvpmks/pvpmks07310/pvpmks07310",0,1049,"Colosseum#0",0,"","","BNpcBase#0","","",0,0,0,0,0,0,0,0,0,0,0,0,0,0,0,0,0,0,0,0,0,0,0,0,0,0,0,0,0,0,0,0,0,"InstanceContentRewardItem#100",False,40030,0,"InstanceContentBuff#0",40001,,1,0,0,0,0,False,42,0,0,0,0,0,False,0,0,False
40044,"InstanceContentType#5",0,5,False,"","music/ffxiv/BGM_System_WinLoop.scd","ffxiv/pvpmks/pvpmks07310/pvpmks07310",0,1057,"Colosseum#0",0,"","","BNpcBase#0","","",0,0,0,0,0,0,0,0,0,0,0,0,0,0,0,0,0,0,0,0,0,0,0,0,0,0,0,0,0,0,0,0,0,"InstanceContentRewardItem#100",False,0,0,"InstanceContentBuff#0",40001,,2,0,0,0,0,False,43,0,0,0,0,0,False,0,0,False
40045,"InstanceContentType#5",0,5,False,"","music/ffxiv/BGM_System_WinLoop.scd","ffxiv/pvpmks/pvpmks07510/pvpmks07510",0,1102,"Colosseum#0",0,"","","BNpcBase#0","","",0,0,0,0,0,0,0,0,0,0,0,0,0,0,0,0,0,0,0,0,0,0,0,0,0,0,0,0,0,0,0,0,0,"InstanceContentRewardItem#100",False,40027,0,"InstanceContentBuff#0",40001,,2,0,0,0,0,False,44,0,0,0,0,0,False,0,0,False
40046,"InstanceContentType#5",0,5,False,"","music/ffxiv/BGM_System_WinLoop.scd","ffxiv/pvpmks/pvpmks07510/pvpmks07510",0,1105,"Colosseum#0",0,"","","BNpcBase#0","","",0,0,0,0,0,0,0,0,0,0,0,0,0,0,0,0,0,0,0,0,0,0,0,0,0,0,0,0,0,0,0,0,0,"InstanceContentRewardItem#100",False,40030,0,"InstanceContentBuff#0",40001,,1,0,0,0,0,False,45,0,0,0,0,0,False,0,0,False
40047,"InstanceContentType#5",0,5,False,"","music/ffxiv/BGM_System_WinLoop.scd","ffxiv/pvpmks/pvpmks07510/pvpmks07510",0,1113,"Colosseum#0",0,"","","BNpcBase#0","","",0,0,0,0,0,0,0,0,0,0,0,0,0,0,0,0,0,0,0,0,0,0,0,0,0,0,0,0,0,0,0,0,0,"InstanceContentRewardItem#100",False,0,0,"InstanceContentBuff#0",40001,,2,0,0,0,0,False,46,0,0,0,0,0,False,0,0,False
40048,"InstanceContentType#0",0,0,False,"","","",0,0,"Colosseum#0",0,"","","BNpcBase#0","","",0,0,0,0,0,0,0,0,0,0,0,0,0,0,0,0,0,0,0,0,0,0,0,0,0,0,0,0,0,0,0,0,0,"InstanceContentRewardItem#0",False,0,0,"InstanceContentBuff#0",0,"InstanceContent#0",0,0,0,0,0,False,0,0,0,0,0,0,False,0,0,False
41000,"InstanceContentType#0",0,60,False,"","music/ffxiv/BGM_System_WinLoop.scd","",0,0,"Colosseum#0",0,"","","BNpcBase#0","","",0,0,0,0,0,0,0,0,0,0,0,0,0,0,0,0,0,0,0,0,0,0,0,0,0,0,0,0,0,0,0,0,0,"InstanceContentRewardItem#100",False,0,0,"InstanceContentBuff#0",0,,0,0,0,0,0,False,0,0,0,0,0,0,False,0,0,False
41001,"InstanceContentType#6",0,20,False,"","music/ffxiv/BGM_System_WinLoop.scd","",0,127,"Colosseum#0",0,"","","BNpcBase#8910","Personnel Displacement Panels
<If(Equal(IntegerParameter(1),0))>Inactive<Else/>Active</If>","Duty Progress",0,0,0,0,0,0,0,50,50,20,0,0,0,0,0,0,0,0,0,0,0,0,0,0,0,0,0,0,0,0,0,0,0,"InstanceContentRewardItem#100",False,0,0,"InstanceContentBuff#0",0,,3,0,0,0,0,False,0,0,0,0,0,0,False,0,0,False
41002,"InstanceContentType#0",0,0,False,"","","",0,0,"Colosseum#0",0,"","","BNpcBase#0","","",0,0,0,0,0,0,0,0,0,0,0,0,0,0,0,0,0,0,0,0,0,0,0,0,0,0,0,0,0,0,0,0,0,"InstanceContentRewardItem#0",False,0,0,"InstanceContentBuff#0",0,"InstanceContent#0",0,0,0,0,0,False,0,0,0,0,0,0,False,0,0,False
41003,"InstanceContentType#0",0,0,False,"","","",0,0,"Colosseum#0",0,"","","BNpcBase#0","","",0,0,0,0,0,0,0,0,0,0,0,0,0,0,0,0,0,0,0,0,0,0,0,0,0,0,0,0,0,0,0,0,0,"InstanceContentRewardItem#0",False,0,0,"InstanceContentBuff#0",0,"InstanceContent#0",0,0,0,0,0,False,0,0,0,0,0,0,False,0,0,False
41004,"InstanceContentType#6",0,20,False,"","music/ffxiv/BGM_System_WinLoop.scd","",0,130,"Colosseum#0",0,"","","BNpcBase#8900","<Highlight>StringParameter(1)</Highlight>
<Switch(IntegerParameter(2))><Case(1)>Rank B</Case><Case(2)>Rank A</Case><Case(3)>Rank S</Case></Switch>
<Switch(IntegerParameter(3))><Case(1)>Unoccupied</Case><Case(2)>Occupied <Gui(51)/></Case><Case(3)>Occupied <Gui(52)/></Case><Case(4)>Occupied <Gui(53)/></Case></Switch>
Data Remaining: <Value>IntegerParameter(4)</Value>%","",0,0,0,0,0,0,0,50,50,20,0,0,0,0,0,0,0,0,0,0,0,0,0,0,0,0,0,0,0,0,0,0,0,"InstanceContentRewardItem#100",False,0,0,"InstanceContentBuff#0",41001,,3,0,0,0,0,False,0,0,0,0,0,0,False,0,0,False
41005,"InstanceContentType#6",0,20,False,"","music/ffxiv/BGM_System_WinLoop.scd","",0,180,"Colosseum#0",0,"","","BNpcBase#8901","<Highlight>StringParameter(1)</Highlight>
<Switch(IntegerParameter(3))><Case(1)>Deactivated</Case><Case(2)>Activation in: <Value>IntegerParameter(4)</Value>:<TwoDigitValue>IntegerParameter(5)</TwoDigitValue></Case><Case(3)>Ice Strength: <Value>IntegerParameter(2)</Value>%</Case></Switch> ","",0,0,0,0,0,0,0,50,50,20,0,0,0,0,0,0,0,0,0,0,0,0,0,0,0,0,0,0,0,0,0,0,0,"InstanceContentRewardItem#100",False,0,0,"InstanceContentBuff#0",41001,,3,0,0,0,0,False,0,0,0,0,0,0,False,0,0,False
41006,"InstanceContentType#6",0,20,False,"","music/ffxiv/BGM_System_WinLoop.scd","",0,701,"Colosseum#0",0,"","",,"","",0,0,0,0,0,0,0,50,50,20,0,0,0,0,0,0,0,0,0,0,0,0,0,0,0,0,0,0,0,0,0,0,0,"InstanceContentRewardItem#100",False,0,0,"InstanceContentBuff#0",41001,,3,0,0,0,0,False,0,0,0,0,0,0,False,0,0,False
41007,"InstanceContentType#6",0,20,False,"","music/ffxiv/BGM_System_WinLoop.scd","",0,1080,"Colosseum#0",0,"","",,"","",0,0,0,0,0,0,0,50,50,20,0,0,0,0,0,0,0,0,0,0,0,0,0,0,0,0,0,0,0,0,0,0,0,"InstanceContentRewardItem#100",False,0,0,"InstanceContentBuff#0",41001,,3,0,0,0,0,False,0,0,0,0,0,0,False,0,59,False
41008,"InstanceContentType#0",0,0,False,"","","",0,0,"Colosseum#0",0,"","","BNpcBase#0","","",0,0,0,0,0,0,0,0,0,0,0,0,0,0,0,0,0,0,0,0,0,0,0,0,0,0,0,0,0,0,0,0,0,"InstanceContentRewardItem#0",False,0,0,"InstanceContentBuff#0",0,"InstanceContent#0",0,0,0,0,0,False,0,0,0,0,0,0,False,0,0,False
42000,"InstanceContentType#0",0,0,False,"","","",0,0,"Colosseum#0",0,"","","BNpcBase#0","","",0,0,0,0,0,0,0,0,0,0,0,0,0,0,0,0,0,0,0,0,0,0,0,0,0,0,0,0,0,0,0,0,0,"InstanceContentRewardItem#0",False,0,0,"InstanceContentBuff#0",0,"InstanceContent#0",0,0,0,0,0,False,0,0,0,0,0,0,False,0,0,False
42001,"InstanceContentType#12",0,15,False,"","music/ffxiv/BGM_System_WinLoop.scd","",0,277,"Colosseum#0",0,"","","BNpcBase#0","","",0,0,0,0,0,0,0,50,50,20,0,0,0,0,0,0,0,0,0,0,0,0,0,0,0,0,0,0,0,0,0,0,0,"InstanceContentRewardItem#100",False,0,0,"InstanceContentBuff#0",0,,0,0,0,0,0,False,0,0,0,0,0,0,False,0,0,False
42002,"InstanceContentType#12",0,15,False,"","music/ffxiv/BGM_System_WinLoop.scd","",0,599,"Colosseum#0",0,"","","BNpcBase#0","","",0,0,0,0,0,0,0,50,50,20,0,0,0,0,0,0,0,0,0,0,0,0,0,0,0,0,0,0,0,0,0,0,0,"InstanceContentRewardItem#100",False,0,0,"InstanceContentBuff#0",0,,0,0,0,0,0,False,0,0,0,0,0,0,False,0,0,False
42003,"InstanceContentType#0",0,0,False,"","","",0,0,"Colosseum#0",0,"","","BNpcBase#0","","",0,0,0,0,0,0,0,0,0,0,0,0,0,0,0,0,0,0,0,0,0,0,0,0,0,0,0,0,0,0,0,0,0,"InstanceContentRewardItem#0",False,0,0,"InstanceContentBuff#0",0,"InstanceContent#0",0,0,0,0,0,False,0,0,0,0,0,0,False,0,0,False
55000,"InstanceContentType#0",0,60,False,"","music/ffxiv/BGM_System_WinLoop.scd","",0,0,"Colosseum#0",0,"","","BNpcBase#0","","",0,0,0,0,0,0,0,0,0,0,0,0,0,0,0,0,0,0,0,0,0,0,0,0,0,0,0,0,0,0,0,0,0,"InstanceContentRewardItem#100",False,0,0,"InstanceContentBuff#0",0,,0,0,0,0,0,False,0,0,0,0,0,0,False,0,0,False
55001,"InstanceContentType#10",0,60,False,"music/ffxiv/BGM_Con_Teikoku_01_Sido.scd","music/ffxiv/BGM_System_WinLoop.scd","ffxiv/trehnt/trehnt00010/trehnt00010",6289086,179,"Colosseum#0",0,"","","BNpcBase#0","","",0,0,0,0,0,0,0,0,0,0,0,0,0,0,0,0,0,0,0,0,0,0,0,0,0,0,0,0,0,0,0,0,0,"InstanceContentRewardItem#100",False,0,0,"InstanceContentBuff#0",0,,0,0,0,0,0,False,0,0,0,0,0,0,False,0,0,True
55002,"InstanceContentType#10",0,60,False,"music/ffxiv/BGM_PvP_Duel.scd","music/ffxiv/BGM_System_WinLoop.scd","ex2/trehnt/trehnt00110/trehnt00110",6904141,268,"Colosseum#0",0,"","","BNpcBase#0","","",0,0,0,0,0,0,0,0,0,0,0,0,0,0,0,0,0,0,0,0,0,0,0,0,0,0,0,0,0,0,0,0,0,"InstanceContentRewardItem#100",False,0,0,"InstanceContentBuff#0",0,,0,0,0,0,0,False,0,0,0,0,0,0,False,0,0,True
55003,"InstanceContentType#10",0,60,False,"music/ffxiv/BGM_PvP_Duel.scd","music/ffxiv/BGM_System_WinLoop.scd","ex2/trehnt/trehnt00120/trehnt00120",6904141,276,"Colosseum#0",0,"","","BNpcBase#0","","",0,0,0,0,0,0,0,0,0,0,0,0,0,0,0,0,0,0,0,0,0,0,0,0,0,0,0,0,0,0,0,0,0,"InstanceContentRewardItem#100",False,0,0,"InstanceContentBuff#0",0,,0,0,0,0,0,False,0,0,0,0,0,0,False,0,0,True
55004,"InstanceContentType#10",0,60,False,"music/ex2/BGM_EX2_Uzune2.scd","music/ffxiv/BGM_System_WinLoop.scd","ex2/trehnt/trehnt00210/trehnt00210",0,586,"Colosseum#0",0,"","","BNpcBase#0","","",0,0,0,0,0,0,0,0,0,0,0,0,0,0,0,0,0,0,0,0,0,0,0,0,0,0,0,0,0,0,0,0,0,"InstanceContentRewardItem#100",False,0,0,"InstanceContentBuff#0",0,,0,4,0,0,0,False,0,0,0,0,0,0,False,0,0,True
55005,"InstanceContentType#0",0,0,False,"","","",0,0,"Colosseum#0",0,"","","BNpcBase#0","","",0,0,0,0,0,0,0,0,0,0,0,0,0,0,0,0,0,0,0,0,0,0,0,0,0,0,0,0,0,0,0,0,0,"InstanceContentRewardItem#0",False,0,0,"InstanceContentBuff#0",0,"InstanceContent#0",0,0,0,0,0,False,0,0,0,0,0,0,False,0,0,False
55006,"InstanceContentType#10",0,60,False,"music/ex2/BGM_EX2_Uzune2.scd","music/ffxiv/BGM_System_WinLoop.scd","ex3/trehnt/trehnt00310/trehnt00310",7964022,688,"Colosseum#0",0,"","","BNpcBase#0","","",0,0,0,0,0,0,0,0,0,0,0,0,0,0,0,0,0,0,0,0,0,0,0,0,0,0,0,0,0,0,0,0,0,"InstanceContentRewardItem#100",False,0,0,"InstanceContentBuff#0",0,,0,0,0,0,0,False,0,0,0,0,0,0,False,0,0,True
55007,"InstanceContentType#0",0,0,False,"","","",0,0,"Colosseum#0",0,"","","BNpcBase#0","","",0,0,0,0,0,0,0,0,0,0,0,0,0,0,0,0,0,0,0,0,0,0,0,0,0,0,0,0,0,0,0,0,0,"InstanceContentRewardItem#0",False,0,0,"InstanceContentBuff#0",0,"InstanceContent#0",0,0,0,0,0,False,0,0,0,0,0,0,False,0,0,False
55008,"InstanceContentType#10",0,60,False,"music/ex2/BGM_EX2_Uzune2.scd","music/ffxiv/BGM_System_WinLoop.scd","ex3/terhnt/terhnt05410/terhnt05410",0,745,"Colosseum#0",0,"","","BNpcBase#0","","",0,0,0,0,0,0,0,0,0,0,0,0,0,0,0,0,0,0,0,0,0,0,0,0,0,0,0,0,0,0,0,0,0,"InstanceContentRewardItem#100",False,0,0,"InstanceContentBuff#0",0,,0,4,0,0,0,False,0,0,0,0,0,0,False,0,0,True
55009,"InstanceContentType#10",0,60,False,"music/ex2/BGM_EX2_Uzune2.scd","music/ffxiv/BGM_System_WinLoop.scd","ex4/terhnt/terhnt06010/terhnt06010",8858859,819,"Colosseum#0",0,"","","BNpcBase#0","","",0,0,0,0,0,0,0,0,0,0,0,0,0,0,0,0,0,0,0,0,0,0,0,0,0,0,0,0,0,0,0,0,0,"InstanceContentRewardItem#100",False,0,0,"InstanceContentBuff#0",0,,0,0,0,0,0,False,0,0,0,0,0,0,False,0,0,True
55010,"InstanceContentType#0",0,0,False,"","","",0,0,"Colosseum#0",0,"","","BNpcBase#0","","",0,0,0,0,0,0,0,0,0,0,0,0,0,0,0,0,0,0,0,0,0,0,0,0,0,0,0,0,0,0,0,0,0,"InstanceContentRewardItem#0",False,0,0,"InstanceContentBuff#0",0,"InstanceContent#0",0,0,0,0,0,False,0,0,0,0,0,0,False,0,0,False
55011,"InstanceContentType#10",0,60,False,"music/ex2/BGM_EX2_Uzune2.scd","music/ffxiv/BGM_System_WinLoop.scd","ex4/trehnt/trehnt06310/trehnt06310",0,909,"Colosseum#0",0,"","","BNpcBase#0","","",0,0,0,0,0,0,0,0,0,0,0,0,0,0,0,0,0,0,0,0,0,0,0,0,0,0,0,0,0,0,0,0,0,"InstanceContentRewardItem#100",False,0,0,"InstanceContentBuff#0",0,,0,4,0,0,0,False,0,0,0,0,0,0,False,0,0,True
55012,"InstanceContentType#10",0,60,False,"music/ex2/BGM_EX2_Uzune2.scd","music/ffxiv/BGM_System_WinLoop.scd","ex5/trehnt/trehnt07010/trehnt07010",10428243,993,"Colosseum#0",0,"","","BNpcBase#0","","",0,0,0,0,0,0,0,0,0,0,0,0,0,0,0,0,0,0,0,0,0,0,0,0,0,0,0,0,0,0,0,0,0,"InstanceContentRewardItem#100",False,0,0,"InstanceContentBuff#0",0,,0,0,0,0,0,False,0,0,0,0,0,0,False,0,0,True
55013,"InstanceContentType#10",0,60,False,"music/ex2/BGM_EX2_Uzune2.scd","music/ffxiv/BGM_System_WinLoop.scd","ex5/trehnt/trehnt07300/trehnt07300",0,1060,"Colosseum#0",0,"","",,"Shining sacks collected","",0,0,0,0,0,0,0,0,0,0,0,0,0,0,0,0,0,0,0,0,0,0,0,0,0,0,0,0,0,0,0,0,0,"InstanceContentRewardItem#100",False,0,0,"InstanceContentBuff#0",0,,0,4,0,0,0,False,0,221,0,0,0,0,False,0,0,True
55014,"InstanceContentType#0",0,0,False,"","","",0,0,"Colosseum#0",0,"","","BNpcBase#0","","",0,0,0,0,0,0,0,0,0,0,0,0,0,0,0,0,0,0,0,0,0,0,0,0,0,0,0,0,0,0,0,0,0,"InstanceContentRewardItem#0",False,0,0,"InstanceContentBuff#0",0,"InstanceContent#0",0,0,0,0,0,False,0,0,0,0,0,0,False,0,0,False
56000,"InstanceContentType#0",0,0,False,"","","",0,0,"Colosseum#0",0,"","","BNpcBase#0","","",0,0,0,0,0,0,0,0,0,0,0,0,0,0,0,0,0,0,0,0,0,0,0,0,0,0,0,0,0,0,0,0,0,"InstanceContentRewardItem#0",False,0,0,"InstanceContentBuff#0",0,"InstanceContent#0",0,0,0,0,0,False,0,0,0,0,0,0,False,0,0,False
56001,"InstanceContentType#0",0,0,False,"","","",0,0,"Colosseum#0",0,"","","BNpcBase#0","","",0,0,0,0,0,0,0,0,0,0,0,0,0,0,0,0,0,0,0,0,0,0,0,0,0,0,0,0,0,0,0,0,0,"InstanceContentRewardItem#0",False,0,0,"InstanceContentBuff#0",0,"InstanceContent#0",0,0,0,0,0,False,0,0,0,0,0,0,False,0,0,False
56002,"InstanceContentType#0",0,0,False,"","","",0,0,"Colosseum#0",0,"","","BNpcBase#0","","",0,0,0,0,0,0,0,0,0,0,0,0,0,0,0,0,0,0,0,0,0,0,0,0,0,0,0,0,0,0,0,0,0,"InstanceContentRewardItem#0",False,0,0,"InstanceContentBuff#0",0,"InstanceContent#0",0,0,0,0,0,False,0,0,0,0,0,0,False,0,0,False
56003,"InstanceContentType#0",0,0,False,"","","",0,0,"Colosseum#0",0,"","","BNpcBase#0","","",0,0,0,0,0,0,0,0,0,0,0,0,0,0,0,0,0,0,0,0,0,0,0,0,0,0,0,0,0,0,0,0,0,"InstanceContentRewardItem#0",False,0,0,"InstanceContentBuff#0",0,"InstanceContent#0",0,0,0,0,0,False,0,0,0,0,0,0,False,0,0,False
56004,"InstanceContentType#0",0,0,False,"","","",0,0,"Colosseum#0",0,"","","BNpcBase#0","","",0,0,0,0,0,0,0,0,0,0,0,0,0,0,0,0,0,0,0,0,0,0,0,0,0,0,0,0,0,0,0,0,0,"InstanceContentRewardItem#0",False,0,0,"InstanceContentBuff#0",0,"InstanceContent#0",0,0,0,0,0,False,0,0,0,0,0,0,False,0,0,False
56005,"InstanceContentType#0",0,0,False,"","","",0,0,"Colosseum#0",0,"","","BNpcBase#0","","",0,0,0,0,0,0,0,0,0,0,0,0,0,0,0,0,0,0,0,0,0,0,0,0,0,0,0,0,0,0,0,0,0,"InstanceContentRewardItem#0",False,0,0,"InstanceContentBuff#0",0,"InstanceContent#0",0,0,0,0,0,False,0,0,0,0,0,0,False,0,0,False
56006,"InstanceContentType#0",0,0,False,"","","",0,0,"Colosseum#0",0,"","","BNpcBase#0","","",0,0,0,0,0,0,0,0,0,0,0,0,0,0,0,0,0,0,0,0,0,0,0,0,0,0,0,0,0,0,0,0,0,"InstanceContentRewardItem#0",False,0,0,"InstanceContentBuff#0",0,"InstanceContent#0",0,0,0,0,0,False,0,0,0,0,0,0,False,0,0,False
57000,"InstanceContentType#0",0,0,False,"","","",0,0,"Colosseum#0",0,"","","BNpcBase#0","","",0,0,0,0,0,0,0,0,0,0,0,0,0,0,0,0,0,0,0,0,0,0,0,0,0,0,0,0,0,0,0,0,0,"InstanceContentRewardItem#0",False,0,0,"InstanceContentBuff#0",0,"InstanceContent#0",0,0,0,0,0,False,0,0,0,0,0,0,False,0,0,False
57001,"InstanceContentType#0",0,0,False,"","","",0,0,"Colosseum#0",0,"","","BNpcBase#0","","",0,0,0,0,0,0,0,0,0,0,0,0,0,0,0,0,0,0,0,0,0,0,0,0,0,0,0,0,0,0,0,0,0,"InstanceContentRewardItem#0",False,0,0,"InstanceContentBuff#0",0,"InstanceContent#0",0,0,0,0,0,False,0,0,0,0,0,0,False,0,0,False
57002,"InstanceContentType#0",0,0,False,"","","",0,0,"Colosseum#0",0,"","","BNpcBase#0","","",0,0,0,0,0,0,0,0,0,0,0,0,0,0,0,0,0,0,0,0,0,0,0,0,0,0,0,0,0,0,0,0,0,"InstanceContentRewardItem#0",False,0,0,"InstanceContentBuff#0",0,"InstanceContent#0",0,0,0,0,0,False,0,0,0,0,0,0,False,0,0,False
60000,"InstanceContentType#0",0,60,False,"","music/ffxiv/BGM_System_WinLoop.scd","",0,0,"Colosseum#0",0,"","","BNpcBase#0","","",0,0,0,0,0,0,0,0,0,0,0,0,0,0,0,0,0,0,0,0,0,0,0,0,0,0,0,0,0,0,0,0,0,"InstanceContentRewardItem#100",False,0,0,"InstanceContentBuff#0",0,,0,0,0,0,0,False,0,0,0,0,0,0,False,0,0,False
60001,"InstanceContentType#9",0,60,False,"","music/ffxiv/BGM_System_WinLoop.scd","ffxiv/depdun/depdun00010/depdun00010",0,174,"Colosseum#0",0,"","","BNpcBase#0","","",0,0,0,0,0,0,0,0,0,0,0,0,0,0,0,0,0,0,0,0,0,0,0,0,0,0,0,0,0,0,0,0,0,"InstanceContentRewardItem#100",False,0,0,"InstanceContentBuff#0",0,,0,0,0,0,0,False,0,0,0,0,0,0,False,0,0,True
60002,"InstanceContentType#9",0,60,False,"","music/ffxiv/BGM_System_WinLoop.scd","",0,175,"Colosseum#0",0,"","","BNpcBase#0","","",0,0,0,0,0,0,0,0,0,0,0,0,0,0,0,0,0,0,0,0,0,0,0,0,0,0,0,0,0,0,0,0,0,"InstanceContentRewardItem#100",False,0,0,"InstanceContentBuff#0",0,,0,0,0,0,0,False,0,0,0,0,0,0,False,0,0,True
60003,"InstanceContentType#9",0,60,False,"","music/ffxiv/BGM_System_WinLoop.scd","",0,176,"Colosseum#0",0,"","","BNpcBase#0","","",0,0,0,0,0,0,0,0,0,0,0,0,0,0,0,0,0,0,0,0,0,0,0,0,0,0,0,0,0,0,0,0,0,"InstanceContentRewardItem#100",False,0,0,"InstanceContentBuff#0",0,,0,0,0,0,0,False,0,0,0,0,0,0,False,0,0,True
60004,"InstanceContentType#9",0,60,False,"","music/ffxiv/BGM_System_WinLoop.scd","",0,177,"Colosseum#0",0,"","","BNpcBase#0","","",0,0,0,0,0,0,0,0,0,0,0,0,0,0,0,0,0,0,0,0,0,0,0,0,0,0,0,0,0,0,0,0,0,"InstanceContentRewardItem#100",False,0,0,"InstanceContentBuff#0",0,,0,0,0,0,0,False,0,0,0,0,0,0,False,0,0,True
60005,"InstanceContentType#9",0,60,False,"","music/ffxiv/BGM_System_WinLoop.scd","",0,178,"Colosseum#0",0,"","","BNpcBase#0","","",0,0,0,0,0,0,0,0,0,0,0,0,0,0,0,0,0,0,0,0,0,0,0,0,0,0,0,0,0,0,0,0,0,"InstanceContentRewardItem#100",False,0,0,"InstanceContentBuff#0",0,,0,0,0,0,0,False,0,0,0,0,0,0,False,0,0,True
60006,"InstanceContentType#9",0,60,False,"","music/ffxiv/BGM_System_WinLoop.scd","",0,204,"Colosseum#0",0,"","","BNpcBase#0","","",0,0,0,0,0,0,0,0,0,0,0,0,0,0,0,0,0,0,0,0,0,0,0,0,0,0,0,0,0,0,0,0,0,"InstanceContentRewardItem#100",False,0,0,"InstanceContentBuff#0",0,,0,0,0,0,0,False,0,0,0,0,0,0,False,0,0,True
60007,"InstanceContentType#9",0,60,False,"","music/ffxiv/BGM_System_WinLoop.scd","",0,205,"Colosseum#0",0,"","","BNpcBase#0","","",0,0,0,0,0,0,0,0,0,0,0,0,0,0,0,0,0,0,0,0,0,0,0,0,0,0,0,0,0,0,0,0,0,"InstanceContentRewardItem#100",False,0,0,"InstanceContentBuff#0",0,,0,0,0,0,0,False,0,0,0,0,0,0,False,0,0,True
60008,"InstanceContentType#9",0,60,False,"","music/ffxiv/BGM_System_WinLoop.scd","",0,206,"Colosseum#0",0,"","","BNpcBase#0","","",0,0,0,0,0,0,0,0,0,0,0,0,0,0,0,0,0,0,0,0,0,0,0,0,0,0,0,0,0,0,0,0,0,"InstanceContentRewardItem#100",False,0,0,"InstanceContentBuff#0",0,,0,0,0,0,0,False,0,0,0,0,0,0,False,0,0,True
60009,"InstanceContentType#9",0,60,False,"","music/ffxiv/BGM_System_WinLoop.scd","",0,207,"Colosseum#0",0,"","","BNpcBase#0","","",0,0,0,0,0,0,0,0,0,0,0,0,0,0,0,0,0,0,0,0,0,0,0,0,0,0,0,0,0,0,0,0,0,"InstanceContentRewardItem#100",False,0,0,"InstanceContentBuff#0",0,,0,0,0,0,0,False,0,0,0,0,0,0,False,0,0,True
60010,"InstanceContentType#9",0,60,False,"","music/ffxiv/BGM_System_WinLoop.scd","",0,208,"Colosseum#0",0,"","","BNpcBase#13900","Ah...yesss... So <Emphasis>this</Emphasis> is the Dark! I am becoming one with you now... It is... It is ecstasy! Yes! The Dark has chosen me! The bodies of the unwitting will be my vessels! I am immortal...","",0,0,0,0,0,0,0,0,0,0,0,0,0,0,0,0,0,0,0,0,0,0,0,0,0,0,0,0,0,0,0,0,0,"InstanceContentRewardItem#100",False,0,0,"InstanceContentBuff#0",0,,0,0,0,0,0,False,0,0,0,0,0,0,False,0,0,True
60011,"InstanceContentType#9",0,60,False,"","music/ffxiv/BGM_System_WinLoop.scd","",0,209,"Colosseum#0",0,"","","BNpcBase#0","","",0,0,0,0,0,0,0,0,0,0,0,0,0,0,0,0,0,0,0,0,0,0,0,0,0,0,0,0,0,0,0,0,0,"InstanceContentRewardItem#100",False,0,0,"InstanceContentBuff#0",0,,0,0,0,0,0,False,0,0,0,0,0,0,False,0,0,True
60012,"InstanceContentType#9",0,60,False,"","music/ffxiv/BGM_System_WinLoop.scd","",0,210,"Colosseum#0",0,"","","BNpcBase#0","","",0,0,0,0,0,0,0,0,0,0,0,0,0,0,0,0,0,0,0,0,0,0,0,0,0,0,0,0,0,0,0,0,0,"InstanceContentRewardItem#100",False,0,0,"InstanceContentBuff#0",0,,0,0,0,0,0,False,0,0,0,0,0,0,False,0,0,True
60013,"InstanceContentType#9",0,60,False,"","music/ffxiv/BGM_System_WinLoop.scd","",0,211,"Colosseum#0",0,"","","BNpcBase#0","","",0,0,0,0,0,0,0,0,0,0,0,0,0,0,0,0,0,0,0,0,0,0,0,0,0,0,0,0,0,0,0,0,0,"InstanceContentRewardItem#100",False,0,0,"InstanceContentBuff#0",0,,0,0,0,0,0,False,0,0,0,0,0,0,False,0,0,True
60014,"InstanceContentType#9",0,60,False,"","music/ffxiv/BGM_System_WinLoop.scd","",0,212,"Colosseum#0",0,"","","BNpcBase#0","","",0,0,0,0,0,0,0,0,0,0,0,0,0,0,0,0,0,0,0,0,0,0,0,0,0,0,0,0,0,0,0,0,0,"InstanceContentRewardItem#100",False,0,0,"InstanceContentBuff#0",0,,0,0,0,0,0,False,0,0,0,0,0,0,False,0,0,True
60015,"InstanceContentType#9",0,60,False,"","music/ffxiv/BGM_System_WinLoop.scd","",0,213,"Colosseum#0",0,"","","BNpcBase#0","","",0,0,0,0,0,0,0,0,0,0,0,0,0,0,0,0,0,0,0,0,0,0,0,0,0,0,0,0,0,0,0,0,0,"InstanceContentRewardItem#100",False,0,0,"InstanceContentBuff#0",0,,0,0,0,0,0,False,0,0,0,0,0,0,False,0,0,True
60016,"InstanceContentType#9",0,60,False,"","music/ffxiv/BGM_System_WinLoop.scd","",0,214,"Colosseum#0",0,"","","BNpcBase#0","","",0,0,0,0,0,0,0,0,0,0,0,0,0,0,0,0,0,0,0,0,0,0,0,0,0,0,0,0,0,0,0,0,0,"InstanceContentRewardItem#100",False,0,0,"InstanceContentBuff#0",0,,0,0,0,0,0,False,0,0,0,0,0,0,False,0,0,True
60017,"InstanceContentType#9",0,60,False,"","music/ffxiv/BGM_System_WinLoop.scd","",0,215,"Colosseum#0",0,"","","BNpcBase#0","","",0,0,0,0,0,0,0,0,0,0,0,0,0,0,0,0,0,0,0,0,0,0,0,0,0,0,0,0,0,0,0,0,0,"InstanceContentRewardItem#100",False,0,0,"InstanceContentBuff#0",0,,0,0,0,0,0,False,0,0,0,0,0,0,False,0,0,True
60018,"InstanceContentType#9",0,60,False,"","music/ffxiv/BGM_System_WinLoop.scd","",0,216,"Colosseum#0",0,"","","BNpcBase#0","","",0,0,0,0,0,0,0,0,0,0,0,0,0,0,0,0,0,0,0,0,0,0,0,0,0,0,0,0,0,0,0,0,0,"InstanceContentRewardItem#100",False,0,0,"InstanceContentBuff#0",0,,0,0,0,0,0,False,0,0,0,0,0,0,False,0,0,True
60019,"InstanceContentType#9",0,60,False,"","music/ffxiv/BGM_System_WinLoop.scd","",0,217,"Colosseum#0",0,"","","BNpcBase#0","","",0,0,0,0,0,0,0,0,0,0,0,0,0,0,0,0,0,0,0,0,0,0,0,0,0,0,0,0,0,0,0,0,0,"InstanceContentRewardItem#100",False,0,0,"InstanceContentBuff#0",0,,0,0,0,0,0,False,0,0,0,0,0,0,False,0,0,True
60020,"InstanceContentType#9",0,60,False,"","music/ffxiv/BGM_System_WinShot_02.scd","",0,218,"Colosseum#0",0,"","","BNpcBase#0","","",0,0,0,0,0,0,0,0,0,0,0,0,0,0,0,0,0,0,0,0,0,0,0,0,0,0,0,0,0,0,0,0,0,"InstanceContentRewardItem#100",False,0,0,"InstanceContentBuff#0",0,,0,0,0,0,0,False,0,0,0,0,0,0,False,0,0,True
60021,"InstanceContentType#9",0,60,False,"","music/ffxiv/BGM_System_WinLoop.scd","ex2/depdun/depdun01040/depdun01040",0,540,"Colosseum#0",0,"","","BNpcBase#0","","",0,0,0,0,0,0,0,0,0,0,0,0,0,0,0,0,0,0,0,0,0,0,0,0,0,0,0,0,0,0,0,0,0,"InstanceContentRewardItem#100",False,0,0,"InstanceContentBuff#0",0,,0,0,0,0,0,False,0,0,0,0,0,0,False,0,0,True
60022,"InstanceContentType#9",0,60,False,"","music/ffxiv/BGM_System_WinLoop.scd","",0,541,"Colosseum#0",0,"","","BNpcBase#0","","",0,0,0,0,0,0,0,0,0,0,0,0,0,0,0,0,0,0,0,0,0,0,0,0,0,0,0,0,0,0,0,0,0,"InstanceContentRewardItem#100",False,0,0,"InstanceContentBuff#0",0,,0,0,0,0,0,False,0,0,0,0,0,0,False,0,0,True
60023,"InstanceContentType#9",0,60,False,"","music/ffxiv/BGM_System_WinLoop.scd","",0,542,"Colosseum#0",0,"","","BNpcBase#0","","",0,0,0,0,0,0,0,0,0,0,0,0,0,0,0,0,0,0,0,0,0,0,0,0,0,0,0,0,0,0,0,0,0,"InstanceContentRewardItem#100",False,0,0,"InstanceContentBuff#0",0,,0,0,0,0,0,False,0,0,0,0,0,0,False,0,0,True
60024,"InstanceContentType#9",0,60,False,"","music/ffxiv/BGM_System_WinLoop.scd","",0,543,"Colosseum#0",0,"","","BNpcBase#0","","",0,0,0,0,0,0,0,0,0,0,0,0,0,0,0,0,0,0,0,0,0,0,0,0,0,0,0,0,0,0,0,0,0,"InstanceContentRewardItem#100",False,0,0,"InstanceContentBuff#0",0,,0,0,0,0,0,False,0,0,0,0,0,0,False,0,0,True
60025,"InstanceContentType#9",0,60,False,"","music/ffxiv/BGM_System_WinLoop.scd","",0,544,"Colosseum#0",0,"","","BNpcBase#0","","",0,0,0,0,0,0,0,0,0,0,0,0,0,0,0,0,0,0,0,0,0,0,0,0,0,0,0,0,0,0,0,0,0,"InstanceContentRewardItem#100",False,0,0,"InstanceContentBuff#0",0,,0,0,0,0,0,False,0,0,0,0,0,0,False,0,0,True
60026,"InstanceContentType#9",0,60,False,"","music/ffxiv/BGM_System_WinLoop.scd","",0,545,"Colosseum#0",0,"","","BNpcBase#0","","",0,0,0,0,0,0,0,0,0,0,0,0,0,0,0,0,0,0,0,0,0,0,0,0,0,0,0,0,0,0,0,0,0,"InstanceContentRewardItem#100",False,0,0,"InstanceContentBuff#0",0,,0,0,0,0,0,False,0,0,0,0,0,0,False,0,0,True
60027,"InstanceContentType#9",0,60,False,"","music/ffxiv/BGM_System_WinLoop.scd","",0,546,"Colosseum#0",0,"","","BNpcBase#0","","",0,0,0,0,0,0,0,0,0,0,0,0,0,0,0,0,0,0,0,0,0,0,0,0,0,0,0,0,0,0,0,0,0,"InstanceContentRewardItem#100",False,0,0,"InstanceContentBuff#0",0,,0,0,0,0,0,False,0,0,0,0,0,0,False,0,0,True
60028,"InstanceContentType#9",0,60,False,"","music/ffxiv/BGM_System_WinLoop.scd","",0,547,"Colosseum#0",0,"","","BNpcBase#0","","",0,0,0,0,0,0,0,0,0,0,0,0,0,0,0,0,0,0,0,0,0,0,0,0,0,0,0,0,0,0,0,0,0,"InstanceContentRewardItem#100",False,0,0,"InstanceContentBuff#0",0,,0,0,0,0,0,False,0,0,0,0,0,0,False,0,0,True
60029,"InstanceContentType#9",0,60,False,"","music/ffxiv/BGM_System_WinLoop.scd","",0,548,"Colosseum#0",0,"","","BNpcBase#0","","",0,0,0,0,0,0,0,0,0,0,0,0,0,0,0,0,0,0,0,0,0,0,0,0,0,0,0,0,0,0,0,0,0,"InstanceContentRewardItem#100",False,0,0,"InstanceContentBuff#0",0,,0,0,0,0,0,False,0,0,0,0,0,0,False,0,0,True
60030,"InstanceContentType#9",0,60,False,"","music/ffxiv/BGM_System_WinShot_02.scd","",0,549,"Colosseum#0",0,"","","BNpcBase#0","","",0,0,0,0,0,0,0,0,0,0,0,0,0,0,0,0,0,0,0,0,0,0,0,0,0,0,0,0,0,0,0,0,0,"InstanceContentRewardItem#100",False,0,0,"InstanceContentBuff#0",0,,0,0,0,0,0,False,0,0,0,0,0,0,False,0,0,True
60031,"InstanceContentType#9",0,60,False,"","music/ffxiv/BGM_System_WinLoop.scd","ex4/aktkdd/aktkdd01010/aktkdd01010",0,897,"Colosseum#0",0,"","",,"♪○×◎◎!?
ENEmIEs...DeTECted...AtTacK! ATTaCK!","",0,0,0,0,0,0,0,0,0,0,0,0,0,0,0,0,0,0,0,0,0,0,0,0,0,0,0,0,0,0,0,0,0,"InstanceContentRewardItem#100",False,0,0,"InstanceContentBuff#0",0,,0,0,0,0,0,False,0,116,0,0,0,0,False,0,0,True
60032,"InstanceContentType#9",0,60,False,"","music/ffxiv/BGM_System_WinLoop.scd","",0,898,"Colosseum#0",0,"","",,"Sustained enemy presence detected. Threat level increased and attack pattern elevated in intensity.","",0,0,0,0,0,0,0,0,0,0,0,0,0,0,0,0,0,0,0,0,0,0,0,0,0,0,0,0,0,0,0,0,0,"InstanceContentRewardItem#100",False,0,0,"InstanceContentBuff#0",0,,0,0,0,0,0,False,0,0,0,0,0,0,False,0,0,True
60033,"InstanceContentType#9",0,60,False,"","music/ffxiv/BGM_System_WinLoop.scd","",0,899,"Colosseum#0",0,"","",,"Bear witness to the power of the first brood!","",0,0,0,0,0,0,0,0,0,0,0,0,0,0,0,0,0,0,0,0,0,0,0,0,0,0,0,0,0,0,0,0,0,"InstanceContentRewardItem#100",False,0,0,"InstanceContentBuff#0",0,,0,0,0,0,0,False,0,0,0,0,0,0,False,0,0,True
60034,"InstanceContentType#9",0,60,False,"","music/ffxiv/BGM_System_WinLoop.scd","",0,900,"Colosseum#0",0,"","","BNpcBase#0","","",0,0,0,0,0,0,0,0,0,0,0,0,0,0,0,0,0,0,0,0,0,0,0,0,0,0,0,0,0,0,0,0,0,"InstanceContentRewardItem#100",False,0,0,"InstanceContentBuff#0",0,,0,0,0,0,0,False,0,115,0,0,0,0,False,0,0,True
60035,"InstanceContentType#9",0,60,False,"","music/ffxiv/BGM_System_WinLoop.scd","",0,901,"Colosseum#0",0,"","","BNpcBase#0","","",0,0,0,0,0,0,0,0,0,0,0,0,0,0,0,0,0,0,0,0,0,0,0,0,0,0,0,0,0,0,0,0,0,"InstanceContentRewardItem#100",False,0,0,"InstanceContentBuff#0",0,,0,0,0,0,0,False,0,0,0,0,0,0,False,0,0,True
60036,"InstanceContentType#9",0,60,False,"","music/ffxiv/BGM_System_WinLoop.scd","",0,902,"Colosseum#0",0,"","","BNpcBase#0","","",0,0,0,0,0,0,0,0,0,0,0,0,0,0,0,0,0,0,0,0,0,0,0,0,0,0,0,0,0,0,0,0,0,"InstanceContentRewardItem#100",False,0,0,"InstanceContentBuff#0",0,,0,0,0,0,0,False,0,112,0,0,0,0,False,0,0,True
60037,"InstanceContentType#9",0,60,False,"","music/ffxiv/BGM_System_WinLoop.scd","",0,903,"Colosseum#0",0,"","","BNpcBase#0","","",0,0,0,0,0,0,0,0,0,0,0,0,0,0,0,0,0,0,0,0,0,0,0,0,0,0,0,0,0,0,0,0,0,"InstanceContentRewardItem#100",False,0,0,"InstanceContentBuff#0",0,,0,0,0,0,0,False,0,0,0,0,0,0,False,0,0,True
60038,"InstanceContentType#9",0,60,False,"","music/ffxiv/BGM_System_WinLoop.scd","",0,904,"Colosseum#0",0,"","","BNpcBase#0","","",0,0,0,0,0,0,0,0,0,0,0,0,0,0,0,0,0,0,0,0,0,0,0,0,0,0,0,0,0,0,0,0,0,"InstanceContentRewardItem#100",False,0,0,"InstanceContentBuff#0",0,,0,0,0,0,0,False,0,117,0,0,0,0,False,0,0,True
60039,"InstanceContentType#9",0,60,False,"","music/ffxiv/BGM_System_WinLoop.scd","",0,905,"Colosseum#0",0,"","","BNpcBase#0","","",0,0,0,0,0,0,0,0,0,0,0,0,0,0,0,0,0,0,0,0,0,0,0,0,0,0,0,0,0,0,0,0,0,"InstanceContentRewardItem#100",False,0,0,"InstanceContentBuff#0",0,,0,0,0,0,0,False,0,0,0,0,0,0,False,0,0,True
60040,"InstanceContentType#9",0,60,False,"","music/ffxiv/BGM_System_WinShot_02.scd","",0,906,"Colosseum#0",0,"","",,"Generating attack module. Initiate synchronous strike.","",0,0,0,0,0,0,0,0,0,0,0,0,0,0,0,0,0,0,0,0,0,0,0,0,0,0,0,0,0,0,0,0,0,"InstanceContentRewardItem#100",False,0,0,"InstanceContentBuff#0",0,,0,0,0,0,0,False,0,0,0,0,0,0,False,0,0,True
60041,"InstanceContentType#9",0,60,False,"","music/ffxiv/BGM_System_WinLoop.scd","ex5/dunnvt/dunnvt6c110/dunnvt6c110",0,1032,"Colosseum#0",0,"","",,"Sprout more! More sprouts!","",0,0,0,0,0,0,0,0,0,0,0,0,0,0,0,0,0,0,0,0,0,0,0,0,0,0,0,0,0,0,0,0,0,"InstanceContentRewardItem#100",False,0,0,"InstanceContentBuff#0",0,,0,0,0,0,0,False,0,214,0,0,0,0,False,0,47,True
60042,"InstanceContentType#9",0,60,False,"","music/ffxiv/BGM_System_WinLoop.scd","",0,1033,"Colosseum#0",0,"","","BNpcBase#0","","",0,0,0,0,0,0,0,0,0,0,0,0,0,0,0,0,0,0,0,0,0,0,0,0,0,0,0,0,0,0,0,0,0,"InstanceContentRewardItem#100",False,0,0,"InstanceContentBuff#0",0,,0,0,0,0,0,False,0,209,0,0,0,0,False,0,0,True
60043,"InstanceContentType#9",0,60,False,"","music/ffxiv/BGM_System_WinLoop.scd","",0,1034,"Colosseum#0",0,"","","BNpcBase#0","","",0,0,0,0,0,0,0,0,0,0,0,0,0,0,0,0,0,0,0,0,0,0,0,0,0,0,0,0,0,0,0,0,0,"InstanceContentRewardItem#100",False,0,0,"InstanceContentBuff#0",0,,0,0,0,0,0,False,0,205,0,0,0,0,False,0,0,True
60044,"InstanceContentType#9",0,60,False,"","music/ffxiv/BGM_System_WinLoop.scd","",0,1035,"Colosseum#0",0,"","","BNpcBase#0","","",0,0,0,0,0,0,0,0,0,0,0,0,0,0,0,0,0,0,0,0,0,0,0,0,0,0,0,0,0,0,0,0,0,"InstanceContentRewardItem#100",False,0,0,"InstanceContentBuff#0",0,,0,0,0,0,0,False,0,212,0,0,0,0,False,0,0,True
60045,"InstanceContentType#9",0,60,False,"","music/ffxiv/BGM_System_WinLoop.scd","",0,1036,"Colosseum#0",0,"","","BNpcBase#0","","",0,0,0,0,0,0,0,0,0,0,0,0,0,0,0,0,0,0,0,0,0,0,0,0,0,0,0,0,0,0,0,0,0,"InstanceContentRewardItem#100",False,0,0,"InstanceContentBuff#0",0,,0,0,0,0,0,False,0,217,0,0,0,0,False,0,0,True
60046,"InstanceContentType#9",0,60,False,"","music/ffxiv/BGM_System_WinLoop.scd","",0,1037,"Colosseum#0",0,"","","BNpcBase#0","","",0,0,0,0,0,0,0,0,0,0,0,0,0,0,0,0,0,0,0,0,0,0,0,0,0,0,0,0,0,0,0,0,0,"InstanceContentRewardItem#100",False,0,0,"InstanceContentBuff#0",0,,0,0,0,0,0,False,0,218,0,0,0,0,False,0,0,True
60047,"InstanceContentType#9",0,60,False,"","music/ffxiv/BGM_System_WinLoop.scd","",0,1038,"Colosseum#0",0,"","","BNpcBase#0","","",0,0,0,0,0,0,0,0,0,0,0,0,0,0,0,0,0,0,0,0,0,0,0,0,0,0,0,0,0,0,0,0,0,"InstanceContentRewardItem#100",False,0,0,"InstanceContentBuff#0",0,,0,0,0,0,0,False,0,210,0,0,0,0,False,0,0,True
60048,"InstanceContentType#9",0,60,False,"","music/ffxiv/BGM_System_WinLoop.scd","",0,1039,"Colosseum#0",0,"","","BNpcBase#0","","",0,0,0,0,0,0,0,0,0,0,0,0,0,0,0,0,0,0,0,0,0,0,0,0,0,0,0,0,0,0,0,0,0,"InstanceContentRewardItem#100",False,0,0,"InstanceContentBuff#0",0,,0,0,0,0,0,False,0,0,0,0,0,0,False,0,0,True
60049,"InstanceContentType#9",0,60,False,"","music/ffxiv/BGM_System_WinLoop.scd","",0,1040,"Colosseum#0",0,"","","BNpcBase#0","","",0,0,0,0,0,0,0,0,0,0,0,0,0,0,0,0,0,0,0,0,0,0,0,0,0,0,0,0,0,0,0,0,0,"InstanceContentRewardItem#100",False,0,0,"InstanceContentBuff#0",0,,0,0,0,0,0,False,0,216,0,0,0,0,False,0,0,True
60050,"InstanceContentType#9",0,60,False,"","music/ffxiv/BGM_System_WinShot_02.scd","",0,1041,"Colosseum#0",0,"","",,"You are finished... The abyss take you!","",0,0,0,0,0,0,0,0,0,0,0,0,0,0,0,0,0,0,0,0,0,0,0,0,0,0,0,0,0,0,0,0,0,"InstanceContentRewardItem#100",False,0,0,"InstanceContentBuff#0",0,,0,0,0,0,0,False,0,215,0,0,0,0,False,0,0,True
60051,"InstanceContentType#9",0,90,False,"","music/ffxiv/BGM_System_WinLoop.scd","ex5/dunnvt/dunnvt6c960/dunnvt6c960",0,1063,"Colosseum#0",0,"","",,"You are finished... The abyss take you!","",0,0,0,0,0,0,0,0,0,0,0,0,0,0,0,0,0,0,0,0,0,0,0,0,0,0,0,0,0,0,0,0,0,"InstanceContentRewardItem#100",False,0,0,"InstanceContentBuff#0",0,,0,0,0,0,0,False,0,215,0,0,0,0,False,0,0,False
60052,"InstanceContentType#9",0,90,False,"","music/ffxiv/BGM_System_WinLoop.scd","ex5/dunnvt/dunnvt6c940/dunnvt6c940",0,1065,"Colosseum#0",0,"","",,"You are finished... The abyss take you!","",0,0,0,0,0,0,0,0,0,0,0,0,0,0,0,0,0,0,0,0,0,0,0,0,0,0,0,0,0,0,0,0,0,"InstanceContentRewardItem#100",False,0,0,"InstanceContentBuff#0",0,,0,0,0,0,0,False,0,215,0,0,0,22,False,0,0,True
60053,"InstanceContentType#0",0,60,False,"","music/ffxiv/BGM_System_WinLoop.scd","",0,0,"Colosseum#0",0,"","","BNpcBase#0","","",0,0,0,0,0,0,0,0,0,0,0,0,0,0,0,0,0,0,0,0,0,0,0,0,0,0,0,0,0,0,0,0,0,"InstanceContentRewardItem#100",False,0,0,"InstanceContentBuff#0",0,,0,0,0,0,0,False,0,0,0,0,0,0,False,0,0,False
61000,"InstanceContentType#0",0,60,False,"","music/ffxiv/BGM_System_WinLoop.scd","",0,0,"Colosseum#0",0,"","","BNpcBase#0","","",0,0,0,0,0,0,0,0,0,0,0,0,0,0,0,0,0,0,0,0,0,0,0,0,0,0,0,0,0,0,0,0,0,"InstanceContentRewardItem#100",False,0,0,"InstanceContentBuff#0",0,,0,0,0,0,0,False,0,0,0,0,0,0,False,0,0,False
61001,"InstanceContentType#14",0,120,False,"","","ffxiv/cntemj/cntemj06210/cntemj06210",0,643,"Colosseum#0",0,"","","BNpcBase#0","","",0,0,0,0,0,0,0,0,0,0,0,0,0,0,0,0,0,0,0,0,0,0,0,0,0,0,0,0,0,0,0,0,0,"InstanceContentRewardItem#100",False,0,0,"InstanceContentBuff#0",0,,0,0,0,0,0,False,0,0,0,0,0,0,False,0,0,True
61002,"InstanceContentType#14",0,120,False,"","","ffxiv/cntemj/cntemj06210/cntemj06210",0,644,"Colosseum#0",0,"","","BNpcBase#0","","",0,0,0,0,0,0,0,0,0,0,0,0,0,0,0,0,0,0,0,0,0,0,0,0,0,0,0,0,0,0,0,0,0,"InstanceContentRewardItem#100",False,0,0,"InstanceContentBuff#0",0,,0,0,0,0,0,False,0,0,0,0,0,0,False,0,0,True
61003,"InstanceContentType#14",0,120,False,"","","ffxiv/cntemj/cntemj06210/cntemj06210",0,645,"Colosseum#0",0,"","","BNpcBase#0","","",0,0,0,0,0,0,0,0,0,0,0,0,0,0,0,0,0,0,0,0,0,0,0,0,0,0,0,0,0,0,0,0,0,"InstanceContentRewardItem#100",False,0,0,"InstanceContentBuff#0",0,,0,0,0,0,0,False,0,0,0,0,0,0,False,0,0,True
61004,"InstanceContentType#14",0,120,False,"","","ffxiv/cntemj/cntemj06210/cntemj06210",0,650,"Colosseum#0",0,"","","BNpcBase#0","","",0,0,0,0,0,0,0,0,0,0,0,0,0,0,0,0,0,0,0,0,0,0,0,0,0,0,0,0,0,0,0,0,0,"InstanceContentRewardItem#100",False,0,0,"InstanceContentBuff#0",0,,0,0,0,0,0,False,0,0,0,0,0,0,False,0,0,True
61005,"InstanceContentType#14",0,120,False,"","","ffxiv/cntemj/cntemj06210/cntemj06210",0,766,"Colosseum#0",0,"","","BNpcBase#0","","",0,0,0,0,0,0,0,0,0,0,0,0,0,0,0,0,0,0,0,0,0,0,0,0,0,0,0,0,0,0,0,0,0,"InstanceContentRewardItem#100",False,0,0,"InstanceContentBuff#0",0,,0,0,0,0,0,False,0,0,0,0,0,0,False,0,0,True
61006,"InstanceContentType#14",0,120,False,"","","ffxiv/cntemj/cntemj06210/cntemj06210",0,767,"Colosseum#0",0,"","","BNpcBase#0","","",0,0,0,0,0,0,0,0,0,0,0,0,0,0,0,0,0,0,0,0,0,0,0,0,0,0,0,0,0,0,0,0,0,"InstanceContentRewardItem#100",False,0,0,"InstanceContentBuff#0",0,,0,0,0,0,0,False,0,0,0,0,0,0,False,0,0,True
61007,"InstanceContentType#14",0,120,False,"","","ffxiv/cntemj/cntemj06210/cntemj06210",0,768,"Colosseum#0",0,"","","BNpcBase#0","","",0,0,0,0,0,0,0,0,0,0,0,0,0,0,0,0,0,0,0,0,0,0,0,0,0,0,0,0,0,0,0,0,0,"InstanceContentRewardItem#100",False,0,0,"InstanceContentBuff#0",0,,0,0,0,0,0,False,0,0,0,0,0,0,False,0,0,True
61008,"InstanceContentType#14",0,120,False,"","","ffxiv/cntemj/cntemj06210/cntemj06210",0,769,"Colosseum#0",0,"","","BNpcBase#0","","",0,0,0,0,0,0,0,0,0,0,0,0,0,0,0,0,0,0,0,0,0,0,0,0,0,0,0,0,0,0,0,0,0,"InstanceContentRewardItem#100",False,0,0,"InstanceContentBuff#0",0,,0,0,0,0,0,False,0,0,0,0,0,0,False,0,0,True
61009,"InstanceContentType#0",0,60,False,"","music/ffxiv/BGM_System_WinLoop.scd","",0,0,"Colosseum#0",0,"","","BNpcBase#0","","",0,0,0,0,0,0,0,0,0,0,0,0,0,0,0,0,0,0,0,0,0,0,0,0,0,0,0,0,0,0,0,0,0,"InstanceContentRewardItem#100",False,0,0,"InstanceContentBuff#0",0,,0,0,0,0,0,False,0,0,0,0,0,0,False,0,0,False
62000,"InstanceContentType#15",0,60,False,"","","",0,640,"Colosseum#0",0,"","","BNpcBase#0","","",0,0,0,0,0,0,0,0,0,0,0,0,0,0,0,0,0,0,0,0,0,0,0,0,0,0,0,0,0,0,0,0,0,"InstanceContentRewardItem#100",False,0,0,"InstanceContentBuff#0",0,,0,0,0,0,0,False,1,0,0,0,0,0,False,0,0,False
62001,"InstanceContentType#15",0,60,False,"","","",0,641,"Colosseum#0",0,"","","BNpcBase#0","","",0,0,0,0,0,0,0,0,0,0,0,0,0,0,0,0,0,0,0,0,0,0,0,0,0,0,0,0,0,0,0,0,0,"InstanceContentRewardItem#100",False,0,0,"InstanceContentBuff#0",0,,0,0,0,0,0,False,2,0,0,0,0,0,False,0,0,False
62002,"InstanceContentType#15",0,60,False,"","","",0,642,"Colosseum#0",0,"","","BNpcBase#0","","",0,0,0,0,0,0,0,0,0,0,0,0,0,0,0,0,0,0,0,0,0,0,0,0,0,0,0,0,0,0,0,0,0,"InstanceContentRewardItem#100",False,0,0,"InstanceContentBuff#0",0,,0,0,0,0,0,False,3,0,0,0,0,0,False,0,0,False
62003,"InstanceContentType#15",0,60,False,"","","",0,1081,"Colosseum#0",0,"","","BNpcBase#0","","",0,0,0,0,0,0,0,0,0,0,0,0,0,0,0,0,0,0,0,0,0,0,0,0,0,0,0,0,0,0,0,0,0,"InstanceContentRewardItem#100",False,0,0,"InstanceContentBuff#0",0,,0,0,0,0,0,False,4,0,0,0,0,0,False,0,0,False
62004,"InstanceContentType#15",0,60,False,"","","",0,1082,"Colosseum#0",0,"","","BNpcBase#0","","",0,0,0,0,0,0,0,0,0,0,0,0,0,0,0,0,0,0,0,0,0,0,0,0,0,0,0,0,0,0,0,0,0,"InstanceContentRewardItem#100",False,0,0,"InstanceContentBuff#0",0,,0,0,0,0,0,False,5,0,0,0,0,0,False,0,0,False
62005,"InstanceContentType#15",0,60,False,"","","",0,1083,"Colosseum#0",0,"","","BNpcBase#0","","",0,0,0,0,0,0,0,0,0,0,0,0,0,0,0,0,0,0,0,0,0,0,0,0,0,0,0,0,0,0,0,0,0,"InstanceContentRewardItem#100",False,0,0,"InstanceContentBuff#0",0,,0,0,0,0,0,False,6,0,0,0,0,0,False,0,0,False
63000,"InstanceContentType#16",0,60,False,"","","ffxiv/cntikd/cntikd05210/cntikd05210",8303002,721,"Colosseum#0",0,"","",,"","",0,0,0,0,0,0,0,0,0,0,0,0,0,0,0,0,0,0,0,0,0,0,0,0,0,0,0,0,0,0,0,0,0,"InstanceContentRewardItem#100",False,0,0,"InstanceContentBuff#0",0,,0,0,0,0,0,False,1,25,0,0,0,0,False,0,0,False
63001,"InstanceContentType#16",0,60,False,"","","ffxiv/cntikd/cntikd05210/cntikd05210",8303002,730,"Colosseum#0",0,"","",,"","",0,0,0,0,0,0,0,0,0,0,0,0,0,0,0,0,0,0,0,0,0,0,0,0,0,0,0,0,0,0,0,0,0,"InstanceContentRewardItem#100",False,0,0,"InstanceContentBuff#0",0,,0,0,0,0,0,False,2,25,0,0,0,0,False,0,0,False
63002,"InstanceContentType#16",0,60,False,"","","ffxiv/cntikd/cntikd05210/cntikd05210",8303002,731,"Colosseum#0",0,"","",,"","",0,0,0,0,0,0,0,0,0,0,0,0,0,0,0,0,0,0,0,0,0,0,0,0,0,0,0,0,0,0,0,0,0,"InstanceContentRewardItem#100",False,0,0,"InstanceContentBuff#0",0,,0,0,0,0,0,False,3,25,0,0,0,0,False,0,0,False
63003,"InstanceContentType#16",0,60,False,"","","ffxiv/cntikd/cntikd05210/cntikd05210",8303002,732,"Colosseum#0",0,"","",,"","",0,0,0,0,0,0,0,0,0,0,0,0,0,0,0,0,0,0,0,0,0,0,0,0,0,0,0,0,0,0,0,0,0,"InstanceContentRewardItem#100",False,0,0,"InstanceContentBuff#0",0,,0,0,0,0,0,False,4,25,0,0,0,0,False,0,0,False
63004,"InstanceContentType#16",0,60,False,"","","ffxiv/cntikd/cntikd05210/cntikd05210",8303002,733,"Colosseum#0",0,"","",,"","",0,0,0,0,0,0,0,0,0,0,0,0,0,0,0,0,0,0,0,0,0,0,0,0,0,0,0,0,0,0,0,0,0,"InstanceContentRewardItem#100",False,0,0,"InstanceContentBuff#0",0,,0,0,0,0,0,False,5,25,0,0,0,0,False,0,0,False
63005,"InstanceContentType#16",0,60,False,"","","ffxiv/cntikd/cntikd05210/cntikd05210",8303002,734,"Colosseum#0",0,"","",,"","",0,0,0,0,0,0,0,0,0,0,0,0,0,0,0,0,0,0,0,0,0,0,0,0,0,0,0,0,0,0,0,0,0,"InstanceContentRewardItem#100",False,0,0,"InstanceContentBuff#0",0,,0,0,0,0,0,False,6,25,0,0,0,0,False,0,0,False
63006,"InstanceContentType#16",0,60,False,"","","ffxiv/cntikd/cntikd05210/cntikd05210",8303002,770,"Colosseum#0",0,"","",,"","",0,0,0,0,0,0,0,0,0,0,0,0,0,0,0,0,0,0,0,0,0,0,0,0,0,0,0,0,0,0,0,0,0,"InstanceContentRewardItem#100",False,0,0,"InstanceContentBuff#0",0,,0,0,0,0,0,False,7,25,0,0,0,0,False,0,0,False
63007,"InstanceContentType#16",0,60,False,"","","ffxiv/cntikd/cntikd05210/cntikd05210",8303002,771,"Colosseum#0",0,"","",,"","",0,0,0,0,0,0,0,0,0,0,0,0,0,0,0,0,0,0,0,0,0,0,0,0,0,0,0,0,0,0,0,0,0,"InstanceContentRewardItem#100",False,0,0,"InstanceContentBuff#0",0,,0,0,0,0,0,False,8,25,0,0,0,0,False,0,0,False
63008,"InstanceContentType#16",0,60,False,"","","ffxiv/cntikd/cntikd05210/cntikd05210",8303002,772,"Colosseum#0",0,"","",,"","",0,0,0,0,0,0,0,0,0,0,0,0,0,0,0,0,0,0,0,0,0,0,0,0,0,0,0,0,0,0,0,0,0,"InstanceContentRewardItem#100",False,0,0,"InstanceContentBuff#0",0,,0,0,0,0,0,False,9,25,0,0,0,0,False,0,0,False
63009,"InstanceContentType#16",0,60,False,"","","ffxiv/cntikd/cntikd05210/cntikd05210",8303002,773,"Colosseum#0",0,"","",,"","",0,0,0,0,0,0,0,0,0,0,0,0,0,0,0,0,0,0,0,0,0,0,0,0,0,0,0,0,0,0,0,0,0,"InstanceContentRewardItem#100",False,0,0,"InstanceContentBuff#0",0,,0,0,0,0,0,False,10,25,0,0,0,0,False,0,0,False
63010,"InstanceContentType#16",0,60,False,"","","ffxiv/cntikd/cntikd05210/cntikd05210",8303002,774,"Colosseum#0",0,"","",,"","",0,0,0,0,0,0,0,0,0,0,0,0,0,0,0,0,0,0,0,0,0,0,0,0,0,0,0,0,0,0,0,0,0,"InstanceContentRewardItem#100",False,0,0,"InstanceContentBuff#0",0,,0,0,0,0,0,False,11,25,0,0,0,0,False,0,0,False
63011,"InstanceContentType#16",0,60,False,"","","ffxiv/cntikd/cntikd05210/cntikd05210",8303002,775,"Colosseum#0",0,"","",,"","",0,0,0,0,0,0,0,0,0,0,0,0,0,0,0,0,0,0,0,0,0,0,0,0,0,0,0,0,0,0,0,0,0,"InstanceContentRewardItem#100",False,0,0,"InstanceContentBuff#0",0,,0,0,0,0,0,False,12,25,0,0,0,0,False,0,0,False
63012,"InstanceContentType#16",0,60,False,"","","ex2/cntikd/cntikd06400/cntikd06400",9908417,952,"Colosseum#0",0,"","",,"","",0,0,0,0,0,0,0,0,0,0,0,0,0,0,0,0,0,0,0,0,0,0,0,0,0,0,0,0,0,0,0,0,0,"InstanceContentRewardItem#100",False,0,0,"InstanceContentBuff#0",0,,0,0,0,0,0,False,13,140,0,0,0,0,False,0,0,False
63013,"InstanceContentType#16",0,60,False,"","","ex2/cntikd/cntikd06400/cntikd06400",9908417,953,"Colosseum#0",0,"","",,"","",0,0,0,0,0,0,0,0,0,0,0,0,0,0,0,0,0,0,0,0,0,0,0,0,0,0,0,0,0,0,0,0,0,"InstanceContentRewardItem#100",False,0,0,"InstanceContentBuff#0",0,,0,0,0,0,0,False,14,140,0,0,0,0,False,0,0,False
63014,"InstanceContentType#16",0,60,False,"","","ex2/cntikd/cntikd06400/cntikd06400",9908417,954,"Colosseum#0",0,"","",,"","",0,0,0,0,0,0,0,0,0,0,0,0,0,0,0,0,0,0,0,0,0,0,0,0,0,0,0,0,0,0,0,0,0,"InstanceContentRewardItem#100",False,0,0,"InstanceContentBuff#0",0,,0,0,0,0,0,False,15,140,0,0,0,0,False,0,0,False
63015,"InstanceContentType#16",0,60,False,"","","ex2/cntikd/cntikd06400/cntikd06400",9908417,955,"Colosseum#0",0,"","",,"","",0,0,0,0,0,0,0,0,0,0,0,0,0,0,0,0,0,0,0,0,0,0,0,0,0,0,0,0,0,0,0,0,0,"InstanceContentRewardItem#100",False,0,0,"InstanceContentBuff#0",0,,0,0,0,0,0,False,16,140,0,0,0,0,False,0,0,False
63016,"InstanceContentType#16",0,60,False,"","","ex2/cntikd/cntikd06400/cntikd06400",9908417,956,"Colosseum#0",0,"","",,"","",0,0,0,0,0,0,0,0,0,0,0,0,0,0,0,0,0,0,0,0,0,0,0,0,0,0,0,0,0,0,0,0,0,"InstanceContentRewardItem#100",False,0,0,"InstanceContentBuff#0",0,,0,0,0,0,0,False,17,140,0,0,0,0,False,0,0,False
63017,"InstanceContentType#16",0,60,False,"","","ex2/cntikd/cntikd06400/cntikd06400",9908417,957,"Colosseum#0",0,"","",,"","",0,0,0,0,0,0,0,0,0,0,0,0,0,0,0,0,0,0,0,0,0,0,0,0,0,0,0,0,0,0,0,0,0,"InstanceContentRewardItem#100",False,0,0,"InstanceContentBuff#0",0,,0,0,0,0,0,False,18,140,0,0,0,0,False,0,0,False
63018,"InstanceContentType#16",0,60,False,"","","ex2/cntikd/cntikd06400/cntikd06400",9908417,1098,"Colosseum#0",0,"","",,"","",0,0,0,0,0,0,0,0,0,0,0,0,0,0,0,0,0,0,0,0,0,0,0,0,0,0,0,0,0,0,0,0,0,"InstanceContentRewardItem#100",False,0,0,"InstanceContentBuff#0",0,,0,0,0,0,0,False,19,140,0,0,0,0,False,0,0,False
63019,"InstanceContentType#16",0,60,False,"","","ex2/cntikd/cntikd06400/cntikd06400",9908417,1099,"Colosseum#0",0,"","",,"","",0,0,0,0,0,0,0,0,0,0,0,0,0,0,0,0,0,0,0,0,0,0,0,0,0,0,0,0,0,0,0,0,0,"InstanceContentRewardItem#100",False,0,0,"InstanceContentBuff#0",0,,0,0,0,0,0,False,20,140,0,0,0,0,False,0,0,False
63020,"InstanceContentType#16",0,60,False,"","","ex2/cntikd/cntikd06400/cntikd06400",9908417,1100,"Colosseum#0",0,"","",,"","",0,0,0,0,0,0,0,0,0,0,0,0,0,0,0,0,0,0,0,0,0,0,0,0,0,0,0,0,0,0,0,0,0,"InstanceContentRewardItem#100",False,0,0,"InstanceContentBuff#0",0,,0,0,0,0,0,False,21,140,0,0,0,0,False,0,0,False
64000,"InstanceContentType#0",0,60,False,"","music/ffxiv/BGM_System_WinLoop.scd","",0,0,"Colosseum#0",0,"","","BNpcBase#0","","",0,0,0,0,0,0,0,0,0,0,0,0,0,0,0,0,0,0,0,0,0,0,0,0,0,0,0,0,0,0,0,0,0,"InstanceContentRewardItem#100",False,0,0,"InstanceContentBuff#0",0,,0,0,0,0,0,False,0,0,0,0,0,0,False,0,0,False
64001,"InstanceContentType#0",0,0,False,"","","",0,0,"Colosseum#0",0,"","","BNpcBase#0","","",0,0,0,0,0,0,0,0,0,0,0,0,0,0,0,0,0,0,0,0,0,0,0,0,0,0,0,0,0,0,0,0,0,"InstanceContentRewardItem#0",False,0,0,"InstanceContentBuff#0",0,"InstanceContent#0",0,0,0,0,0,False,0,0,0,0,0,0,False,0,0,False
64002,"InstanceContentType#0",0,0,False,"","","",0,0,"Colosseum#0",0,"","","BNpcBase#0","","",0,0,0,0,0,0,0,0,0,0,0,0,0,0,0,0,0,0,0,0,0,0,0,0,0,0,0,0,0,0,0,0,0,"InstanceContentRewardItem#0",False,0,0,"InstanceContentBuff#0",0,"InstanceContent#0",0,0,0,0,0,False,0,0,0,0,0,0,False,0,0,False
64003,"InstanceContentType#0",0,0,False,"","","",0,0,"Colosseum#0",0,"","","BNpcBase#0","","",0,0,0,0,0,0,0,0,0,0,0,0,0,0,0,0,0,0,0,0,0,0,0,0,0,0,0,0,0,0,0,0,0,"InstanceContentRewardItem#0",False,0,0,"InstanceContentBuff#0",0,"InstanceContent#0",0,0,0,0,0,False,0,0,0,0,0,0,False,0,0,False
64004,"InstanceContentType#0",0,0,False,"","","",0,0,"Colosseum#0",0,"","","BNpcBase#0","","",0,0,0,0,0,0,0,0,0,0,0,0,0,0,0,0,0,0,0,0,0,0,0,0,0,0,0,0,0,0,0,0,0,"InstanceContentRewardItem#0",False,0,0,"InstanceContentBuff#0",0,"InstanceContent#0",0,0,0,0,0,False,0,0,0,0,0,0,False,0,0,False
64005,"InstanceContentType#0",0,0,False,"","","",0,0,"Colosseum#0",0,"","","BNpcBase#0","","",0,0,0,0,0,0,0,0,0,0,0,0,0,0,0,0,0,0,0,0,0,0,0,0,0,0,0,0,0,0,0,0,0,"InstanceContentRewardItem#0",False,0,0,"InstanceContentBuff#0",0,"InstanceContent#0",0,0,0,0,0,False,0,0,0,0,0,0,False,0,0,False
64006,"InstanceContentType#0",0,0,False,"","","",0,0,"Colosseum#0",0,"","","BNpcBase#0","","",0,0,0,0,0,0,0,0,0,0,0,0,0,0,0,0,0,0,0,0,0,0,0,0,0,0,0,0,0,0,0,0,0,"InstanceContentRewardItem#0",False,0,0,"InstanceContentBuff#0",0,"InstanceContent#0",0,0,0,0,0,False,0,0,0,0,0,0,False,0,0,False
64007,"InstanceContentType#0",0,0,False,"","","",0,0,"Colosseum#0",0,"","","BNpcBase#0","","",0,0,0,0,0,0,0,0,0,0,0,0,0,0,0,0,0,0,0,0,0,0,0,0,0,0,0,0,0,0,0,0,0,"InstanceContentRewardItem#0",False,0,0,"InstanceContentBuff#0",0,"InstanceContent#0",0,0,0,0,0,False,0,0,0,0,0,0,False,0,0,False
64008,"InstanceContentType#0",0,0,False,"","","",0,0,"Colosseum#0",0,"","","BNpcBase#0","","",0,0,0,0,0,0,0,0,0,0,0,0,0,0,0,0,0,0,0,0,0,0,0,0,0,0,0,0,0,0,0,0,0,"InstanceContentRewardItem#0",False,0,0,"InstanceContentBuff#0",0,"InstanceContent#0",0,0,0,0,0,False,0,0,0,0,0,0,False,0,0,False
64009,"InstanceContentType#0",0,0,False,"","","",0,0,"Colosseum#0",0,"","","BNpcBase#0","","",0,0,0,0,0,0,0,0,0,0,0,0,0,0,0,0,0,0,0,0,0,0,0,0,0,0,0,0,0,0,0,0,0,"InstanceContentRewardItem#0",False,0,0,"InstanceContentBuff#0",0,"InstanceContent#0",0,0,0,0,0,False,0,0,0,0,0,0,False,0,0,False
64010,"InstanceContentType#0",0,0,False,"","","",0,0,"Colosseum#0",0,"","","BNpcBase#0","","",0,0,0,0,0,0,0,0,0,0,0,0,0,0,0,0,0,0,0,0,0,0,0,0,0,0,0,0,0,0,0,0,0,"InstanceContentRewardItem#0",False,0,0,"InstanceContentBuff#0",0,"InstanceContent#0",0,0,0,0,0,False,0,0,0,0,0,0,False,0,0,False
64011,"InstanceContentType#0",0,0,False,"","","",0,0,"Colosseum#0",0,"","","BNpcBase#0","","",0,0,0,0,0,0,0,0,0,0,0,0,0,0,0,0,0,0,0,0,0,0,0,0,0,0,0,0,0,0,0,0,0,"InstanceContentRewardItem#0",False,0,0,"InstanceContentBuff#0",0,"InstanceContent#0",0,0,0,0,0,False,0,0,0,0,0,0,False,0,0,False
64012,"InstanceContentType#0",0,0,False,"","","",0,0,"Colosseum#0",0,"","","BNpcBase#0","","",0,0,0,0,0,0,0,0,0,0,0,0,0,0,0,0,0,0,0,0,0,0,0,0,0,0,0,0,0,0,0,0,0,"InstanceContentRewardItem#0",False,0,0,"InstanceContentBuff#0",0,"InstanceContent#0",0,0,0,0,0,False,0,0,0,0,0,0,False,0,0,False
64013,"InstanceContentType#17",0,60,False,"music/ex2/BGM_EX2_Ban_03_1.scd","music/ffxiv/BGM_System_WinLoop.scd","ex5/bossin/bossin00210/bossin00210",0,1118,"Colosseum#0",0,"","","BNpcBase#16900","Yesss! Let us shed all limits! Only then shall our legend be complete!","",0,0,0,0,0,0,0,0,20,10,0,0,0,0,0,0,0,0,0,0,0,0,0,0,0,0,0,0,0,0,0,0,0,"InstanceContentRewardItem#100",False,0,0,"InstanceContentBuff#0",0,,0,5,0,3,5,False,0,0,0,0,0,32,False,0,0,False
64014,"InstanceContentType#0",0,60,False,"","music/ffxiv/BGM_System_WinLoop.scd","",0,0,"Colosseum#0",0,"","","BNpcBase#0","","",0,0,0,0,0,0,0,0,0,0,0,0,0,0,0,0,0,0,0,0,0,0,0,0,0,0,0,0,0,0,0,0,0,"InstanceContentRewardItem#100",False,0,0,"InstanceContentBuff#0",0,,0,0,0,0,0,False,0,0,0,0,0,0,False,0,0,False
65000,"InstanceContentType#0",0,0,False,"","","",0,0,"Colosseum#0",0,"","","BNpcBase#0","","",0,0,0,0,0,0,0,0,0,0,0,0,0,0,0,0,0,0,0,0,0,0,0,0,0,0,0,0,0,0,0,0,0,"InstanceContentRewardItem#0",False,0,0,"InstanceContentBuff#0",0,"InstanceContent#0",0,0,0,0,0,False,0,0,0,0,0,0,False,0,0,False
65001,"InstanceContentType#2",0,60,False,"","music/ffxiv/BGM_System_WinLoop.scd","",0,0,"Colosseum#0",0,"","","BNpcBase#0","","",0,0,0,0,0,0,0,0,0,0,0,0,0,0,0,0,0,0,0,0,0,0,0,0,0,0,0,0,0,0,0,0,0,"InstanceContentRewardItem#100",False,0,0,"InstanceContentBuff#0",0,,0,0,0,0,0,False,0,0,0,0,0,0,False,0,0,False
65002,"InstanceContentType#0",0,0,False,"","","",0,0,"Colosseum#0",0,"","","BNpcBase#0","","",0,0,0,0,0,0,0,0,0,0,0,0,0,0,0,0,0,0,0,0,0,0,0,0,0,0,0,0,0,0,0,0,0,"InstanceContentRewardItem#0",False,0,0,"InstanceContentBuff#0",0,"InstanceContent#0",0,0,0,0,0,False,0,0,0,0,0,0,False,0,0,False
