key,0,1,2,3,4,5,6,7,8,9,10
#,,,Item[0],Item[1],Item[2],Item[3],Item[4],Item[5],Item[6],Item[7],Item[8]
int32,uint32,uint32,Item,Item,Item,Item,Item,Item,Item,Item,Item
0,0,0,"Gil","","","","","","","",""
41787,0,0,"","","","","","","","",""
41788,0,0,"","","","","","","","",""
41789,0,0,"","","","","","","","",""
44960,0,0,"","","","","","","","",""
44961,0,0,"","","","","","","","",""
44962,0,0,"","","","","","","","",""
44963,0,0,"","","","","","","","",""
44964,0,0,"","","","","","","","",""
44965,0,0,"","","","","","","","",""
44966,0,0,"","","","","","","","",""
44967,0,0,"","","","","","","","",""
44968,0,0,"","","","","","","","",""
44969,0,0,"","","","","","","","",""
45094,0,0,"Dream Hat","Dream Tunic","","","Dream Boots","","","",""
45095,0,0,"Reindeer Antlers","Reindeer Suit","","","","","","",""
45096,0,0,"","","","","","","","",""
45097,0,0,"","","","","","","","",""
45098,0,0,"","","","","","","","",""
45099,0,0,"","","","","","","","",""
45100,0,0,"","","","","","","","",""
45101,0,0,"","","","","","","","",""
45102,0,0,"","Red Summer Top","","Red Summer Trunks","","","","",""
45103,0,0,"","Green Summer Top","","Green Summer Trunks","","","","",""
45104,0,0,"","Blue Summer Top","","Blue Summer Trunks","","","","",""
45105,0,0,"","Solar Summer Top","","Solar Summer Trunks","","","","",""
45106,0,0,"","Lunar Summer Top","","Lunar Summer Trunks","","","","",""
45107,0,0,"","Red Summer Halter","","Red Summer Tanga","","","","",""
45108,0,0,"","Green Summer Halter","","Green Summer Tanga","","","","",""
45109,0,0,"","Blue Summer Halter","","Blue Summer Tanga","","","","",""
45110,0,0,"","Solar Summer Halter","","Solar Summer Tanga","","","","",""
45111,0,0,"","Lunar Summer Halter","","Lunar Summer Tanga","","","","",""
45112,0,0,"Company Hat","Company Tabard","","","","","","",""
45113,0,0,"","Summer Evening Top","","Summer Evening Trunks","","","","",""
45114,0,0,"","Striped Summer Top","","Striped Summer Trunks","","","","",""
45115,0,0,"","Summer Morning Halter","","Summer Morning Tanga","","","","",""
45116,0,0,"","Striped Summer Halter","","Striped Summer Tanga","","","","",""
45117,0,0,"","Black Summer Top","","Black Summer Trunks","","","","",""
45118,0,0,"","Black Summer Halter","","Black Summer Tanga","","","","",""
45119,0,0,"Mended Imperial Pot Helm","Mended Imperial Short Robe","","","","","","",""
45120,0,0,"Snowman Head","Snowman Suit","Snowman Mitts","","","","","",""
45121,0,0,"Valentione Hat","Valentione Apron","Valentione Mitts","Valentione Trousers","Valentione Pattens","","","",""
45122,0,0,"Valentione Hat","Valentione Apron Dress","Valentione Mitts","Valentione Skirt","Valentione Pattens","","","",""
45123,0,0,"Highland Hood","Highland Smock","Highland Mitts","","Highland Boots","","","",""
45124,0,0,"","Glacial Coat","","","Glacial Boots","","","",""
45125,0,0,"","Sailor Shirt","","Sailor Brais","Sailor Deck Shoes","","","",""
45126,0,0,"Spring Straw Hat","Spring Dress","","Spring Skirt","Spring Dress Shoes","","","",""
45127,0,0,"","Light Steel Galerus","","Light Steel Subligar","","","","",""
45128,0,0,"","Taffeta Shawl","","Taffeta Loincloth","","","","",""
45129,0,0,"Sweet Dream Cap","Sweet Dream Tunic","","","Sweet Dream Boots","","","",""
45130,0,0,"","Ti Leaf Lei","","Red Summer Maro","","","","",""
45131,0,0,"","South Seas Talisman","","Blue Summer Maro","","","","",""
45132,0,0,"","Coeurl Talisman","","Coeurl Beach Maro","","","","",""
45133,0,0,"","Coronal Summer Halter","","Red Summer Pareo","","","","",""
45134,0,0,"","Sea Breeze Summer Halter","","Sea Breeze Summer Pareo","","","","",""
45135,0,0,"","Coeurl Beach Halter","","Coeurl Beach Pareo","","","","",""
45136,0,0,"","Coeurl Beach Halter","","Coeurl Beach Tanga","","","","",""
45137,0,0,"Crescent Moon Cone","Crescent Moon Nightgown","","Crescent Moon Bottoms","Crescent Moon Slippers","","","",""
45138,0,0,"Crescent Moon Nightcap","Crescent Moon Nightgown","","Crescent Moon Bottoms","Crescent Moon Slippers","","","",""
45139,0,0,"","Tailcoat of Eternal Innocence","Gloves of Eternal Innocence","Slacks of Eternal Innocence","Boots of Eternal Innocence","","","",""
45140,0,0,"","Tailcoat of Eternal Passion","Gloves of Eternal Passion","Slacks of Eternal Passion","Boots of Eternal Passion","","","",""
45141,0,0,"","Tailcoat of Eternal Devotion","Gloves of Eternal Devotion","Slacks of Eternal Devotion","Boots of Eternal Devotion","","","",""
45142,0,0,"Veil of Eternal Innocence","Gown of Eternal Innocence","","Tights of Eternal Innocence","Bootlets of Eternal Innocence","","","",""
45143,0,0,"Veil of Eternal Passion","Gown of Eternal Passion","","Tights of Eternal Passion","Bootlets of Eternal Passion","","","",""
45144,0,0,"Veil of Eternal Devotion","Gown of Eternal Devotion","","Tights of Eternal Devotion","Bootlets of Eternal Devotion","","","",""
45145,0,0,"Moogle Head","Moogle Body","Moogle Arms","Moogle Buns","Moogle Legs","","","",""
45146,0,0,"Eerie Hat","Eerie Robe","","Eerie Tights","Eerie Crakows","","","",""
45147,0,0,"Starlight Sugarloaf Hat","Starlight Tunic","","Starlight Tights","Starlight Boots","","","",""
45148,0,0,"","Best Man's Jacket","","Best Man's Slacks","Best Man's Gaiters","","","",""
45149,0,0,"","Bridesmaid's Dress","","Bridesmaid's Tights","Bridesmaid's Sandals","","","",""
45150,0,0,"","Gambler's Trenchcoat","Gambler's Gloves","Gambler's Trousers","Gambler's Boots","","","",""
45151,0,0,"Bunny Crown","Bunny Bustier","Bunny Loops","Bunny Tights","Bunny Pumps","","","",""
45152,0,0,"","Riviera Doublet","","Riviera Slops","","","","",""
45153,0,0,"","Oasis Doublet","","Oasis Halftrews","","","","",""
45154,0,0,"","Oasis Tunic","","Oasis Sarouel","","","","",""
45155,0,0,"","Glade Tunic","","Glade Slops","Glade Shoes","","","",""
45156,0,0,"The Emperor's New Hat","The Emperor's New Robe","The Emperor's New Gloves","The Emperor's New Breeches","The Emperor's New Boots","The Emperor's New Earrings","The Emperor's New Necklace","The Emperor's New Bracelet","The Emperor's New Ring"
45157,0,0,"","Strife Vest","Strife Gloves","Strife Bags","Strife Boots","","","",""
45158,0,0,"","Manderville Coatee","","Manderville Bottoms","","","","",""
45159,0,0,"","Southern Seas Vest","","Southern Seas Trunks","","","","",""
45160,0,0,"","Southern Seas Swimsuit","","Southern Seas Tanga","","","","",""
45161,0,0,"","Striped Southern Seas Vest","","Southern Seas Trunks","","","","",""
45162,0,0,"","Striped Southern Seas Swimsuit","","Southern Seas Tanga","","","","",""
45163,0,0,"Thavnairian Turban","Thavnairian Bolero","Thavnairian Gloves","Thavnairian Sarouel","Thavnairian Babouches","","","",""
45164,0,0,"Thavnairian Headdress","Thavnairian Bustier","Thavnairian Armlets","Thavnairian Tights","Thavnairian Sandals","","","",""
45165,0,0,"Spotted Fedora","Spotted Spencer","","","","","","",""
45166,0,0,"Wild Rose Bandana","Wild Rose Cuirass","Wild Rose Armguards","Wild Rose Breeches","Wild Rose Boots","","","",""
45167,0,0,"Witch's Hat","Witch's Coatee","Witch's Gloves","","Witch's Thighboots","","","",""
45168,0,0,"","","","","","","","",""
45169,0,0,"","","","","","","","",""
45170,0,0,"Bunny Chief Crown","Bunny Chief Bustier","Bunny Chief Loops","Bunny Chief Tights","Bunny Chief Pumps","","","",""
45171,0,0,"","High House Justaucorps","","High House Breeches","High House Boots","","","",""
45172,0,0,"High House Cloche","High House Bustle","","","High House Halfboots","","","",""
45173,0,0,"","Falconer's Shirt","","Falconer's Bottoms","Falconer's Boots","","","",""
45174,0,0,"","Lord's Suikan","","","Little Lord's Clogs","","","",""
45175,0,0,"","Scion Conjurer's Dalmatica","","Scion Conjurer's Chausses","Scion Conjurer's Pattens","","","",""
45176,0,0,"","Scion Thief's Tunic","Scion Thief's Halfgloves","Scion Thief's Gaskins","Scion Thief's Armored Caligae","","","",""
45177,0,0,"Scion Striker's Visor","Scion Striker's Attire","","","","","","",""
45178,0,0,"Scion Thaumaturge's Monocle","Scion Thaumaturge's Robe","Scion Thaumaturge's Gauntlets","Scion Thaumaturge's Gaskins","Scion Thaumaturge's Moccasins","","","",""
45179,0,0,"","Scion Chronocler's Cowl","Scion Chronocler's Ringbands","Scion Chronocler's Tights","Scion Chronocler's Caligae","","","",""
45180,0,0,"Amatsu Hachigane","Amatsu Togi","Amatsu Tekko","Amatsu Haidate","Amatsu Sune-ate","","","",""
45181,0,0,"","Lady's Suikan","","","Little Lady's Clogs","","","",""
45182,0,0,"","Rainbow Justaucorps","","Rainbow Breeches","Archaeoskin Boots","","","",""
45183,0,0,"Archaeoskin Cloche","Rainbow Bustle","","","Archaeoskin Halfboots","","","",""
45184,0,0,"","Ramie Shirt","","Dragonskin Bottoms","Dragonskin Boots","","","",""
45185,0,0,"","Tantalus Vest","Tantalus Cuffs","Tantalus Breeches","Tantalus Boots","","","",""
45186,0,0,"","Expeditioner's Coat","","Expeditioner's Kecks","Expeditioner's Moccasins","","","",""
45187,0,0,"","","","","","","","",""
45188,0,0,"","Expeditioner's Tabard","Expeditioner's Gloves","Expeditioner's Pantalettes","Expeditioner's Thighboots","","","",""
45189,0,0,"","","","","","","","",""
45190,0,0,"","Uraeus Body Armor","","Uraeus Breeches","","","","",""
45191,0,0,"","Gryphonskin Breastguard","","Gryphonskin Pantalettes","","","","",""
45192,0,0,"Head Engineer's Goggles","Head Engineer's Attire","","","","","","",""
45193,0,0,"Ironworks Engineer's Goggles","Ironworks Engineer's Doublet","Ironworks Engineer's Gloves","Ironworks Engineer's Slops","Ironworks Engineer's Boots","","","",""
45194,0,0,"","Uraeus Coat","","Uraeus Skirt","Dodore Boots","","","",""
45195,0,0,"","Dhalmelskin Coat","","Ramie Kecks","Dhalmelskin Moccasins","","","",""
45196,0,0,"","Ramie Tabard","Dark Dhalmelskin Gloves","Ramie Pantalettes","Dhalmelskin Thighboots","","","",""
45197,0,0,"Wind Silk Wedge Cap","Wind Silk Coatee","Dinosaur Leather Gloves","Wind Silk Bottoms","Dinosaur Leather Shoes","","","",""
45198,0,0,"Housemaid's Brim","Housemaid's Apron Dress","Housemaid's Wristdresses","Housemaid's Bloomers","Housemaid's Pumps","","","",""
45199,0,0,"Butler's Monocle","Butler's Jacket","Butler's Gloves","Butler's Slacks","Butler's Gaiters","","","",""
45200,0,0,"","","","","","","","",""
45201,0,0,"","","","","","","","",""
45202,0,0,"","","","","","","","",""
45203,0,0,"","","","","","","","",""
45204,0,0,"","","","","","","","",""
45205,0,0,"","","","","","","","",""
45206,0,0,"","","","","","","","",""
45207,0,0,"","","","","","","","",""
45208,0,0,"","","","","","","","",""
45209,0,0,"","","","","","","","",""
45210,0,0,"","","","","","","","",""
45211,0,0,"","","","","","","","",""
45212,0,0,"","","","","","","","",""
45213,0,0,"","","","","","","","",""
45214,0,0,"","","","","","","","",""
45215,0,0,"","","","","","","","",""
45216,0,0,"","","","","","","","",""
45217,0,0,"","","","","","","","",""
45218,0,0,"","","","","","","","",""
45219,0,0,"","","","","","","","",""
45220,0,0,"","","","","","","","",""
45221,0,0,"","","","","","","","",""
45222,0,0,"Lone Wolf Crown","Lone Wolf Coat","Lone Wolf Gauntlets","Lone Wolf Breeches","Lone Wolf Boots","","","",""
45223,0,0,"Pack Wolf Crown","Pack Wolf Coat","Pack Wolf Gauntlets","Pack Wolf Breeches","Pack Wolf Boots","","","",""
45224,0,0,"Vanu Vanu Head","Vanu Vanu Body","Vanu Vanu Arms","Vanu Vanu Waist","Vanu Vanu Legs","","","",""
45225,0,0,"Gnath Head","Vath Thorax","Gnath Arms","Gnath Abdomen","Gnath Legs","","","",""
45226,0,0,"New World Headdress","New World Jacket","New World Armlets","New World Hose","New World Moccasins","","","",""
45227,0,0,"Legacy Warrior Coronet","Legacy Warrior Mail","Legacy Warrior Armguards","Legacy Warrior Breeches","Legacy Warrior Sabatons","","","",""
45228,0,0,"Survival Hat","Survival Shirt","","Survival Halfslops","Survival Boots","","","",""
45229,0,0,"","Extreme Survival Shirt","","Extreme Survival Slops","","","","",""
45230,0,0,"Swine Head","Swine Body","","","","","","",""
45231,0,0,"","Fuga Haori","","Fuga Hakama","","","","",""
45232,0,0,"Far Eastern Noble's Mortarboard","Far Eastern Noble's Robe","Far Eastern Noble's Armlets","Far Eastern Noble's Petticoat","Far Eastern Noble's Sandals","","","",""
45233,0,0,"Far Eastern Journey Circlet","Far Eastern Journey Jacket","Far Eastern Journey Armlets","Far Eastern Journey Bottoms","Far Eastern Journey Shoes","","","",""
45234,0,0,"Moonfire Hat","Moonfire Vest","","Moonfire Trunks","Moonfire Caligae","","","",""
45235,0,0,"Moonfire Hat","Moonfire Halter","","Moonfire Tanga","Moonfire Sandals","","","",""
45236,0,0,"Boarskin Survival Hat","Linen Survival Shirt","","Linen Survival Halfslops","Boarskin Survival Boots","","","",""
45237,0,0,"","Scion Rogue's Jacket","Scion Rogue's Armguards","Scion Rogue's Gaskins","Scion Rogue's Boots","","","",""
45238,0,0,"","Scion Healer's Robe","","Scion Healer's Halftights","Scion Healer's Highboots","","","",""
45239,0,0,"","Abes Jacket","Abes Gloves","Abes Halfslops","Abes Boots","","","",""
45240,0,0,"","High Summoner's Dress","High Summoner's Armlets","","High Summoner's Boots","","","",""
45241,0,0,"Angelic Circlet","Angelic Wings","Angelic Chaplets","Angelic Slops","Angelic Thighboots","","","",""
45242,0,0,"Demonic Horns","Demonic Wings","Demonic Gloves","Demonic Slops","Demonic Thighboots","","","",""
45243,0,0,"Far Eastern Gentleman's Hat","Far Eastern Gentleman's Robe","","Far Eastern Gentleman's Trousers","Far Eastern Gentleman's Boots","","","",""
45244,0,0,"Far Eastern Beauty's Hairpin","Far Eastern Beauty's Robe","","Far Eastern Beauty's Skirt","Far Eastern Beauty's Boots","","","",""
45245,0,0,"Ramie Hood","Ramie Poncho","","Ramie Slops","Fur-lined Dhalmelskin Boots","","","",""
45246,0,0,"Cashmere Hood","Cashmere Poncho","","Cashmere Slops","Fur-lined Saurian Boots","","","",""
45247,0,0,"Eaglewing Crown","Eaglewing Coat","Eaglewing Gauntlets","Eaglewing Breeches","Eaglewing Boots","","","",""
45248,0,0,"Eaglebeak Crown","Eaglebeak Coat","Eaglebeak Gauntlets","Eaglebeak Breeches","Eaglebeak Boots","","","",""
45249,0,0,"Tarnished Face of the Golden Wolf","Tarnished Body of the Golden Wolf","Tarnished Hands of the Golden Wolf","Tarnished Legs of the Golden Wolf","Tarnished Feet of the Golden Wolf","","","",""
45250,0,0,"Tarnished Face of Undying Twilight","Tarnished Body of Undying Twilight","Tarnished Hands of Undying Twilight","Tarnished Legs of Undying Twilight","Tarnished Feet of Undying Twilight","","","",""
45251,0,0,"Tarnished Face of Pressing Darkness","Tarnished Body of Pressing Darkness","Tarnished Hands of Pressing Darkness","Tarnished Legs of Pressing Darkness","Tarnished Feet of Pressing Darkness","","","",""
45252,0,0,"Tarnished Face of the White Night","Tarnished Body of the White Night","Tarnished Hands of the White Night","Tarnished Legs of the White Night","Tarnished Feet of the White Night","","","",""
45253,0,0,"Tarnished Face of the Silver Wolf","Tarnished Body of the Silver Wolf","Tarnished Hands of the Silver Wolf","Tarnished Legs of the Silver Wolf","Tarnished Feet of the Silver Wolf","","","",""
45254,0,0,"Common Makai Mauler's Facemask","Common Makai Mauler's Oilskin","Common Makai Mauler's Fingerless Gloves","Common Makai Mauler's Leggings","Common Makai Mauler's Boots","","","",""
45255,0,0,"Common Makai Manhandler's Facemask","Common Makai Manhandler's Jerkin","Common Makai Manhandler's Fingerless Gloves","Common Makai Manhandler's Quartertights","Common Makai Manhandler's Longboots","","","",""
45256,0,0,"Common Makai Marksman's Eyepatch","Common Makai Marksman's Battlegarb","Common Makai Marksman's Fingerless Gloves","Common Makai Marksman's Slops","Common Makai Marksman's Boots","","","",""
45257,0,0,"Common Makai Markswoman's Ribbon","Common Makai Markswoman's Battledress","Common Makai Markswoman's Fingerless Gloves","Common Makai Markswoman's Quartertights","Common Makai Markswoman's Longboots","","","",""
45258,0,0,"Common Makai Sun Guide's Circlet","Common Makai Sun Guide's Oilskin","Common Makai Sun Guide's Fingerless Gloves","Common Makai Sun Guide's Slops","Common Makai Sun Guide's Boots","","","",""
45259,0,0,"Common Makai Moon Guide's Circlet","Common Makai Moon Guide's Gown","Common Makai Moon Guide's Fingerless Gloves","Common Makai Moon Guide's Quartertights","Common Makai Moon Guide's Longboots","","","",""
45260,0,0,"Common Makai Priest's Coronet","Common Makai Priest's Doublet Robe","Common Makai Priest's Fingerless Gloves","Common Makai Priest's Slops","Common Makai Priest's Boots","","","",""
45261,0,0,"Common Makai Priestess's Headdress","Common Makai Priestess's Jerkin","Common Makai Priestess's Fingerless Gloves","Common Makai Priestess's Skirt","Common Makai Priestess's Longboots","","","",""
45262,0,0,"Wool Knit Cap","Wool Suspenders","","Cropped Wool Slops","Raptorskin Shoes","","","",""
45263,0,0,"Flannel Knit Cap","Flannel Suspenders","","Cropped Flannel Slops","Pteroskin Shoes","","","",""
45264,0,0,"","Lord Commander's Coat","Lord Commander's Gloves","","","","","",""
45265,0,0,"Songbird Hat","Songbird Jacket","Songbird Gloves","Songbird Skirt","Songbird Boots","","","",""
45266,0,0,"Royal Seneschal's Chapeau","Royal Seneschal's Coat","Royal Seneschal's Fingerless Gloves","Royal Seneschal's Breeches","Royal Seneschal's Boots","","","",""
45267,0,0,"Zundu Head","Zundu Body","Zundu Arms","Zundu Waist","Zundu Legs","","","",""
45268,0,0,"Gnath Head","Gnath Thorax","Gnath Arms","Gnath Abdomen","Gnath Legs","","","",""
45269,0,0,"Scion Adventurer's Monocle","Scion Adventurer's Jacket","","Scion Adventurer's Bottoms","Scion Adventurer's Boots","","","",""
45270,0,0,"","Leonhart Jacket","Leonhart Gloves","Leonhart Bottoms","Leonhart Boots","","","",""
45271,0,0,"","Ward Knight's Armor","Ward Knight's Gauntlets","Ward Knight's Trousers","Ward Knight's Sabatons","","","",""
45272,0,0,"","Ward Mage's Robe","Ward Mage's Dress Gloves","Ward Mage's Trousers","Ward Mage's Sabatons","","","",""
45273,0,0,"Exclusive Far Eastern Journey Circlet","Exclusive Far Eastern Journey Jacket","Exclusive Far Eastern Journey Armlets","Exclusive Far Eastern Journey Bottoms","Exclusive Far Eastern Journey Shoes","","","",""
45274,0,0,"Aka Oni Somen","Aka Oni Hara-ate","Aka Oni Kote","Aka Oni Tsutsu-hakama","Aka Oni Sune-ate","","","",""
45275,0,0,"Ao Oni Somen","Ao Oni Hara-ate","Ao Oni Kote","Ao Oni Tsutsu-hakama","Ao Oni Sune-ate","","","",""
45276,0,0,"Tengu Bo","Tengu Togi","Tengu Tekko","Tengu Hakama","Tengu Kyahan","","","",""
45277,0,0,"Nue Somen","Nue Togi","Nue Kote","Nue Tsutsu-hakama","Nue Sune-ate","","","",""
45278,0,0,"Karasu Bo","Karasu Togi","Karasu Tekko","Karasu Hakama","Karasu Kyahan","","","",""
45279,0,0,"Hakuko Men","Hakuko Dogi","Hakuko Tekko","Hakuko Tsutsu-hakama","Hakuko Kyahan","","","",""
45280,0,0,"Kokuko Men","Kokuko Dogi","Kokuko Tekko","Kokuko Tsutsu-hakama","Kokuko Kyahan","","","",""
45281,0,0,"Taoist's Cap","Taoist's Shirt","Taoist's Gloves","Taoist's Slops","Taoist's Shoes","","","",""
45282,0,0,"Non La","Ao Dai","","Quan","Guoc","","","",""
45283,0,0,"Star of the Nezha Lord","Nezha Lord's Jacket","Nezha Lord's Gloves","Nezha Lord's Slops","Nezha Lord's Boots","","","",""
45284,0,0,"Star of the Nezha Lady","Nezha Lady's Jacket","Nezha Lady's Gloves","Nezha Lady's Slops","Nezha Lady's Kneeboots","","","",""
45285,0,0,"Loyal Housemaid's Brim","Loyal Housemaid's Apron Dress","Loyal Housemaid's Wristdresses","Loyal Housemaid's Bloomers","Loyal Housemaid's Pumps","","","",""
45286,0,0,"Loyal Butler's Monocle","Loyal Butler's Jacket","Loyal Butler's Gloves","Loyal Butler's Slacks","Loyal Butler's Gaiters","","","",""
45287,0,0,"","Faire Joi","","Faire Kohakama","Faire Zori","","","",""
45288,0,0,"Blackbosom Hat","Blackbosom Dress","Blackbosom Dress Gloves","","Blackbosom Boots","","","",""
45289,0,0,"Hellhound Helm","Hellhound Armor","Hellhound Gauntlets","Hellhound Cuisses","Hellhound Sabatons","","","",""
45290,0,0,"Kabuto of the Blue","Oyoroi of the Blue","Kote of the Blue","Tsutsu-hakama of the Blue","Sune-ate of the Blue","","","",""
45291,0,0,"Werewolf Head","Werewolf Body","Werewolf Arms","Werewolf Bottoms","Werewolf Feet","","","",""
45292,0,0,"Werewolf Head","Werewolf Body","Werewolf Arms","Werewolf Bottoms","Werewolf Legs","","","",""
45293,0,0,"Emerald Carbuncle Ears","Emerald Carbuncle Jacket","","","Emerald Carbuncle Boots","","","",""
45294,0,0,"Topaz Carbuncle Ears","Topaz Carbuncle Jacket","","","Topaz Carbuncle Boots","","","",""
45295,0,0,"","","","","","","","",""
45296,0,0,"","","","","","","","",""
45297,0,0,"","Scion Liberator's Jacket","Scion Liberator's Fingerless Gloves","Scion Liberator's Pantalettes","Scion Liberator's Sabatons","Scion Liberator's Earrings","","",""
45298,0,0,"","Spring Shirt","","Spring Bottoms","Spring Shoes","","","",""
45299,0,0,"Republican Hoplomachus's Headgear","Republican Hoplomachus's Lorica","Republican Hoplomachus's Manicae","Republican Hoplomachus's Loincloth","Republican Hoplomachus's Greaves","","","",""
45300,0,0,"Republican Eques's Headgear","Republican Eques's Chiton","Republican Eques's Manicae","Republican Eques's Loincloth","Republican Eques's Caligae","","","",""
45301,0,0,"Republican Secutor's Mask","Republican Secutor's Lorica","Republican Secutor's Manicae","Republican Secutor's Loincloth","Republican Secutor's Caligae","","","",""
45302,0,0,"Republican Sagittarius's Headband","Republican Sagittarius's Chiton","Republican Sagittarius's Wrist Torque","Republican Sagittarius's Loincloth","Republican Sagittarius's Caligae","","","",""
45303,0,0,"Republican Dimachaerius's Mask","Republican Dimachaerius's Lorica","Republican Dimachaerius's Manicae","Republican Dimachaerius's Loincloth","Republican Dimachaerius's Caligae","","","",""
45304,0,0,"Republican Medicus's Laurel Wreath","Republican Medicus's Chiton","Republican Medicus's Wrist Torque","Republican Medicus's Loincloth","Republican Medicus's Caligae","","","",""
45305,0,0,"Republican Signifer's Horns","Republican Signifer's Chiton","Republican Signifer's Fingerless Gloves","Republican Signifer's Culottes","Republican Signifer's Caligae","","","",""
45306,0,0,"Grey Hound Helm","Grey Hound Armor","Grey Hound Gauntlets","Grey Hound Cuisses","Grey Hound Sabatons","","","",""
45307,0,0,"Faerie Tale Prince's Circlet","Faerie Tale Prince's Vest","Faerie Tale Prince's Gloves","Faerie Tale Prince's Slops","Faerie Tale Prince's Boots","","","",""
45308,0,0,"Faerie Tale Princess's Tiara","Faerie Tale Princess's Dress","Faerie Tale Princess's Gloves","Faerie Tale Princess's Long Skirt","Faerie Tale Princess's Heels","","","",""
45309,0,0,"Cracked Manderville Monocle","Torn Manderville Coatee","Singed Manderville Gloves","Stained Manderville Bottoms","Scuffed Manderville Gaiters","","","",""
45310,0,0,"Anemos Hat","Anemos Jacket","Anemos Gloves","Anemos Chaps","Anemos Boots","","","",""
45311,0,0,"Anemos Pot Helm","Anemos Gambison","Anemos Expeditionary's Gloves","Anemos Sarouel","Anemos Expeditionary's Boots","","","",""
45312,0,0,"Augmented Rathalos Helm [M]","Augmented Rathalos Mail [M]","Augmented Rathalos Vambraces [M]","Augmented Rathalos Coil [M]","Augmented Rathalos Greaves [M]","","","",""
45313,0,0,"Augmented Rathalos Helm [F]","Augmented Rathalos Mail [F]","Augmented Rathalos Vambraces [F]","Augmented Rathalos Coil [F]","Augmented Rathalos Greaves [F]","","","",""
45314,0,0,"Boulevardier's Hat","Boulevardier's Ruffled Shirt","","Boulevardier's Ruffled Pantaloons","Boulevardier's Dress Shoes","","","",""
45315,0,0,"Quaintrelle's Hat","Quaintrelle's Ruffled Dress","","Quaintrelle's Ruffled Skirt","Quaintrelle's Dress Shoes","","","",""
45316,0,0,"Far Eastern Enforcer's Hat","Far Eastern Enforcer's Robe","Far Eastern Enforcer's Cuffs","Far Eastern Enforcer's Trousers","Far Eastern Enforcer's Boots","","","",""
45317,0,0,"Far Eastern Socialite's Hat","Far Eastern Socialite's Dress","Far Eastern Socialite's Gloves","Far Eastern Socialite's Skirt","Far Eastern Socialite's Boots","","","",""
45318,0,0,"","Doman Liege's Dogi","Doman Liege's Kote","Doman Liege's Kyakui","Doman Liege's Kyahan","","","",""
45319,0,0,"Endless Summer Glasses","Endless Summer Top","","Endless Summer Bottom","Endless Summer Sandals","","","",""
45320,0,0,"Barghest Helm","Barghest Armor","Barghest Gauntlets","Barghest Cuisses","Barghest Sabatons","","","",""
45321,0,0,"Pagos Bandana","Pagos Shirt","Pagos Field Dressing","Pagos Gaskins","Pagos Sandals","","","",""
45322,0,0,"Pagos Circlet","Pagos Bolero","Pagos Gloves","Pagos Culottes","Pagos Boots","","","",""
45323,0,0,"Rathalos Helm [M]","Rathalos Mail [M]","Rathalos Vambraces [M]","Rathalos Coil [M]","Rathalos Greaves [M]","","","",""
45324,0,0,"Rathalos Helm [F]","Rathalos Mail [F]","Rathalos Vambraces [F]","Rathalos Coil [F]","Rathalos Greaves [F]","","","",""
45325,0,0,"","Whisperfine Woolen Coat","","Whisperfine Woolen Shorts","Whisperfine Woolen Boots","","","",""
45326,0,0,"Choir Hat","Choir Robe","","","Choir Shoes","","","",""
45327,0,0,"Far Eastern Officer's Hat","Far Eastern Officer's Robe","Far Eastern Officer's Armband","Far Eastern Officer's Bottoms","Far Eastern Officer's Boots","","","",""
45328,0,0,"Far Eastern Maiden's Hat","Far Eastern Maiden's Tunic","Far Eastern Maiden's Armband","Far Eastern Maiden's Bottoms","Far Eastern Maiden's Boots","","","",""
45329,0,0,"Leal Samurai's Kasa","Leal Samurai's Dogi","Leal Samurai's Tekko","Leal Samurai's Tsutsu-hakama","Leal Samurai's Geta","","","",""
45330,0,0,"Moddey Dhoo Helm","Moddey Dhoo Armor","Moddey Dhoo Gauntlets","Moddey Dhoo Cuisses","Moddey Dhoo Sabatons","","","",""
45331,0,0,"Rain Hood","Raincoat","","","Rain Boots","","","",""
45332,0,0,"Scion Traveler's Mask","Scion Traveler's Jacket","Scion Traveler's Gloves","Scion Traveler's Trousers","Scion Traveler's Boots","","","",""
45333,0,0,"Far Eastern Schoolboy's Hat","Far Eastern Schoolboy's Hakama","","","Far Eastern Schoolboy's Zori","","","",""
45334,0,0,"Far Eastern Schoolgirl's Hair Ribbon","Far Eastern Schoolgirl's Hakama","","","Far Eastern Schoolgirl's Boots","","","",""
45335,0,0,"","Spriggan Jacket","","Spriggan Bottoms","Spriggan Boots","","","",""
45336,0,0,"","Lucian Prince's Jacket","Lucian Prince's Fingerless Glove","Lucian Prince's Bottoms","Lucian Prince's Boots","","","",""
45337,0,0,"","Gown of Light","","Skirt of Light","","","","",""
45338,0,0,"Crystarium Helm","Crystarium Tabard","Crystarium Gauntlets","","Crystarium Greaves","","","",""
45339,0,0,"Koro Kabuto","Koro Oyoroi","Koro Kote","Koro Tsutsu-hakama","Koro Sune-ate","","","",""
45340,0,0,"Gunro Kabuto","Gunro Oyoroi","Gunro Kote","Gunro Tsutsu-hakama","Gunro Sune-ate","","","",""
45341,0,0,"Scion Hearer's Hood","Scion Hearer's Coat","","","Scion Hearer's Shoes","","","",""
45342,0,0,"Toad Head","Toad Suit","","","","","","",""
45343,0,0,"","Hooded Fireglass Leather Vest","","Cropped Fireglass Leather Slops","Steerhide Shoes","","","",""
45344,0,0,"","Summer Indigo Shirt","","Cropped Summer Indigo Slops","","","","",""
45345,0,0,"","Adventurer's Hooded Vest","","Cropped Fireglass Leather Slops","Steerhide Shoes","","","",""
45346,0,0,"","","","","","","","",""
45347,0,0,"","","","","","","","",""
45348,0,0,"","","","","","","","",""
45349,0,0,"","","","","","","","",""
45350,0,0,"","","","","","","","",""
45351,0,0,"","","","","","","","",""
45352,0,0,"","","","","","","","",""
45353,0,0,"","","","","","","","",""
45354,0,0,"","","","","","","","",""
45355,0,0,"","","","","","","","",""
45356,0,0,"","","","","","","","",""
45357,0,0,"Late Allagan Mask of Fending","Late Allagan Armor of Fending","Late Allagan Gloves of Fending","Late Allagan Bottoms of Fending","Late Allagan Sollerets of Fending","","","",""
45358,0,0,"Late Allagan Mask of Maiming","Late Allagan Armor of Maiming","Late Allagan Gloves of Maiming","Late Allagan Bottoms of Maiming","Late Allagan Sollerets of Maiming","","","",""
45359,0,0,"Late Allagan Mask of Striking","Late Allagan Armor of Striking","Late Allagan Gloves of Striking","Late Allagan Bottoms of Striking","Late Allagan Sollerets of Striking","","","",""
45360,0,0,"Late Allagan Mask of Aiming","Late Allagan Armor of Aiming","Late Allagan Gloves of Aiming","Late Allagan Bottoms of Aiming","Late Allagan Sollerets of Aiming","","","",""
45361,0,0,"Late Allagan Mask of Scouting","Late Allagan Armor of Scouting","Late Allagan Gloves of Scouting","Late Allagan Bottoms of Scouting","Late Allagan Sollerets of Scouting","","","",""
45362,0,0,"Late Allagan Cap of Healing","Late Allagan Coat of Healing","Late Allagan Gloves of Healing","Late Allagan Bottoms of Healing","Late Allagan Boots of Healing","","","",""
45363,0,0,"Late Allagan Mask of Casting","Late Allagan Coat of Casting","Late Allagan Gloves of Casting","Late Allagan Bottoms of Casting","Late Allagan Boots of Casting","","","",""
45364,0,0,"","Majestic Dress","Majestic Wristdresses","","Majestic Boots","","","",""
45365,0,0,"Valentione Rose Hat","Valentione Rose Waistcoat","Valentione Rose Gloves","Valentione Rose Slacks","Valentione Rose Shoes","","","",""
45366,0,0,"Valentione Forget-me-not Hat","Valentione Forget-me-not Waistcoat","Valentione Forget-me-not Gloves","Valentione Forget-me-not Slacks","Valentione Forget-me-not Shoes","","","",""
45367,0,0,"Valentione Acacia Hat","Valentione Acacia Waistcoat","Valentione Acacia Gloves","Valentione Acacia Slacks","Valentione Acacia Shoes","","","",""
45368,0,0,"Valentione Rose Ribboned Hat","Valentione Rose Dress","Valentione Rose Ribboned Gloves","Valentione Rose Tights","Valentione Rose Heels","","","",""
45369,0,0,"Valentione Forget-me-not Ribboned Hat","Valentione Forget-me-not Dress","Valentione Forget-me-not Ribboned Gloves","Valentione Forget-me-not Tights","Valentione Forget-me-not Heels","","","",""
45370,0,0,"Valentione Acacia Ribboned Hat","Valentione Acacia Dress","Valentione Acacia Ribboned Gloves","Valentione Acacia Tights","Valentione Acacia Heels","","","",""
45371,0,0,"","Urban Coat","","","Urban Boots","","","",""
45372,0,0,"","Rebel Coat","","","Rebel Boots","","","",""
45373,0,0,"","Craftsman's Coverall Top","","Craftsman's Coverall Bottoms","","","","",""
45374,0,0,"","Craftsman's Singlet","","Craftsman's Coverall Bottoms","","","","",""
45375,0,0,"Peacock Hat","Peacock Robe","Peacock Gloves","Peacock Skirt","Peacock Shoes","","","",""
45376,0,0,"Far Eastern Lord Errant's Hat","Far Eastern Lord Errant's Jacket","Far Eastern Lord Errant's Wristbands","Far Eastern Lord Errant's Trousers","Far Eastern Lord Errant's Shoes","","","",""
45377,0,0,"Far Eastern Lady Errant's Hat","Far Eastern Lady Errant's Coat","Far Eastern Lady Errant's Gloves","Far Eastern Lady Errant's Skirt","Far Eastern Lady Errant's Boots","","","",""
45378,0,0,"No.2 Type B Goggles","No.2 Type B Dress","No.2 Type B Gloves","No.2 Type B Leggings","No.2 Type B Boots","","","",""
45379,0,0,"Replica Sky Pirate's Helm of Fending","Replica Sky Pirate's Coat of Fending","Replica Sky Pirate's Gauntlets of Fending","Replica Sky Pirate's Gaskins of Fending","Replica Sky Pirate's Boots of Fending","","","",""
45380,0,0,"Replica Sky Pirate's Helm of Maiming","Replica Sky Pirate's Coat of Maiming","Replica Sky Pirate's Gauntlets of Maiming","Replica Sky Pirate's Gaskins of Maiming","Replica Sky Pirate's Boots of Maiming","","","",""
45381,0,0,"Replica Sky Pirate's Mask of Striking","Replica Sky Pirate's Jacket of Striking","Replica Sky Pirate's Gloves of Striking","Replica Sky Pirate's Trousers of Striking","Replica Sky Pirate's Boots of Striking","","","",""
45382,0,0,"Replica Sky Pirate's Beret of Aiming","Replica Sky Pirate's Vest of Aiming","Replica Sky Pirate's Gloves of Aiming","Replica Sky Pirate's Halfslops of Aiming","Replica Sky Pirate's Boots of Aiming","","","",""
45383,0,0,"Replica Sky Pirate's Mask of Scouting","Replica Sky Pirate's Jacket of Scouting","Replica Sky Pirate's Gloves of Scouting","Replica Sky Pirate's Trousers of Scouting","Replica Sky Pirate's Boots of Scouting","","","",""
45384,0,0,"Replica Sky Pirate's Cap of Healing","Replica Sky Pirate's Coat of Healing","Replica Sky Pirate's Gloves of Healing","Replica Sky Pirate's Bottoms of Healing","Replica Sky Pirate's Shoes of Healing","","","",""
45385,0,0,"Replica Sky Pirate's Cap of Casting","Replica Sky Pirate's Coat of Casting","Replica Sky Pirate's Gloves of Casting","Replica Sky Pirate's Bottoms of Casting","Replica Sky Pirate's Shoes of Casting","","","",""
45386,0,0,"Replica Sky Rat Mask of Fending","Replica Sky Rat Harness of Fending","Replica Sky Rat Hook of Fending","Replica Sky Rat Breeches of Fending","Replica Sky Rat Hookboots of Fending","","","",""
45387,0,0,"Replica Sky Rat Mask of Maiming","Replica Sky Rat Harness of Maiming","Replica Sky Rat Hook of Maiming","Replica Sky Rat Breeches of Maiming","Replica Sky Rat Hookboots of Maiming","","","",""
45388,0,0,"Replica Sky Rat Mask of Striking","Replica Sky Rat Harness of Striking","Replica Sky Rat Fingerless Gloves of Striking","Replica Sky Rat Breeches of Striking","Replica Sky Rat Ironclad Boots of Striking","","","",""
45389,0,0,"Replica Sky Rat Mask of Aiming","Replica Sky Rat Harness of Aiming","Replica Sky Rat Fingerless Gloves of Aiming","Replica Sky Rat Breeches of Aiming","Replica Sky Rat Ironclad Boots of Aiming","","","",""
45390,0,0,"Replica Sky Rat Mask of Scouting","Replica Sky Rat Harness of Scouting","Replica Sky Rat Hook of Scouting","Replica Sky Rat Breeches of Scouting","Replica Sky Rat Hookboots of Scouting","","","",""
45391,0,0,"Replica Sky Rat Mask of Healing","Replica Sky Rat Harness of Healing","Replica Sky Rat Hook of Healing","Replica Sky Rat Breeches of Healing","Replica Sky Rat Hookboots of Healing","","","",""
45392,0,0,"Replica Sky Rat Mask of Casting","Replica Sky Rat Harness of Casting","Replica Sky Rat Fingerless Gloves of Casting","Replica Sky Rat Breeches of Casting","Replica Sky Rat Ironclad Boots of Casting","","","",""
45393,0,0,"Rabbit Head","Rabbit Suit","","","","","","",""
45394,0,0,"Rabbit Head","Dapper Rabbit Suit","","","","","","",""
45395,0,0,"Kupo Knit Cap","Kupo Jacket","","Kupo Trousers","Kupo Shoes","","","",""
45396,0,0,"","Craftsman's Apron","","Craftsman's Leather Trousers","Craftsman's Leather Shoes","","","",""
45397,0,0,"","Dalmascan Draped Top","","Dalmascan Draped Bottoms","Dalmascan Leather Shoes","","","",""
45398,0,0,"Mheg Deaca Circlet","Mheg Deaca Robe","","Mheg Deaca Bottoms","Mheg Deaca Boots","","","",""
45399,0,0,"Scion Sorceress's Headdress","Scion Sorceress's Robe","Scion Sorceress's Shadowtalons","","Scion Sorceress's High Boots","","","",""
45400,0,0,"Ruby Carbuncle Ears","Ruby Carbuncle Jacket","","","Ruby Carbuncle Boots","","","",""
45401,0,0,"Summer's Flame Hat","Summer's Flame Top","Summer's Flame Wrist Torque","Summer's Flame Pareo","Summer's Flame Sandals","","","",""
45402,0,0,"","Southern Seas Shirt","","Southern Seas Trousers","Southern Seas Shoes","","","",""
45403,0,0,"","Southern Seas Shirt","","Southern Seas Skirt","Southern Seas Shoes","","","",""
45404,0,0,"","Casual Jacket","","Casual Halfslops","Casual Boots","","","",""
45405,0,0,"Hraesvelgr Hat","Hraesvelgr Jacket","Hraesvelgr Gloves","Hraesvelgr Trousers","Hraesvelgr Boots","","","",""
45406,0,0,"Bergsteiger's Hat","Bergsteiger's Jacket","Bergsteiger's Halfgloves","Bergsteiger's Halfslops","Bergsteiger's Boots","","","",""
45407,0,0,"Dirndl's Hat","Dirndl's Bodice","Dirndl's Wrist Torque","Dirndl's Long Skirt","Dirndl's Pumps","","","",""
45408,0,0,"Skyworker's Helmet","Skyworker's Singlet","Skyworker's Gloves","Skyworker's Bottoms","Skyworker's Boots","","","",""
45409,0,0,"Calfskin Rider's Cap","Calfskin Rider's Jacket","Calfskin Rider's Gloves","Calfskin Rider's Bottoms","Calfskin Rider's Shoes","","","",""
45410,0,0,"","Collegiate Blazer (Tie)","","Collegiate Slacks","Collegiate Shoes (Short Socks)","","","",""
45411,0,0,"","Collegiate Blazer (Bow)","","Collegiate Skirt","Collegiate Shoes (Tall Socks)","","","",""
45412,0,0,"Millfiend's Costume Cap","Millfiend's Costume Apron","Millfiend's Costume Halfgloves","Millfiend's Costume Kecks","Millfiend's Costume Workboots","","","",""
45413,0,0,"Forgefiend's Costume Goggles","Forgefiend's Costume Apron","Forgefiend's Costume Work Gloves","Forgefiend's Costume Trousers","Forgefiend's Costume Leggings","","","",""
45414,0,0,"Hammerfiend's Costume Visor","Hammerfiend's Costume Apron","Hammerfiend's Costume Work Gloves","Hammerfiend's Costume Trousers","Hammerfiend's Costume Workboots","","","",""
45415,0,0,"Gemfiend's Costume Monocle","Gemfiend's Costume Vest","Gemfiend's Costume Shortgloves","Gemfiend's Costume Trousers","Gemfiend's Costume Boots","","","",""
45416,0,0,"Hidefiend's Costume Cap","Hidefiend's Costume Jacket","Hidefiend's Costume Armlets","Hidefiend's Costume Kecks","Hidefiend's Costume Thighboots","","","",""
45417,0,0,"Boltfiend's Costume Top Hat","Boltfiend's Costume Swallowtail","Boltfiend's Costume Fingerstalls","Boltfiend's Costume Slacks","Boltfiend's Costume Boots","","","",""
45418,0,0,"Cauldronfiend's Costume Spectacles","Cauldronfiend's Costume Coat","Cauldronfiend's Costume Gloves","Cauldronfiend's Costume Kecks","Cauldronfiend's Costume Shoes","","","",""
45419,0,0,"Galleyfiend's Costume Toque","Galleyfiend's Costume Apron","Galleyfiend's Costume Mittens","Galleyfiend's Costume Trousers","Galleyfiend's Costume Pattens","","","",""
45420,0,0,"Minefiend's Costume Helmet","Minefiend's Costume Work Shirt","Minefiend's Costume Work Gloves","Minefiend's Costume Slops","Minefiend's Costume Workboots","","","",""
45421,0,0,"Fieldfiend's Costume Hat","Fieldfiend's Costume Shirt","Fieldfiend's Costume Halfgloves","Fieldfiend's Costume Slops","Fieldfiend's Costume Workboots","","","",""
45422,0,0,"Tacklefiend's Costume Hat","Tacklefiend's Costume Jacket","Tacklefiend's Costume Work Gloves","Tacklefiend's Costume Slops","Tacklefiend's Costume Workboots","","","",""
45423,0,0,"Shadowstalker's Helm","Shadowstalker's Armor","Shadowstalker's Gauntlets","Shadowstalker's Breeches","Shadowstalker's Sabatons","","","",""
45424,0,0,"Shadowcleaver's Helm","Shadowcleaver's Armor","Shadowcleaver's Gauntlets","Shadowcleaver's Breeches","Shadowcleaver's Sabatons","","","",""
45425,0,0,"Chicken Head","Chicken Suit","","","","","","",""
45426,0,0,"Frontier Hat","Frontier Jacket","","Frontier Trousers","Frontier Shoes","","","",""
45427,0,0,"Frontier Ribbon","Frontier Dress","Frontier Dress Gloves","","Frontier Pumps","","","",""
45428,0,0,"Resshi Hachigane","Resshi Haori","","Resshi Tsutsu-hakama","Resshi Zori","","","",""
45429,0,0,"Peacelover's Hat","Peacelover's Shirt","Peacelover's Gloves","Peacelover's Pantaloons","Peacelover's Longboots","","","",""
45430,0,0,"","Oracle Top","","Oracle Pantalettes","Oracle Leggings","","","",""
45431,0,0,"","Heavensturn Domaru","Heavensturn Kote","Heavensturn Haidate","Heavensturn Sune-ate","","","",""
45432,0,0,"Clown's Hat","Clown's Top","Clown's Shortgloves","Clown's Bottoms","Clown's Boots","","","",""
45433,0,0,"","Cape of Happiness","Wristlet of Happiness","Hose of Happiness","Boots of Happiness","","","",""
45434,0,0,"","Omega-M Attire","","","","Omega-M Ear Cuffs","","",""
45435,0,0,"","Omega-F Attire","","","","Omega-F Earrings","","",""
45436,0,0,"Gaja Head","Gaja Suit","","","","","","",""
45437,0,0,"Archfiend Helm","Archfiend Armor","Archfiend Gauntlets","Archfiend Breeches","Archfiend Sabatons","","","",""
45438,0,0,"Street Cap","Street Top","Street Handwear","Street Cargo Trousers","Street High-top Shoes","","","",""
45439,0,0,"Street Cap","Street Jacket","Street Handwear","Street Cargo Trousers","Street High-top Shoes","","","",""
45440,0,0,"Summer Sunset Bandana","Summer Sunset Beach Cover-up","Summer Sunset Wrist Torques","Summer Sunset Bottoms","Summer Sunset Sandals","","","",""
45441,0,0,"Varsity Flat Cap","Varsity Jacket","","Varsity Bottoms","Varsity Shoes","","","",""
45442,0,0,"Varsity Flat Cap","Buttoned Varsity Jacket","","Varsity Skirt","Varsity Shoes","","","",""
45443,0,0,"Appointed Cap","Appointed Jacket","Appointed Gloves","Appointed Slacks","Appointed Shoes","","","",""
45444,0,0,"Virtu Creed Wings","Virtu Creed Cuirass","Virtu Creed Gauntlets","Virtu Creed Cuisses","Virtu Creed Sabatons","","","",""
45445,0,0,"Virtu Tantra Tantour","Virtu Tantra Chestwrap","Virtu Tantra Wristwraps","Virtu Tantra Galligaskins","Virtu Tantra Gaiters","","","",""
45446,0,0,"Virtu Ravager's Helm","Virtu Ravager's Cuirass","Virtu Ravager's Chains","Virtu Ravager's Breeches","Virtu Ravager's Warboots","","","",""
45447,0,0,"Virtu Dragonlancer's Mesail","Virtu Dragonlancer's Plackart","Virtu Dragonlancer's Vambraces","Virtu Dragonlancer's Cuissots","Virtu Dragonlancer's Schynbalds","","","",""
45448,0,0,"Virtu Aoidos' Turban","Virtu Aoidos' Cloak","Virtu Aoidos' Shoulder Gloves","Virtu Aoidos' Tights","Virtu Aoidos' Thighboots","","","",""
45449,0,0,"Virtu Orison Hood","Virtu Orison Robe","Virtu Orison Fingerless Gloves","Virtu Orison Skirt","Virtu Orison Thighboots","","","",""
45450,0,0,"Virtu Goetia Tricorne","Virtu Goetia Coat","Virtu Goetia Gloves","Virtu Goetia Chausses","Virtu Goetia Thighboots","","","",""
45451,0,0,"Virtu Caller's Horn","Virtu Caller's Himation","Virtu Caller's Armlets","Virtu Caller's Loincloth","Virtu Caller's Sandals","","","",""
45452,0,0,"Virtu Savant's Top Hat","Virtu Savant's Overcoat","Virtu Savant's Aethercell Gloves","Virtu Savant's Culottes","Virtu Savant's Boots","","","",""
45453,0,0,"Virtu Iga Zukin","Virtu Iga Ningi","Virtu Iga Tekko","Virtu Iga Hakama","Virtu Iga Kyahan","","","",""
45454,0,0,"Virtu Chaos Burgeonet","Virtu Chaos Cuirass","Virtu Chaos Gauntlets","Virtu Chaos Flanchard","Virtu Chaos Sollerets","","","",""
45455,0,0,"Virtu Machinist's Goggles","Virtu Machinist's Shirt","Virtu Machinist's Gloves","Virtu Machinist's Brais","Virtu Machinist's Boots","","","",""
45456,0,0,"Virtu Welkin Hat","Virtu Welkin Robe","Virtu Welkin Half Sleeves","Virtu Welkin Breeches","Virtu Welkin Shoes","","","",""
45457,0,0,"Virtu Myochin Jingasa","Virtu Myochin Haori","Virtu Myochin Tekko","Virtu Myochin Hakama","Virtu Myochin Geta","","","",""
45458,0,0,"Virtu Duelist's Chapeau","Virtu Duelist's Tabard","Virtu Duelist's Gloves","Virtu Duelist's Breeches","Virtu Duelist's Thighboots","","","",""
45459,0,0,"Virtu Bodyguard's Blinder","Virtu Bodyguard's Coat","Virtu Bodyguard's Fingerless Gloves","Virtu Bodyguard's Trousers","Virtu Bodyguard's Thighboots","","","",""
45460,0,0,"Virtu Dancer's Headdress","Virtu Dancer's Casaque","Virtu Dancer's Armlets","Virtu Dancer's Bottoms","Virtu Dancer's Shoes","","","",""
45461,0,0,"Virtu Didact's Visor","Virtu Didact's Coat","Virtu Didact's Gloves","Virtu Didact's Gaskins","Virtu Didact's Boots","","","",""
45462,0,0,"Virtu Reaper's Chapeau","Virtu Reaper's Corselet","Virtu Reaper's Armguards","Virtu Reaper's Poleyns","Virtu Reaper's Boots","","","",""
45463,0,0,"","Wayfarer's Tabard","Wayfarer's Fingerless Gloves","","Wayfarer's Boots","Wayfarer's Earcuff","Wayfarer's Necklace","",""
45464,0,0,"Common Makai Vanguard's Monocle","Common Makai Vanguard's Battlegarb","Common Makai Vanguard's Fingerless Gloves","Common Makai Vanguard's Leggings","Common Makai Vanguard's Boots","","","",""
45465,0,0,"Common Makai Vanbreaker's Ribbon","Common Makai Vanbreaker's Battledress","Common Makai Vanbreaker's Fingerless Gloves","Common Makai Vanbreaker's Quartertights","Common Makai Vanbreaker's Longboots","","","",""
45466,0,0,"Common Makai Harbinger's Facemask","Common Makai Harbinger's Battlegarb","Common Makai Harbinger's Fingerless Gloves","Common Makai Harbinger's Leggings","Common Makai Harbinger's Boots","","","",""
45467,0,0,"Common Makai Harrower's Facemask","Common Makai Harrower's Jerkin","Common Makai Harrower's Fingerless Gloves","Common Makai Harrower's Quartertights","Common Makai Harrower's Longboots","","","",""
45468,0,0,"","","","","","","","",""
45469,0,0,"","","","","","","","",""
45470,0,0,"","","","","","","","",""
45471,0,0,"","","","","","","","",""
45472,0,0,"","","","","","","","",""
45473,0,0,"","","","","","","","",""
45474,0,0,"","","","","","","","",""
45475,0,0,"","","","","","","","",""
45476,0,0,"","","","","","","","",""
45477,0,0,"","","","","","","","",""
45478,0,0,"","","","","","","","",""
45479,0,0,"","Isle Farmhand's Work Shirt","Isle Farmhand's Cotton Gloves","Isle Farmhand's Widebottoms","Isle Farmhand's Boots","","","",""
45480,0,0,"","Isle Farmhand's Work Shirt","Isle Farmhand's Cotton Gloves","Isle Farmhand's Cutoffs","Isle Farmhand's Boots","","","",""
45481,0,0,"Isle Explorer's Hat","Isle Explorer's Shirt","Isle Explorer's Leather Halfgloves","Isle Explorer's Trousers","Isle Explorer's Boots","","","",""
45482,0,0,"Isle Explorer's Hat","Isle Explorer's Shirt","Isle Explorer's Leather Halfgloves","Isle Explorer's Culottes","Isle Explorer's Boots","","","",""
45483,0,0,"Noir Hat","Noir Longcoat","Noir Leather Gloves","Noir Slacks","Noir Shoes","","","",""
45484,0,0,"Wake Doctor's Mask","Wake Doctor's White Coat","Wake Doctor's Rubber Gloves","Wake Doctor's Bottoms","Wake Doctor's Shoes","","","",""
45485,0,0,"Tonberry Head","Tonberry Body","Tonberry Hands","Tonberry Culottes","Tonberry Boots","","","",""
45486,0,0,"Fat Cat Hood","Fat Cat Loungewear","","Fat Cat Halfslops","Fat Cat Slippers","","","",""
45487,0,0,"Fat Cat Hood","Fat Cat Loungewear","","Fat Cat Shorts","Fat Cat Slippers","","","",""
45488,0,0,"Lawless Enforcer's Hat","Lawless Enforcer's Jacket","Lawless Enforcer's Gloves","Lawless Enforcer's Slacks","Lawless Enforcer's Shoes","","","",""
45489,0,0,"Far Northern Headpiece","Far Northern Tunic","Far Northern Felted Gloves","Far Northern Bottoms","Far Northern Boots","","","",""
45490,0,0,"Valentione Emissary's Hat","Valentione Emissary's Jacket","","Valentione Emissary's Bottoms","Valentione Emissary's Boots","","","",""
45491,0,0,"Valentione Emissary's Dress Hat","Valentione Emissary's Ruffled Dress","","Valentione Emissary's Culottes","Valentione Emissary's Dress Boots","","","",""
45492,0,0,"Phoenix Riser Helmet","Phoenix Riser Suit","","","","","","",""
45493,0,0,"Isle Shepherd's Headdress","Isle Shepherd's Tunic","Isle Shepherd's Wristdress","Isle Shepherd's Bottoms","Isle Shepherd's Sandals","","","",""
45494,0,0,"Isle Vacationer's Visor","Isle Vacationer's Shirt","Isle Vacationer's Wrist Torques","Isle Vacationer's Shorts","Isle Vacationer's Sandals","","","",""
45495,0,0,"Isle Vacationer's Visor","Isle Vacationer's Tie-front Shirt","Isle Vacationer's Wrist Torques","Isle Vacationer's Tanga","Isle Vacationer's Loop Sandals","","","",""
45496,0,0,"Prestige Crown of Light","Prestige Armor of Light","Prestige Gauntlets of Light","Prestige Breeches of Light","Prestige Sabatons of Light","","","",""
45497,0,0,"Prestige Onion Mask","Prestige Onion Armor","Prestige Onion Gauntlets","Prestige Onion Sarouel","Prestige Onion Boots","","","",""
45498,0,0,"Prestige Fuma Gantai","Prestige Fuma Koromo","Prestige Fuma Tekko","Prestige Fuma Hakama","Prestige Fuma Kyahan","","","",""
45499,0,0,"Prestige Ballad Crown","Prestige Ballad Corselet","Prestige Ballad Gauntlets","Prestige Ballad Sarouel","Prestige Ballad Boots","","","",""
45500,0,0,"Prestige Shadow Fuma Gantai","Prestige Shadow Fuma Koromo","Prestige Shadow Fuma Tekko","Prestige Shadow Fuma Hakama","Prestige Shadow Fuma Kyahan","","","",""
45501,0,0,"Prestige Royal Crown","Prestige Royal Vest","Prestige Royal Celestial Gloves","Prestige Royal Breeches","Prestige Royal Shoes","","","",""
45502,0,0,"Prestige Crimson Hat","Prestige Crimson Vest","Prestige Crimson Celestial Gloves","Prestige Crimson Breeches","Prestige Crimson Shoes","","","",""
45503,0,0,"Educand's Cap","Educand's Jacket","","Educand's Slacks","Educand's Shoes","","","",""
45504,0,0,"","Educand's Sailor Top","","Educand's Sailor Skirt","Educand's Loafers","","","",""
45505,0,0,"Magitek Ear Guards","Magitek Jacket","Magitek Fingerstalls","Magitek Bottoms","Magitek Shoes","","","",""
45506,0,0,"Salon Server's Hat","Salon Server's Vest","Salon Server's Gloves","Salon Server's Bottoms","Salon Server's Shoes","","","",""
45507,0,0,"Salon Server's Hat","Salon Server's Dress Vest","Salon Server's Dress Gloves","Salon Server's Skirt","Salon Server's Shoes","","","",""
45508,0,0,"False Monarchy Mask","False Monarchy Armor","False Monarchy Gauntlets","False Monarchy Breeches","False Monarchy Sabatons","","","",""
45509,0,0,"Yakaku Kamidome","Yakaku Dogi","","Yakaku Koshita","Yakaku Geta","","","",""
45510,0,0,"Yakaku Kamidome","Yakaku Dogi","","Yakaku Fundoshi","Yakaku Geta","","","",""
45511,0,0,"Prestige High Allagan Circlet of Fending","Prestige Heavy High Allagan Coat","Prestige High Allagan Gauntlets of Fending","Prestige High Allagan Trousers of Fending","Prestige High Allagan Sabatons of Fending","","","",""
45512,0,0,"Prestige High Allagan Headgear of Maiming","Prestige High Allagan Cuirass of Maiming","Prestige High Allagan Gauntlets of Maiming","Prestige High Allagan Trousers of Maiming","Prestige High Allagan Sabatons of Maiming","","","",""
45513,0,0,"Prestige High Allagan Headgear of Striking","Prestige High Allagan Cuirass of Striking","Prestige High Allagan Gauntlets of Striking","Prestige High Allagan Trousers of Striking","Prestige High Allagan Sabatons of Striking","","","",""
45514,0,0,"Prestige High Allagan Mask of Aiming","Prestige High Allagan Coat of Aiming","Prestige High Allagan Gloves of Aiming","Prestige High Allagan Breeches of Aiming","Prestige High Allagan Boots of Aiming","","","",""
45515,0,0,"Prestige High Allagan Circlet of Scouting","Prestige High Allagan Cuirass of Scouting","Prestige High Allagan Gauntlets of Scouting","Prestige High Allagan Pantaloons of Scouting","Prestige High Allagan Thighboots of Scouting","","","",""
45516,0,0,"Prestige High Allagan Circlet of Healing","Prestige High Allagan Coat of Healing","Prestige High Allagan Gloves of Healing","Prestige High Allagan Pantaloons of Healing","Prestige High Allagan Thighboots of Healing","","","",""
45517,0,0,"Prestige High Allagan Mask of Casting","Prestige High Allagan Coat of Casting","Prestige High Allagan Gloves of Casting","Prestige High Allagan Breeches of Casting","Prestige High Allagan Boots of Casting","","","",""
45518,0,0,"Plain Pajama Eye Mask","Plain Pajama Shirt","","Plain Pajama Bottoms","Plain Pajama Slippers","","","",""
45519,0,0,"Cactuar Pajama Eye Mask","Cactuar Pajama Shirt","","Cactuar Pajama Bottoms","Cactuar Pajama Slippers","","","",""
45520,0,0,"Chocobo Pajama Eye Mask","Chocobo Pajama Shirt","","Chocobo Pajama Bottoms","Chocobo Pajama Slippers","","","",""
45521,0,0,"Unorthodox Saint's Cap","Unorthodox Saint's Halfrobe","Unorthodox Saint's Gloves","Unorthodox Saint's Bottoms","Unorthodox Saint's Longboots","","","",""
45522,0,0,"Seigneur's Beret","Seigneur's Jerkin","Seigneur's Gloves","Seigneur's Breeches","Seigneur's Longboots","","","",""
45523,0,0,"Baronial Hat","Baronial Jacket","Baronial Wristwraps","Baronial Culottes","Baronial Longboots","","","",""
45524,0,0,"Island Resort Straw Hat","Island Resort Shirt","Island Resort Round Wristwatch","Island Resort Slacks","Island Resort Loop Sandals","","","",""
45525,0,0,"Shishu Bujin Eboshi","Shishu Bujin Hitatare","","Shishu Bujin Kiribakama","Shishu Obutozori","","","",""
45526,0,0,"Shishu Gozen Kanzashi","Shishu Gozen Kochiki","","Shishu Gozen Hakama","Shishu Obutozori","","","",""
45527,0,0,"","Iceheart Robe","Iceheart Armlets","Iceheart Bottoms","Iceheart Thighboots","","","",""
45528,0,0,"Far Eastern Performer's Mask","Far Eastern Performer's Halfrobe","","Far Eastern Performer's Trousers","Far Eastern Performer's Shoes","","","",""
45529,0,0,"Fierce Tyrant's Helm","Fierce Tyrant's Cuirass","Fierce Tyrant's Gauntlets","Fierce Tyrant's Hose","Fierce Tyrant's Sollerets","","","",""
45530,0,0,"Model A-1 Tactical Goggles","Model A-1 Tactical Top","Model A-1 Tactical Fingerless Gloves","Model A-1 Tactical Bottoms","Model A-1 Tactical Shoes","","","",""
45531,0,0,"Model A-2 Tactical Goggles","Model A-2 Tactical Top","Model A-2 Tactical Fingerless Gloves","Model A-2 Tactical Bottoms","Model A-2 Tactical Shoes","","","",""
45532,0,0,"Model B-1 Tactical Halfmask","Model B-1 Tactical Jacket","Model B-1 Tactical Armlets","Model B-1 Tactical Bottoms","Model B-1 Tactical Shoes","","","",""
45533,0,0,"Model B-2 Tactical Halfmask","Model B-2 Tactical Jacket","Model B-2 Tactical Armlets","Model B-2 Tactical Bottoms","Model B-2 Tactical Shoes","","","",""
45534,0,0,"Model C-1 Tactical Hood","Model C-1 Tactical Shirt","Model C-1 Tactical Gloves","Model C-1 Tactical Bottoms","Model C-1 Tactical Longboots","","","",""
45535,0,0,"Model C-2 Tactical Hood","Model C-2 Tactical Shirt","Model C-2 Tactical Gloves","Model C-2 Tactical Bottoms","Model C-2 Tactical Longboots","","","",""
45536,0,0,"","Metian Vest","Metian Gauntlets","Metian Chausses","Metian Sollerets","","","",""
45537,0,0,"Gentlebean Knit Cap","Gentlebean Parka","","Gentlebean Bottoms","Gentlebean Shoes","","","",""
45538,0,0,"Imp Head","Imp Suit","","","","","","",""
45539,0,0,"","Woodland Warden's Top","Woodland Warden's Fingerstalls","Woodland Warden's Breeches","Woodland Warden's Longboots","","","",""
45540,0,0,"","Woodland Warden's Top","Woodland Warden's Fingerstalls","Woodland Warden's Skirt","Woodland Warden's Longboots","","","",""
45541,0,0,"","Crystarium Prodigy's Top","Crystarium Prodigy's Fingerless Gloves","Crystarium Prodigy's Hose","Crystarium Prodigy's Thighboots","","","",""
45542,0,0,"Felicitous Hood","Felicitous Tunic","Felicitous Mitts","Felicitous Gaskins","Felicitous Thighboots","","","",""
45543,0,0,"","Recreationisle Shirt","Recreationisle Dive Watch","Recreationisle Halfslops","Recreationisle Shoes","","","",""
45544,0,0,"Free Spirit's Hat","Free Spirit's Jacket","Free Spirit's Ringbands","Free Spirit's Cropped Slops","Free Spirit's Backless Loafers","","","",""
45545,0,0,"","Martial Artist's Vest","","Martial Artist's Slops","Martial Artist's Pumps","","","",""
45546,0,0,"","Martial Artist's Sleeveless Vest","","Martial Artist's Slops","Martial Artist's Pumps","","","",""
45547,0,0,"","Gleaner's Coat","Gleaner's Work Gloves","Gleaner's Breeches","Gleaner's Longboots","","","",""
45548,0,0,"","","","","","","","",""
45549,0,0,"","","","","","","","",""
45550,0,0,"","","","","","","","",""
45551,0,0,"","","","","","","","",""
45552,0,0,"","","","","","","","",""
45553,0,0,"","","","","","","","",""
45554,0,0,"","","","","","","","",""
45555,0,0,"","","","","","","","",""
45556,0,0,"","","","","","","","",""
45557,0,0,"","","","","","","","",""
45558,0,0,"","","","","","","","",""
45559,0,0,"Mica Head","Mica Suit","","","","","","",""
45560,0,0,"Night of Devilry Horns","Night of Devilry Shirt","Night of Devilry Fingerless Gloves","Night of Devilry Trousers","Night of Devilry Boots","","","",""
45561,0,0,"","Turali Trader's Shirt","","Turali Trader's Culottes","Turali Trader's Shoes","","","",""
45562,0,0,"","Turali Traveler's Shirt","","Turali Trader's Culottes","Turali Traveler's Shoes","","","",""
45563,0,0,"Scientist's Monocle","Scientist's Coat","Scientist's Gloves","Scientist's Breeches","Scientist's Boots","","","",""
45564,0,0,"Loose Fit Cap","Loose Fit Overshirt","Loose Fit Wristguards","Loose Fit Cargo Trousers","Loose Fit Shoes","","","",""
45565,0,0,"Seneschal Prince's Headset","Seneschal Prince's Jacket","Seneschal Prince's Gloves","Seneschal Prince's Trousers","Seneschal Prince's Longboots","","","",""
45566,0,0,"Wintertide Trapper's Hat","Wintertide Blouson","","Wintertide Culottes","Wintertide Shoes","","","",""
45567,0,0,"Wintertide Trapper's Hat","Wintertide Blouson","","Wintertide Sheath Skirt","Wintertide Shoes","","","",""
45568,0,0,"Dawnblazer Hat","Dawnblazer Jerkin","Dawnblazer Gloves","Dawnblazer Chaps","Dawnblazer Boots","","","",""
45569,0,0,"Leisurewear Knit Cap","Leisurewear High-cut Shirt","","Leisurewear Sweatpants","Leisurewear Shoes","","","",""
45570,0,0,"Leisurewear Knit Cap","Leisurewear High-cut Knit Top","","Leisurewear Sweatpants","Leisurewear Shoes","","","",""
45571,0,0,"Belt-leather Beret","Belt-leather Harness Top","Belt-leather Fingerstalls","Belt-leather Trousers","Belt-leather Boots","","","",""
45572,0,0,"Belt-leather Beret","Open-back Belt-leather Harness Top","Belt-leather Fingerstalls","Cropped Belt-leather Slops","Belt-leather Loafers","","","",""
45573,0,0,"","Ex-arch's Jacket","Ex-arch's Bracers","Ex-arch's Halfslops","Ex-arch's Boots","","","",""
45574,0,0,"Zero's Order Chapeau","Zero's Order Cuirass","","Zero's Order Flanchard","","Zero's Order Earring","","",""
45575,0,0,"","King of Leonis Mail","King of Leonis Armguards","King of Leonis Brais","King of Leonis Boots","","","",""
45576,0,0,"","Queen of Hourne Bliaud","","Queen of Hourne Tights","Queen of Hourne Boots","","","",""
45590,0,0,"","Coeurl Talisman","","Coeurl Beach Briefs","","","","",""
47704,0,0,"Air Cell Hood","Air Cell Jacket","Air Cell Armlets","Air Cell Halfslops","Air Cell Shoes","","","",""
47705,0,0,"Fuath Plumed Hat","Fuath Swallowtail","Fuath Dress Gloves","Fuath Pantaloons","Fuath Dress Shoes","","","",""
47706,0,0,"Critical Hit A-1 Tour Knit Cap","Critical Hit A-1 Tour Cropped Harness","Critical Hit A-1 Tour Armlets","Critical Hit A-1 Tour Bottoms","Critical Hit A-1 Tour Boots","","","",""
47707,0,0,"Critical Hit A-2 Tour Knit Cap","Critical Hit A-2 Tour Cropped Harness","Critical Hit A-2 Tour Armlets","Critical Hit A-2 Tour Bottoms","Critical Hit A-2 Tour Boots","","","",""
47708,0,0,"Critical Hit B-1 Tour Headset","Critical Hit B-1 Tour Top","Critical Hit B-1 Tour Halfgloves","Critical Hit B-1 Tour Breeches","Critical Hit B-1 Tour Longboots","","","",""
47709,0,0,"Critical Hit B-2 Tour Headset","Critical Hit B-2 Tour Top","Critical Hit B-2 Tour Halfgloves","Critical Hit B-2 Tour Breeches","Critical Hit B-2 Tour Longboots","","","",""
47710,0,0,"","Critical Hit C-1 Tour Jacket","Critical Hit C-1 Tour False Nails","Critical Hit C-1 Tour Cargo Trousers","Critical Hit C-1 Tour Shoes","","","",""
47711,0,0,"","Critical Hit C-2 Tour Jacket","Critical Hit C-2 Tour False Nails","Critical Hit C-2 Tour Cargo Trousers","Critical Hit C-2 Tour Shoes","","","",""
47712,0,0,"","Summertide Formal Jacket","","Summertide Formal Slacks","Summertide Formal Shoes","","","",""
47713,0,0,"","Summertide Formal Dress","","","Summertide Formal Dress Shoes","","","",""
47714,0,0,"Alternative Cap","Alternative Shirt","Alternative Leather Bracelets","Alternative Trousers","Alternative Spiked Shoes","","","",""
47715,0,0,"Galatea Crown","Galatea Bustier","","Galatea Tights","Galatea Heels","","","",""
47718,0,0,"Star Captain Hat","Star Captain Coat","Star Captain Gloves","Star Captain Trousers","Star Captain Boots","","","",""
47720,0,0,"Star Pilot Helm","Star Pilot Suit","Star Pilot Gloves","","Star Pilot Boots","","","",""
47722,0,0,"Hope Mask [M]","Hope Mail [M]","Hope Vambraces [M]","Hope Coil [M]","Hope Greaves [M]","","","",""
47724,0,0,"Hope Visor [F]","Hope Mail [F]","Hope Vambraces [F]","Hope Coil [F]","Hope Greaves [F]","","","",""
47725,0,0,"","Ramza's Coat","Ramza's Gloves","","Ramza's Thighboots","","","",""
47726,0,0,"","Ovelia's Dress","","Ovelia's Drawers","Ovelia's Boots","","","",""
47727,0,0,"Gaffgarion's Burgeonet","Gaffgarion's Mail","Gaffgarion's Vambraces","Gaffgarion's Gaskins","Gaffgarion's Boots","","","",""
48737,0,0,"The Warden's Wreath","The Warden's Dress","The Warden's Vambraces","The Warden's Tanga","The Warden's Thighboots","The Warden's Earring","","",""
48738,0,0,"","Crystarium Rebel's Top","Crystarium Rebel's Wrist Torque","Crystarium Rebel's Halftights","Crystarium Rebel's Thighboots","","","",""
48739,0,0,"Neon Street Cap","Neon Street Blouson","","Neon Street Cargo Trousers","Neon Street Shoes","","","",""
48740,0,0,"","Bouncer's Holster Vest","Bouncer's Halfgloves","Bouncer's Holster Slacks","Bouncer's Dress Shoes","","","",""
48741,0,0,"","Bouncer's Vest","Bouncer's Halfgloves","Bouncer's Slacks","Bouncer's Dress Shoes","","","",""
48742,0,0,"Maritime Mirrored Sunglasses","Maritime Top","","Maritime Shorts","Maritime Sandals","","","",""
48743,0,0,"","Star Crew Jacket","Star Crew Gloves","Star Crew Trousers","Star Crew Boots","","","",""
48744,0,0,"Cosmosuit Helm","Cosmosuit Top","Cosmosuit Gloves","Cosmosuit Bottoms","","","","",""
48745,0,0,"Lix Temple Chain","Lix Chiton","Lix Fingerless Gloves","Lix Hose","Lix Longboots","","","",""
48746,0,0,"Tycoon Hairpin","Tycoon Leotard","Tycoon Dress Gloves","Tycoon Tights","Tycoon Bootlets","","","",""
48747,0,0,"Scherwiz Hairpin","Scherwiz Coat","Scherwiz Vambraces","Scherwiz Skirt","Scherwiz Boots","","","",""
50467,0,0,"","Hyuran Tunic","Hyuran Gloves","Hyuran Breeches","Hyuran Thighboots","","","",""
50468,0,0,"","Hyuran Chemisette","Hyuran Halfgloves","Hyuran Skirt","Hyuran Longboots","","","",""
50469,0,0,"","Elezen Surcoat","Elezen Gloves","Elezen Braccae","Elezen Jackboots","","","",""
50470,0,0,"","Elezen Gown","Elezen Halfgloves","Elezen Tights","Elezen Shoes","","","",""
50471,0,0,"","Lalafellin Tunic","Lalafellin Wristguards","Lalafellin Gaskins","Lalafellin Top Boots","","","",""
50472,0,0,"","Lalafellin Kaftan","Lalafellin Wristbands","Lalafellin Bloomers","Lalafellin Bootees","","","",""
50473,0,0,"","Miqo'te Vest","Miqo'te Gauntlets","Miqo'te Zouaves","Miqo'te Longboots","","","",""
50474,0,0,"","Miqo'te Separates","Miqo'te Gloves","Miqo'te Loincloth","Miqo'te Shoes","","","",""
50475,0,0,"","Roegadyn Harness","Roegadyn Bracers","Roegadyn Breeches","Roegadyn Boots","","","",""
50476,0,0,"","Roegadyn Bodice","Roegadyn Armguards","Roegadyn Legstraps","Roegadyn Sandals","","","",""
50477,0,0,"","Auri Harness","Auri Armguards","Auri Breeches","Auri Sandals","","","",""
50478,0,0,"","Auri Gown","Auri Halfgloves","Auri Pantalettes","Auri Buskins","","","",""
50479,0,0,"","Hrothgar Harness","Hrothgar Wristguards","Hrothgar Subligar","Hrothgar Sandals","","","",""
50480,0,0,"","Hrothgar Vest","Hrothgar Vambraces","Hrothgar Tights","Hrothgar Caligae","","","",""
50481,0,0,"","Viera Harness","Viera Armguards","Viera Gaskins","Viera Sollerets","","","",""
50482,0,0,"","Viera Chestwrap","Viera Armlets","Viera Pantalettes","Viera Sandals","","","",""
50483,0,0,"Kabuto #55","Uwagi #55","Tekko #55","Hakama #55","Choka #55","","","",""
50484,0,0,"","Sophist's Robe","","Sophist's Podea","Sophist's Hupodema","","","",""
50485,0,0,"","","","","","","","",""
50486,0,0,"","Guardian Corps Coat","Guardian Corps Gauntlets","Guardian Corps Skirt","Guardian Corps Boots","","","",""
50487,0,0,"","Bohemian's Coat","Bohemian's Gloves","Bohemian's Trousers","Bohemian's Boots","","","",""
50488,0,0,"Field Commander's Helm","Field Commander's Coat","Field Commander's Gloves","Field Commander's Slops","Field Commander's Boots","","","",""
50489,0,0,"The Face of the Golden Wolf","The Body of the Golden Wolf","The Hands of the Golden Wolf","The Legs of the Golden Wolf","The Feet of the Golden Wolf","","","",""
50490,0,0,"The Face of Undying Twilight","The Body of Undying Twilight","The Hands of Undying Twilight","The Legs of Undying Twilight","The Feet of Undying Twilight","","","",""
50491,0,0,"The Face of Pressing Darkness","The Body of Pressing Darkness","The Hands of Pressing Darkness","The Legs of Pressing Darkness","The Feet of Pressing Darkness","","","",""
50492,0,0,"The Face of the White Night","The Body of the White Night","The Hands of the White Night","The Legs of the White Night","The Feet of the White Night","","","",""
50493,0,0,"The Face of the Silver Wolf","The Body of the Silver Wolf","The Hands of the Silver Wolf","The Legs of the Silver Wolf","The Feet of the Silver Wolf","","","",""
50494,0,0,"Makai Mauler's Facemask","Makai Mauler's Oilskin","Makai Mauler's Fingerless Gloves","Makai Mauler's Leggings","Makai Mauler's Boots","","","",""
50495,0,0,"Makai Manhandler's Facemask","Makai Manhandler's Jerkin","Makai Manhandler's Fingerless Gloves","Makai Manhandler's Quartertights","Makai Manhandler's Longboots","","","",""
50496,0,0,"Makai Marksman's Eyepatch","Makai Marksman's Battlegarb","Makai Marksman's Fingerless Gloves","Makai Marksman's Slops","Makai Marksman's Boots","","","",""
50497,0,0,"Makai Markswoman's Ribbon","Makai Markswoman's Battledress","Makai Markswoman's Fingerless Gloves","Makai Markswoman's Quartertights","Makai Markswoman's Longboots","","","",""
50498,0,0,"Makai Sun Guide's Circlet","Makai Sun Guide's Oilskin","Makai Sun Guide's Fingerless Gloves","Makai Sun Guide's Slops","Makai Sun Guide's Boots","","","",""
50499,0,0,"Makai Moon Guide's Circlet","Makai Moon Guide's Gown","Makai Moon Guide's Fingerless Gloves","Makai Moon Guide's Quartertights","Makai Moon Guide's Longboots","","","",""
50500,0,0,"Makai Priest's Coronet","Makai Priest's Doublet Robe","Makai Priest's Fingerless Gloves","Makai Priest's Slops","Makai Priest's Boots","","","",""
50501,0,0,"Makai Priestess's Headdress","Makai Priestess's Jerkin","Makai Priestess's Fingerless Gloves","Makai Priestess's Skirt","Makai Priestess's Longboots","","","",""
50502,0,0,"Makai Vanguard's Monocle","Makai Vanguard's Battlegarb","Makai Vanguard's Fingerless Gloves","Makai Vanguard's Leggings","Makai Vanguard's Boots","","","",""
50503,0,0,"Makai Vanbreaker's Ribbon","Makai Vanbreaker's Battledress","Makai Vanbreaker's Fingerless Gloves","Makai Vanbreaker's Quartertights","Makai Vanbreaker's Longboots","","","",""
50504,0,0,"Makai Harbinger's Facemask","Makai Harbinger's Battlegarb","Makai Harbinger's Fingerless Gloves","Makai Harbinger's Leggings","Makai Harbinger's Boots","","","",""
50505,0,0,"Makai Harrower's Facemask","Makai Harrower's Jerkin","Makai Harrower's Fingerless Gloves","Makai Harrower's Quartertights","Makai Harrower's Longboots","","","",""
50506,0,0,"","Far Eastern Lord's Robe","","Far Eastern Lord's Trousers","Far Eastern Lord's Crakows","","","",""
50507,0,0,"","Far Eastern Lady's Dress","","Far Eastern Lady's Loincloth","Far Eastern Lady's Crakows","","","",""
50508,0,0,"Far Eastern Patriarch's Hat","Far Eastern Patriarch's Tunic","","","Far Eastern Patriarch's Longboots","","","",""
50509,0,0,"Far Eastern Matriarch's Sun Hat","Far Eastern Matriarch's Dress","","","Far Eastern Matriarch's Boots","","","",""
50510,0,0,"Augmented Gallant Coronet","Augmented Gallant Surcoat","Augmented Gallant Gauntlets","Augmented Gallant Cuisses","Augmented Gallant Sollerets","","","",""
50511,0,0,"Augmented Temple Circlet","Augmented Temple Cyclas","Augmented Temple Gloves","Augmented Temple Gaskins","Augmented Temple Boots","","","",""
50512,0,0,"Augmented Fighter's Burgeonet","Augmented Fighter's Cuirass","Augmented Fighter's Gauntlets","Augmented Fighter's Breeches","Augmented Fighter's Jackboots","","","",""
50513,0,0,"Augmented Drachen Armet","Augmented Drachen Mail","Augmented Drachen Gauntlets","Augmented Drachen Breeches","Augmented Drachen Greaves","","","",""
50514,0,0,"Augmented Choral Chapeau","Augmented Choral Shirt","Augmented Choral Ringbands","Augmented Choral Tights","Augmented Choral Sandals","","","",""
50515,0,0,"Augmented Healer's Circlet","Augmented Healer's Robe","Augmented Healer's Gloves","Augmented Healer's Culottes","Augmented Healer's Boots","","","",""
50516,0,0,"Augmented Wizard's Petasos","Augmented Wizard's Coat","Augmented Wizard's Gloves","Augmented Wizard's Tonban","Augmented Wizard's Crakows","","","",""
50517,0,0,"Augmented Evoker's Horn","Augmented Evoker's Doublet","Augmented Evoker's Ringbands","Augmented Evoker's Waistclout","Augmented Evoker's Thighboots","","","",""
50518,0,0,"Augmented Scholar's Mortarboard","Augmented Scholar's Gown","Augmented Scholar's Gloves","Augmented Scholar's Culottes","Augmented Scholar's Boots","","","",""
50519,0,0,"Augmented Ninja Hatsuburi","Augmented Ninja Chainmail","Augmented Ninja Tekko","Augmented Ninja Hakama","Augmented Ninja Kyahan","","","",""
50520,0,0,"Valor Coronet","Valor Surcoat","Valor Gauntlets","Valor Cuisses","Valor Sollerets","","","",""
50521,0,0,"Warrior's Burgeonet","Warrior's Cuirass","Warrior's Gauntlets","Warrior's Breeches","Warrior's Jackboots","","","",""
50522,0,0,"Melee Circlet","Melee Cyclas","Melee Gloves","Melee Gaskins","Melee Boots","","","",""
50523,0,0,"Wyrm's Armet","Wyrm's Mail","Wyrm's Gauntlets","Wyrm's Breeches","Wyrm's Greaves","","","",""
50524,0,0,"Bard's Chapeau","Bard's Shirt","Bard's Ringbands","Bard's Tights","Bard's Sandals","","","",""
50525,0,0,"Cleric's Circlet","Cleric's Robe","Cleric's Gloves","Cleric's Culottes","Cleric's Boots","","","",""
50526,0,0,"Sorcerer's Petasos","Sorcerer's Coat","Sorcerer's Gloves","Sorcerer's Tonban","Sorcerer's Crakows","","","",""
50527,0,0,"Summoner's Horn","Summoner's Doublet","Summoner's Ringbands","Summoner's Waistclout","Summoner's Thighboots","","","",""
50528,0,0,"Argute Mortarboard","Argute Gown","Argute Gloves","Argute Culottes","Argute Boots","","","",""
50529,0,0,"Koga Hatsuburi","Koga Chainmail","Koga Tekko","Koga Hakama","Koga Kyahan","","","",""
50530,0,0,"Creed Wings","Creed Cuirass","Creed Gauntlets","Creed Cuisses","Creed Sabatons","","","",""
50531,0,0,"Tantra Tantour","Tantra Chestwrap","Tantra Wristwraps","Tantra Galligaskins","Tantra Gaiters","","","",""
50532,0,0,"Ravager's Helm","Ravager's Cuirass","Ravager's Chains","Ravager's Breeches","Ravager's Warboots","","","",""
50533,0,0,"Dragonlancer's Mesail","Dragonlancer's Plackart","Dragonlancer's Vambraces","Dragonlancer's Cuissots","Dragonlancer's Schynbalds","","","",""
50534,0,0,"Aoidos' Turban","Aoidos' Cloak","Aoidos' Shoulder Gloves","Aoidos' Tights","Aoidos' Thighboots","","","",""
50535,0,0,"Orison Hood","Orison Robe","Orison Fingerless Gloves","Orison Skirt","Orison Thighboots","","","",""
50536,0,0,"Goetia Tricorne","Goetia Coat","Goetia Gloves","Goetia Chausses","Goetia Thighboots","","","",""
50537,0,0,"Caller's Horn","Caller's Himation","Caller's Armlets","Caller's Loincloth","Caller's Sandals","","","",""
50538,0,0,"Savant's Top Hat","Savant's Overcoat","Savant's Aethercell Gloves","Savant's Culottes","Savant's Boots","","","",""
50539,0,0,"Iga Zukin","Iga Ningi","Iga Tekko","Iga Hakama","Iga Kyahan","","","",""
50540,0,0,"Chaos Burgeonet","Chaos Cuirass","Chaos Gauntlets","Chaos Flanchard","Chaos Sollerets","","","",""
50541,0,0,"Machinist's Goggles","Machinist's Shirt","Machinist's Gloves","Machinist's Brais","Machinist's Boots","","","",""
50542,0,0,"Welkin Hat","Welkin Robe","Welkin Half Sleeves","Welkin Breeches","Welkin Shoes","","","",""
50543,0,0,"Chivalrous Circlet","Chivalrous Surcoat","Chivalrous Gauntlets","Chivalrous Cuisses","Chivalrous Sollerets","","","",""
50544,0,0,"Pacifist's Circlet","Pacifist's Vest","Pacifist's Armguards","Pacifist's Gaskins","Pacifist's Boots","","","",""
50545,0,0,"Brutal Visor","Brutal Lorica","Brutal Gauntlets","Brutal Breeches","Brutal Sollerets","","","",""
50546,0,0,"Trueblood Armet","Trueblood Mail","Trueblood Gauntlets","Trueblood Brais","Trueblood Greaves","","","",""
50547,0,0,"Storyteller's Chapeau","Storyteller's Coat","Storyteller's Gloves","Storyteller's Bottoms","Storyteller's Boots","","","",""
50548,0,0,"Seventh Heaven Circlet","Seventh Heaven Top","Seventh Heaven Fingerless Gloves","Seventh Heaven Bottoms","Seventh Heaven Thighboots","","","",""
50549,0,0,"Seventh Hell Petasos","Seventh Hell Coat","Seventh Hell Gloves","Seventh Hell Breeches","Seventh Hell Thighboots","","","",""
50550,0,0,"Channeler's Horn","Channeler's Vest","Channeler's Armlets","Channeler's Halfslops","Channeler's Boots","","","",""
50551,0,0,"Orator's Mortarboard","Orator's Coat","Orator's Cuffs","Orator's Bottoms","Orator's Shoes","","","",""
50552,0,0,"Kage-kakushi Somen","Kage-kakushi Chainmail","Kage-kakushi Tekko","Kage-kakushi Hakama","Kage-kakushi Kyahan","","","",""
50553,0,0,"Abyss Burgeonet","Abyss Cuirass","Abyss Gauntlets","Abyss Flanchard","Abyss Sollerets","","","",""
50554,0,0,"Gunner's Goggles","Gunner's Coat","Gunner's Gloves","Gunner's Trousers","Gunner's Thighboots","","","",""
50555,0,0,"Constellation Turban","Constellation Top","Constellation Armlets","Constellation Gaskins","Constellation Sandals","","","",""
50556,0,0,"Myochin Jingasa","Myochin Haori","Myochin Tekko","Myochin Hakama","Myochin Geta","","","",""
50557,0,0,"Duelist's Chapeau","Duelist's Tabard","Duelist's Gloves","Duelist's Breeches","Duelist's Thighboots","","","",""
50558,0,0,"Anemos Chivalrous Circlet","Anemos Chivalrous Surcoat","Anemos Chivalrous Gauntlets","Anemos Chivalrous Cuisses","Anemos Chivalrous Sollerets","","","",""
50559,0,0,"Anemos Pacifist's Circlet","Anemos Pacifist's Vest","Anemos Pacifist's Armguards","Anemos Pacifist's Gaskins","Anemos Pacifist's Boots","","","",""
50560,0,0,"Anemos Brutal Visor","Anemos Brutal Lorica","Anemos Brutal Gauntlets","Anemos Brutal Breeches","Anemos Brutal Sollerets","","","",""
50561,0,0,"Anemos Trueblood Armet","Anemos Trueblood Mail","Anemos Trueblood Gauntlets","Anemos Trueblood Brais","Anemos Trueblood Greaves","","","",""
50562,0,0,"Anemos Storyteller's Chapeau","Anemos Storyteller's Coat","Anemos Storyteller's Gloves","Anemos Storyteller's Bottoms","Anemos Storyteller's Boots","","","",""
50563,0,0,"Anemos Seventh Heaven Circlet","Anemos Seventh Heaven Top","Anemos Seventh Heaven Fingerless Gloves","Anemos Seventh Heaven Bottoms","Anemos Seventh Heaven Thighboots","","","",""
50564,0,0,"Anemos Seventh Hell Petasos","Anemos Seventh Hell Coat","Anemos Seventh Hell Gloves","Anemos Seventh Hell Breeches","Anemos Seventh Hell Thighboots","","","",""
50565,0,0,"Anemos Channeler's Horn","Anemos Channeler's Vest","Anemos Channeler's Armlets","Anemos Channeler's Halfslops","Anemos Channeler's Boots","","","",""
50566,0,0,"Anemos Orator's Mortarboard","Anemos Orator's Coat","Anemos Orator's Cuffs","Anemos Orator's Bottoms","Anemos Orator's Shoes","","","",""
50567,0,0,"Anemos Kage-kakushi Somen","Anemos Kage-kakushi Chainmail","Anemos Kage-kakushi Tekko","Anemos Kage-kakushi Hakama","Anemos Kage-kakushi Kyahan","","","",""
50568,0,0,"Anemos Abyss Burgeonet","Anemos Abyss Cuirass","Anemos Abyss Gauntlets","Anemos Abyss Flanchard","Anemos Abyss Sollerets","","","",""
50569,0,0,"Anemos Gunner's Goggles","Anemos Gunner's Coat","Anemos Gunner's Gloves","Anemos Gunner's Trousers","Anemos Gunner's Thighboots","","","",""
50570,0,0,"Anemos Constellation Turban","Anemos Constellation Top","Anemos Constellation Armlets","Anemos Constellation Gaskins","Anemos Constellation Sandals","","","",""
50571,0,0,"Anemos Myochin Jingasa","Anemos Myochin Haori","Anemos Myochin Tekko","Anemos Myochin Hakama","Anemos Myochin Geta","","","",""
50572,0,0,"Anemos Duelist's Chapeau","Anemos Duelist's Tabard","Anemos Duelist's Gloves","Anemos Duelist's Breeches","Anemos Duelist's Thighboots","","","",""
50573,0,0,"Idealized Chevalier's Temple Chain","Idealized Chevalier's Cuirass","Idealized Chevalier's Gauntlets","Idealized Chevalier's Poleyns","Idealized Chevalier's Sollerets","","","",""
50574,0,0,"Idealized Bhikku Knotcap","Idealized Bhikku Cyclas","Idealized Bhikku Gloves","Idealized Bhikku Poleyns","Idealized Bhikku Boots","","","",""
50575,0,0,"Idealized Boii Burgeonet","Idealized Boii Tunic","Idealized Boii Gauntlets","Idealized Boii Brais","Idealized Boii Boots","","","",""
50576,0,0,"Idealized Pteroslaver Armet","Idealized Pteroslaver Mail","Idealized Pteroslaver Gauntlets","Idealized Pteroslaver Subligar","Idealized Pteroslaver Greaves","","","",""
50577,0,0,"Idealized Fili Chapeau","Idealized Fili Gilet","Idealized Fili Armlets","Idealized Fili Bottoms","Idealized Fili Shoes","","","",""
50578,0,0,"Idealized Ebers Hood","Idealized Ebers Robe","Idealized Ebers Armlets","Idealized Ebers Skirt","Idealized Ebers Thighboots","","","",""
50579,0,0,"Idealized Wicce Petasos","Idealized Wicce Coat","Idealized Wicce Wrist Torque","Idealized Wicce Bottoms","Idealized Wicce Shoes","","","",""
50580,0,0,"Idealized Beckoner's Horn","Idealized Beckoner's Coat","Idealized Beckoner's Fingerless Gloves","Idealized Beckoner's Sarouel","Idealized Beckoner's Crakows","","","",""
50581,0,0,"Idealized Arbatel Mortarboard","Idealized Arbatel Cloak","Idealized Arbatel Gloves","Idealized Arbatel Bottoms","Idealized Arbatel Thighboots","","","",""
50582,0,0,"Idealized Hattori Somen","Idealized Hattori Chainmail","Idealized Hattori Tekko","Idealized Hattori Trousers","Idealized Hattori Kyahan","","","",""
50583,0,0,"Idealized Bale Burgeonet","Idealized Bale Cuirass","Idealized Bale Gauntlets","Idealized Bale Flanchard","Idealized Bale Sollerets","","","",""
50584,0,0,"Idealized Gunslinger's Hat","Idealized Gunslinger's Coat","Idealized Gunslinger's Halfgloves","Idealized Gunslinger's Bottoms","Idealized Gunslinger's Thighboots","","","",""
50585,0,0,"Idealized Soothsayer's Turban","Idealized Soothsayer's Chiton","Idealized Soothsayer's Armlets","Idealized Soothsayer's Skirt","Idealized Soothsayer's Sandals","","","",""
50586,0,0,"Idealized Kasuga Hanbo","Idealized Kasuga Haori","Idealized Kasuga Kote","Idealized Kasuga Tsutsu-hakama","Idealized Kasuga Zori","","","",""
50587,0,0,"Idealized Estoqueur's Tricorne","Idealized Estoqueur's Bliaud","Idealized Estoqueur's Gloves","Idealized Estoqueur's Bottoms","Idealized Estoqueur's Thighboots","","","",""
50588,0,0,"Idealized Bodyguard's Blinder","Idealized Bodyguard's Coat","Idealized Bodyguard's Fingerless Gloves","Idealized Bodyguard's Trousers","Idealized Bodyguard's Thighboots","","","",""
50589,0,0,"Idealized Dancer's Headdress","Idealized Dancer's Casaque","Idealized Dancer's Armlets","Idealized Dancer's Bottoms","Idealized Dancer's Shoes","","","",""
50590,0,0,"Reverence Coronet","Reverence Cuirass","Reverence Gauntlets","Reverence Skirt","Reverence Sollerets","","","",""
50591,0,0,"Anchorite's Flame","Anchorite's Cyclas","Anchorite's Vambraces","Anchorite's Gaskins","Anchorite's Greaves","","","",""
50592,0,0,"Pummeler's Burgeonet","Pummeler's Vest","Pummeler's Gauntlets","Pummeler's Cuisses","Pummeler's Boots","","","",""
50593,0,0,"Tiamat Armet","Tiamat Mail","Tiamat Gauntlets","Tiamat Trousers","Tiamat Greaves","","","",""
50594,0,0,"Brioso Chapeau","Brioso Gilet","Brioso Halfgloves","Brioso Bottoms","Brioso Shoes","","","",""
50595,0,0,"Theophany Circlet","Theophany Robe","Theophany Shortgloves","Theophany Skirt","Theophany Thighboots","","","",""
50596,0,0,"Spaekona's Petasos","Spaekona's Coat","Spaekona's Wrist Torques","Spaekona's Skirt","Spaekona's Shoes","","","",""
50597,0,0,"Convoker's Horn","Convoker's Coat","Convoker's Gloves","Convoker's Trousers","Convoker's Thighboots","","","",""
50598,0,0,"Academic's Mortarboard","Academic's Coat","Academic's Gloves","Academic's Breeches","Academic's Longboots","","","",""
50599,0,0,"Hachiya Somen","Hachiya Chainmail","Hachiya Tekko","Hachiya Tsutsu-hakama","Hachiya Zori","","","",""
50600,0,0,"Ignominy Burgeonet","Ignominy Cuirass","Ignominy Gauntlets","Ignominy Trousers","Ignominy Sollerets","","","",""
50601,0,0,"Pioneer's Scope","Pioneer's Coat","Pioneer's Gloves","Pioneer's Bottoms","Pioneer's Boots","","","",""
50602,0,0,"Astronomia Turban","Astronomia Chiton","Astronomia Armlets","Astronomia Pantaloons","Astronomia Sandals","","","",""
50603,0,0,"Saotome Hanbo","Saotome Jin-baori","Saotome Kote","Saotome Hakama","Saotome Sune-ate","","","",""
50604,0,0,"Atrophy Chapeau","Atrophy Bliaud","Atrophy Gloves","Atrophy Bottoms","Atrophy Thighboots","","","",""
50605,0,0,"Allegiance Blinder","Allegiance Coat","Allegiance Gloves","Allegiance Trousers","Allegiance Longboots","","","",""
50606,0,0,"Etoile Headdress","Etoile Longcoat","Etoile Halfgloves","Etoile Bottoms","Etoile Dress Boots","","","",""
50607,0,0,"Reaper's Chapeau","Reaper's Corselet","Reaper's Armguards","Reaper's Poleyns","Reaper's Boots","","","",""
50608,0,0,"Didact's Visor","Didact's Coat","Didact's Gloves","Didact's Gaskins","Didact's Boots","","","",""
50609,0,0,"Caballarius Coronet","Caballarius Cuirass","Caballarius Gauntlets","Caballarius Breeches","Caballarius Sabatons","","","",""
50610,0,0,"Hesychast's Crown","Hesychast's Cyclas","Hesychast's Vambraces","Hesychast's Gaskins","Hesychast's Greaves","","","",""
50611,0,0,"Agoge Horns","Agoge Vest","Agoge Vambraces","Agoge Breeches","Agoge Jackboots","","","",""
50612,0,0,"Heavensbound Armet","Heavensbound Mail","Heavensbound Gauntlets","Heavensbound Breeches","Heavensbound Sollerets","","","",""
50613,0,0,"Bihu Chapeau","Bihu Jacket","Bihu Gloves","Bihu Kecks","Bihu Boots","","","",""
50614,0,0,"Piety Headdress","Piety Robe","Piety Fingerstalls","Piety Slops","Piety Boots","","","",""
50615,0,0,"Archmage's Petasos","Archmage's Coat","Archmage's Hand Runes","Archmage's Bottoms","Archmage's Thighboots","","","",""
50616,0,0,"Glyphic Horn","Glyphic Cloak","Glyphic Gloves","Glyphic Gaskins","Glyphic Boots","","","",""
50617,0,0,"Pedagogy Mortarboard","Pedagogy Gown","Pedagogy Halfgloves","Pedagogy Culottes","Pedagogy Longboots","","","",""
50618,0,0,"Momochi Gantai","Momochi Chainmail","Momochi Tekko","Momochi Hakama","Momochi Kyahan","","","",""
50619,0,0,"Fallen's Burgeonet","Fallen's Cuirass","Fallen's Gloves","Fallen's Trousers","Fallen's Sollerets","","","",""
50620,0,0,"Forerider's Hat","Forerider's Coat","Forerider's Gloves","Forerider's Breeches","Forerider's Longboots","","","",""
50621,0,0,"Ephemerist's Hat","Ephemerist's Robe","Ephemerist's Armlets","Ephemerist's Kecks","Ephemerist's Crakows","","","",""
50622,0,0,"Sakonji Gantai","Sakonji Haori","Sakonji Gloves","Sakonji Hakama","Sakonji Tabi","","","",""
50623,0,0,"Roseblood Chapeau","Roseblood Coat","Roseblood Gloves","Roseblood Breeches","Roseblood Boots","","","",""
50624,0,0,"Bastion's Eyepatch","Bastion's Coat","Bastion's Gloves","Bastion's Trousers","Bastion's Thighboots","","","",""
50625,0,0,"Horos Headdress","Horos Casaque","Horos Wrist Torques","Horos Bottoms","Horos Dress Boots","","","",""
50626,0,0,"Assassin's Hood","Assassin's Coat","Assassin's Halfgloves","Assassin's Brais","Assassin's Greaves","","","",""
50627,0,0,"Asklepian Visor","Asklepian Coat","Asklepian Gloves","Asklepian Hose","Asklepian Boots","","","",""
50628,0,0,"Viper's Hood","Viper's Coat","Viper's Halfgloves","Viper's Hose","Viper's Leg Guards","","","",""
50629,0,0,"Pictomancer's Turban","Pictomancer's Bolero","Pictomancer's Armlets","Pictomancer's Sarouel","Pictomancer's Crakows","","","",""
50630,0,0,"Magus's Mask","Magus's Jacket","Magus's Gloves","Magus's Trousers","Magus's Shoes","","","",""
50631,0,0,"Mirage Hat","Mirage Coatee","Mirage Gloves","Mirage Bottoms","Mirage Boots","Mirage Earring","Mirage Choker","Mirage Bracelet","Mirage Ring"
50632,0,0,"Phantasmal Hat","Phantasmal Robe","Phantasmal Gloves","Phantasmal Slacks","Phantasmal Shoes","Phantasmal Sardine Earring","Phantasmal Sardine Necklace","Phantasmal Sardine Bracelet","Phantasmal Sardine Ring"
50633,0,0,"Lionsmane Armet","Lionsmane Cuirass","Lionsmane Gauntlets","Lionsmane Breeches","Lionsmane Sabatons","","","",""
50634,0,0,"Hawkwing Armet","Hawkwing Cyclas","Hawkwing Gauntlets","Hawkwing Gaskins","Hawkwing Boots","","","",""
50635,0,0,"Bearsmaw Armet","Bearsmaw Cuirass","Bearsmaw Gauntlets","Bearsmaw Hose","Bearsmaw Sabatons","","","",""
50636,0,0,"Snakestongue Helm","Snakestongue Scale Mail","Snakestongue Gauntlets","Snakestongue Brais","Snakestongue Greaves","","","",""
50637,0,0,"Birdsong Mask","Birdsong Coat","Birdsong Gloves","Birdsong Breeches","Birdsong Boots","","","",""
50638,0,0,"Swansgrace Hood","Swansgrace Coat","Swansgrace Armguards","Swansgrace Hose","Swansgrace Boots","","","",""
50639,0,0,"Wolfseye Hat","Wolfseye Coat","Wolfseye Long Gloves","Wolfseye Brais","Wolfseye Thighboots","","","",""
50640,0,0,"Elkhorn Hat","Elkhorn Robe","Elkhorn Gloves","Elkhorn Slops","Elkhorn Thighboots","","","",""
50641,0,0,"Elktail Hat","Elktail Robe","Elktail Gloves","Elktail Slops","Elktail Thighboots","","","",""
50642,0,0,"Batsight Okabuto","Batsight Osode","Batsight Kote","Batsight Haidate","Batsight Sune-ate","","","",""
50643,0,0,"Lynxfang Armet","Lynxfang Cuirass","Lynxfang Gauntlets","Lynxfang Breeches","Lynxfang Sabatons","","","",""
50644,0,0,"Parrotbeak Mask","Parrotbeak Coat","Parrotbeak Gloves","Parrotbeak Breeches","Parrotbeak Boots","","","",""
50645,0,0,"Owlsight Hood","Owlsight Coat","Owlsight Armguards","Owlsight Hose","Owlsight Boots","","","",""
50646,0,0,"Lionliege Armet","Lionliege Cuirass","Lionliege Gauntlets","Lionliege Breeches","Lionliege Sabatons","","","",""
50647,0,0,"Hawkliege Armet","Hawkliege Cyclas","Hawkliege Gauntlets","Hawkliege Gaskins","Hawkliege Boots","","","",""
50648,0,0,"Bearliege Armet","Bearliege Cuirass","Bearliege Gauntlets","Bearliege Hose","Bearliege Sabatons","","","",""
50649,0,0,"Snakeliege Helm","Snakeliege Scale Mail","Snakeliege Gauntlets","Snakeliege Brais","Snakeliege Greaves","","","",""
50650,0,0,"Birdliege Mask","Birdliege Coat","Birdliege Gloves","Birdliege Breeches","Birdliege Boots","","","",""
50651,0,0,"Swanliege Hood","Swanliege Coat","Swanliege Armguards","Swanliege Hose","Swanliege Boots","","","",""
50652,0,0,"Wolfliege Hat","Wolfliege Coat","Wolfliege Long Gloves","Wolfliege Brais","Wolfliege Thighboots","","","",""
50653,0,0,"Elkliege Hat","Elkliege Robe","Elkliege Gloves","Elkliege Slops","Elkliege Thighboots","","","",""
50654,0,0,"Elklord Hat","Elklord Robe","Elklord Gloves","Elklord Slops","Elklord Thighboots","","","",""
50655,0,0,"Batliege Okabuto","Batliege Osode","Batliege Kote","Batliege Haidate","Batliege Sune-ate","","","",""
50656,0,0,"Lynxliege Armet","Lynxliege Cuirass","Lynxliege Gauntlets","Lynxliege Breeches","Lynxliege Sabatons","","","",""
50657,0,0,"Parrotliege Mask","Parrotliege Coat","Parrotliege Gloves","Parrotliege Breeches","Parrotliege Boots","","","",""
50658,0,0,"Owlliege Hood","Owlliege Coat","Owlliege Armguards","Owlliege Hose","Owlliege Boots","","","",""
50659,0,0,"Carpenter's Hood","Carpenter's Gown","Carpenter's Gloves","Carpenter's Slops","Carpenter's Workboots","","","",""
50660,0,0,"Blacksmith's Goggles","Blacksmith's Apron","Blacksmith's Gloves","Blacksmith's Slops","Blacksmith's Workboots","","","",""
50661,0,0,"Armorer's Visor","Armorer's Gown","Armorer's Gloves","Armorer's Slops","Armorer's Workboots","","","",""
50662,0,0,"Goldsmith's Turban","Goldsmith's Doublet","Goldsmith's Gloves","Goldsmith's Trousers","Goldsmith's Boots","","","",""
50663,0,0,"Leatherworker's Hat","Leatherworker's Shirt","Leatherworker's Gloves","Leatherworker's Trousers","Leatherworker's Workboots","","","",""
50664,0,0,"Weaver's Gibus","Weaver's Swallowtail","Weaver's Gloves","Weaver's Trousers","Weaver's Thighboots","","","",""
50665,0,0,"Alchemist's Monocle","Alchemist's Coat","Alchemist's Gloves","Alchemist's Trousers","Alchemist's Thighboots","","","",""
50666,0,0,"Culinarian's Hat","Culinarian's Apron","Culinarian's Mitts","Culinarian's Trousers","Culinarian's Gaiters","","","",""
50667,0,0,"Hamlet Digger's Helmet","Miner's Shirt","Miner's Gloves","Miner's Slops","Miner's Workboots","","","",""
50668,0,0,"Hamlet Cutter's Hat","Botanist's Doublet","Botanist's Gloves","Botanist's Slops","Botanist's Workboots","","","",""
50669,0,0,"Hamlet Puller's Hat","Fisher's Shirt","Fisher's Gloves","Fisher's Gaskins","Fisher's Wading Boots","","","",""
50670,0,0,"Augmented Millkeep's Cap","Augmented Millkeep's Apron","Augmented Millkeep's Gloves","Augmented Millkeep's Slops","Augmented Millkeep's Workboots","","","",""
50671,0,0,"Augmented Forgekeep's Goggles","Augmented Forgekeep's Redingote","Augmented Forgekeep's Gloves","Augmented Forgekeep's Slops","Augmented Forgekeep's Sandals","","","",""
50672,0,0,"Augmented Hammerkeep's Visor","Augmented Hammerkeep's Waist Apron","Augmented Hammerkeep's Work Gloves","Augmented Hammerkeep's Slops","Augmented Hammerkeep's Workboots","","","",""
50673,0,0,"Augmented Gemkeep's Coronal","Augmented Gemkeep's Gown","Augmented Gemkeep's Chaplets","Augmented Gemkeep's Trousers","Augmented Gemkeep's Sandals","","","",""
50674,0,0,"Augmented Hidekeep's Cap","Augmented Hidekeep's Apron","Augmented Hidekeep's Gloves","Augmented Hidekeep's Trousers","Augmented Hidekeep's Workboots","","","",""
50675,0,0,"Augmented Boltkeep's Gibus","Augmented Boltkeep's Dreadnought","Augmented Boltkeep's Gloves","Augmented Boltkeep's Slacks","Augmented Boltkeep's Top Boots","","","",""
50676,0,0,"Augmented Cauldronkeep's Spectacles","Augmented Cauldronkeep's Overcoat","Augmented Cauldronkeep's Gloves","Augmented Cauldronkeep's Longkilt","Augmented Cauldronkeep's Jackboots","","","",""
50677,0,0,"Augmented Galleykeep's Toque","Augmented Galleykeep's Whites","Augmented Galleykeep's Gloves","Augmented Galleykeep's Trousers","Augmented Galleykeep's Top Boots","","","",""
50678,0,0,"Augmented Minekeep's Helmet","Augmented Minekeep's Overalls","Augmented Minekeep's Work Gloves","Augmented Minekeep's Slops","Augmented Minekeep's Workboots","","","",""
50679,0,0,"Augmented Fieldkeep's Canotier","Augmented Fieldkeep's Shirt","Augmented Fieldkeep's Corsage","Augmented Fieldkeep's Slops","Augmented Fieldkeep's Jackboots","","","",""
50680,0,0,"Augmented Tacklekeep's Cap","Augmented Tacklekeep's Vest","Augmented Tacklekeep's Gloves","Augmented Tacklekeep's Gaskins","Augmented Tacklekeep's Waders","","","",""
50681,0,0,"Augmented Millking's Cap","Augmented Millking's Coat","Augmented Millking's Gloves","Augmented Millking's Slops","Augmented Millking's Boots","","","",""
50682,0,0,"Augmented Forgeking's Bandana","Augmented Forgeking's Apron","Augmented Forgeking's Gloves","Augmented Forgeking's Slops","Augmented Forgeking's Boots","","","",""
50683,0,0,"Augmented Hammerking's Visor","Augmented Hammerking's Redingote","Augmented Hammerking's Gloves","Augmented Hammerking's Slops","Augmented Hammerking's Boots","","","",""
50684,0,0,"Augmented Gemking's Turban","Augmented Gemking's Coat","Augmented Gemking's Gloves","Augmented Gemking's Slops","Augmented Gemking's Boots","","","",""
50685,0,0,"Augmented Hideking's Bandana","Augmented Hideking's Jacket","Augmented Hideking's Gloves","Augmented Hideking's Slacks","Augmented Hideking's Thighboots","","","",""
50686,0,0,"Augmented Boltking's Cap","Augmented Boltking's Jacket","Augmented Boltking's Gloves","Augmented Boltking's Slops","Augmented Boltking's Boots","","","",""
50687,0,0,"Augmented Cauldronking's Hat","Augmented Cauldronking's Coat","Augmented Cauldronking's Dress Gloves","Augmented Cauldronking's Slops","Augmented Cauldronking's Boots","","","",""
50688,0,0,"Augmented Galleyking's Toque","Augmented Galleyking's Apron","Augmented Galleyking's Mittens","Augmented Galleyking's Trousers","Augmented Galleyking's Shoes","","","",""
50689,0,0,"Augmented Mineking's Helmet","Augmented Mineking's Work Shirt","Augmented Mineking's Work Gloves","Augmented Mineking's Slops","Augmented Mineking's Workboots","","","",""
50690,0,0,"Augmented Fieldking's Hat","Augmented Fieldking's Shirt","Augmented Fieldking's Gloves","Augmented Fieldking's Slops","Augmented Fieldking's Shoes","","","",""
50691,0,0,"Augmented Tackleking's Bandana","Augmented Tackleking's Vest","Augmented Tackleking's Fingerless Gloves","Augmented Tackleking's Halfslops","Augmented Tackleking's Sandals","","","",""
50692,0,0,"Millsoph's Bandana","Millsoph's Apron","Millsoph's Gloves","Millsoph's Breeches","Millsoph's Gaiters","","","",""
50693,0,0,"Forgesoph's Goggles","Forgesoph's Apron","Forgesoph's Work Gloves","Forgesoph's Trousers","Forgesoph's Boots","","","",""
50694,0,0,"Hammersoph's Visor","Hammersoph's Apron","Hammersoph's Work Gloves","Hammersoph's Trousers","Hammersoph's Workboots","","","",""
50695,0,0,"Gemsoph's Hat","Gemsoph's Vest","Gemsoph's Wristdresses","Gemsoph's Trousers","Gemsoph's Thighboots","","","",""
50696,0,0,"Hidesoph's Cap","Hidesoph's Apron","Hidesoph's Gloves","Hidesoph's Kecks","Hidesoph's Boots","","","",""
50697,0,0,"Boltsoph's Hat","Boltsoph's Swallowtail","Boltsoph's Cuffs","Boltsoph's Slacks","Boltsoph's Boots","","","",""
50698,0,0,"Cauldronsoph's Hat","Cauldronsoph's Mantle","Cauldronsoph's Gloves","Cauldronsoph's Kecks","Cauldronsoph's Shoes","","","",""
50699,0,0,"Galleysoph's Cap","Galleysoph's Apron","Galleysoph's Mittens","Galleysoph's Trousers","Galleysoph's Shoes","","","",""
50700,0,0,"Minesoph's Helmet","Minesoph's Work Shirt","Minesoph's Work Gloves","Minesoph's Slops","Minesoph's Workboots","","","",""
50701,0,0,"Fieldsoph's Hood","Fieldsoph's Shirt","Fieldsoph's Gloves","Fieldsoph's Slops","Fieldsoph's Crakows","","","",""
50702,0,0,"Tacklesoph's Hat","Tacklesoph's Jacket","Tacklesoph's Work Gloves","Tacklesoph's Slops","Tacklesoph's Workboots","","","",""
50703,0,0,"Millrise Goggles","Millrise Vest","Millrise Work Gloves","Millrise Slops","Millrise Boots","","","",""
50704,0,0,"Forgerise Cap","Forgerise Chestwrap","Forgerise Mittens","Forgerise Longkilt","Forgerise Workboots","","","",""
50705,0,0,"Hammerrise Mesail","Hammerrise Apron","Hammerrise Work Gloves","Hammerrise Brais","Hammerrise Jackboots","","","",""
50706,0,0,"Gemrise Cap","Gemrise Work Shirt","Gemrise Fingerstalls","Gemrise Pantaloons","Gemrise Crakows","","","",""
50707,0,0,"Hiderise Cap","Hiderise Apron","Hiderise Armguards","Cropped Hiderise Slops","Hiderise Boots","","","",""
50708,0,0,"Boltrise Hat","Boltrise Vest","Boltrise Shortgloves","Boltrise Trousers","Boltrise Gaiters","","","",""
50709,0,0,"Cauldronrise Beret","Cauldronrise Coat","Cauldronrise Wristgauge","Cauldronrise Trousers","Cauldronrise Boots","","","",""
50710,0,0,"Galleyrise Cap","Galleyrise Apron","Galleyrise Mittens","Galleyrise Trousers","Galleyrise Boots","","","",""
50711,0,0,"Minerise Helmet","Minerise Work Shirt","Minerise Work Gloves","Minerise Slops","Minerise Workboots","","","",""
50712,0,0,"Fieldrise Hat","Fieldrise Doublet","Fieldrise Work Gloves","Fieldrise Breeches","Fieldrise Thighboots","","","",""
50713,0,0,"Tacklerise Hat","Tacklerise Work Shirt","Tacklerise Work Gloves","Tacklerise Kecks","Tacklerise Workboots","","","",""
50714,0,0,"Cozy Valentione Beret","Cozy Valentione Cardigan","","Cozy Valentione Slacks","Cozy Valentione Shoes","","","",""
50715,0,0,"Comfy Valentione Beret","Comfy Valentione Cardigan","","Comfy Valentione Skirt","Cozy Valentione Shoes","","","",""
50716,0,0,"Herald of Legend","Chiton of Legend","Wristwraps of Legend","Loincloth of Legend","Caligae of Legend","","","",""
50717,0,0,"","Realm-roamer's Jacket","Realm-roamer's Gauntlets","Realm-roamer's Slops","Realm-roamer's Greaves","Realm-roamer's Earrings","","",""
50718,0,0,"","En Fortune-teller's Top","En Fortune-teller's Wrist Torque","En Fortune-teller's Skirt","En Fortune-teller's Boots","En Fortune-teller's Earrings","","",""
50719,0,0,"Vibran Princess's Tiara","Vibran Princess's Dress","Vibran Princess's Dress Gloves","Vibran Princess's Bottoms","Vibran Princess's Bootlets","","","",""
50720,0,0,"Eastern Technomask","Eastern Technojacket","Eastern Technogloves","Eastern Technogaskins","Eastern Technoshoes","","","",""
50721,0,0,"","Humble Overalls","Humble Gloves","","Humble Boots","","","",""
50722,0,0,"Battlefield Rose's Eyeguard","Battlefield Rose's Coat","Battlefield Rose's Manicae","Battlefield Rose's Tights","Battlefield Rose's Sollerets","","","",""
50723,0,0,"Story-lover's Bandana","Story-lover's Top","Story-lover's Armlets","Story-lover's Sarouel","Story-lover's Sandals","","","",""
50724,0,0,"Story-spinner's Headdress","Story-spinner's Chestwrap","Story-spinner's Chaplets","Story-spinner's Sarouel","Story-spinner's Sandals","","","",""
50725,0,0,"Powersuit Helm","Powersuit","","","","","","",""
50726,0,0,"Star Admiral's Helm","Star Admiral's Coat","Star Admiral's Gloves","Star Admiral's Trousers","Star Admiral's Boots","","","",""
50822,0,0,"Alpha Wolf Crown","Alpha Wolf Coat","Alpha Wolf Gauntlets","Alpha Wolf Breeches","Alpha Wolf Boots","Alpha Wolf Earrings","Alpha Wolf Choker","Alpha Wolf Bracelets","Alpha Wolf Ring"
50823,0,0,"Eagleclaw Crown","Eagleclaw Coat","","","","","","",""
51327,0,0,"","Foestriker's Tabard","Foestriker's Mitts","Foestriker's Skirt","Foestriker's Boots","","","",""
51328,0,0,"","Acolyte's Robe","Acolyte's Halfgloves","Acolyte's Skirt","Acolyte's Thighboots","","","",""
51329,0,0,"Cavalry Mask","Cavalry Cuirass","Cavalry Gauntlets","Cavalry Trousers","Cavalry Sabatons","","","",""
51330,0,0,"Infantry Bandana","Infantry Shirt","Infantry Gloves","Infantry Skirt","Infantry Thighboots","","","",""
51331,0,0,"Battlemage's Hat","Battlemage's Robe","Battlemage's Gloves","Battlemage's Breeches","Battlemage's Crakows","","","",""
51332,0,0,"","Coliseum Galerus","","Coliseum Subligar","","","","",""
51333,0,0,"","Coliseum Shawl","","Coliseum Loincloth","","","","",""
51334,0,0,"Ishgardian Knight's Helm","Ishgardian Knight's Armor","Ishgardian Knight's Gauntlets","Ishgardian Knight's Trousers","Ishgardian Knight's Sabatons","Ishgardian Knight's Earrings","Ishgardian Knight's Choker","Ishgardian Knight's Bracelets","Ishgardian Knight's Ring"
51335,0,0,"Ishgardian Banneret's Helm","Ishgardian Banneret's Armor","Ishgardian Banneret's Gauntlets","Ishgardian Banneret's Trousers","Ishgardian Banneret's Sabatons","Ishgardian Monastic's Earrings","Ishgardian Monastic's Choker","Ishgardian Monastic's Bracelets","Ishgardian Monastic's Ring"
51336,0,0,"Ishgardian Monastic's Cap","Ishgardian Monastic's Cyclas","Ishgardian Monastic's Armguards","Ishgardian Monastic's Hose","Ishgardian Monastic's Boots","Ishgardian Monastic's Earrings","Ishgardian Monastic's Choker","Ishgardian Monastic's Bracelets","Ishgardian Monastic's Ring"
51337,0,0,"Ishgardian Bowman's Cap","Ishgardian Bowman's Cyclas","Ishgardian Bowman's Armguards","Ishgardian Bowman's Hose","Ishgardian Bowman's Boots","Ishgardian Outrider's Earrings","Ishgardian Outrider's Choker","Ishgardian Outrider's Bracelets","Ishgardian Outrider's Ring"
51338,0,0,"Ishgardian Outrider's Cap","Ishgardian Outrider's Cyclas","Ishgardian Outrider's Armguards","Ishgardian Outrider's Hose","Ishgardian Outrider's Boots","Ishgardian Outrider's Earrings","Ishgardian Outrider's Choker","Ishgardian Outrider's Bracelets","Ishgardian Outrider's Ring"
51339,0,0,"Ishgardian Chaplain's Klobuk","Ishgardian Chaplain's Alb","Ishgardian Chaplain's Gloves","Ishgardian Chaplain's Breeches","Ishgardian Chaplain's Thighboots","Ishgardian Chaplain's Earrings","Ishgardian Chaplain's Choker","Ishgardian Chaplain's Bracelets","Ishgardian Chaplain's Ring"
51340,0,0,"Ishgardian Historian's Hat","Ishgardian Historian's Robe","Ishgardian Historian's Gloves","Ishgardian Historian's Breeches","Ishgardian Historian's Thighboots","Ishgardian Historian's Earrings","Ishgardian Historian's Choker","Ishgardian Historian's Bracelets","Ishgardian Historian's Ring"
51341,0,0,"Woad Skyraider's Helm","Woad Skyraider's Fur","Woad Skyraider's Armguards","Woad Skyraider's Breeches","Woad Skyraider's Boots","Woad Skyraider's Earrings","Woad Skyraider's Choker","Woad Skyraider's Bangle","Woad Skyraider's Ring"
51342,0,0,"Woad Skylancer's Helm","Woad Skylancer's Fur","Woad Skylancer's Armlets","Woad Skylancer's Breeches","Woad Skylancer's Boots","Woad Skywarrior's Earrings","Woad Skywarrior's Choker","Woad Skywarrior's Bangle","Woad Skywarrior's Ring"
51343,0,0,"Woad Skywarrior's Pelt","Woad Skywarrior's Fur","Woad Skywarrior's Armguards","Woad Skywarrior's Breeches","Woad Skywarrior's Boots","Woad Skywarrior's Earrings","Woad Skywarrior's Choker","Woad Skywarrior's Bangle","Woad Skywarrior's Ring"
51344,0,0,"Woad Skyhunter's Pelt","Woad Skyhunter's Fur","Woad Skyhunter's Armlets","Woad Skyhunter's Breeches","Woad Skyhunter's Boots","Woad Skyhunter's Earrings","Woad Skyhunter's Choker","Woad Skyhunter's Bangle","Woad Skyhunter's Ring"
51345,0,0,"Woad Skychaser's Pelt","Woad Skychaser's Fur","Woad Skychaser's Armguards","Woad Skychaser's Breeches","Woad Skychaser's Boots","Woad Skyhunter's Earrings","Woad Skyhunter's Choker","Woad Skyhunter's Bangle","Woad Skyhunter's Ring"
51346,0,0,"Woad Skydruid's Hood","Woad Skydruid's Fur","Woad Skydruid's Armlets","Woad Skydruid's Breeches","Woad Skydruid's Boots","Woad Skydruid's Earrings","Woad Skydruid's Choker","Woad Skydruid's Bangle","Woad Skydruid's Ring"
51347,0,0,"Woad Skywicce's Hood","Woad Skywicce's Fur","Woad Skywicce's Armguards","Woad Skywicce's Breeches","Woad Skywicce's Boots","Woad Skywicce's Earrings","Woad Skywicce's Choker","Woad Skywicce's Bangle","Woad Skywicce's Ring"
51348,0,0,"Orthodox Hairpin of Fending","Orthodox Coat of Fending","Orthodox Gauntlets of Fending","Orthodox Longkilt of Fending","Orthodox Greaves of Fending","Orthodox Earrings of Fending","Orthodox Choker of Fending","Orthodox Bracelet of Fending","Orthodox Ring of Fending"
51349,0,0,"Orthodox Hairpin of Maiming","Orthodox Coat of Maiming","Orthodox Gauntlets of Maiming","Orthodox Longkilt of Maiming","Orthodox Greaves of Maiming","Orthodox Earrings of Slaying","Orthodox Choker of Slaying","Orthodox Bracelet of Slaying","Orthodox Ring of Slaying"
51350,0,0,"Orthodox Tricorne of Striking","Orthodox Tunic of Striking","Orthodox Wristgloves of Striking","Orthodox Trousers of Striking","Orthodox Thighboots of Striking","Orthodox Earrings of Slaying","Orthodox Choker of Slaying","Orthodox Bracelet of Slaying","Orthodox Ring of Slaying"
51351,0,0,"Orthodox Tricorne of Aiming","Orthodox Tunic of Aiming","Orthodox Wristgloves of Aiming","Orthodox Trousers of Aiming","Orthodox Thighboots of Aiming","Orthodox Earrings of Aiming","Orthodox Choker of Aiming","Orthodox Bracelet of Aiming","Orthodox Ring of Aiming"
51352,0,0,"Orthodox Tricorne of Scouting","Orthodox Tunic of Scouting","Orthodox Wristgloves of Scouting","Orthodox Trousers of Scouting","Orthodox Thighboots of Scouting","Orthodox Earrings of Aiming","Orthodox Choker of Aiming","Orthodox Bracelet of Aiming","Orthodox Ring of Aiming"
51353,0,0,"Orthodox Hat of Healing","Orthodox Robe of Healing","Orthodox Armguards of Healing","Orthodox Longkilt of Healing","Orthodox Jackboots of Healing","Orthodox Earrings of Healing","Orthodox Choker of Healing","Orthodox Bracelet of Healing","Orthodox Ring of Healing"
51354,0,0,"Orthodox Hat of Casting","Orthodox Robe of Casting","Orthodox Armguards of Casting","Orthodox Longkilt of Casting","Orthodox Jackboots of Casting","Orthodox Earrings of Casting","Orthodox Choker of Casting","Orthodox Bracelet of Casting","Orthodox Ring of Casting"
51355,0,0,"Halonic Inquisitor's Helm","Halonic Inquisitor's Cuirass","Halonic Inquisitor's Gauntlets","Halonic Inquisitor's Trousers","Halonic Inquisitor's Sollerets","Halonic Inquisitor's Earrings","Halonic Inquisitor's Choker","Halonic Inquisitor's Bracelets","Halonic Inquisitor's Ring"
51356,0,0,"Halonic Ostiary's Helm","Halonic Ostiary's Cuirass","Halonic Ostiary's Gauntlets","Halonic Ostiary's Trousers","Halonic Ostiary's Sollerets","Halonic Friar's Earrings","Halonic Friar's Choker","Halonic Friar's Bracelets","Halonic Friar's Ring"
51357,0,0,"Halonic Friar's Helm","Halonic Friar's Cuirass","Halonic Friar's Gloves","Halonic Friar's Hose","Halonic Friar's Jackboots","Halonic Friar's Earrings","Halonic Friar's Choker","Halonic Friar's Bracelets","Halonic Friar's Ring"
51358,0,0,"Halonic Auditor's Helm","Halonic Auditor's Cuirass","Halonic Auditor's Gloves","Halonic Auditor's Brais","Halonic Auditor's Jackboots","Halonic Auditor's Earrings","Halonic Auditor's Choker","Halonic Auditor's Bracelets","Halonic Auditor's Ring"
51359,0,0,"Halonic Vicar's Helm","Halonic Vicar's Cuirass","Halonic Vicar's Gloves","Halonic Vicar's Hose","Halonic Vicar's Jackboots","Halonic Auditor's Earrings","Halonic Auditor's Choker","Halonic Auditor's Bracelets","Halonic Auditor's Ring"
51360,0,0,"Halonic Priest's Klobuk","Halonic Priest's Alb","Halonic Priest's Gloves","Halonic Priest's Breeches","Halonic Priest's Thighboots","Halonic Priest's Earrings","Halonic Priest's Choker","Halonic Priest's Bracelets","Halonic Priest's Ring"
51361,0,0,"Halonic Exorcist's Hat","Halonic Exorcist's Robe","Halonic Exorcist's Gloves","Halonic Exorcist's Breeches","Halonic Exorcist's Thighboots","Halonic Exorcist's Earrings","Halonic Exorcist's Choker","Halonic Exorcist's Bracelets","Halonic Exorcist's Ring"
51362,0,0,"Sharlayan Custodian's Helm","Sharlayan Custodian's Coat","Sharlayan Custodian's Gloves","Sharlayan Custodian's Longkilt","Sharlayan Custodian's Boots","Sharlayan Custodian's Earrings","Sharlayan Custodian's Choker","Sharlayan Custodian's Bangle","Sharlayan Custodian's Ring"
51363,0,0,"Sharlayan Pathmaker's Helm","Sharlayan Pathmaker's Coat","Sharlayan Pathmaker's Gloves","Sharlayan Pathmaker's Longkilt","Sharlayan Pathmaker's Boots","Sharlayan Pankratiast's Earrings","Sharlayan Pankratiast's Choker","Sharlayan Pankratiast's Bangle","Sharlayan Pankratiast's Ring"
51364,0,0,"Sharlayan Pankratiast's Cap","Sharlayan Pankratiast's Coat","Sharlayan Pankratiast's Gloves","Sharlayan Pankratiast's Longkilt","Sharlayan Pankratiast's Boots","Sharlayan Pankratiast's Earrings","Sharlayan Pankratiast's Choker","Sharlayan Pankratiast's Bangle","Sharlayan Pankratiast's Ring"
51365,0,0,"Sharlayan Conservator's Hat","Sharlayan Conservator's Coat","Sharlayan Conservator's Gloves","Sharlayan Conservator's Longkilt","Sharlayan Conservator's Boots","Sharlayan Conservator's Earrings","Sharlayan Conservator's Choker","Sharlayan Conservator's Bangle","Sharlayan Conservator's Ring"
51366,0,0,"Sharlayan Emissary's Cap","Sharlayan Emissary's Coat","Sharlayan Emissary's Gloves","Sharlayan Emissary's Longkilt","Sharlayan Emissary's Boots","Sharlayan Conservator's Earrings","Sharlayan Conservator's Choker","Sharlayan Conservator's Bangle","Sharlayan Conservator's Ring"
51367,0,0,"Sharlayan Preceptor's Hat","Sharlayan Preceptor's Coat","Sharlayan Preceptor's Gloves","Sharlayan Preceptor's Longkilt","Sharlayan Preceptor's Boots","Sharlayan Preceptor's Earrings","Sharlayan Preceptor's Choker","Sharlayan Preceptor's Bangle","Sharlayan Preceptor's Ring"
51368,0,0,"Sharlayan Philosopher's Hat","Sharlayan Philosopher's Coat","Sharlayan Philosopher's Gloves","Sharlayan Philosopher's Longkilt","Sharlayan Philosopher's Boots","Sharlayan Philosopher's Earrings","Sharlayan Philosopher's Choker","Sharlayan Philosopher's Bangle","Sharlayan Philosopher's Ring"
51369,0,0,"Valerian Terror Knight's Barbut","Valerian Terror Knight's Plate Mail","Valerian Terror Knight's Gauntlets","Valerian Terror Knight's Trousers","Valerian Terror Knight's Sollerets","Valerian Terror Knight's Earrings","Valerian Terror Knight's Choker","Valerian Terror Knight's Bracelet","Valerian Terror Knight's Ring"
51370,0,0,"Valerian Dragoon's Barbut","Valerian Dragoon's Mail","Valerian Dragoon's Gauntlets","Valerian Dragoon's Trousers","Valerian Dragoon's Sollerets","Valerian Smuggler's Earrings","Valerian Smuggler's Choker","Valerian Smuggler's Bracelet","Valerian Smuggler's Ring"
51371,0,0,"Valerian Smuggler's Bandana","Valerian Smuggler's Gilet","Valerian Smuggler's Halfgloves","Valerian Smuggler's Gaskins","Valerian Smuggler's Highboots","Valerian Smuggler's Earrings","Valerian Smuggler's Choker","Valerian Smuggler's Bracelet","Valerian Smuggler's Ring"
51372,0,0,"Valerian Fusilier's Pot Helm","Valerian Fusilier's Gambison","Valerian Fusilier's Halfgloves","Valerian Fusilier's Sarouel","Valerian Fusilier's Boots","Valerian Fusilier's Earrings","Valerian Fusilier's Choker","Valerian Fusilier's Bracelet","Valerian Fusilier's Ring"
51373,0,0,"Valerian Rogue's Bandana","Valerian Rogue's Gilet","Valerian Rogue's Halfgloves","Valerian Rogue's Gaskins","Valerian Rogue's Highboots","Valerian Fusilier's Earrings","Valerian Fusilier's Choker","Valerian Fusilier's Bracelet","Valerian Fusilier's Ring"
51374,0,0,"Valerian Shaman's Temple Chain","Valerian Shaman's Chasuble","Valerian Shaman's Dress Gloves","Valerian Shaman's Smalls","Valerian Shaman's Boots","Valerian Shaman's Earrings","Valerian Shaman's Choker","Valerian Shaman's Bracelet","Valerian Shaman's Ring"
51375,0,0,"Valerian Wizard's Hat","Valerian Wizard's Robe","Valerian Wizard's Fingerless Halfgloves","Valerian Wizard's Longkilt","Valerian Wizard's Pattens","Valerian Wizard's Earrings","Valerian Wizard's Choker","Valerian Wizard's Bracelet","Valerian Wizard's Ring"
51376,0,0,"Tricorne of the Defiant Duelist","Coat of the Defiant Duelist","Gloves of the Defiant Duelist","Trousers of the Defiant Duelist","Boots of the Defiant Duelist","Earrings of the Defiant Duelist","Choker of the Defiant Duelist","Bracelet of the Defiant Duelist","Ring of the Defiant Duelist"
51377,0,0,"Tricorne of the Daring Duelist","Coat of the Daring Duelist","Gloves of the Daring Duelist","Trousers of the Daring Duelist","Boots of the Daring Duelist","Earrings of the Daring Duelist","Choker of the Daring Duelist","Bracelet of the Daring Duelist","Ring of the Daring Duelist"
51378,0,0,"Hat of the Red Thief","Coat of the Red Thief","Gloves of the Red Thief","Trousers of the Red Thief","Boots of the Red Thief","Earrings of the Daring Duelist","Choker of the Daring Duelist","Bracelet of the Daring Duelist","Ring of the Daring Duelist"
51379,0,0,"Hat of the Lost Thief","Coat of the Lost Thief","Gloves of the Lost Thief","Trousers of the Lost Thief","Boots of the Lost Thief","Earrings of the Lost Thief","Choker of the Lost Thief","Bracelet of the Lost Thief","Ring of the Lost Thief"
51380,0,0,"Hat of the Ghost Thief","Coat of the Ghost Thief","Gloves of the Ghost Thief","Trousers of the Ghost Thief","Boots of the Ghost Thief","Earrings of the Lost Thief","Choker of the Lost Thief","Bracelet of the Lost Thief","Ring of the Lost Thief"
51381,0,0,"Plague Doctor's Mask","Plague Doctor's Coat","Plague Doctor's Gloves","Plague Doctor's Trousers","Plague Doctor's Shoes","Plague Doctor's Earrings","Plague Doctor's Choker","Plague Doctor's Bracelet","Plague Doctor's Ring"
51382,0,0,"Plague Bringer's Mask","Plague Bringer's Coat","Plague Bringer's Gloves","Plague Bringer's Trousers","Plague Bringer's Shoes","Plague Bringer's Earrings","Plague Bringer's Choker","Plague Bringer's Bracelet","Plague Bringer's Ring"
51383,0,0,"","Brand-new Cuirass","Brand-new Gauntlets","Brand-new Trousers","Brand-new Sabatons","","","","Brand-new Ring"
51384,0,0,"","Brand-new Tabard","Brand-new Gloves","Brand-new Skirt","Brand-new Boots","","","","Brand-new Ring"
51385,0,0,"","Brand-new Robe","Brand-new Halfgloves","Brand-new Waistwrap","Brand-new Thighboots","","","","Brand-new Ring"
51386,0,0,"Dravanian Hairpin of Fending","Dravanian Coat of Fending","Dravanian Gauntlets of Fending","Dravanian Longkilt of Fending","Dravanian Greaves of Fending","Dravanian Earrings of Fending","Dravanian Choker of Fending","Dravanian Bracelet of Fending","Dravanian Ring of Fending"
51387,0,0,"Dravanian Hairpin of Maiming","Dravanian Coat of Maiming","Dravanian Gauntlets of Maiming","Dravanian Longkilt of Maiming","Dravanian Greaves of Maiming","Dravanian Earrings of Slaying","Dravanian Choker of Slaying","Dravanian Bracelet of Slaying","Dravanian Ring of Slaying"
51388,0,0,"Dravanian Tricorne of Striking","Dravanian Tunic of Striking","Dravanian Wristgloves of Striking","Dravanian Trousers of Striking","Dravanian Thighboots of Striking","Dravanian Earrings of Slaying","Dravanian Choker of Slaying","Dravanian Bracelet of Slaying","Dravanian Ring of Slaying"
51389,0,0,"Dravanian Tricorne of Aiming","Dravanian Tunic of Aiming","Dravanian Wristgloves of Aiming","Dravanian Trousers of Aiming","Dravanian Thighboots of Aiming","Dravanian Earrings of Aiming","Dravanian Choker of Aiming","Dravanian Bracelet of Aiming","Dravanian Ring of Aiming"
51390,0,0,"Dravanian Tricorne of Scouting","Dravanian Tunic of Scouting","Dravanian Wristgloves of Scouting","Dravanian Trousers of Scouting","Dravanian Thighboots of Scouting","Dravanian Earrings of Aiming","Dravanian Choker of Aiming","Dravanian Bracelet of Aiming","Dravanian Ring of Aiming"
51391,0,0,"Dravanian Hat of Healing","Dravanian Robe of Healing","Dravanian Armguards of Healing","Dravanian Longkilt of Healing","Dravanian Jackboots of Healing","Dravanian Earrings of Healing","Dravanian Choker of Healing","Dravanian Bracelet of Healing","Dravanian Ring of Healing"
51392,0,0,"Dravanian Hat of Casting","Dravanian Robe of Casting","Dravanian Armguards of Casting","Dravanian Longkilt of Casting","Dravanian Jackboots of Casting","Dravanian Earrings of Casting","Dravanian Choker of Casting","Dravanian Bracelet of Casting","Dravanian Ring of Casting"
51393,0,0,"Berserker's Helm","Berserker's Scale Mail","Berserker's Armguards","Berserker's Hose","Berserker's Leg Guards","Berserker's Earrings","Berserker's Scarf","Berserker's Bangles","Berserker's Ring"
51394,0,0,"Viking Helm","Viking Scale Mail","Viking Armguards","Viking Hose","Viking Leg Guards","Viking Earrings","Viking Scarf","Viking Bangles","Viking Ring"
51395,0,0,"Conqueror's Turban","Conqueror's Vest","Conqueror's Armguards","Conqueror's Brais","Conqueror's Sandals","Viking Earrings","Viking Scarf","Viking Bangles","Viking Ring"
51396,0,0,"Wrangler's Hat","Wrangler's Jacket","Wrangler's Gloves","Wrangler's Chaps","Wrangler's Boots","Wrangler's Earrings","Wrangler's Scarf","Wrangler's Bangles","Wrangler's Ring"
51397,0,0,"Subjugator's Turban","Subjugator's Vest","Subjugator's Armguards","Subjugator's Brais","Subjugator's Sandals","Wrangler's Earrings","Wrangler's Scarf","Wrangler's Bangles","Wrangler's Ring"
51398,0,0,"Prophet's Mask","Prophet's Chestwrap","Prophet's Armwraps","Prophet's Culottes","Prophet's Sandals","Prophet's Earrings","Prophet's Scarf","Prophet's Bangles","Prophet's Ring"
51399,0,0,"Panegyrist's Mask","Panegyrist's Chestwrap","Panegyrist's Armwraps","Panegyrist's Culottes","Panegyrist's Sandals","Panegyrist's Earrings","Panegyrist's Scarf","Panegyrist's Bangles","Panegyrist's Ring"
51400,0,0,"Valkyrie's Helm of Fending","Valkyrie's Cuirass of Fending","Valkyrie's Gloves of Fending","Valkyrie's Brais of Fending","Valkyrie's Jackboots of Fending","Valkyrie's Earrings of Fending","Valkyrie's Choker of Fending","Valkyrie's Bracelet of Fending","Valkyrie's Ring of Fending"
51401,0,0,"Valkyrie's Helm of Maiming","Valkyrie's Cuirass of Maiming","Valkyrie's Gloves of Maiming","Valkyrie's Brais of Maiming","Valkyrie's Jackboots of Maiming","Valkyrie's Earrings of Slaying","Valkyrie's Choker of Slaying","Valkyrie's Bracelet of Slaying","Valkyrie's Ring of Slaying"
51402,0,0,"Valkyrie's Tricorne of Striking","Valkyrie's Coat of Striking","Valkyrie's Gloves of Striking","Valkyrie's Trousers of Striking","Valkyrie's Boots of Striking","Valkyrie's Earrings of Slaying","Valkyrie's Choker of Slaying","Valkyrie's Bracelet of Slaying","Valkyrie's Ring of Slaying"
51403,0,0,"Valkyrie's Tricorne of Aiming","Valkyrie's Coat of Aiming","Valkyrie's Gloves of Aiming","Valkyrie's Trousers of Aiming","Valkyrie's Boots of Aiming","Valkyrie's Earrings of Aiming","Valkyrie's Choker of Aiming","Valkyrie's Bracelet of Aiming","Valkyrie's Ring of Aiming"
51404,0,0,"Valkyrie's Tricorne of Scouting","Valkyrie's Coat of Scouting","Valkyrie's Gloves of Scouting","Valkyrie's Trousers of Scouting","Valkyrie's Boots of Scouting","Valkyrie's Earrings of Aiming","Valkyrie's Choker of Aiming","Valkyrie's Bracelet of Aiming","Valkyrie's Ring of Aiming"
51405,0,0,"Valkyrie's Hat of Healing","Valkyrie's Coat of Healing","Valkyrie's Gloves of Healing","Valkyrie's Trousers of Healing","Valkyrie's Boots of Healing","Valkyrie's Earrings of Healing","Valkyrie's Choker of Healing","Valkyrie's Bracelet of Healing","Valkyrie's Ring of Healing"
51406,0,0,"Valkyrie's Hat of Casting","Valkyrie's Coat of Casting","Valkyrie's Gloves of Casting","Valkyrie's Trousers of Casting","Valkyrie's Boots of Casting","Valkyrie's Earrings of Casting","Valkyrie's Choker of Casting","Valkyrie's Bracelet of Casting","Valkyrie's Ring of Casting"
51407,0,0,"Filibuster's Helm of Fending","Filibuster's Heavy Gambison of Fending","Filibuster's Gauntlets of Fending","Filibuster's Trousers of Fending","Filibuster's Heavy Boots of Fending","Filibuster's Earring of Fending","Filibuster's Choker of Fending","Filibuster's Bracelet of Fending","Filibuster's Ring of Fending"
51408,0,0,"Filibuster's Helm of Maiming","Heavy Filibuster's Gambison of Maiming","Filibuster's Armguards of Maiming","Filibuster's Trousers of Maiming","Filibuster's Heavy Boots of Maiming","Filibuster's Earring of Slaying","Filibuster's Choker of Slaying","Filibuster's Bracelet of Slaying","Filibuster's Ring of Slaying"
51409,0,0,"Filibuster's Scope of Striking","Filibuster's Gambison of Striking","Filibuster's Gauntlets of Striking","Filibuster's Trousers of Striking","Filibuster's Thighboots of Striking","Filibuster's Earring of Slaying","Filibuster's Choker of Slaying","Filibuster's Bracelet of Slaying","Filibuster's Ring of Slaying"
51410,0,0,"Filibuster's Beret of Aiming","Filibuster's Gambison of Aiming","Filibuster's Fingerless Gloves of Aiming","Filibuster's Trousers of Aiming","Filibuster's Thighboots of Aiming","Filibuster's Earring of Aiming","Filibuster's Choker of Aiming","Filibuster's Bracelet of Aiming","Filibuster's Ring of Aiming"
51411,0,0,"Filibuster's Halfmask of Scouting","Filibuster's Gambison of Scouting","Filibuster's Armguards of Scouting","Filibuster's Trousers of Scouting","Filibuster's Boots of Scouting","Filibuster's Earring of Aiming","Filibuster's Choker of Aiming","Filibuster's Bracelet of Aiming","Filibuster's Ring of Aiming"
51412,0,0,"Filibuster's Hood of Healing","Filibuster's Coat of Healing","Filibuster's Gloves of Healing","Filibuster's Trousers of Healing","Filibuster's Boots of Healing","Filibuster's Earring of Healing","Filibuster's Choker of Healing","Filibuster's Bracelet of Healing","Filibuster's Ring of Healing"
51413,0,0,"Filibuster's Hood of Casting","Filibuster's Coat of Casting","Filibuster's Gloves of Casting","Filibuster's Trousers of Casting","Filibuster's Boots of Casting","Filibuster's Earring of Casting","Filibuster's Choker of Casting","Filibuster's Bracelet of Casting","Filibuster's Ring of Casting"
51414,0,0,"Ghost Barque Circlet of Fending","Ghost Barque Tabard of Fending","Ghost Barque Gloves of Fending","Ghost Barque Trousers of Fending","Ghost Barque Leggings of Fending","Ghost Barque Earrings of Fending","Ghost Barque Choker of Fending","Ghost Barque Bracelet of Fending","Ghost Barque Ring of Fending"
51415,0,0,"Ghost Barque Mask of Maiming","Ghost Barque Chestwrap of Maiming","Ghost Barque Armlets of Maiming","Ghost Barque Culottes of Maiming","Ghost Barque Sandals of Maiming","Ghost Barque Earrings of Slaying","Ghost Barque Choker of Slaying","Ghost Barque Bracelet of Slaying","Ghost Barque Ring of Slaying"
51416,0,0,"Ghost Barque Turban of Striking","Ghost Barque Coat of Striking","Ghost Barque Vambraces of Striking","Ghost Barque Skirt of Striking","Ghost Barque Sollerets of Striking","Ghost Barque Earrings of Slaying","Ghost Barque Choker of Slaying","Ghost Barque Bracelet of Slaying","Ghost Barque Ring of Slaying"
51417,0,0,"Ghost Barque Helm of Aiming","Ghost Barque Coat of Aiming","Ghost Barque Gauntlets of Aiming","Ghost Barque Gaskins of Aiming","Ghost Barque Boots of Aiming","Ghost Barque Earrings of Aiming","Ghost Barque Choker of Aiming","Ghost Barque Bracelet of Aiming","Ghost Barque Ring of Aiming"
51418,0,0,"Ghost Barque Hood of Scouting","Ghost Barque Himation of Scouting","Ghost Barque Long Gloves of Scouting","Ghost Barque Bottoms of Scouting","Ghost Barque Open-toed Boots of Scouting","Ghost Barque Earrings of Aiming","Ghost Barque Choker of Aiming","Ghost Barque Bracelet of Aiming","Ghost Barque Ring of Aiming"
51419,0,0,"Ghost Barque Turban of Healing","Ghost Barque Vest of Healing","Ghost Barque Armguards of Healing","Ghost Barque Brais of Healing","Ghost Barque Sandals of Healing","Ghost Barque Earrings of Healing","Ghost Barque Choker of Healing","Ghost Barque Bracelet of Healing","Ghost Barque Ring of Healing"
51420,0,0,"Ghost Barque Cap of Casting","Ghost Barque Coatee of Casting","Ghost Barque Gloves of Casting","Ghost Barque Bottoms of Casting","Ghost Barque Shoes of Casting","Ghost Barque Earrings of Casting","Ghost Barque Choker of Casting","Ghost Barque Bracelet of Casting","Ghost Barque Ring of Casting"
51421,0,0,"Shisui Mengu of Fending","Shisui Joi of Fending","Shisui Kote of Fending","Shisui Kohakama of Fending","Shisui Zori of Fending","Ruby Tide Earrings of Fending","Ruby Tide Necklace of Fending","Ruby Tide Bracelets of Fending","Ruby Tide Ring of Fending"
51422,0,0,"Shisui Mengu of Maiming","Shisui Joi of Maiming","Shisui Kote of Maiming","Shisui Kohakama of Maiming","Shisui Zori of Maiming","Ruby Tide Earrings of Slaying","Ruby Tide Necklace of Slaying","Ruby Tide Bracelets of Slaying","Ruby Tide Ring of Slaying"
51423,0,0,"Shisui Mengu of Striking","Shisui Joi of Striking","Shisui Kote of Striking","Shisui Kohakama of Striking","Shisui Zori of Striking","Ruby Tide Earrings of Slaying","Ruby Tide Necklace of Slaying","Ruby Tide Bracelets of Slaying","Ruby Tide Ring of Slaying"
51424,0,0,"Shisui Mengu of Aiming","Shisui Joi of Aiming","Shisui Kote of Aiming","Shisui Kohakama of Aiming","Shisui Zori of Aiming","Ruby Tide Earrings of Aiming","Ruby Tide Necklace of Aiming","Ruby Tide Bracelets of Aiming","Ruby Tide Ring of Aiming"
51425,0,0,"Shisui Mengu of Scouting","Shisui Joi of Scouting","Shisui Kote of Scouting","Shisui Kohakama of Scouting","Shisui Zori of Scouting","Ruby Tide Earrings of Aiming","Ruby Tide Necklace of Aiming","Ruby Tide Bracelets of Aiming","Ruby Tide Ring of Aiming"
51426,0,0,"Shisui Mengu of Healing","Shisui Joi of Healing","Shisui Kote of Healing","Shisui Kohakama of Healing","Shisui Zori of Healing","Ruby Tide Earrings of Healing","Ruby Tide Necklace of Healing","Ruby Tide Bracelets of Healing","Ruby Tide Ring of Healing"
51427,0,0,"Shisui Mengu of Casting","Shisui Joi of Casting","Shisui Kote of Casting","Shisui Kohakama of Casting","Shisui Zori of Casting","Ruby Tide Earrings of Casting","Ruby Tide Necklace of Casting","Ruby Tide Bracelets of Casting","Ruby Tide Ring of Casting"
51428,0,0,"Nomad's Helm of Fending","Nomad's Coat of Fending","Nomad's Armguards of Fending","Nomad's Breeches of Fending","Nomad's Boots of Fending","Nomad's Earrings of Fending","Nomad's Choker of Fending","Nomad's Wristbands of Fending","Nomad's Ring of Fending"
51429,0,0,"Nomad's Cap of Maiming","Nomad's Coat of Maiming","Nomad's Armguards of Maiming","Nomad's Breeches of Maiming","Nomad's Boots of Maiming","Nomad's Earrings of Slaying","Nomad's Choker of Slaying","Nomad's Wristbands of Slaying","Nomad's Ring of Slaying"
51430,0,0,"Nomad's Cap of Striking","Nomad's Coat of Striking","Nomad's Armlets of Striking","Nomad's Breeches of Striking","Nomad's Boots of Striking","Nomad's Earrings of Slaying","Nomad's Choker of Slaying","Nomad's Wristbands of Slaying","Nomad's Ring of Slaying"
51431,0,0,"Nomad's Cap of Aiming","Nomad's Coat of Aiming","Nomad's Armguards of Aiming","Nomad's Breeches of Aiming","Nomad's Boots of Aiming","Nomad's Earrings of Aiming","Nomad's Choker of Aiming","Nomad's Wristbands of Aiming","Nomad's Ring of Aiming"
51432,0,0,"Nomad's Cap of Scouting","Nomad's Coat of Scouting","Nomad's Armguards of Scouting","Nomad's Breeches of Scouting","Nomad's Boots of Scouting","Nomad's Earrings of Aiming","Nomad's Choker of Aiming","Nomad's Wristbands of Aiming","Nomad's Ring of Aiming"
51433,0,0,"Nomad's Cap of Healing","Nomad's Coat of Healing","Nomad's Armlets of Healing","Nomad's Breeches of Healing","Nomad's Boots of Healing","Nomad's Earrings of Healing","Nomad's Choker of Healing","Nomad's Wristbands of Healing","Nomad's Ring of Healing"
51434,0,0,"Nomad's Cap of Casting","Nomad's Coat of Casting","Nomad's Armguards of Casting","Nomad's Breeches of Casting","Nomad's Boots of Casting","Nomad's Earrings of Casting","Nomad's Choker of Casting","Nomad's Wristbands of Casting","Nomad's Ring of Casting"
51435,0,0,"Yanxian Hachigane of Fending","Yanxian Hara-ate of Fending","Yanxian Kote of Fending","Yanxian Haidate of Fending","Yanxian Sune-ate of Fending","Yanxian Earring of Fending","Yanxian Necklace of Fending","Yanxian Bracelets of Fending","Yanxian Ring of Fending"
51436,0,0,"Yanxian Hachigane of Maiming","Yanxian Togi of Maiming","Yanxian Tekko of Maiming","Yanxian Haidate of Maiming","Yanxian Sune-ate of Maiming","Yanxian Earring of Slaying","Yanxian Necklace of Slaying","Yanxian Bracelets of Slaying","Yanxian Ring of Slaying"
51437,0,0,"Yanxian Hachigane of Striking","Yanxian Togi of Striking","Yanxian Tekko of Striking","Yanxian Haidate of Striking","Yanxian Sune-ate of Striking","Yanxian Earring of Slaying","Yanxian Necklace of Slaying","Yanxian Bracelets of Slaying","Yanxian Ring of Slaying"
51438,0,0,"Yanxian Hachigane of Aiming","Yanxian Dogi of Aiming","Yanxian Yugake of Aiming","Yanxian Haidate of Aiming","Yanxian Sune-ate of Aiming","Yanxian Earring of Aiming","Yanxian Necklace of Aiming","Yanxian Bracelets of Aiming","Yanxian Ring of Aiming"
51439,0,0,"Yanxian Hachigane of Scouting","Yanxian Togi of Scouting","Yanxian Tekko of Scouting","Yanxian Haidate of Scouting","Yanxian Sune-ate of Scouting","Yanxian Earring of Aiming","Yanxian Necklace of Aiming","Yanxian Bracelets of Aiming","Yanxian Ring of Aiming"
51440,0,0,"Yanxian Hachigane of Healing","Yanxian Dogi of Healing","Yanxian Tekko of Healing","Yanxian Hakama of Healing","Yanxian Kyahan of Healing","Yanxian Earring of Healing","Yanxian Necklace of Healing","Yanxian Bracelets of Healing","Yanxian Ring of Healing"
51441,0,0,"Yanxian Hachigane of Casting","Yanxian Dogi of Casting","Yanxian Tekko of Casting","Yanxian Hakama of Casting","Yanxian Kyahan of Casting","Yanxian Earring of Casting","Yanxian Necklace of Casting","Yanxian Bracelets of Casting","Yanxian Ring of Casting"
51442,0,0,"Xenobian Hood","Xenobian Surcoat","Xenobian Gauntlets","Xenobian Breeches","Xenobian Sollerets","Xenobian Paladin's Earrings","Xenobian Paladin's Choker","Xenobian Paladin's Bracelet","Xenobian Paladin's Ring"
51443,0,0,"Valerian Rune Fencer's Wings","Valerian Rune Fencer's Mail","Valerian Rune Fencer's Gauntlets","Valerian Rune Fencer's Breeches","Valerian Rune Fencer's Thighboots","Valerian Brawler's Earrings","Valerian Brawler's Choker","Valerian Brawler's Bracelet","Valerian Brawler's Ring"
51444,0,0,"Valerian Brawler's Hat","Valerian Brawler's Acton","Valerian Brawler's Gloves","Valerian Brawler's Bottoms","Valerian Brawler's Thighboots","Valerian Brawler's Earrings","Valerian Brawler's Choker","Valerian Brawler's Bracelet","Valerian Brawler's Ring"
51445,0,0,"Valerian Archer's Hat","Valerian Archer's Acton","Valerian Archer's Gloves","Valerian Archer's Bottoms","Valerian Archer's Boots","Valerian Archer's Earrings","Valerian Archer's Choker","Valerian Archer's Bracelet","Valerian Archer's Ring"
51446,0,0,"Valerian Vedette's Hat","Valerian Vedette's Acton","Valerian Vedette's Gloves","Valerian Vedette's Bottoms","Valerian Vedette's Thighboots","Valerian Archer's Earrings","Valerian Archer's Choker","Valerian Archer's Bracelet","Valerian Archer's Ring"
51447,0,0,"Valerian Priest's Hat","Valerian Priest's Top","Valerian Priest's Gloves","Valerian Priest's Bottoms","Valerian Priest's Boots","Valerian Priest's Earrings","Valerian Priest's Choker","Valerian Priest's Bracelet","Valerian Priest's Ring"
51448,0,0,"Valerian Dark Priest's Hat","Valerian Dark Priest's Top","Valerian Dark Priest's Gloves","Valerian Dark Priest's Bottoms","Valerian Dark Priest's Boots","Valerian Dark Priest's Earrings","Valerian Dark Priest's Choker","Valerian Dark Priest's Bracelet","Valerian Dark Priest's Ring"
51449,0,0,"Arhat Kabuto of Fending","Arhat Hara-ate of Fending","Arhat Kote of Fending","Arhat Tsutsu-hakama of Fending","Arhat Kyahan of Fending","Arhat Earring of Fending","Arhat Necklace of Fending","Arhat Bracelets of Fending","Arhat Ring of Fending"
51450,0,0,"Arhat Kabuto of Maiming","Arhat Hara-ate of Maiming","Arhat Kote of Maiming","Arhat Tsutsu-hakama of Maiming","Arhat Kyahan of Maiming","Arhat Earring of Slaying","Arhat Necklace of Slaying","Arhat Bracelets of Slaying","Arhat Ring of Slaying"
51451,0,0,"Arhat Hanbo of Striking","Arhat Togi of Striking","Arhat Tekko of Striking","Arhat Tsutsu-hakama of Striking","Arhat Kyahan of Striking","Arhat Earring of Slaying","Arhat Necklace of Slaying","Arhat Bracelets of Slaying","Arhat Ring of Slaying"
51452,0,0,"Arhat Sandogasa of Aiming","Arhat Togi of Aiming","Arhat Tekko of Aiming","Arhat Hakama of Aiming","Arhat Kyahan of Aiming","Arhat Earring of Aiming","Arhat Necklace of Aiming","Arhat Bracelets of Aiming","Arhat Ring of Aiming"
51453,0,0,"Arhat Kabuto of Scouting","Arhat Togi of Scouting","Arhat Tekko of Scouting","Arhat Hakama of Scouting","Arhat Kyahan of Scouting","Arhat Earring of Aiming","Arhat Necklace of Aiming","Arhat Bracelets of Aiming","Arhat Ring of Aiming"
51454,0,0,"Arhat Hanbo of Healing","Arhat Dogi of Healing","Arhat Tekko of Healing","Arhat Hakama of Healing","Arhat Kyahan of Healing","Arhat Earring of Healing","Arhat Necklace of Healing","Arhat Bracelets of Healing","Arhat Ring of Healing"
51455,0,0,"Arhat Sandogasa of Casting","Arhat Dogi of Casting","Arhat Tekko of Casting","Arhat Hakama of Casting","Arhat Kyahan of Casting","Arhat Earring of Casting","Arhat Necklace of Casting","Arhat Bracelets of Casting","Arhat Ring of Casting"
51456,0,0,"Skallic Goggles of Fending","Skallic Coat of Fending","Skallic Armguards of Fending","Skallic Trousers of Fending","Skallic Boots of Fending","Skallic Earring of Fending","Skallic Necklace of Fending","Skallic Amulet of Fending","Skallic Ring of Fending"
51457,0,0,"Skallic Headgear of Maiming","Skallic Coat of Maiming","Skallic Armguards of Maiming","Skallic Trousers of Maiming","Skallic Boots of Maiming","Skallic Earring of Slaying","Skallic Necklace of Slaying","Skallic Amulet of Slaying","Skallic Ring of Slaying"
51458,0,0,"Skallic Cap of Striking","Skallic Jacket of Striking","Skallic Gloves of Striking","Skallic Bottoms of Striking","Skallic Shoes of Striking","Skallic Earring of Slaying","Skallic Necklace of Slaying","Skallic Amulet of Slaying","Skallic Ring of Slaying"
51459,0,0,"Skallic Cap of Aiming","Skallic Jacket of Aiming","Skallic Gloves of Aiming","Skallic Bottoms of Aiming","Skallic Shoes of Aiming","Skallic Earring of Aiming","Skallic Necklace of Aiming","Skallic Amulet of Aiming","Skallic Ring of Aiming"
51460,0,0,"Skallic Cap of Scouting","Skallic Jacket of Scouting","Skallic Armguards of Scouting","Skallic Sarouel of Scouting","Skallic Shoes of Scouting","Skallic Earring of Aiming","Skallic Necklace of Aiming","Skallic Amulet of Aiming","Skallic Ring of Aiming"
51461,0,0,"Skallic Cap of Healing","Skallic Jacket of Healing","Skallic Gloves of Healing","Skallic Bottoms of Healing","Skallic Shoes of Healing","Skallic Earring of Healing","Skallic Necklace of Healing","Skallic Amulet of Healing","Skallic Ring of Healing"
51462,0,0,"Skallic Cap of Casting","Skallic Jacket of Casting","Skallic Armguards of Casting","Skallic Sarouel of Casting","Skallic Shoes of Casting","Skallic Earring of Casting","Skallic Necklace of Casting","Skallic Amulet of Casting","Skallic Ring of Casting"
51463,0,0,"Farlander Wings of Fending","Farlander Mail of Fending","Farlander Gauntlets of Fending","Farlander Breeches of Fending","Farlander Thighboots of Fending","Farlander Earrings of Fending","Farlander Choker of Fending","Farlander Bangle of Fending","Farlander Ring of Fending"
51464,0,0,"Farlander Hood of Maiming","Farlander Surcoat of Maiming","Farlander Gauntlets of Maiming","Farlander Breeches of Maiming","Farlander Sollerets of Maiming","Farlander Earrings of Slaying","Farlander Choker of Slaying","Farlander Bangle of Slaying","Farlander Ring of Slaying"
51465,0,0,"Farlander Hood of Striking","Farlander Surcoat of Striking","Farlander Gauntlets of Striking","Farlander Breeches of Striking","Farlander Sollerets of Striking","Farlander Earrings of Slaying","Farlander Choker of Slaying","Farlander Bangle of Slaying","Farlander Ring of Slaying"
51466,0,0,"Farlander Hat of Aiming","Farlander Top of Aiming","Farlander Gloves of Aiming","Farlander Bottoms of Aiming","Farlander Boots of Aiming","Farlander Earrings of Aiming","Farlander Choker of Aiming","Farlander Bangle of Aiming","Farlander Ring of Aiming"
51467,0,0,"Farlander Hat of Scouting","Farlander Top of Scouting","Farlander Gloves of Scouting","Farlander Bottoms of Scouting","Farlander Boots of Scouting","Farlander Earrings of Aiming","Farlander Choker of Aiming","Farlander Bangle of Aiming","Farlander Ring of Aiming"
51468,0,0,"Farlander Hat of Healing","Farlander Acton of Healing","Farlander Gloves of Healing","Farlander Bottoms of Healing","Farlander Boots of Healing","Farlander Earrings of Healing","Farlander Choker of Healing","Farlander Bangle of Healing","Farlander Ring of Healing"
51469,0,0,"Farlander Hat of Casting","Farlander Acton of Casting","Farlander Gloves of Casting","Farlander Bottoms of Casting","Farlander Boots of Casting","Farlander Earrings of Casting","Farlander Choker of Casting","Farlander Bangle of Casting","Farlander Ring of Casting"
51470,0,0,"Bonewicca Protector's Helm","Bonewicca Protector's Coat","Bonewicca Protector's Gauntlets","Bonewicca Protector's Trousers","Bonewicca Protector's Sabatons","Bonewicca Earring of Fending","Bonewicca Necklace of Fending","Bonewicca Bangle of Fending","Bonewicca Ring of Fending"
51471,0,0,"Bonewicca Skinner's Visor","Bonewicca Skinner's Mail","Bonewicca Skinner's Gloves","Bonewicca Skinner's Trousers","Bonewicca Skinner's Sabatons","Bonewicca Earring of Slaying","Bonewicca Necklace of Slaying","Bonewicca Bangle of Slaying","Bonewicca Ring of Slaying"
51472,0,0,"Bonewicca Wildling's Helm","Bonewicca Wildling's Jacket","Bonewicca Wildling's Gauntlets","Bonewicca Wildling's Sarouel","Bonewicca Wildling's Greaves","Bonewicca Earring of Slaying","Bonewicca Necklace of Slaying","Bonewicca Bangle of Slaying","Bonewicca Ring of Slaying"
51473,0,0,"Bonewicca Tracker's Helm","Bonewicca Tracker's Coat","Bonewicca Tracker's Gauntlets","Bonewicca Tracker's Trousers","Bonewicca Tracker's Sabatons","Bonewicca Earring of Aiming","Bonewicca Necklace of Aiming","Bonewicca Bangle of Aiming","Bonewicca Ring of Aiming"
51474,0,0,"Bonewicca Shadow's Visor","Bonewicca Shadow's Chestpiece","Bonewicca Shadow's Gauntlets","Bonewicca Shadow's Trousers","Bonewicca Shadow's Sabatons","Bonewicca Earring of Aiming","Bonewicca Necklace of Aiming","Bonewicca Bangle of Aiming","Bonewicca Ring of Aiming"
51475,0,0,"Bonewicca Soother's Mask","Bonewicca Soother's Chestpiece","Bonewicca Soother's Gauntlets","Bonewicca Soother's Trousers","Bonewicca Soother's Sabatons","Bonewicca Earring of Healing","Bonewicca Necklace of Healing","Bonewicca Bangle of Healing","Bonewicca Ring of Healing"
51476,0,0,"Bonewicca Whisperer's Mask","Bonewicca Whisperer's Jacket","Bonewicca Whisperer's Gauntlets","Bonewicca Whisperer's Sarouel","Bonewicca Whisperer's Greaves","Bonewicca Earring of Casting","Bonewicca Necklace of Casting","Bonewicca Bangle of Casting","Bonewicca Ring of Casting"
51477,0,0,"Royal Volunteer's Helm of Fending","Royal Volunteer's Gambison of Fending","Royal Volunteer's Armguards of Fending","Royal Volunteer's Trousers of Fending","Royal Volunteer's Heavy Boots of Fending","Royal Volunteer's Earrings of Fending","Royal Volunteer's Choker of Fending","Royal Volunteer's Bracelet of Fending","Royal Volunteer's Ring of Fending"
51478,0,0,"Royal Volunteer's Helm of Maiming","Royal Volunteer's Gambison of Maiming","Royal Volunteer's Gauntlets of Maiming","Royal Volunteer's Trousers of Maiming","Royal Volunteer's Heavy Boots of Maiming","Royal Volunteer's Earrings of Slaying","Royal Volunteer's Choker of Slaying","Royal Volunteer's Bracelet of Slaying","Royal Volunteer's Ring of Slaying"
51479,0,0,"Royal Volunteer's Hood of Striking","Royal Volunteer's Coat of Striking","Royal Volunteer's Gloves of Striking","Royal Volunteer's Trousers of Striking","Royal Volunteer's Boots of Striking","Royal Volunteer's Earrings of Slaying","Royal Volunteer's Choker of Slaying","Royal Volunteer's Bracelet of Slaying","Royal Volunteer's Ring of Slaying"
51480,0,0,"Royal Volunteer's Scope of Aiming","Royal Volunteer's Gambison of Aiming","Royal Volunteer's Gauntlets of Aiming","Royal Volunteer's Trousers of Aiming","Royal Volunteer's Thighboots of Aiming","Royal Volunteer's Earrings of Aiming","Royal Volunteer's Choker of Aiming","Royal Volunteer's Bracelet of Aiming","Royal Volunteer's Ring of Aiming"
51481,0,0,"Royal Volunteer's Hood of Scouting","Royal Volunteer's Coat of Scouting","Royal Volunteer's Gloves of Scouting","Royal Volunteer's Trousers of Scouting","Royal Volunteer's Boots of Scouting","Royal Volunteer's Earrings of Aiming","Royal Volunteer's Choker of Aiming","Royal Volunteer's Bracelet of Aiming","Royal Volunteer's Ring of Aiming"
51482,0,0,"Royal Volunteer's Beret of Healing","Royal Volunteer's Gambison of Healing","Royal Volunteer's Fingerless Gloves of Healing","Royal Volunteer's Trousers of Healing","Royal Volunteer's Thighboots of Healing","Royal Volunteer's Earrings of Healing","Royal Volunteer's Choker of Healing","Royal Volunteer's Bracelet of Healing","Royal Volunteer's Ring of Healing"
51483,0,0,"Royal Volunteer's Halfmask of Casting","Royal Volunteer's Gambison of Casting","Royal Volunteer's Armguards of Casting","Royal Volunteer's Trousers of Casting","Royal Volunteer's Boots of Casting","Royal Volunteer's Earrings of Casting","Royal Volunteer's Choker of Casting","Royal Volunteer's Bracelet of Casting","Royal Volunteer's Ring of Casting"
51484,0,0,"Alliance Helm of Fending","Alliance Coat of Fending","Alliance Armguards of Fending","Alliance Trousers of Fending","Alliance Boots of Fending","Alliance Earring of Fending","Alliance Necklace of Fending","Alliance Bracelet of Fending","Alliance Ring of Fending"
51485,0,0,"Alliance Visor of Maiming","Alliance Vest of Maiming","Alliance Armguards of Maiming","Alliance Trousers of Maiming","Alliance Boots of Maiming","Alliance Earring of Slaying","Alliance Necklace of Slaying","Alliance Bracelet of Slaying","Alliance Ring of Slaying"
51486,0,0,"Alliance Visor of Striking","Alliance Vest of Striking","Alliance Fingerless Gloves of Striking","Alliance Skirt of Striking","Alliance Shoes of Striking","Alliance Earring of Slaying","Alliance Necklace of Slaying","Alliance Bracelet of Slaying","Alliance Ring of Slaying"
51487,0,0,"Alliance Visor of Aiming","Alliance Jacket of Aiming","Alliance Armguards of Aiming","Alliance Trousers of Aiming","Alliance Shoes of Aiming","Alliance Earring of Aiming","Alliance Necklace of Aiming","Alliance Bracelet of Aiming","Alliance Ring of Aiming"
51488,0,0,"Alliance Helm of Scouting","Alliance Vest of Scouting","Alliance Fingerless Gloves of Scouting","Alliance Skirt of Scouting","Alliance Shoes of Scouting","Alliance Earring of Aiming","Alliance Necklace of Aiming","Alliance Bracelet of Aiming","Alliance Ring of Aiming"
51489,0,0,"Alliance Circlet of Healing","Alliance Coat of Healing","Alliance Fingerless Gloves of Healing","Alliance Bottoms of Healing","Alliance Boots of Healing","Alliance Earring of Healing","Alliance Necklace of Healing","Alliance Bracelet of Healing","Alliance Ring of Healing"
51490,0,0,"Alliance Circlet of Casting","Alliance Coat of Casting","Alliance Fingerless Gloves of Casting","Alliance Bottoms of Casting","Alliance Boots of Casting","Alliance Earring of Casting","Alliance Necklace of Casting","Alliance Bracelet of Casting","Alliance Ring of Casting"
51491,0,0,"Lakeland Hood of Fending","Lakeland Coat of Fending","Lakeland Gauntlets of Fending","Lakeland Breeches of Fending","Lakeland Greaves of Fending","Lakeland Earring of Fending","Lakeland Necklace of Fending","Lakeland Amulet of Fending","Lakeland Ring of Fending"
51492,0,0,"Lakeland Circlet of Maiming","Lakeland Cuirass of Maiming","Lakeland Gauntlets of Maiming","Lakeland Brais of Maiming","Lakeland Sabatons of Maiming","Lakeland Earring of Slaying","Lakeland Necklace of Slaying","Lakeland Amulet of Slaying","Lakeland Ring of Slaying"
51493,0,0,"Lakeland Blinder of Striking","Lakeland Longcoat of Striking","Lakeland Gloves of Striking","Lakeland Slops of Striking","Lakeland Thighboots of Striking","Lakeland Earring of Slaying","Lakeland Necklace of Slaying","Lakeland Amulet of Slaying","Lakeland Ring of Slaying"
51494,0,0,"Lakeland Hat of Aiming","Lakeland Coat of Aiming","Lakeland Gloves of Aiming","Lakeland Trousers of Aiming","Lakeland Shoes of Aiming","Lakeland Earring of Aiming","Lakeland Necklace of Aiming","Lakeland Amulet of Aiming","Lakeland Ring of Aiming"
51495,0,0,"Lakeland Blinder of Scouting","Lakeland Longcoat of Scouting","Lakeland Gloves of Scouting","Lakeland Slops of Scouting","Lakeland Thighboots of Scouting","Lakeland Earring of Aiming","Lakeland Necklace of Aiming","Lakeland Amulet of Aiming","Lakeland Ring of Aiming"
51496,0,0,"Lakeland Hat of Healing","Lakeland Robe of Healing","Lakeland Gloves of Healing","Lakeland Breeches of Healing","Lakeland Thighboots of Healing","Lakeland Earring of Healing","Lakeland Necklace of Healing","Lakeland Amulet of Healing","Lakeland Ring of Healing"
51497,0,0,"Lakeland Tricorne of Casting","Lakeland Coat of Casting","Lakeland Gloves of Casting","Lakeland Trousers of Casting","Lakeland Boots of Casting","Lakeland Earring of Casting","Lakeland Necklace of Casting","Lakeland Amulet of Casting","Lakeland Ring of Casting"
51498,0,0,"Voeburtite Circlet of Fending","Voeburtite Jacket of Fending","Voeburtite Gauntlets of Fending","Voeburtite Gaskins of Fending","Voeburtite Greaves of Fending","Voeburtite Earring of Fending","Voeburtite Necklace of Fending","Voeburtite Armillae of Fending","Voeburtite Ring of Fending"
51499,0,0,"Voeburtite Circlet of Maiming","Voeburtite Jacket of Maiming","Voeburtite Gauntlets of Maiming","Voeburtite Gaskins of Maiming","Voeburtite Greaves of Maiming","Voeburtite Earring of Slaying","Voeburtite Necklace of Slaying","Voeburtite Armillae of Slaying","Voeburtite Ring of Slaying"
51500,0,0,"Voeburtite Circlet of Striking","Voeburtite Jacket of Striking","Voeburtite Gauntlets of Striking","Voeburtite Gaskins of Striking","Voeburtite Thighboots of Striking","Voeburtite Earring of Slaying","Voeburtite Necklace of Slaying","Voeburtite Armillae of Slaying","Voeburtite Ring of Slaying"
51501,0,0,"Voeburtite Beret of Aiming","Voeburtite Jacket of Aiming","Voeburtite Gauntlets of Aiming","Voeburtite Gaskins of Aiming","Voeburtite Thighboots of Aiming","Voeburtite Earring of Aiming","Voeburtite Necklace of Aiming","Voeburtite Armillae of Aiming","Voeburtite Ring of Aiming"
51502,0,0,"Voeburtite Circlet of Scouting","Voeburtite Jacket of Scouting","Voeburtite Gauntlets of Scouting","Voeburtite Gaskins of Scouting","Voeburtite Thighboots of Scouting","Voeburtite Earring of Aiming","Voeburtite Necklace of Aiming","Voeburtite Armillae of Aiming","Voeburtite Ring of Aiming"
51503,0,0,"Voeburtite Hat of Healing","Voeburtite Tunic of Healing","Voeburtite Gloves of Healing","Voeburtite Trousers of Healing","Voeburtite Shoes of Healing","Voeburtite Earring of Healing","Voeburtite Necklace of Healing","Voeburtite Armillae of Healing","Voeburtite Ring of Healing"
51504,0,0,"Voeburtite Hat of Casting","Voeburtite Tunic of Casting","Voeburtite Gloves of Casting","Voeburtite Trousers of Casting","Voeburtite Shoes of Casting","Voeburtite Earring of Casting","Voeburtite Necklace of Casting","Voeburtite Armillae of Casting","Voeburtite Ring of Casting"
51505,0,0,"Ravel Keeper's Headband of Fending","Ravel Keeper's Vest of Fending","Ravel Keeper's Armlets of Fending","Ravel Keeper's Kecks of Fending","Ravel Keeper's Thighboots of Fending","Ravel Keeper's Earring of Fending","Ravel Keeper's Choker of Fending","Ravel Keeper's Bracelet of Fending","Ravel Keeper's Ring of Fending"
51506,0,0,"Ravel Keeper's Headband of Maiming","Ravel Keeper's Vest of Maiming","Ravel Keeper's Armlets of Maiming","Ravel Keeper's Kecks of Maiming","Ravel Keeper's Thighboots of Maiming","Ravel Keeper's Earring of Slaying","Ravel Keeper's Choker of Slaying","Ravel Keeper's Bracelet of Slaying","Ravel Keeper's Ring of Slaying"
51507,0,0,"Ravel Keeper's Headband of Striking","Ravel Keeper's Chestwrap of Striking","Ravel Keeper's Armlets of Striking","Ravel Keeper's Slops of Striking","Ravel Keeper's Sandals of Striking","Ravel Keeper's Earring of Slaying","Ravel Keeper's Choker of Slaying","Ravel Keeper's Bracelet of Slaying","Ravel Keeper's Ring of Slaying"
51508,0,0,"Ravel Keeper's Headband of Aiming","Ravel Keeper's Chestwrap of Aiming","Ravel Keeper's Armlets of Aiming","Ravel Keeper's Slops of Aiming","Ravel Keeper's Sandals of Aiming","Ravel Keeper's Earring of Aiming","Ravel Keeper's Choker of Aiming","Ravel Keeper's Bracelet of Aiming","Ravel Keeper's Ring of Aiming"
51509,0,0,"Ravel Keeper's Headdress of Scouting","Ravel Keeper's Chestwrap of Scouting","Ravel Keeper's Armlets of Scouting","Ravel Keeper's Slops of Scouting","Ravel Keeper's Sandals of Scouting","Ravel Keeper's Earring of Aiming","Ravel Keeper's Choker of Aiming","Ravel Keeper's Bracelet of Aiming","Ravel Keeper's Ring of Aiming"
51510,0,0,"Ravel Keeper's Headband of Healing","Ravel Keeper's Chestwrap of Healing","Ravel Keeper's Halfgloves of Healing","Ravel Keeper's Slops of Healing","Ravel Keeper's Sandals of Healing","Ravel Keeper's Earring of Healing","Ravel Keeper's Choker of Healing","Ravel Keeper's Bracelet of Healing","Ravel Keeper's Ring of Healing"
51511,0,0,"Ravel Keeper's Headband of Casting","Ravel Keeper's Chestwrap of Casting","Ravel Keeper's Halfgloves of Casting","Ravel Keeper's Slops of Casting","Ravel Keeper's Sandals of Casting","Ravel Keeper's Earring of Casting","Ravel Keeper's Choker of Casting","Ravel Keeper's Bracelet of Casting","Ravel Keeper's Ring of Casting"
51512,0,0,"Nabaath Pot Helm of Fending","Nabaath Vest of Fending","Nabaath Gauntlets of Fending","Nabaath Trousers of Fending","Nabaath Fringe Boots of Fending","Nabaath Earrings of Fending","Nabaath Choker of Fending","Nabaath Wristband of Fending","Nabaath Leather Ring of Fending"
51513,0,0,"Nabaath Pot Helm of Maiming","Nabaath Vest of Maiming","Nabaath Gauntlets of Maiming","Nabaath Trousers of Maiming","Nabaath Fringe Boots of Maiming","Nabaath Earrings of Slaying","Nabaath Choker of Slaying","Nabaath Wristband of Slaying","Nabaath Leather Ring of Slaying"
51514,0,0,"Nabaath Headgear of Striking","Nabaath Doublet of Striking","Nabaath Bracers of Striking","Nabaath Skirt of Striking","Nabaath Greaves of Striking","Nabaath Earrings of Slaying","Nabaath Choker of Slaying","Nabaath Wristband of Slaying","Nabaath Leather Ring of Slaying"
51515,0,0,"Nabaath Scarf of Aiming","Nabaath Vest of Aiming","Nabaath Field Dressing of Aiming","Nabaath Slops of Aiming","Nabaath Crakows of Aiming","Nabaath Earrings of Aiming","Nabaath Choker of Aiming","Nabaath Wristband of Aiming","Nabaath Leather Ring of Aiming"
51516,0,0,"Nabaath Turban of Scouting","Nabaath Coat of Scouting","Nabaath Gloves of Scouting","Nabaath Bottoms of Scouting","Nabaath Shoes of Scouting","Nabaath Earrings of Aiming","Nabaath Choker of Aiming","Nabaath Wristband of Aiming","Nabaath Leather Ring of Aiming"
51517,0,0,"Nabaath Cap of Healing","Nabaath Doublet of Healing","Nabaath Gloves of Healing","Nabaath Bottoms of Healing","Nabaath Shoes of Healing","Nabaath Earrings of Healing","Nabaath Choker of Healing","Nabaath Wristband of Healing","Nabaath Leather Ring of Healing"
51518,0,0,"Nabaath Crown of Casting","Nabaath Doublet of Casting","Nabaath Gloves of Casting","Nabaath Bottoms of Casting","Nabaath Shoes of Casting","Nabaath Earrings of Casting","Nabaath Choker of Casting","Nabaath Wristband of Casting","Nabaath Leather Ring of Casting"
51519,0,0,"The Forgiven's Circlet of Fending","The Forgiven's Armor of Fending","The Forgiven's Gauntlets of Fending","The Forgiven's Breeches of Fending","The Forgiven's Sabatons of Fending","The Forgiven's Earrings of Fending","The Forgiven's Necklace of Fending","The Forgiven's Bracelet of Fending","The Forgiven's Ring of Fending"
51520,0,0,"The Forgiven's Circlet of Maiming","The Forgiven's Mail of Maiming","The Forgiven's Gauntlets of Maiming","The Forgiven's Breeches of Maiming","The Forgiven's Greaves of Maiming","The Forgiven's Earrings of Slaying","The Forgiven's Necklace of Slaying","The Forgiven's Bracelet of Slaying","The Forgiven's Ring of Slaying"
51521,0,0,"The Forgiven's Circlet of Striking","The Forgiven's Chestpiece of Striking","The Forgiven's Bracers of Striking","The Forgiven's Sarouel of Striking","The Forgiven's Caligae of Striking","The Forgiven's Earrings of Slaying","The Forgiven's Necklace of Slaying","The Forgiven's Bracelet of Slaying","The Forgiven's Ring of Slaying"
51522,0,0,"The Forgiven's Hat of Aiming","The Forgiven's Tabard of Aiming","The Forgiven's Bracers of Aiming","The Forgiven's Breeches of Aiming","The Forgiven's Boots of Aiming","The Forgiven's Earrings of Aiming","The Forgiven's Necklace of Aiming","The Forgiven's Bracelet of Aiming","The Forgiven's Ring of Aiming"
51523,0,0,"The Forgiven's Circlet of Scouting","The Forgiven's Chestpiece of Scouting","The Forgiven's Bracers of Scouting","The Forgiven's Sarouel of Scouting","The Forgiven's Caligae of Scouting","The Forgiven's Earrings of Aiming","The Forgiven's Necklace of Aiming","The Forgiven's Bracelet of Aiming","The Forgiven's Ring of Aiming"
51524,0,0,"The Forgiven's Hat of Healing","The Forgiven's Robe of Healing","The Forgiven's Gloves of Healing","The Forgiven's Skirt of Healing","The Forgiven's Sandals of Healing","The Forgiven's Earrings of Healing","The Forgiven's Necklace of Healing","The Forgiven's Bracelet of Healing","The Forgiven's Ring of Healing"
51525,0,0,"The Forgiven's Hat of Casting","The Forgiven's Robe of Casting","The Forgiven's Gloves of Casting","The Forgiven's Skirt of Casting","The Forgiven's Sandals of Casting","The Forgiven's Earrings of Casting","The Forgiven's Necklace of Casting","The Forgiven's Bracelet of Casting","The Forgiven's Ring of Casting"
51526,0,0,"Warg Pelt of Fending","Warg Jacket of Fending","Warg Gloves of Fending","Warg Breeches of Fending","Warg Greaves of Fending","Warg Earring of Fending","Warg Choker of Fending","Warg Bracelet of Fending","Warg Ring of Fending"
51527,0,0,"Warg Pelt of Maiming","Warg Jacket of Maiming","Warg Gloves of Maiming","Warg Breeches of Maiming","Warg Greaves of Maiming","Warg Earring of Slaying","Warg Choker of Slaying","Warg Bracelet of Slaying","Warg Ring of Slaying"
51528,0,0,"Warg Pelt of Striking","Warg Jacket of Striking","Warg Fingerless Gloves of Striking","Warg Sarouel of Striking","Warg Shoes of Striking","Warg Earring of Slaying","Warg Choker of Slaying","Warg Bracelet of Slaying","Warg Ring of Slaying"
51529,0,0,"Warg Pelt of Aiming","Warg Jacket of Aiming","Warg Gloves of Aiming","Warg Sarouel of Aiming","Warg Shoes of Aiming","Warg Earring of Aiming","Warg Choker of Aiming","Warg Bracelet of Aiming","Warg Ring of Aiming"
51530,0,0,"Warg Pelt of Scouting","Warg Jacket of Scouting","Warg Fingerless Gloves of Scouting","Warg Sarouel of Scouting","Warg Shoes of Scouting","Warg Earring of Aiming","Warg Choker of Aiming","Warg Bracelet of Aiming","Warg Ring of Aiming"
51531,0,0,"Warg Pelt of Healing","Warg Jacket of Healing","Warg Fingerless Gloves of Healing","Warg Tights of Healing","Warg Shoes of Healing","Warg Earring of Healing","Warg Choker of Healing","Warg Bracelet of Healing","Warg Ring of Healing"
51532,0,0,"Warg Pelt of Casting","Warg Jacket of Casting","Warg Gloves of Casting","Warg Tights of Casting","Warg Shoes of Casting","Warg Earring of Casting","Warg Choker of Casting","Warg Bracelet of Casting","Warg Ring of Casting"
51533,0,0,"Anamnesis Circlet of Fending","Anamnesis Armor of Fending","Anamnesis Gauntlets of Fending","Anamnesis Hose of Fending","Anamnesis Sollerets of Fending","Anamnesis Earrings of Fending","Anamnesis Choker of Fending","Anamnesis Bracelet of Fending","Anamnesis Ring of Fending"
51534,0,0,"Anamnesis Circlet of Maiming","Anamnesis Armor of Maiming","Anamnesis Gauntlets of Maiming","Anamnesis Hose of Maiming","Anamnesis Sollerets of Maiming","Anamnesis Earrings of Slaying","Anamnesis Choker of Slaying","Anamnesis Bracelet of Slaying","Anamnesis Ring of Slaying"
51535,0,0,"Anamnesis Headband of Striking","Anamnesis Jacket of Striking","Anamnesis Gloves of Striking","Anamnesis Hose of Striking","Anamnesis Boots of Striking","Anamnesis Earrings of Slaying","Anamnesis Choker of Slaying","Anamnesis Bracelet of Slaying","Anamnesis Ring of Slaying"
51536,0,0,"Anamnesis Hat of Aiming","Anamnesis Coat of Aiming","Anamnesis Gloves of Aiming","Anamnesis Hose of Aiming","Anamnesis Thighboots of Aiming","Anamnesis Earrings of Aiming","Anamnesis Choker of Aiming","Anamnesis Bracelet of Aiming","Anamnesis Ring of Aiming"
51537,0,0,"Anamnesis Headband of Scouting","Anamnesis Jacket of Scouting","Anamnesis Gloves of Scouting","Anamnesis Hose of Scouting","Anamnesis Thighboots of Scouting","Anamnesis Earrings of Aiming","Anamnesis Choker of Aiming","Anamnesis Bracelet of Aiming","Anamnesis Ring of Aiming"
51538,0,0,"Anamnesis Hat of Healing","Anamnesis Coat of Healing","Anamnesis Gloves of Healing","Anamnesis Hose of Healing","Anamnesis Thighboots of Healing","Anamnesis Earrings of Healing","Anamnesis Choker of Healing","Anamnesis Bracelet of Healing","Anamnesis Ring of Healing"
51539,0,0,"Anamnesis Hat of Casting","Anamnesis Coat of Casting","Anamnesis Gloves of Casting","Anamnesis Hose of Casting","Anamnesis Thighboots of Casting","Anamnesis Earrings of Casting","Anamnesis Choker of Casting","Anamnesis Bracelet of Casting","Anamnesis Ring of Casting"
51540,0,0,"Shadowless Mask of Fending","Shadowless Coat of Fending","Shadowless Vambraces of Fending","Shadowless Skirt of Fending","Shadowless Greaves of Fending","Shadowless Earrings of Fending","Shadowless Necklace of Fending","Shadowless Bracelet of Fending","Shadowless Ring of Fending"
51541,0,0,"Shadowless Mask of Maiming","Shadowless Coat of Maiming","Shadowless Vambraces of Maiming","Shadowless Trousers of Maiming","Shadowless Greaves of Maiming","Shadowless Earrings of Slaying","Shadowless Necklace of Slaying","Shadowless Bracelet of Slaying","Shadowless Ring of Slaying"
51542,0,0,"Shadowless Mask of Striking","Shadowless Coat of Striking","Shadowless Gloves of Striking","Shadowless Hose of Striking","Shadowless Sabatons of Striking","Shadowless Earrings of Slaying","Shadowless Necklace of Slaying","Shadowless Bracelet of Slaying","Shadowless Ring of Slaying"
51543,0,0,"Shadowless Mask of Aiming","Shadowless Coat of Aiming","Shadowless Gloves of Aiming","Shadowless Hose of Aiming","Shadowless Sabatons of Aiming","Shadowless Earrings of Aiming","Shadowless Necklace of Aiming","Shadowless Bracelet of Aiming","Shadowless Ring of Aiming"
51544,0,0,"Shadowless Mask of Scouting","Shadowless Coat of Scouting","Shadowless Gloves of Scouting","Shadowless Hose of Scouting","Shadowless Sabatons of Scouting","Shadowless Earrings of Aiming","Shadowless Necklace of Aiming","Shadowless Bracelet of Aiming","Shadowless Ring of Aiming"
51545,0,0,"Shadowless Petasos of Healing","Shadowless Robe of Healing","Shadowless Gloves of Healing","Shadowless Bottoms of Healing","Shadowless Boots of Healing","Shadowless Earrings of Healing","Shadowless Necklace of Healing","Shadowless Bracelet of Healing","Shadowless Ring of Healing"
51546,0,0,"Shadowless Petasos of Casting","Shadowless Robe of Casting","Shadowless Gloves of Casting","Shadowless Bottoms of Casting","Shadowless Boots of Casting","Shadowless Earrings of Casting","Shadowless Necklace of Casting","Shadowless Bracelet of Casting","Shadowless Ring of Casting"
51547,0,0,"Heirloom Circlet of Fending","Heirloom Jacket of Fending","Heirloom Gauntlets of Fending","Heirloom Gaskins of Fending","Heirloom Greaves of Fending","Heirloom Earring of Fending","Heirloom Necklace of Fending","Heirloom Amulet of Fending","Heirloom Ring of Fending"
51548,0,0,"Heirloom Circlet of Maiming","Heirloom Jacket of Maiming","Heirloom Gauntlets of Maiming","Heirloom Gaskins of Maiming","Heirloom Greaves of Maiming","Heirloom Earring of Slaying","Heirloom Necklace of Slaying","Heirloom Amulet of Slaying","Heirloom Ring of Slaying"
51549,0,0,"Heirloom Circlet of Striking","Heirloom Jacket of Striking","Heirloom Gauntlets of Striking","Heirloom Gaskins of Striking","Heirloom Thighboots of Striking","Heirloom Earring of Slaying","Heirloom Necklace of Slaying","Heirloom Amulet of Slaying","Heirloom Ring of Slaying"
51550,0,0,"Heirloom Beret of Aiming","Heirloom Jacket of Aiming","Heirloom Gauntlets of Aiming","Heirloom Gaskins of Aiming","Heirloom Thighboots of Aiming","Heirloom Earring of Aiming","Heirloom Necklace of Aiming","Heirloom Amulet of Aiming","Heirloom Ring of Aiming"
51551,0,0,"Heirloom Circlet of Scouting","Heirloom Jacket of Scouting","Heirloom Gauntlets of Scouting","Heirloom Gaskins of Scouting","Heirloom Thighboots of Scouting","Heirloom Earring of Aiming","Heirloom Necklace of Aiming","Heirloom Amulet of Aiming","Heirloom Ring of Aiming"
51552,0,0,"Heirloom Hat of Healing","Heirloom Tunic of Healing","Heirloom Gloves of Healing","Heirloom Trousers of Healing","Heirloom Shoes of Healing","Heirloom Earring of Healing","Heirloom Necklace of Healing","Heirloom Amulet of Healing","Heirloom Ring of Healing"
51553,0,0,"Heirloom Hat of Casting","Heirloom Tunic of Casting","Heirloom Gloves of Casting","Heirloom Trousers of Casting","Heirloom Shoes of Casting","Heirloom Earring of Casting","Heirloom Necklace of Casting","Heirloom Amulet of Casting","Heirloom Ring of Casting"
51554,0,0,"Paglth'an Helm of Fending","Paglth'an Jacket of Fending","Paglth'an Armguards of Fending","Paglth'an Bottoms of Fending","Paglth'an Boots of Fending","Paglth'an Earring of Fending","Paglth'an Necklace of Fending","Paglth'an Armillae of Fending","Paglth'an Ring of Fending"
51555,0,0,"Paglth'an Helm of Maiming","Paglth'an Jacket of Maiming","Paglth'an Armguards of Maiming","Paglth'an Bottoms of Maiming","Paglth'an Boots of Maiming","Paglth'an Earring of Slaying","Paglth'an Necklace of Slaying","Paglth'an Armillae of Slaying","Paglth'an Ring of Slaying"
51556,0,0,"Paglth'an Visor of Striking","Paglth'an Chestpiece of Striking","Paglth'an Armguards of Striking","Paglth'an Hose of Striking","Paglth'an Greaves of Striking","Paglth'an Earring of Slaying","Paglth'an Necklace of Slaying","Paglth'an Armillae of Slaying","Paglth'an Ring of Slaying"
51557,0,0,"Paglth'an Circlet of Aiming","Paglth'an Chestpiece of Aiming","Paglth'an Fingerwraps of Aiming","Paglth'an Bottoms of Aiming","Paglth'an Boots of Aiming","Paglth'an Earring of Aiming","Paglth'an Necklace of Aiming","Paglth'an Armillae of Aiming","Paglth'an Ring of Aiming"
51558,0,0,"Paglth'an Visor of Scouting","Paglth'an Chestpiece of Scouting","Paglth'an Armguards of Scouting","Paglth'an Hose of Scouting","Paglth'an Greaves of Scouting","Paglth'an Earring of Aiming","Paglth'an Necklace of Aiming","Paglth'an Armillae of Aiming","Paglth'an Ring of Aiming"
51559,0,0,"Paglth'an Circlet of Healing","Paglth'an Chestwrap of Healing","Paglth'an Fingerwraps of Healing","Paglth'an Breeches of Healing","Paglth'an Sandals of Healing","Paglth'an Earring of Healing","Paglth'an Necklace of Healing","Paglth'an Armillae of Healing","Paglth'an Ring of Healing"
51560,0,0,"Paglth'an Circlet of Casting","Paglth'an Chestwrap of Casting","Paglth'an Fingerwraps of Casting","Paglth'an Breeches of Casting","Paglth'an Sandals of Casting","Paglth'an Earring of Casting","Paglth'an Necklace of Casting","Paglth'an Armillae of Casting","Paglth'an Ring of Casting"
51561,0,0,"Manusya Helm of Fending","Manusya Coat of Fending","Manusya Gauntlets of Fending","Manusya Trousers of Fending","Manusya Sabatons of Fending","Manusya Earrings of Fending","Manusya Choker of Fending","Manusya Amulet of Fending","Manusya Ring of Fending"
51562,0,0,"Manusya Visor of Maiming","Manusya Mail of Maiming","Manusya Gloves of Maiming","Manusya Trousers of Maiming","Manusya Sabatons of Maiming","Manusya Earrings of Slaying","Manusya Choker of Slaying","Manusya Amulet of Slaying","Manusya Ring of Slaying"
51563,0,0,"Manusya Helm of Striking","Manusya Jacket of Striking","Manusya Gauntlets of Striking","Manusya Sarouel of Striking","Manusya Greaves of Striking","Manusya Earrings of Slaying","Manusya Choker of Slaying","Manusya Amulet of Slaying","Manusya Ring of Slaying"
51564,0,0,"Manusya Helm of Aiming","Manusya Coat of Aiming","Manusya Gauntlets of Aiming","Manusya Trousers of Aiming","Manusya Sabatons of Aiming","Manusya Earrings of Aiming","Manusya Choker of Aiming","Manusya Amulet of Aiming","Manusya Ring of Aiming"
51565,0,0,"Manusya Visor of Scouting","Manusya Chestpiece of Scouting","Manusya Gauntlets of Scouting","Manusya Trousers of Scouting","Manusya Sabatons of Scouting","Manusya Earrings of Aiming","Manusya Choker of Aiming","Manusya Amulet of Aiming","Manusya Ring of Aiming"
51566,0,0,"Manusya Mask of Healing","Manusya Chestpiece of Healing","Manusya Gauntlets of Healing","Manusya Trousers of Healing","Manusya Sabatons of Healing","Manusya Earrings of Healing","Manusya Choker of Healing","Manusya Amulet of Healing","Manusya Ring of Healing"
51567,0,0,"Manusya Mask of Casting","Manusya Jacket of Casting","Manusya Gauntlets of Casting","Manusya Sarouel of Casting","Manusya Greaves of Casting","Manusya Earrings of Casting","Manusya Choker of Casting","Manusya Amulet of Casting","Manusya Ring of Casting"
51568,0,0,"Imperial Cap of Fending","Imperial Coat of Fending","Imperial Gloves of Fending","Imperial Breeches of Fending","Imperial Boots of Fending","Imperial Earring of Fending","Imperial Choker of Fending","Imperial Bracelet of Fending","Imperial Ring of Fending"
51569,0,0,"Imperial Cap of Maiming","Imperial Coat of Maiming","Imperial Gloves of Maiming","Imperial Longkilt of Maiming","Imperial Boots of Maiming","Imperial Earring of Slaying","Imperial Choker of Slaying","Imperial Bracelet of Slaying","Imperial Ring of Slaying"
51570,0,0,"Imperial Ushanka of Striking","Imperial Coat of Striking","Imperial Gloves of Striking","Imperial Breeches of Striking","Imperial Boots of Striking","Imperial Earring of Slaying","Imperial Choker of Slaying","Imperial Bracelet of Slaying","Imperial Ring of Slaying"
51571,0,0,"Imperial Cap of Aiming","Imperial Coat of Aiming","Imperial Gloves of Aiming","Imperial Breeches of Aiming","Imperial Boots of Aiming","Imperial Earring of Aiming","Imperial Choker of Aiming","Imperial Bracelet of Aiming","Imperial Ring of Aiming"
51572,0,0,"Imperial Hood of Scouting","Imperial Coat of Scouting","Imperial Gloves of Scouting","Imperial Breeches of Scouting","Imperial Boots of Scouting","Imperial Earring of Aiming","Imperial Choker of Aiming","Imperial Bracelet of Aiming","Imperial Ring of Aiming"
51573,0,0,"Imperial Ushanka of Healing","Imperial Coat of Healing","Imperial Gloves of Healing","Imperial Longkilt of Healing","Imperial Boots of Healing","Imperial Earring of Healing","Imperial Choker of Healing","Imperial Bracelet of Healing","Imperial Ring of Healing"
51574,0,0,"Imperial Ushanka of Casting","Imperial Coat of Casting","Imperial Gloves of Casting","Imperial Bottoms of Casting","Imperial Boots of Casting","Imperial Earring of Casting","Imperial Choker of Casting","Imperial Bracelet of Casting","Imperial Ring of Casting"
51575,0,0,"Palaka Helm of Fending","Palaka Jacket of Fending","Palaka Vambraces of Fending","Palaka Sarouel of Fending","Palaka Boots of Fending","Palaka Earrings of Fending","Palaka Choker of Fending","Palaka Bracelet of Fending","Palaka Ring of Fending"
51576,0,0,"Palaka Helm of Maiming","Palaka Jacket of Maiming","Palaka Vambraces of Maiming","Palaka Sarouel of Maiming","Palaka Boots of Maiming","Palaka Earrings of Slaying","Palaka Choker of Slaying","Palaka Bracelet of Slaying","Palaka Ring of Slaying"
51577,0,0,"Palaka Turban of Striking","Palaka Vest of Striking","Palaka Vambraces of Striking","Palaka Sarouel of Striking","Palaka Pumps of Striking","Palaka Earrings of Slaying","Palaka Choker of Slaying","Palaka Bracelet of Slaying","Palaka Ring of Slaying"
51578,0,0,"Palaka Turban of Aiming","Palaka Vest of Aiming","Palaka Vambraces of Aiming","Palaka Sarouel of Aiming","Palaka Boots of Aiming","Palaka Earrings of Aiming","Palaka Choker of Aiming","Palaka Bracelet of Aiming","Palaka Ring of Aiming"
51579,0,0,"Palaka Turban of Scouting","Palaka Vest of Scouting","Palaka Halfgloves of Scouting","Palaka Sarouel of Scouting","Palaka Pumps of Scouting","Palaka Earrings of Aiming","Palaka Choker of Aiming","Palaka Bracelet of Aiming","Palaka Ring of Aiming"
51580,0,0,"Palaka Turban of Healing","Palaka Vest of Healing","Palaka Halfgloves of Healing","Palaka Sarouel of Healing","Palaka Pumps of Healing","Palaka Earrings of Healing","Palaka Choker of Healing","Palaka Bracelet of Healing","Palaka Ring of Healing"
51581,0,0,"Palaka Turban of Casting","Palaka Vest of Casting","Palaka Halfgloves of Casting","Palaka Sarouel of Casting","Palaka Pumps of Casting","Palaka Earrings of Casting","Palaka Choker of Casting","Palaka Bracelet of Casting","Palaka Ring of Casting"
51582,0,0,"Ktiseos Mask of Fending","Ktiseos Coat of Fending","Ktiseos Vambraces of Fending","Ktiseos Skirt of Fending","Ktiseos Greaves of Fending","Ktiseos Earring of Fending","Ktiseos Choker of Fending","Ktiseos Bracelet of Fending","Ktiseos Ring of Fending"
51583,0,0,"Ktiseos Mask of Maiming","Ktiseos Coat of Maiming","Ktiseos Vambraces of Maiming","Ktiseos Trousers of Maiming","Ktiseos Greaves of Maiming","Ktiseos Earring of Slaying","Ktiseos Choker of Slaying","Ktiseos Bracelet of Slaying","Ktiseos Ring of Slaying"
51584,0,0,"Ktiseos Mask of Striking","Ktiseos Coat of Striking","Ktiseos Gloves of Striking","Ktiseos Hose of Striking","Ktiseos Sabatons of Striking","Ktiseos Earring of Slaying","Ktiseos Choker of Slaying","Ktiseos Bracelet of Slaying","Ktiseos Ring of Slaying"
51585,0,0,"Ktiseos Mask of Aiming","Ktiseos Coat of Aiming","Ktiseos Gloves of Aiming","Ktiseos Hose of Aiming","Ktiseos Sabatons of Aiming","Ktiseos Earring of Aiming","Ktiseos Choker of Aiming","Ktiseos Bracelet of Aiming","Ktiseos Ring of Aiming"
51586,0,0,"Ktiseos Mask of Scouting","Ktiseos Coat of Scouting","Ktiseos Gloves of Scouting","Ktiseos Hose of Scouting","Ktiseos Sabatons of Scouting","Ktiseos Earring of Aiming","Ktiseos Choker of Aiming","Ktiseos Bracelet of Aiming","Ktiseos Ring of Aiming"
51587,0,0,"Ktiseos Petasos of Healing","Ktiseos Robe of Healing","Ktiseos Gloves of Healing","Ktiseos Bottoms of Healing","Ktiseos Boots of Healing","Ktiseos Earring of Healing","Ktiseos Choker of Healing","Ktiseos Bracelet of Healing","Ktiseos Ring of Healing"
51588,0,0,"Ktiseos Petasos of Casting","Ktiseos Robe of Casting","Ktiseos Gloves of Casting","Ktiseos Bottoms of Casting","Ktiseos Boots of Casting","Ktiseos Earring of Casting","Ktiseos Choker of Casting","Ktiseos Bracelet of Casting","Ktiseos Ring of Casting"
51589,0,0,"Darbar Serpus of Fending","Darbar Jacket of Fending","Darbar Gloves of Fending","Darbar Breeches of Fending","Darbar Boots of Fending","Darbar Earrings of Fending","Darbar Necklace of Fending","Darbar Bracelet of Fending","Darbar Ring of Fending"
51590,0,0,"Darbar Serpus of Maiming","Darbar Jacket of Maiming","Darbar Gloves of Maiming","Darbar Breeches of Maiming","Darbar Boots of Maiming","Darbar Earrings of Slaying","Darbar Necklace of Slaying","Darbar Bracelet of Slaying","Darbar Ring of Slaying"
51591,0,0,"Darbar Serpus of Striking","Darbar Doublet of Striking","Darbar Gloves of Striking","Darbar Trousers of Striking","Darbar Boots of Striking","Darbar Earrings of Slaying","Darbar Necklace of Slaying","Darbar Bracelet of Slaying","Darbar Ring of Slaying"
51592,0,0,"Darbar Serpus of Aiming","Darbar Coat of Aiming","Darbar Gloves of Aiming","Darbar Bottoms of Aiming","Darbar Thighboots of Aiming","Darbar Earrings of Aiming","Darbar Necklace of Aiming","Darbar Bracelet of Aiming","Darbar Ring of Aiming"
51593,0,0,"Darbar Serpus of Scouting","Darbar Doublet of Scouting","Darbar Gloves of Scouting","Darbar Trousers of Scouting","Darbar Thighboots of Scouting","Darbar Earrings of Aiming","Darbar Necklace of Aiming","Darbar Bracelet of Aiming","Darbar Ring of Aiming"
51594,0,0,"Darbar Hat of Healing","Darbar Coat of Healing","Darbar Mitts of Healing","Darbar Bottoms of Healing","Darbar Thighboots of Healing","Darbar Earrings of Healing","Darbar Necklace of Healing","Darbar Bracelet of Healing","Darbar Ring of Healing"
51595,0,0,"Darbar Hat of Casting","Darbar Coat of Casting","Darbar Mitts of Casting","Darbar Bottoms of Casting","Darbar Thighboots of Casting","Darbar Earrings of Casting","Darbar Necklace of Casting","Darbar Bracelet of Casting","Darbar Ring of Casting"
51596,0,0,"Troian Circlet of Fending","Troian Lorica of Fending","Troian Vambraces of Fending","Troian Hose of Fending","Troian Sabatons of Fending","Troian Earrings of Fending","Troian Choker of Fending","Troian Bracelet of Fending","Troian Ring of Fending"
51597,0,0,"Troian Circlet of Maiming","Troian Lorica of Maiming","Troian Vambraces of Maiming","Troian Hose of Maiming","Troian Sabatons of Maiming","Troian Earrings of Slaying","Troian Choker of Slaying","Troian Bracelet of Slaying","Troian Ring of Slaying"
51598,0,0,"Troian Bandana of Striking","Troian Top of Striking","Troian Fingerless Gloves of Striking","Troian Breeches of Striking","Troian Leg Wraps of Striking","Troian Earrings of Slaying","Troian Choker of Slaying","Troian Bracelet of Slaying","Troian Ring of Slaying"
51599,0,0,"Troian Field Dressing of Aiming","Troian Cloak of Aiming","Troian Armguards of Aiming","Troian Longkilt of Aiming","Troian Thighboots of Aiming","Troian Earrings of Aiming","Troian Choker of Aiming","Troian Bracelet of Aiming","Troian Ring of Aiming"
51600,0,0,"Troian Bandana of Scouting","Troian Top of Scouting","Troian Fingerless Gloves of Scouting","Troian Breeches of Scouting","Troian Leg Wraps of Scouting","Troian Earrings of Aiming","Troian Choker of Aiming","Troian Bracelet of Aiming","Troian Ring of Aiming"
51601,0,0,"Troian Hat of Healing","Troian Cloak of Healing","Troian Armguards of Healing","Troian Longkilt of Healing","Troian Thighboots of Healing","Troian Earrings of Healing","Troian Choker of Healing","Troian Bracelet of Healing","Troian Ring of Healing"
51602,0,0,"Troian Hat of Casting","Troian Cloak of Casting","Troian Armguards of Casting","Troian Longkilt of Casting","Troian Thighboots of Casting","Troian Earrings of Casting","Troian Choker of Casting","Troian Bracelet of Casting","Troian Ring of Casting"
51603,0,0,"Manalis Circlet of Fending","Manalis Mail of Fending","Manalis Gauntlets of Fending","Manalis Bottoms of Fending","Manalis Sabatons of Fending","Manalis Earrings of Fending","Manalis Choker of Fending","Manalis Wristband of Fending","Manalis Ring of Fending"
51604,0,0,"Manalis Chapeau of Maiming","Manalis Coat of Maiming","Manalis Halfgloves of Maiming","Manalis Bottoms of Maiming","Manalis Boots of Maiming","Manalis Earrings of Slaying","Manalis Choker of Slaying","Manalis Wristband of Slaying","Manalis Ring of Slaying"
51605,0,0,"Manalis Helm of Striking","Manalis Mail of Striking","Manalis Gauntlets of Striking","Manalis Bottoms of Striking","Manalis Sabatons of Striking","Manalis Earrings of Slaying","Manalis Choker of Slaying","Manalis Wristband of Slaying","Manalis Ring of Slaying"
51606,0,0,"Manalis Turban of Aiming","Manalis Dolman of Aiming","Manalis Gloves of Aiming","Manalis Bottoms of Aiming","Manalis Greaves of Aiming","Manalis Earrings of Aiming","Manalis Choker of Aiming","Manalis Wristband of Aiming","Manalis Ring of Aiming"
51607,0,0,"Manalis Helm of Scouting","Manalis Mail of Scouting","Manalis Gauntlets of Scouting","Manalis Bottoms of Scouting","Manalis Sabatons of Scouting","Manalis Earrings of Aiming","Manalis Choker of Aiming","Manalis Wristband of Aiming","Manalis Ring of Aiming"
51608,0,0,"Manalis Hat of Healing","Manalis Coat of Healing","Manalis Halfgloves of Healing","Manalis Bottoms of Healing","Manalis Boots of Healing","Manalis Earrings of Healing","Manalis Choker of Healing","Manalis Wristband of Healing","Manalis Ring of Healing"
51609,0,0,"Manalis Hat of Casting","Manalis Coat of Casting","Manalis Dress Gloves of Casting","Manalis Trousers of Casting","Manalis Boots of Casting","Manalis Earrings of Casting","Manalis Choker of Casting","Manalis Wristband of Casting","Manalis Ring of Casting"
51610,0,0,"Distance Helm of Fending","Distance Cuirass of Fending","Distance Gauntlets of Fending","Distance Breeches of Fending","Distance Sollerets of Fending","Distance Earring of Fending","Distance Choker of Fending","Distance Bracelet of Fending","Distance Ring of Fending"
51611,0,0,"Distance Helm of Maiming","Distance Cuirass of Maiming","Distance Gauntlets of Maiming","Distance Breeches of Maiming","Distance Sollerets of Maiming","Distance Earring of Slaying","Distance Choker of Slaying","Distance Bracelet of Slaying","Distance Ring of Slaying"
51612,0,0,"Distance Halfmask of Striking","Distance Scale Mail of Striking","Distance Gloves of Striking","Distance Bottoms of Striking","Distance Greaves of Striking","Distance Earring of Slaying","Distance Choker of Slaying","Distance Bracelet of Slaying","Distance Ring of Slaying"
51613,0,0,"Distance Chapeau of Aiming","Distance Coat of Aiming","Distance Gloves of Aiming","Distance Breeches of Aiming","Distance Greaves of Aiming","Distance Earring of Aiming","Distance Choker of Aiming","Distance Bracelet of Aiming","Distance Ring of Aiming"
51614,0,0,"Distance Mask of Scouting","Distance Scale Mail of Scouting","Distance Gloves of Scouting","Distance Bottoms of Scouting","Distance Greaves of Scouting","Distance Earring of Aiming","Distance Choker of Aiming","Distance Bracelet of Aiming","Distance Ring of Aiming"
51615,0,0,"Distance Hood of Healing","Distance Scale Mail of Healing","Distance Armguards of Healing","Distance Breeches of Healing","Distance Greaves of Healing","Distance Earring of Healing","Distance Choker of Healing","Distance Bracelet of Healing","Distance Ring of Healing"
51616,0,0,"Distance Hood of Casting","Distance Scale Mail of Casting","Distance Armguards of Casting","Distance Breeches of Casting","Distance Greaves of Casting","Distance Earring of Casting","Distance Choker of Casting","Distance Bracelet of Casting","Distance Ring of Casting"
51617,0,0,"Voidmoon Circlet of Fending","Voidmoon Coat of Fending","Voidmoon Gauntlets of Fending","Voidmoon Hose of Fending","Voidmoon Sabatons of Fending","Voidmoon Ear Cuffs of Fending","Voidmoon Necklace of Fending","Voidmoon Bracelets of Fending","Voidmoon Ring of Fending"
51618,0,0,"Voidmoon Circlet of Maiming","Voidmoon Mail of Maiming","Voidmoon Gauntlets of Maiming","Voidmoon Hose of Maiming","Voidmoon Sabatons of Maiming","Voidmoon Ear Cuffs of Slaying","Voidmoon Necklace of Slaying","Voidmoon Bracelets of Slaying","Voidmoon Ring of Slaying"
51619,0,0,"Voidmoon Hood of Striking","Voidmoon Top of Striking","Voidmoon Armguards of Striking","Voidmoon Bottoms of Striking","Voidmoon Boots of Striking","Voidmoon Ear Cuffs of Slaying","Voidmoon Necklace of Slaying","Voidmoon Bracelets of Slaying","Voidmoon Ring of Slaying"
51620,0,0,"Voidmoon Hood of Aiming","Voidmoon Top of Aiming","Voidmoon Armguards of Aiming","Voidmoon Bottoms of Aiming","Voidmoon Boots of Aiming","Voidmoon Ear Cuffs of Aiming","Voidmoon Necklace of Aiming","Voidmoon Bracelets of Aiming","Voidmoon Ring of Aiming"
51621,0,0,"Voidmoon Hood of Scouting","Voidmoon Top of Scouting","Voidmoon Armguards of Scouting","Voidmoon Bottoms of Scouting","Voidmoon Boots of Scouting","Voidmoon Ear Cuffs of Aiming","Voidmoon Necklace of Aiming","Voidmoon Bracelets of Aiming","Voidmoon Ring of Aiming"
51622,0,0,"Voidmoon Circlet of Healing","Voidmoon Coat of Healing","Voidmoon Gloves of Healing","Voidmoon Hose of Healing","Voidmoon Shoes of Healing","Voidmoon Ear Cuffs of Healing","Voidmoon Necklace of Healing","Voidmoon Bracelets of Healing","Voidmoon Ring of Healing"
51623,0,0,"Voidmoon Hat of Casting","Voidmoon Coat of Casting","Voidmoon Gloves of Casting","Voidmoon Hose of Casting","Voidmoon Shoes of Casting","Voidmoon Ear Cuffs of Casting","Voidmoon Necklace of Casting","Voidmoon Bracelets of Casting","Voidmoon Ring of Casting"
51624,0,0,"Riversbreath Pelt of Fending","Riversbreath Jacket of Fending","Riversbreath Armguards of Fending","Riversbreath Bottoms of Fending","Riversbreath Boots of Fending","Riversbreath Earring of Fending","Riversbreath Necklace of Fending","Riversbreath Bracelet of Fending","Riversbreath Ring of Fending"
51625,0,0,"Riversbreath Pelt of Maiming","Riversbreath Jacket of Maiming","Riversbreath Armguards of Maiming","Riversbreath Bottoms of Maiming","Riversbreath Boots of Maiming","Riversbreath Earring of Slaying","Riversbreath Necklace of Slaying","Riversbreath Bracelet of Slaying","Riversbreath Ring of Slaying"
51626,0,0,"Riversbreath Halfmask of Striking","Riversbreath Chestpiece of Striking","Riversbreath Armguards of Striking","Riversbreath Hose of Striking","Riversbreath Greaves of Striking","Riversbreath Earring of Slaying","Riversbreath Necklace of Slaying","Riversbreath Bracelet of Slaying","Riversbreath Ring of Slaying"
51627,0,0,"Riversbreath Mask of Aiming","Riversbreath Chestpiece of Aiming","Riversbreath Fingerwraps of Aiming","Riversbreath Bottoms of Aiming","Riversbreath Boots of Aiming","Riversbreath Earring of Aiming","Riversbreath Necklace of Aiming","Riversbreath Bracelet of Aiming","Riversbreath Ring of Aiming"
51628,0,0,"Riversbreath Halfmask of Scouting","Riversbreath Chestpiece of Scouting","Riversbreath Armguards of Scouting","Riversbreath Hose of Scouting","Riversbreath Greaves of Scouting","Riversbreath Earring of Aiming","Riversbreath Necklace of Aiming","Riversbreath Bracelet of Aiming","Riversbreath Ring of Aiming"
51629,0,0,"Riversbreath Goggles of Healing","Riversbreath Chestwrap of Healing","Riversbreath Fingerwraps of Healing","Riversbreath Breeches of Healing","Riversbreath Sandals of Healing","Riversbreath Earring of Healing","Riversbreath Necklace of Healing","Riversbreath Bracelet of Healing","Riversbreath Ring of Healing"
51630,0,0,"Riversbreath Goggles of Casting","Riversbreath Chestwrap of Casting","Riversbreath Fingerwraps of Casting","Riversbreath Breeches of Casting","Riversbreath Sandals of Casting","Riversbreath Earring of Casting","Riversbreath Necklace of Casting","Riversbreath Bracelet of Casting","Riversbreath Ring of Casting"
51631,0,0,"Zormor Cap of Fending","Zormor Poncho of Fending","Zormor Chaplets of Fending","Zormor Bottoms of Fending","Zormor Gaiters of Fending","Zormor Earrings of Fending","Zormor Necklace of Fending","Zormor Bracelet of Fending","Zormor Ring of Fending"
51632,0,0,"Zormor Cap of Maiming","Zormor Poncho of Maiming","Zormor Chaplets of Maiming","Zormor Bottoms of Maiming","Zormor Gaiters of Maiming","Zormor Earrings of Slaying","Zormor Necklace of Slaying","Zormor Bracelet of Slaying","Zormor Ring of Slaying"
51633,0,0,"Zormor Cap of Striking","Zormor Poncho of Striking","Zormor Chaplets of Striking","Zormor Sarouel of Striking","Zormor Sandals of Striking","Zormor Earrings of Slaying","Zormor Necklace of Slaying","Zormor Bracelet of Slaying","Zormor Ring of Slaying"
51634,0,0,"Zormor Turban of Aiming","Zormor Poncho of Aiming","Zormor Chaplets of Aiming","Zormor Bottoms of Aiming","Zormor Gaiters of Aiming","Zormor Earrings of Aiming","Zormor Necklace of Aiming","Zormor Bracelet of Aiming","Zormor Ring of Aiming"
51635,0,0,"Zormor Cap of Scouting","Zormor Poncho of Scouting","Zormor Chaplets of Scouting","Zormor Sarouel of Scouting","Zormor Sandals of Scouting","Zormor Earrings of Aiming","Zormor Necklace of Aiming","Zormor Bracelet of Aiming","Zormor Ring of Aiming"
51636,0,0,"Zormor Turban of Healing","Zormor Poncho of Healing","Zormor Chaplets of Healing","Zormor Sarouel of Healing","Zormor Sandals of Healing","Zormor Earrings of Healing","Zormor Necklace of Healing","Zormor Bracelet of Healing","Zormor Ring of Healing"
51637,0,0,"Zormor Cap of Casting","Zormor Poncho of Casting","Zormor Chaplets of Casting","Zormor Bottoms of Casting","Zormor Gaiters of Casting","Zormor Earrings of Casting","Zormor Necklace of Casting","Zormor Bracelet of Casting","Zormor Ring of Casting"
51638,0,0,"Skydeep Helm of Fending","Skydeep Mail of Fending","Skydeep Gauntlets of Fending","Skydeep Breeches of Fending","Skydeep Boots of Fending","Skydeep Earrings of Fending","Skydeep Necklace of Fending","Skydeep Bracelets of Fending","Skydeep Ring of Fending"
51639,0,0,"Skydeep Helm of Maiming","Skydeep Mail of Maiming","Skydeep Armguards of Maiming","Skydeep Trousers of Maiming","Skydeep Thighboots of Maiming","Skydeep Earrings of Slaying","Skydeep Necklace of Slaying","Skydeep Bracelets of Slaying","Skydeep Ring of Slaying"
51640,0,0,"Skydeep Headband of Striking","Skydeep Mail of Striking","Skydeep Armguards of Striking","Skydeep Breeches of Striking","Skydeep Thighboots of Striking","Skydeep Earrings of Slaying","Skydeep Necklace of Slaying","Skydeep Bracelets of Slaying","Skydeep Ring of Slaying"
51641,0,0,"Skydeep Headband of Aiming","Skydeep Coat of Aiming","Skydeep Armguards of Aiming","Skydeep Trousers of Aiming","Skydeep Thighboots of Aiming","Skydeep Earrings of Aiming","Skydeep Necklace of Aiming","Skydeep Bracelets of Aiming","Skydeep Ring of Aiming"
51642,0,0,"Skydeep Bandana of Scouting","Skydeep Coat of Scouting","Skydeep Armguards of Scouting","Skydeep Trousers of Scouting","Skydeep Thighboots of Scouting","Skydeep Earrings of Aiming","Skydeep Necklace of Aiming","Skydeep Bracelets of Aiming","Skydeep Ring of Aiming"
51643,0,0,"Skydeep Visor of Healing","Skydeep Robe of Healing","Skydeep Armguards of Healing","Skydeep Tights of Healing","Skydeep Shoes of Healing","Skydeep Earrings of Healing","Skydeep Necklace of Healing","Skydeep Bracelets of Healing","Skydeep Ring of Healing"
51644,0,0,"Skydeep Visor of Casting","Skydeep Robe of Casting","Skydeep Armguards of Casting","Skydeep Tights of Casting","Skydeep Shoes of Casting","Skydeep Earrings of Casting","Skydeep Necklace of Casting","Skydeep Bracelets of Casting","Skydeep Ring of Casting"
51645,0,0,"Vanguard Helm of Fending","Vanguard Armor of Fending","Vanguard Gauntlets of Fending","Vanguard Brais of Fending","Vanguard Sabatons of Fending","Vanguard Earrings of Fending","Vanguard Neckband of Fending","Vanguard Bracelets of Fending","Vanguard Ring of Fending"
51646,0,0,"Vanguard Helm of Maiming","Vanguard Armor of Maiming","Vanguard Gauntlets of Maiming","Vanguard Brais of Maiming","Vanguard Sabatons of Maiming","Vanguard Earrings of Slaying","Vanguard Neckband of Slaying","Vanguard Bracelets of Slaying","Vanguard Ring of Slaying"
51647,0,0,"Vanguard Mask of Striking","Vanguard Bolero of Striking","Vanguard Gloves of Striking","Vanguard Breeches of Striking","Vanguard Shoes of Striking","Vanguard Earrings of Slaying","Vanguard Neckband of Slaying","Vanguard Bracelets of Slaying","Vanguard Ring of Slaying"
51648,0,0,"Vanguard Mask of Aiming","Vanguard Bolero of Aiming","Vanguard Gloves of Aiming","Vanguard Breeches of Aiming","Vanguard Shoes of Aiming","Vanguard Earrings of Aiming","Vanguard Neckband of Aiming","Vanguard Bracelets of Aiming","Vanguard Ring of Aiming"
51649,0,0,"Vanguard Mask of Scouting","Vanguard Bolero of Scouting","Vanguard Gloves of Scouting","Vanguard Breeches of Scouting","Vanguard Shoes of Scouting","Vanguard Earrings of Aiming","Vanguard Neckband of Aiming","Vanguard Bracelets of Aiming","Vanguard Ring of Aiming"
51650,0,0,"Vanguard Mask of Healing","Vanguard Jacket of Healing","Vanguard Halfgloves of Healing","Vanguard Halfslops of Healing","Vanguard Shoes of Healing","Vanguard Earrings of Healing","Vanguard Neckband of Healing","Vanguard Bracelets of Healing","Vanguard Ring of Healing"
51651,0,0,"Vanguard Mask of Casting","Vanguard Jacket of Casting","Vanguard Halfgloves of Casting","Vanguard Halfslops of Casting","Vanguard Shoes of Casting","Vanguard Earrings of Casting","Vanguard Neckband of Casting","Vanguard Bracelets of Casting","Vanguard Ring of Casting"
51652,0,0,"Yuweyawata Hairpin of Fending","Yuweyawata Coat of Fending","Yuweyawata Dress Gloves of Fending","Yuweyawata Bottoms of Fending","Yuweyawata Boots of Fending","Yuweyawata Earrings of Fending","Yuweyawata Necklace of Fending","Yuweyawata Amulet of Fending","Yuweyawata Ring of Fending"
51653,0,0,"Yuweyawata Cap of Maiming","Yuweyawata Coat of Maiming","Yuweyawata Gloves of Maiming","Yuweyawata Gaskins of Maiming","Yuweyawata Boots of Maiming","Yuweyawata Earrings of Slaying","Yuweyawata Necklace of Slaying","Yuweyawata Amulet of Slaying","Yuweyawata Ring of Slaying"
51654,0,0,"Yuweyawata Hairpin of Striking","Yuweyawata Jacket of Striking","Yuweyawata Dress Gloves of Striking","Yuweyawata Bottoms of Striking","Yuweyawata Boots of Striking","Yuweyawata Earrings of Slaying","Yuweyawata Necklace of Slaying","Yuweyawata Amulet of Slaying","Yuweyawata Ring of Slaying"
51655,0,0,"Yuweyawata Cap of Aiming","Yuweyawata Coat of Aiming","Yuweyawata Gloves of Aiming","Yuweyawata Gaskins of Aiming","Yuweyawata Boots of Aiming","Yuweyawata Earrings of Aiming","Yuweyawata Necklace of Aiming","Yuweyawata Amulet of Aiming","Yuweyawata Ring of Aiming"
51656,0,0,"Yuweyawata Cap of Scouting","Yuweyawata Coat of Scouting","Yuweyawata Gloves of Scouting","Yuweyawata Gaskins of Scouting","Yuweyawata Boots of Scouting","Yuweyawata Earrings of Aiming","Yuweyawata Necklace of Aiming","Yuweyawata Amulet of Aiming","Yuweyawata Ring of Aiming"
51657,0,0,"Yuweyawata Hat of Healing","Yuweyawata Robe of Healing","Yuweyawata Gloves of Healing","Yuweyawata Brais of Healing","Yuweyawata Boots of Healing","Yuweyawata Earrings of Healing","Yuweyawata Necklace of Healing","Yuweyawata Amulet of Healing","Yuweyawata Ring of Healing"
51658,0,0,"Yuweyawata Hat of Casting","Yuweyawata Robe of Casting","Yuweyawata Gloves of Casting","Yuweyawata Brais of Casting","Yuweyawata Boots of Casting","Yuweyawata Earrings of Casting","Yuweyawata Necklace of Casting","Yuweyawata Amulet of Casting","Yuweyawata Ring of Casting"
51659,0,0,"Underkeep Helm of Fending","Underkeep Surcoat of Fending","Underkeep Gauntlets of Fending","Underkeep Trousers of Fending","Underkeep Sabatons of Fending","Underkeep Earrings of Fending","Underkeep Neckband of Fending","Underkeep Wristband of Fending","Underkeep Ring of Fending"
51660,0,0,"Underkeep Helm of Maiming","Underkeep Surcoat of Maiming","Underkeep Gloves of Maiming","Underkeep Pantaloons of Maiming","Underkeep Sabatons of Maiming","Underkeep Earrings of Slaying","Underkeep Neckband of Slaying","Underkeep Wristband of Slaying","Underkeep Ring of Slaying"
51661,0,0,"Underkeep Headgear of Striking","Underkeep Coat of Striking","Underkeep Gloves of Striking","Underkeep Breeches of Striking","Underkeep Thighboots of Striking","Underkeep Earrings of Slaying","Underkeep Neckband of Slaying","Underkeep Wristband of Slaying","Underkeep Ring of Slaying"
51662,0,0,"Underkeep Helm of Aiming","Underkeep Jacket of Aiming","Underkeep Gloves of Aiming","Underkeep Breeches of Aiming","Underkeep Thighboots of Aiming","Underkeep Earrings of Aiming","Underkeep Neckband of Aiming","Underkeep Wristband of Aiming","Underkeep Ring of Aiming"
51663,0,0,"Underkeep Headgear of Scouting","Underkeep Jacket of Scouting","Underkeep Gloves of Scouting","Underkeep Pantaloons of Scouting","Underkeep Sabatons of Scouting","Underkeep Earrings of Aiming","Underkeep Neckband of Aiming","Underkeep Wristband of Aiming","Underkeep Ring of Aiming"
51664,0,0,"Underkeep Helm of Healing","Underkeep Coat of Healing","Underkeep Gloves of Healing","Underkeep Pantaloons of Healing","Underkeep Sabatons of Healing","Underkeep Earrings of Healing","Underkeep Neckband of Healing","Underkeep Wristband of Healing","Underkeep Ring of Healing"
51665,0,0,"Underkeep Helm of Casting","Underkeep Coat of Casting","Underkeep Gloves of Casting","Underkeep Pantaloons of Casting","Underkeep Sabatons of Casting","Underkeep Earrings of Casting","Underkeep Neckband of Casting","Underkeep Wristband of Casting","Underkeep Ring of Casting"
51666,0,0,"Mistic Memory Sallet of Fending","Mistic Memory Mail of Fending","Mistic Memory Vambraces of Fending","Mistic Memory Gaskins of Fending","Mistic Memory Greaves of Fending","Mistic Memory Earrings of Fending","Mistic Memory Choker of Fending","Mistic Memory Bracelet of Fending","Mistic Memory Ring of Fending"
51667,0,0,"Mistic Memory Sallet of Maiming","Mistic Memory Mail of Maiming","Mistic Memory Vambraces of Maiming","Mistic Memory Gaskins of Maiming","Mistic Memory Greaves of Maiming","Mistic Memory Earrings of Slaying","Mistic Memory Choker of Slaying","Mistic Memory Bracelet of Slaying","Mistic Memory Ring of Slaying"
51668,0,0,"Mistic Memory Eyepatch of Striking","Mistic Memory Shirt of Striking","Mistic Memory Bracers of Striking","Mistic Memory Brais of Striking","Mistic Memory Boots of Striking","Mistic Memory Earrings of Slaying","Mistic Memory Choker of Slaying","Mistic Memory Bracelet of Slaying","Mistic Memory Ring of Slaying"
51669,0,0,"Mistic Memory Hat of Aiming","Mistic Memory Top of Aiming","Mistic Memory Gloves of Aiming","Mistic Memory Sarouel of Aiming","Mistic Memory Boots of Aiming","Mistic Memory Earrings of Aiming","Mistic Memory Choker of Aiming","Mistic Memory Bracelet of Aiming","Mistic Memory Ring of Aiming"
51670,0,0,"Mistic Memory Eyepatch of Scouting","Mistic Memory Shirt of Scouting","Mistic Memory Bracers of Scouting","Mistic Memory Brais of Scouting","Mistic Memory Boots of Scouting","Mistic Memory Earrings of Aiming","Mistic Memory Choker of Aiming","Mistic Memory Bracelet of Aiming","Mistic Memory Ring of Aiming"
51671,0,0,"Mistic Memory Head Wrap of Healing","Mistic Memory Coat of Healing","Mistic Memory Armlets of Healing","Mistic Memory Bottoms of Healing","Mistic Memory Boots of Healing","Mistic Memory Earrings of Healing","Mistic Memory Choker of Healing","Mistic Memory Bracelet of Healing","Mistic Memory Ring of Healing"
51672,0,0,"Mistic Memory Head Wrap of Casting","Mistic Memory Coat of Casting","Mistic Memory Armlets of Casting","Mistic Memory Bottoms of Casting","Mistic Memory Boots of Casting","Mistic Memory Earrings of Casting","Mistic Memory Choker of Casting","Mistic Memory Bracelet of Casting","Mistic Memory Ring of Casting"
51673,0,0,"Mistwake Visor of Fending","Mistwake Chestpiece of Fending","Mistwake Gloves of Fending","Mistwake Hose of Fending","Mistwake Greaves of Fending","Mistwake Earring of Fending","Mistwake Choker of Fending","Mistwake Amulet of Fending","Mistwake Ring of Fending"
51674,0,0,"Mistwake Visor of Maiming","Mistwake Chestpiece of Maiming","Mistwake Gloves of Maiming","Mistwake Hose of Maiming","Mistwake Greaves of Maiming","Mistwake Earring of Slaying","Mistwake Choker of Slaying","Mistwake Amulet of Slaying","Mistwake Ring of Slaying"
51675,0,0,"Mistwake Hood of Striking","Mistwake Cloak of Striking","Mistwake Gloves of Striking","Mistwake Bottoms of Striking","Mistwake Boots of Striking","Mistwake Earring of Slaying","Mistwake Choker of Slaying","Mistwake Amulet of Slaying","Mistwake Ring of Slaying"
51676,0,0,"Mistwake Hood of Aiming","Mistwake Jacket of Aiming","Mistwake Gloves of Aiming","Mistwake Kecks of Aiming","Mistwake Boots of Aiming","Mistwake Earring of Aiming","Mistwake Choker of Aiming","Mistwake Amulet of Aiming","Mistwake Ring of Aiming"
51677,0,0,"Mistwake Hood of Scouting","Mistwake Cloak of Scouting","Mistwake Gloves of Scouting","Mistwake Bottoms of Scouting","Mistwake Boots of Scouting","Mistwake Earring of Aiming","Mistwake Choker of Aiming","Mistwake Amulet of Aiming","Mistwake Ring of Aiming"
51678,0,0,"Mistwake Hood of Healing","Mistwake Halfrobe of Healing","Mistwake Wristwraps of Healing","Mistwake Hose of Healing","Mistwake Boots of Healing","Mistwake Earring of Healing","Mistwake Choker of Healing","Mistwake Amulet of Healing","Mistwake Ring of Healing"
51679,0,0,"Mistwake Hood of Casting","Mistwake Halfrobe of Casting","Mistwake Wristwraps of Casting","Mistwake Hose of Casting","Mistwake Boots of Casting","Mistwake Earring of Casting","Mistwake Choker of Casting","Mistwake Amulet of Casting","Mistwake Ring of Casting"
51680,0,0,"Praemagitek Visor of Fending","Praemagitek Cuirass of Fending","Praemagitek Gauntlets of Fending","Praemagitek Brais of Fending","Praemagitek Sabatons of Fending","Praemagitek Earrings of Fending","Praemagitek Necklace of Fending","Praemagitek Bracelet of Fending","Praemagitek Ring of Fending"
51681,0,0,"Praemagitek Visor of Maiming","Praemagitek Cuirass of Maiming","Praemagitek Gauntlets of Maiming","Praemagitek Brais of Maiming","Praemagitek Sabatons of Maiming","Praemagitek Earrings of Slaying","Praemagitek Necklace of Slaying","Praemagitek Bracelet of Slaying","Praemagitek Ring of Slaying"
51682,0,0,"Praemagitek Hood of Striking","Praemagitek Top of Striking","Praemagitek Halfgloves of Striking","Praemagitek Kecks of Striking","Praemagitek Boots of Striking","Praemagitek Earrings of Slaying","Praemagitek Necklace of Slaying","Praemagitek Bracelet of Slaying","Praemagitek Ring of Slaying"
51683,0,0,"Praemagitek Hood of Aiming","Praemagitek Top of Aiming","Praemagitek Gloves of Aiming","Praemagitek Kecks of Aiming","Praemagitek Boots of Aiming","Praemagitek Earrings of Aiming","Praemagitek Necklace of Aiming","Praemagitek Bracelet of Aiming","Praemagitek Ring of Aiming"
51684,0,0,"Praemagitek Hood of Scouting","Praemagitek Top of Scouting","Praemagitek Halfgloves of Scouting","Praemagitek Kecks of Scouting","Praemagitek Boots of Scouting","Praemagitek Earrings of Aiming","Praemagitek Necklace of Aiming","Praemagitek Bracelet of Aiming","Praemagitek Ring of Aiming"
51685,0,0,"Praemagitek Hat of Healing","Praemagitek Coat of Healing","Praemagitek Claws of Healing","Praemagitek Skirt of Healing","Praemagitek Shoes of Healing","Praemagitek Earrings of Healing","Praemagitek Necklace of Healing","Praemagitek Bracelet of Healing","Praemagitek Ring of Healing"
51686,0,0,"Praemagitek Hat of Casting","Praemagitek Coat of Casting","Praemagitek Claws of Casting","Praemagitek Skirt of Casting","Praemagitek Shoes of Casting","Praemagitek Earrings of Casting","Praemagitek Necklace of Casting","Praemagitek Bracelet of Casting","Praemagitek Ring of Casting"
52586,0,0,"","","","","","","","",""
52587,0,0,"","","","","","","","",""
52588,0,0,"","","","","","","","",""
52589,0,0,"","","","","","","","",""
52590,0,0,"","","","","","","","",""
52591,0,0,"Shadowhound Helm","Shadowhound Armor","Shadowhound Gauntlets","Shadowhound Cuisses","Shadowhound Sabatons","","","",""
52592,0,0,"Black Shuck Helm","Black Shuck Armor","Black Shuck Gauntlets","Black Shuck Cuisses","Black Shuck Sabatons","","","",""
52593,0,0,"Rule-breaker's Visor","Rule-breaker's Vest","Rule-breaker's Gloves","Rule-breaker's Bottoms","Rule-breaker's Boots","","","",""
52594,0,0,"Grisly Bear Head","Grisly Bear Suit","","","","","","",""
52595,0,0,"Neo Queen's Tiara","Neo Queen's Dress","","","","","","",""
52596,0,0,"","Neo Citizen's Hooded Tunic","","Neo Citizen's Shorts","Neo Citizen's Shoes","","","",""
52597,0,0,"","Yozakura's Joi","Yozakura's Gloves","Yozakura's Kyakui","Yozakura's Zori","","","",""
52598,0,0,"Alternative Leather Ribbon","Alternative Ruffled Dress","Alternative False Nails","Alternative Bloomers","Alternative Boots","","","",""
52599,0,0,"Cosmic Explorer's Cap","Cosmic Explorer's Jacket","Cosmic Explorer's Halfgloves","Cosmic Explorer's Slops","Cosmic Explorer's Boots","","","",""
52600,0,0,"Cosmic Operator's Cap","Cosmic Operator's Coverall Top","Cosmic Operator's Gloves","","Cosmic Operator's Boots","","","",""
52601,0,0,"","","","","","","","",""
52602,0,0,"","","","","","","","",""
52603,0,0,"Cosmic Explorer's Cap","Cosmic Explorer's Jacket","Cosmic Explorer's Halfgloves","Cosmic Explorer's Tights","Cosmic Explorer's Boots","","","",""
52653,0,0,"","","","","","","","",""
52660,0,0,"","Zero's Luminary Mail","Zero's Luminary Gauntlets","Zero's Luminary Breeches","Zero's Luminary Sollerets ","","","",""
