key,0,1,2,3,4
#,MirageStoreSetItem[0],MirageStoreSetItem[1],,,
int32,MirageStoreSetItem,MirageStoreSetItem,uint32,uint32,uint32
1,"MirageStoreSetItem#0","MirageStoreSetItem#0",0,0,0
2642,"MirageStoreSetItem#45094","MirageStoreSetItem#0",0,0,0
2643,"MirageStoreSetItem#45095","MirageStoreSetItem#0",0,0,0
2650,"MirageStoreSetItem#45112","MirageStoreSetItem#0",0,0,0
2770,"MirageStoreSetItem#51330","MirageStoreSetItem#0",0,0,0
2771,"MirageStoreSetItem#51331","MirageStoreSetItem#0",0,0,0
2772,"MirageStoreSetItem#51329","MirageStoreSetItem#0",0,0,0
2920,"MirageStoreSetItem#50659","MirageStoreSetItem#0",0,0,0
2921,"MirageStoreSetItem#50660","MirageStoreSetItem#0",0,0,0
2922,"MirageStoreSetItem#50661","MirageStoreSetItem#0",0,0,0
2923,"MirageStoreSetItem#50662","MirageStoreSetItem#0",0,0,0
2924,"MirageStoreSetItem#50663","MirageStoreSetItem#0",0,0,0
2925,"MirageStoreSetItem#50664","MirageStoreSetItem#0",0,0,0
2926,"MirageStoreSetItem#50665","MirageStoreSetItem#0",0,0,0
2927,"MirageStoreSetItem#50666","MirageStoreSetItem#0",0,0,0
2928,"MirageStoreSetItem#50667","MirageStoreSetItem#0",0,0,0
2929,"MirageStoreSetItem#50668","MirageStoreSetItem#0",0,0,0
2930,"MirageStoreSetItem#50669","MirageStoreSetItem#0",0,0,0
2965,"MirageStoreSetItem#45094","MirageStoreSetItem#0",0,0,0
2966,"MirageStoreSetItem#45095","MirageStoreSetItem#0",0,0,0
2973,"MirageStoreSetItem#45102","MirageStoreSetItem#0",0,0,0
2974,"MirageStoreSetItem#45103","MirageStoreSetItem#0",0,0,0
2975,"MirageStoreSetItem#45104","MirageStoreSetItem#0",0,0,0
2976,"MirageStoreSetItem#45105","MirageStoreSetItem#0",0,0,0
2977,"MirageStoreSetItem#45106","MirageStoreSetItem#0",0,0,0
2978,"MirageStoreSetItem#45107","MirageStoreSetItem#0",0,0,0
2979,"MirageStoreSetItem#45108","MirageStoreSetItem#0",0,0,0
2980,"MirageStoreSetItem#45109","MirageStoreSetItem#0",0,0,0
2981,"MirageStoreSetItem#45110","MirageStoreSetItem#0",0,0,0
2982,"MirageStoreSetItem#45111","MirageStoreSetItem#0",0,0,0
2983,"MirageStoreSetItem#50467","MirageStoreSetItem#0",0,0,0
2984,"MirageStoreSetItem#50468","MirageStoreSetItem#0",0,0,0
2985,"MirageStoreSetItem#50469","MirageStoreSetItem#0",0,0,0
2986,"MirageStoreSetItem#50470","MirageStoreSetItem#0",0,0,0
2987,"MirageStoreSetItem#50471","MirageStoreSetItem#0",0,0,0
2988,"MirageStoreSetItem#50472","MirageStoreSetItem#0",0,0,0
2989,"MirageStoreSetItem#50473","MirageStoreSetItem#0",0,0,0
2990,"MirageStoreSetItem#50474","MirageStoreSetItem#0",0,0,0
2991,"MirageStoreSetItem#50475","MirageStoreSetItem#0",0,0,0
2992,"MirageStoreSetItem#50476","MirageStoreSetItem#0",0,0,0
2993,"MirageStoreSetItem#45112","MirageStoreSetItem#0",0,0,0
3034,"MirageStoreSetItem#51327","MirageStoreSetItem#0",0,0,0
3035,"MirageStoreSetItem#51328","MirageStoreSetItem#0",0,0,0
3122,"MirageStoreSetItem#51329","MirageStoreSetItem#0",0,0,0
3123,"MirageStoreSetItem#51330","MirageStoreSetItem#0",0,0,0
3124,"MirageStoreSetItem#51331","MirageStoreSetItem#0",0,0,0
3189,"MirageStoreSetItem#51332","MirageStoreSetItem#0",0,0,0
3190,"MirageStoreSetItem#51333","MirageStoreSetItem#0",0,0,0
3229,"MirageStoreSetItem#50659","MirageStoreSetItem#0",0,0,0
3230,"MirageStoreSetItem#50660","MirageStoreSetItem#0",0,0,0
3231,"MirageStoreSetItem#50661","MirageStoreSetItem#0",0,0,0
3232,"MirageStoreSetItem#50662","MirageStoreSetItem#0",0,0,0
3233,"MirageStoreSetItem#50663","MirageStoreSetItem#0",0,0,0
3234,"MirageStoreSetItem#50664","MirageStoreSetItem#0",0,0,0
3235,"MirageStoreSetItem#50665","MirageStoreSetItem#0",0,0,0
3236,"MirageStoreSetItem#50666","MirageStoreSetItem#0",0,0,0
3237,"MirageStoreSetItem#50667","MirageStoreSetItem#0",0,0,0
3238,"MirageStoreSetItem#50668","MirageStoreSetItem#0",0,0,0
3239,"MirageStoreSetItem#50669","MirageStoreSetItem#0",0,0,0
3286,"MirageStoreSetItem#45102","MirageStoreSetItem#0",0,0,0
3287,"MirageStoreSetItem#45103","MirageStoreSetItem#0",0,0,0
3288,"MirageStoreSetItem#45104","MirageStoreSetItem#0",0,0,0
3289,"MirageStoreSetItem#45105","MirageStoreSetItem#0",0,0,0
3290,"MirageStoreSetItem#45106","MirageStoreSetItem#0",0,0,0
3291,"MirageStoreSetItem#45107","MirageStoreSetItem#0",0,0,0
3292,"MirageStoreSetItem#45108","MirageStoreSetItem#0",0,0,0
3293,"MirageStoreSetItem#45109","MirageStoreSetItem#0",0,0,0
3294,"MirageStoreSetItem#45110","MirageStoreSetItem#0",0,0,0
3295,"MirageStoreSetItem#45111","MirageStoreSetItem#0",0,0,0
3296,"MirageStoreSetItem#50467","MirageStoreSetItem#0",0,0,0
3297,"MirageStoreSetItem#50468","MirageStoreSetItem#0",0,0,0
3298,"MirageStoreSetItem#50469","MirageStoreSetItem#0",0,0,0
3299,"MirageStoreSetItem#50470","MirageStoreSetItem#0",0,0,0
3300,"MirageStoreSetItem#50471","MirageStoreSetItem#0",0,0,0
3301,"MirageStoreSetItem#50472","MirageStoreSetItem#0",0,0,0
3302,"MirageStoreSetItem#50473","MirageStoreSetItem#0",0,0,0
3303,"MirageStoreSetItem#50474","MirageStoreSetItem#0",0,0,0
3304,"MirageStoreSetItem#50475","MirageStoreSetItem#0",0,0,0
3305,"MirageStoreSetItem#50476","MirageStoreSetItem#0",0,0,0
3329,"MirageStoreSetItem#51327","MirageStoreSetItem#0",0,0,0
3330,"MirageStoreSetItem#51328","MirageStoreSetItem#0",0,0,0
3380,"MirageStoreSetItem#51330","MirageStoreSetItem#0",0,0,0
3381,"MirageStoreSetItem#51331","MirageStoreSetItem#0",0,0,0
3382,"MirageStoreSetItem#51329","MirageStoreSetItem#0",0,0,0
3445,"MirageStoreSetItem#51332","MirageStoreSetItem#0",0,0,0
3446,"MirageStoreSetItem#51333","MirageStoreSetItem#0",0,0,0
3481,"MirageStoreSetItem#50659","MirageStoreSetItem#0",0,0,0
3482,"MirageStoreSetItem#50660","MirageStoreSetItem#0",0,0,0
3483,"MirageStoreSetItem#50661","MirageStoreSetItem#0",0,0,0
3484,"MirageStoreSetItem#50662","MirageStoreSetItem#0",0,0,0
3485,"MirageStoreSetItem#50663","MirageStoreSetItem#0",0,0,0
3486,"MirageStoreSetItem#50664","MirageStoreSetItem#0",0,0,0
3487,"MirageStoreSetItem#50665","MirageStoreSetItem#0",0,0,0
3488,"MirageStoreSetItem#50666","MirageStoreSetItem#0",0,0,0
3489,"MirageStoreSetItem#50667","MirageStoreSetItem#0",0,0,0
3490,"MirageStoreSetItem#50668","MirageStoreSetItem#0",0,0,0
3491,"MirageStoreSetItem#50669","MirageStoreSetItem#0",0,0,0
3520,"MirageStoreSetItem#50467","MirageStoreSetItem#0",0,0,0
3521,"MirageStoreSetItem#50468","MirageStoreSetItem#0",0,0,0
3522,"MirageStoreSetItem#50469","MirageStoreSetItem#0",0,0,0
3523,"MirageStoreSetItem#50470","MirageStoreSetItem#0",0,0,0
3524,"MirageStoreSetItem#50471","MirageStoreSetItem#0",0,0,0
3525,"MirageStoreSetItem#50472","MirageStoreSetItem#0",0,0,0
3526,"MirageStoreSetItem#50473","MirageStoreSetItem#0",0,0,0
3527,"MirageStoreSetItem#50474","MirageStoreSetItem#0",0,0,0
3528,"MirageStoreSetItem#50475","MirageStoreSetItem#0",0,0,0
3529,"MirageStoreSetItem#50476","MirageStoreSetItem#0",0,0,0
3554,"MirageStoreSetItem#51327","MirageStoreSetItem#0",0,0,0
3555,"MirageStoreSetItem#51328","MirageStoreSetItem#0",0,0,0
3608,"MirageStoreSetItem#51330","MirageStoreSetItem#0",0,0,0
3609,"MirageStoreSetItem#51331","MirageStoreSetItem#0",0,0,0
3610,"MirageStoreSetItem#51329","MirageStoreSetItem#0",0,0,0
3706,"MirageStoreSetItem#50659","MirageStoreSetItem#0",0,0,0
3707,"MirageStoreSetItem#50660","MirageStoreSetItem#0",0,0,0
3708,"MirageStoreSetItem#50661","MirageStoreSetItem#0",0,0,0
3709,"MirageStoreSetItem#50662","MirageStoreSetItem#0",0,0,0
3710,"MirageStoreSetItem#50663","MirageStoreSetItem#0",0,0,0
3711,"MirageStoreSetItem#50664","MirageStoreSetItem#0",0,0,0
3712,"MirageStoreSetItem#50665","MirageStoreSetItem#0",0,0,0
3713,"MirageStoreSetItem#50666","MirageStoreSetItem#0",0,0,0
3714,"MirageStoreSetItem#50667","MirageStoreSetItem#0",0,0,0
3715,"MirageStoreSetItem#50668","MirageStoreSetItem#0",0,0,0
3716,"MirageStoreSetItem#50669","MirageStoreSetItem#0",0,0,0
3747,"MirageStoreSetItem#45094","MirageStoreSetItem#0",0,0,0
3750,"MirageStoreSetItem#50467","MirageStoreSetItem#0",0,0,0
3751,"MirageStoreSetItem#50468","MirageStoreSetItem#0",0,0,0
3752,"MirageStoreSetItem#50469","MirageStoreSetItem#0",0,0,0
3753,"MirageStoreSetItem#50470","MirageStoreSetItem#0",0,0,0
3754,"MirageStoreSetItem#50471","MirageStoreSetItem#0",0,0,0
3755,"MirageStoreSetItem#50472","MirageStoreSetItem#0",0,0,0
3756,"MirageStoreSetItem#50473","MirageStoreSetItem#0",0,0,0
3757,"MirageStoreSetItem#50474","MirageStoreSetItem#0",0,0,0
3758,"MirageStoreSetItem#50475","MirageStoreSetItem#0",0,0,0
3759,"MirageStoreSetItem#50476","MirageStoreSetItem#0",0,0,0
3786,"MirageStoreSetItem#51327","MirageStoreSetItem#0",0,0,0
3787,"MirageStoreSetItem#51328","MirageStoreSetItem#0",0,0,0
3838,"MirageStoreSetItem#51330","MirageStoreSetItem#0",0,0,0
3839,"MirageStoreSetItem#51331","MirageStoreSetItem#0",0,0,0
3840,"MirageStoreSetItem#51329","MirageStoreSetItem#0",0,0,0
3927,"MirageStoreSetItem#50659","MirageStoreSetItem#0",0,0,0
3928,"MirageStoreSetItem#50660","MirageStoreSetItem#0",0,0,0
3929,"MirageStoreSetItem#50661","MirageStoreSetItem#0",0,0,0
3930,"MirageStoreSetItem#50662","MirageStoreSetItem#0",0,0,0
3931,"MirageStoreSetItem#50663","MirageStoreSetItem#0",0,0,0
3932,"MirageStoreSetItem#50664","MirageStoreSetItem#0",0,0,0
3933,"MirageStoreSetItem#50665","MirageStoreSetItem#0",0,0,0
3934,"MirageStoreSetItem#50666","MirageStoreSetItem#0",0,0,0
3935,"MirageStoreSetItem#50667","MirageStoreSetItem#0",0,0,0
3936,"MirageStoreSetItem#50668","MirageStoreSetItem#0",0,0,0
3937,"MirageStoreSetItem#50669","MirageStoreSetItem#0",0,0,0
6041,"MirageStoreSetItem#50486","MirageStoreSetItem#0",0,0,0
6042,"MirageStoreSetItem#50486","MirageStoreSetItem#0",0,0,0
6043,"MirageStoreSetItem#50486","MirageStoreSetItem#0",0,0,0
6044,"MirageStoreSetItem#50486","MirageStoreSetItem#0",0,0,0
6045,"MirageStoreSetItem#50487","MirageStoreSetItem#0",0,0,0
6046,"MirageStoreSetItem#50487","MirageStoreSetItem#0",0,0,0
6047,"MirageStoreSetItem#50487","MirageStoreSetItem#0",0,0,0
6048,"MirageStoreSetItem#50487","MirageStoreSetItem#0",0,0,0
6049,"MirageStoreSetItem#50520","MirageStoreSetItem#0",0,0,0
6050,"MirageStoreSetItem#50520","MirageStoreSetItem#0",0,0,0
6051,"MirageStoreSetItem#50520","MirageStoreSetItem#0",0,0,0
6052,"MirageStoreSetItem#50520","MirageStoreSetItem#0",0,0,0
6053,"MirageStoreSetItem#50520","MirageStoreSetItem#0",0,0,0
6054,"MirageStoreSetItem#50521","MirageStoreSetItem#0",0,0,0
6055,"MirageStoreSetItem#50521","MirageStoreSetItem#0",0,0,0
6056,"MirageStoreSetItem#50521","MirageStoreSetItem#0",0,0,0
6057,"MirageStoreSetItem#50521","MirageStoreSetItem#0",0,0,0
6058,"MirageStoreSetItem#50521","MirageStoreSetItem#0",0,0,0
6059,"MirageStoreSetItem#50522","MirageStoreSetItem#0",0,0,0
6060,"MirageStoreSetItem#50522","MirageStoreSetItem#0",0,0,0
6061,"MirageStoreSetItem#50522","MirageStoreSetItem#0",0,0,0
6062,"MirageStoreSetItem#50522","MirageStoreSetItem#0",0,0,0
6063,"MirageStoreSetItem#50522","MirageStoreSetItem#0",0,0,0
6064,"MirageStoreSetItem#50523","MirageStoreSetItem#0",0,0,0
6065,"MirageStoreSetItem#50523","MirageStoreSetItem#0",0,0,0
6066,"MirageStoreSetItem#50523","MirageStoreSetItem#0",0,0,0
6067,"MirageStoreSetItem#50523","MirageStoreSetItem#0",0,0,0
6068,"MirageStoreSetItem#50523","MirageStoreSetItem#0",0,0,0
6069,"MirageStoreSetItem#50524","MirageStoreSetItem#0",0,0,0
6070,"MirageStoreSetItem#50524","MirageStoreSetItem#0",0,0,0
6071,"MirageStoreSetItem#50524","MirageStoreSetItem#0",0,0,0
6072,"MirageStoreSetItem#50524","MirageStoreSetItem#0",0,0,0
6073,"MirageStoreSetItem#50524","MirageStoreSetItem#0",0,0,0
6074,"MirageStoreSetItem#50525","MirageStoreSetItem#0",0,0,0
6075,"MirageStoreSetItem#50525","MirageStoreSetItem#0",0,0,0
6076,"MirageStoreSetItem#50525","MirageStoreSetItem#0",0,0,0
6077,"MirageStoreSetItem#50525","MirageStoreSetItem#0",0,0,0
6078,"MirageStoreSetItem#50525","MirageStoreSetItem#0",0,0,0
6079,"MirageStoreSetItem#50526","MirageStoreSetItem#0",0,0,0
6080,"MirageStoreSetItem#50526","MirageStoreSetItem#0",0,0,0
6081,"MirageStoreSetItem#50526","MirageStoreSetItem#0",0,0,0
6082,"MirageStoreSetItem#50526","MirageStoreSetItem#0",0,0,0
6083,"MirageStoreSetItem#50526","MirageStoreSetItem#0",0,0,0
6084,"MirageStoreSetItem#50527","MirageStoreSetItem#0",0,0,0
6085,"MirageStoreSetItem#50527","MirageStoreSetItem#0",0,0,0
6086,"MirageStoreSetItem#50527","MirageStoreSetItem#0",0,0,0
6087,"MirageStoreSetItem#50527","MirageStoreSetItem#0",0,0,0
6088,"MirageStoreSetItem#50527","MirageStoreSetItem#0",0,0,0
6089,"MirageStoreSetItem#50528","MirageStoreSetItem#0",0,0,0
6090,"MirageStoreSetItem#50528","MirageStoreSetItem#0",0,0,0
6091,"MirageStoreSetItem#50528","MirageStoreSetItem#0",0,0,0
6092,"MirageStoreSetItem#50528","MirageStoreSetItem#0",0,0,0
6093,"MirageStoreSetItem#50528","MirageStoreSetItem#0",0,0,0
6094,"MirageStoreSetItem#45113","MirageStoreSetItem#0",0,0,0
6095,"MirageStoreSetItem#45113","MirageStoreSetItem#0",0,0,0
6096,"MirageStoreSetItem#45114","MirageStoreSetItem#0",0,0,0
6097,"MirageStoreSetItem#45114","MirageStoreSetItem#0",0,0,0
6098,"MirageStoreSetItem#45115","MirageStoreSetItem#0",0,0,0
6099,"MirageStoreSetItem#45115","MirageStoreSetItem#0",0,0,0
6100,"MirageStoreSetItem#45116","MirageStoreSetItem#0",0,0,0
6101,"MirageStoreSetItem#45116","MirageStoreSetItem#0",0,0,0
6102,"MirageStoreSetItem#45117","MirageStoreSetItem#0",0,0,0
6103,"MirageStoreSetItem#45117","MirageStoreSetItem#0",0,0,0
6104,"MirageStoreSetItem#45118","MirageStoreSetItem#0",0,0,0
6105,"MirageStoreSetItem#45118","MirageStoreSetItem#0",0,0,0
6223,"MirageStoreSetItem#45119","MirageStoreSetItem#0",0,0,0
6224,"MirageStoreSetItem#45119","MirageStoreSetItem#0",0,0,0
6968,"MirageStoreSetItem#45120","MirageStoreSetItem#0",0,0,0
6969,"MirageStoreSetItem#45120","MirageStoreSetItem#0",0,0,0
6970,"MirageStoreSetItem#45120","MirageStoreSetItem#0",0,0,0
6971,"MirageStoreSetItem#45121","MirageStoreSetItem#45122",0,0,0
6972,"MirageStoreSetItem#45121","MirageStoreSetItem#0",0,0,0
6973,"MirageStoreSetItem#45122","MirageStoreSetItem#0",0,0,0
6974,"MirageStoreSetItem#45121","MirageStoreSetItem#45122",0,0,0
6975,"MirageStoreSetItem#45121","MirageStoreSetItem#0",0,0,0
6976,"MirageStoreSetItem#45122","MirageStoreSetItem#0",0,0,0
6977,"MirageStoreSetItem#45121","MirageStoreSetItem#45122",0,0,0
6978,"MirageStoreSetItem#45123","MirageStoreSetItem#0",0,0,0
6979,"MirageStoreSetItem#45123","MirageStoreSetItem#0",0,0,0
6980,"MirageStoreSetItem#45123","MirageStoreSetItem#0",0,0,0
6981,"MirageStoreSetItem#45123","MirageStoreSetItem#0",0,0,0
6982,"MirageStoreSetItem#45124","MirageStoreSetItem#0",0,0,0
6983,"MirageStoreSetItem#45124","MirageStoreSetItem#0",0,0,0
7360,"MirageStoreSetItem#50633","MirageStoreSetItem#0",0,0,0
7361,"MirageStoreSetItem#50633","MirageStoreSetItem#0",0,0,0
7362,"MirageStoreSetItem#50633","MirageStoreSetItem#0",0,0,0
7363,"MirageStoreSetItem#50633","MirageStoreSetItem#0",0,0,0
7364,"MirageStoreSetItem#50633","MirageStoreSetItem#0",0,0,0
7366,"MirageStoreSetItem#50634","MirageStoreSetItem#0",0,0,0
7367,"MirageStoreSetItem#50634","MirageStoreSetItem#0",0,0,0
7368,"MirageStoreSetItem#50634","MirageStoreSetItem#0",0,0,0
7369,"MirageStoreSetItem#50634","MirageStoreSetItem#0",0,0,0
7370,"MirageStoreSetItem#50634","MirageStoreSetItem#0",0,0,0
7372,"MirageStoreSetItem#50635","MirageStoreSetItem#0",0,0,0
7373,"MirageStoreSetItem#50635","MirageStoreSetItem#0",0,0,0
7374,"MirageStoreSetItem#50635","MirageStoreSetItem#0",0,0,0
7375,"MirageStoreSetItem#50635","MirageStoreSetItem#0",0,0,0
7376,"MirageStoreSetItem#50635","MirageStoreSetItem#0",0,0,0
7378,"MirageStoreSetItem#50636","MirageStoreSetItem#0",0,0,0
7379,"MirageStoreSetItem#50636","MirageStoreSetItem#0",0,0,0
7380,"MirageStoreSetItem#50636","MirageStoreSetItem#0",0,0,0
7381,"MirageStoreSetItem#50636","MirageStoreSetItem#0",0,0,0
7382,"MirageStoreSetItem#50636","MirageStoreSetItem#0",0,0,0
7384,"MirageStoreSetItem#50637","MirageStoreSetItem#0",0,0,0
7385,"MirageStoreSetItem#50637","MirageStoreSetItem#0",0,0,0
7386,"MirageStoreSetItem#50637","MirageStoreSetItem#0",0,0,0
7387,"MirageStoreSetItem#50637","MirageStoreSetItem#0",0,0,0
7388,"MirageStoreSetItem#50637","MirageStoreSetItem#0",0,0,0
7390,"MirageStoreSetItem#50638","MirageStoreSetItem#0",0,0,0
7391,"MirageStoreSetItem#50638","MirageStoreSetItem#0",0,0,0
7392,"MirageStoreSetItem#50638","MirageStoreSetItem#0",0,0,0
7393,"MirageStoreSetItem#50638","MirageStoreSetItem#0",0,0,0
7394,"MirageStoreSetItem#50638","MirageStoreSetItem#0",0,0,0
7396,"MirageStoreSetItem#50639","MirageStoreSetItem#0",0,0,0
7397,"MirageStoreSetItem#50639","MirageStoreSetItem#0",0,0,0
7398,"MirageStoreSetItem#50639","MirageStoreSetItem#0",0,0,0
7399,"MirageStoreSetItem#50639","MirageStoreSetItem#0",0,0,0
7400,"MirageStoreSetItem#50639","MirageStoreSetItem#0",0,0,0
7402,"MirageStoreSetItem#50640","MirageStoreSetItem#0",0,0,0
7403,"MirageStoreSetItem#50640","MirageStoreSetItem#0",0,0,0
7404,"MirageStoreSetItem#50640","MirageStoreSetItem#0",0,0,0
7405,"MirageStoreSetItem#50640","MirageStoreSetItem#0",0,0,0
7406,"MirageStoreSetItem#50640","MirageStoreSetItem#0",0,0,0
7408,"MirageStoreSetItem#50641","MirageStoreSetItem#0",0,0,0
7409,"MirageStoreSetItem#50641","MirageStoreSetItem#0",0,0,0
7410,"MirageStoreSetItem#50641","MirageStoreSetItem#0",0,0,0
7411,"MirageStoreSetItem#50641","MirageStoreSetItem#0",0,0,0
7412,"MirageStoreSetItem#50641","MirageStoreSetItem#0",0,0,0
7535,"MirageStoreSetItem#45125","MirageStoreSetItem#0",0,0,0
7537,"MirageStoreSetItem#45125","MirageStoreSetItem#0",0,0,0
7538,"MirageStoreSetItem#45125","MirageStoreSetItem#0",0,0,0
7539,"MirageStoreSetItem#45126","MirageStoreSetItem#0",0,0,0
7540,"MirageStoreSetItem#45126","MirageStoreSetItem#0",0,0,0
7541,"MirageStoreSetItem#45126","MirageStoreSetItem#0",0,0,0
7542,"MirageStoreSetItem#45126","MirageStoreSetItem#0",0,0,0
7546,"MirageStoreSetItem#45127","MirageStoreSetItem#0",0,0,0
7547,"MirageStoreSetItem#45127","MirageStoreSetItem#0",0,0,0
7548,"MirageStoreSetItem#45128","MirageStoreSetItem#0",0,0,0
7549,"MirageStoreSetItem#45128","MirageStoreSetItem#0",0,0,0
7953,"MirageStoreSetItem#50529","MirageStoreSetItem#0",0,0,0
7954,"MirageStoreSetItem#50529","MirageStoreSetItem#0",0,0,0
7955,"MirageStoreSetItem#50529","MirageStoreSetItem#0",0,0,0
7956,"MirageStoreSetItem#50529","MirageStoreSetItem#0",0,0,0
7957,"MirageStoreSetItem#50529","MirageStoreSetItem#0",0,0,0
8111,"MirageStoreSetItem#45129","MirageStoreSetItem#0",0,0,0
8116,"MirageStoreSetItem#45129","MirageStoreSetItem#0",0,0,0
8119,"MirageStoreSetItem#45129","MirageStoreSetItem#0",0,0,0
8391,"MirageStoreSetItem#50510","MirageStoreSetItem#0",0,0,0
8392,"MirageStoreSetItem#50510","MirageStoreSetItem#0",0,0,0
8393,"MirageStoreSetItem#50510","MirageStoreSetItem#0",0,0,0
8394,"MirageStoreSetItem#50510","MirageStoreSetItem#0",0,0,0
8395,"MirageStoreSetItem#50510","MirageStoreSetItem#0",0,0,0
8396,"MirageStoreSetItem#50511","MirageStoreSetItem#0",0,0,0
8397,"MirageStoreSetItem#50511","MirageStoreSetItem#0",0,0,0
8398,"MirageStoreSetItem#50511","MirageStoreSetItem#0",0,0,0
8399,"MirageStoreSetItem#50511","MirageStoreSetItem#0",0,0,0
8400,"MirageStoreSetItem#50511","MirageStoreSetItem#0",0,0,0
8401,"MirageStoreSetItem#50512","MirageStoreSetItem#0",0,0,0
8402,"MirageStoreSetItem#50512","MirageStoreSetItem#0",0,0,0
8403,"MirageStoreSetItem#50512","MirageStoreSetItem#0",0,0,0
8404,"MirageStoreSetItem#50512","MirageStoreSetItem#0",0,0,0
8405,"MirageStoreSetItem#50512","MirageStoreSetItem#0",0,0,0
8406,"MirageStoreSetItem#50513","MirageStoreSetItem#0",0,0,0
8407,"MirageStoreSetItem#50513","MirageStoreSetItem#0",0,0,0
8408,"MirageStoreSetItem#50513","MirageStoreSetItem#0",0,0,0
8409,"MirageStoreSetItem#50513","MirageStoreSetItem#0",0,0,0
8410,"MirageStoreSetItem#50513","MirageStoreSetItem#0",0,0,0
8411,"MirageStoreSetItem#50514","MirageStoreSetItem#0",0,0,0
8412,"MirageStoreSetItem#50514","MirageStoreSetItem#0",0,0,0
8413,"MirageStoreSetItem#50514","MirageStoreSetItem#0",0,0,0
8414,"MirageStoreSetItem#50514","MirageStoreSetItem#0",0,0,0
8415,"MirageStoreSetItem#50514","MirageStoreSetItem#0",0,0,0
8416,"MirageStoreSetItem#50515","MirageStoreSetItem#0",0,0,0
8417,"MirageStoreSetItem#50515","MirageStoreSetItem#0",0,0,0
8418,"MirageStoreSetItem#50515","MirageStoreSetItem#0",0,0,0
8419,"MirageStoreSetItem#50515","MirageStoreSetItem#0",0,0,0
8420,"MirageStoreSetItem#50515","MirageStoreSetItem#0",0,0,0
8421,"MirageStoreSetItem#50516","MirageStoreSetItem#0",0,0,0
8422,"MirageStoreSetItem#50516","MirageStoreSetItem#0",0,0,0
8423,"MirageStoreSetItem#50516","MirageStoreSetItem#0",0,0,0
8424,"MirageStoreSetItem#50516","MirageStoreSetItem#0",0,0,0
8425,"MirageStoreSetItem#50516","MirageStoreSetItem#0",0,0,0
8426,"MirageStoreSetItem#50517","MirageStoreSetItem#0",0,0,0
8427,"MirageStoreSetItem#50517","MirageStoreSetItem#0",0,0,0
8428,"MirageStoreSetItem#50517","MirageStoreSetItem#0",0,0,0
8429,"MirageStoreSetItem#50517","MirageStoreSetItem#0",0,0,0
8430,"MirageStoreSetItem#50517","MirageStoreSetItem#0",0,0,0
8431,"MirageStoreSetItem#50518","MirageStoreSetItem#0",0,0,0
8432,"MirageStoreSetItem#50518","MirageStoreSetItem#0",0,0,0
8433,"MirageStoreSetItem#50518","MirageStoreSetItem#0",0,0,0
8434,"MirageStoreSetItem#50518","MirageStoreSetItem#0",0,0,0
8435,"MirageStoreSetItem#50518","MirageStoreSetItem#0",0,0,0
8542,"MirageStoreSetItem#45130","MirageStoreSetItem#0",0,0,0
8543,"MirageStoreSetItem#45130","MirageStoreSetItem#0",0,0,0
8544,"MirageStoreSetItem#45131","MirageStoreSetItem#0",0,0,0
8545,"MirageStoreSetItem#45131","MirageStoreSetItem#0",0,0,0
8546,"MirageStoreSetItem#45132","MirageStoreSetItem#45590",0,0,0
8547,"MirageStoreSetItem#45132","MirageStoreSetItem#0",0,0,0
8548,"MirageStoreSetItem#45590","MirageStoreSetItem#0",0,0,0
8549,"MirageStoreSetItem#45133","MirageStoreSetItem#0",0,0,0
8550,"MirageStoreSetItem#45133","MirageStoreSetItem#0",0,0,0
8551,"MirageStoreSetItem#45134","MirageStoreSetItem#0",0,0,0
8552,"MirageStoreSetItem#45134","MirageStoreSetItem#0",0,0,0
8553,"MirageStoreSetItem#45135","MirageStoreSetItem#45136",0,0,0
8554,"MirageStoreSetItem#45135","MirageStoreSetItem#0",0,0,0
8555,"MirageStoreSetItem#45136","MirageStoreSetItem#0",0,0,0
8557,"MirageStoreSetItem#45137","MirageStoreSetItem#0",0,0,0
8558,"MirageStoreSetItem#45138","MirageStoreSetItem#0",0,0,0
8559,"MirageStoreSetItem#45137","MirageStoreSetItem#45138",0,0,0
8560,"MirageStoreSetItem#45137","MirageStoreSetItem#45138",0,0,0
8561,"MirageStoreSetItem#45137","MirageStoreSetItem#45138",0,0,0
8669,"MirageStoreSetItem#45139","MirageStoreSetItem#0",0,0,0
8670,"MirageStoreSetItem#45140","MirageStoreSetItem#0",0,0,0
8671,"MirageStoreSetItem#45141","MirageStoreSetItem#0",0,0,0
8672,"MirageStoreSetItem#45139","MirageStoreSetItem#0",0,0,0
8673,"MirageStoreSetItem#45140","MirageStoreSetItem#0",0,0,0
8674,"MirageStoreSetItem#45141","MirageStoreSetItem#0",0,0,0
8675,"MirageStoreSetItem#45139","MirageStoreSetItem#0",0,0,0
8676,"MirageStoreSetItem#45140","MirageStoreSetItem#0",0,0,0
8677,"MirageStoreSetItem#45141","MirageStoreSetItem#0",0,0,0
8678,"MirageStoreSetItem#45139","MirageStoreSetItem#0",0,0,0
8679,"MirageStoreSetItem#45140","MirageStoreSetItem#0",0,0,0
8680,"MirageStoreSetItem#45141","MirageStoreSetItem#0",0,0,0
8681,"MirageStoreSetItem#45142","MirageStoreSetItem#0",0,0,0
8682,"MirageStoreSetItem#45143","MirageStoreSetItem#0",0,0,0
8683,"MirageStoreSetItem#45144","MirageStoreSetItem#0",0,0,0
8684,"MirageStoreSetItem#45142","MirageStoreSetItem#0",0,0,0
8685,"MirageStoreSetItem#45143","MirageStoreSetItem#0",0,0,0
8686,"MirageStoreSetItem#45144","MirageStoreSetItem#0",0,0,0
8687,"MirageStoreSetItem#45142","MirageStoreSetItem#0",0,0,0
8688,"MirageStoreSetItem#45143","MirageStoreSetItem#0",0,0,0
8689,"MirageStoreSetItem#45144","MirageStoreSetItem#0",0,0,0
8690,"MirageStoreSetItem#45142","MirageStoreSetItem#0",0,0,0
8691,"MirageStoreSetItem#45143","MirageStoreSetItem#0",0,0,0
8692,"MirageStoreSetItem#45144","MirageStoreSetItem#0",0,0,0
8706,"MirageStoreSetItem#45145","MirageStoreSetItem#0",0,0,0
8707,"MirageStoreSetItem#45145","MirageStoreSetItem#0",0,0,0
8708,"MirageStoreSetItem#45145","MirageStoreSetItem#0",0,0,0
8709,"MirageStoreSetItem#45145","MirageStoreSetItem#0",0,0,0
8710,"MirageStoreSetItem#45145","MirageStoreSetItem#0",0,0,0
8711,"MirageStoreSetItem#45146","MirageStoreSetItem#0",0,0,0
8712,"MirageStoreSetItem#45146","MirageStoreSetItem#0",0,0,0
8713,"MirageStoreSetItem#45146","MirageStoreSetItem#0",0,0,0
8714,"MirageStoreSetItem#45146","MirageStoreSetItem#0",0,0,0
9093,"MirageStoreSetItem#50646","MirageStoreSetItem#0",0,0,0
9094,"MirageStoreSetItem#50646","MirageStoreSetItem#0",0,0,0
9095,"MirageStoreSetItem#50646","MirageStoreSetItem#0",0,0,0
9096,"MirageStoreSetItem#50646","MirageStoreSetItem#0",0,0,0
9097,"MirageStoreSetItem#50646","MirageStoreSetItem#0",0,0,0
9099,"MirageStoreSetItem#50647","MirageStoreSetItem#0",0,0,0
9100,"MirageStoreSetItem#50647","MirageStoreSetItem#0",0,0,0
9101,"MirageStoreSetItem#50647","MirageStoreSetItem#0",0,0,0
9102,"MirageStoreSetItem#50647","MirageStoreSetItem#0",0,0,0
9103,"MirageStoreSetItem#50647","MirageStoreSetItem#0",0,0,0
9105,"MirageStoreSetItem#50648","MirageStoreSetItem#0",0,0,0
9106,"MirageStoreSetItem#50648","MirageStoreSetItem#0",0,0,0
9107,"MirageStoreSetItem#50648","MirageStoreSetItem#0",0,0,0
9108,"MirageStoreSetItem#50648","MirageStoreSetItem#0",0,0,0
9109,"MirageStoreSetItem#50648","MirageStoreSetItem#0",0,0,0
9111,"MirageStoreSetItem#50649","MirageStoreSetItem#0",0,0,0
9112,"MirageStoreSetItem#50649","MirageStoreSetItem#0",0,0,0
9113,"MirageStoreSetItem#50649","MirageStoreSetItem#0",0,0,0
9114,"MirageStoreSetItem#50649","MirageStoreSetItem#0",0,0,0
9115,"MirageStoreSetItem#50649","MirageStoreSetItem#0",0,0,0
9117,"MirageStoreSetItem#50650","MirageStoreSetItem#0",0,0,0
9118,"MirageStoreSetItem#50650","MirageStoreSetItem#0",0,0,0
9119,"MirageStoreSetItem#50650","MirageStoreSetItem#0",0,0,0
9120,"MirageStoreSetItem#50650","MirageStoreSetItem#0",0,0,0
9121,"MirageStoreSetItem#50650","MirageStoreSetItem#0",0,0,0
9123,"MirageStoreSetItem#50651","MirageStoreSetItem#0",0,0,0
9124,"MirageStoreSetItem#50651","MirageStoreSetItem#0",0,0,0
9125,"MirageStoreSetItem#50651","MirageStoreSetItem#0",0,0,0
9126,"MirageStoreSetItem#50651","MirageStoreSetItem#0",0,0,0
9127,"MirageStoreSetItem#50651","MirageStoreSetItem#0",0,0,0
9129,"MirageStoreSetItem#50652","MirageStoreSetItem#0",0,0,0
9130,"MirageStoreSetItem#50652","MirageStoreSetItem#0",0,0,0
9131,"MirageStoreSetItem#50652","MirageStoreSetItem#0",0,0,0
9132,"MirageStoreSetItem#50652","MirageStoreSetItem#0",0,0,0
9133,"MirageStoreSetItem#50652","MirageStoreSetItem#0",0,0,0
9135,"MirageStoreSetItem#50653","MirageStoreSetItem#0",0,0,0
9136,"MirageStoreSetItem#50653","MirageStoreSetItem#0",0,0,0
9137,"MirageStoreSetItem#50653","MirageStoreSetItem#0",0,0,0
9138,"MirageStoreSetItem#50653","MirageStoreSetItem#0",0,0,0
9139,"MirageStoreSetItem#50653","MirageStoreSetItem#0",0,0,0
9141,"MirageStoreSetItem#50654","MirageStoreSetItem#0",0,0,0
9142,"MirageStoreSetItem#50654","MirageStoreSetItem#0",0,0,0
9143,"MirageStoreSetItem#50654","MirageStoreSetItem#0",0,0,0
9144,"MirageStoreSetItem#50654","MirageStoreSetItem#0",0,0,0
9145,"MirageStoreSetItem#50654","MirageStoreSetItem#0",0,0,0
9147,"MirageStoreSetItem#50655","MirageStoreSetItem#0",0,0,0
9148,"MirageStoreSetItem#50655","MirageStoreSetItem#0",0,0,0
9149,"MirageStoreSetItem#50655","MirageStoreSetItem#0",0,0,0
9150,"MirageStoreSetItem#50655","MirageStoreSetItem#0",0,0,0
9151,"MirageStoreSetItem#50655","MirageStoreSetItem#0",0,0,0
9257,"MirageStoreSetItem#50519","MirageStoreSetItem#0",0,0,0
9258,"MirageStoreSetItem#50519","MirageStoreSetItem#0",0,0,0
9259,"MirageStoreSetItem#50519","MirageStoreSetItem#0",0,0,0
9260,"MirageStoreSetItem#50519","MirageStoreSetItem#0",0,0,0
9261,"MirageStoreSetItem#50519","MirageStoreSetItem#0",0,0,0
9262,"MirageStoreSetItem#50642","MirageStoreSetItem#0",0,0,0
9263,"MirageStoreSetItem#50642","MirageStoreSetItem#0",0,0,0
9264,"MirageStoreSetItem#50642","MirageStoreSetItem#0",0,0,0
9265,"MirageStoreSetItem#50642","MirageStoreSetItem#0",0,0,0
9266,"MirageStoreSetItem#50642","MirageStoreSetItem#0",0,0,0
9272,"MirageStoreSetItem#45147","MirageStoreSetItem#0",0,0,0
9273,"MirageStoreSetItem#45147","MirageStoreSetItem#0",0,0,0
9274,"MirageStoreSetItem#45147","MirageStoreSetItem#0",0,0,0
9275,"MirageStoreSetItem#45147","MirageStoreSetItem#0",0,0,0
9283,"MirageStoreSetItem#45148","MirageStoreSetItem#0",0,0,0
9284,"MirageStoreSetItem#45148","MirageStoreSetItem#0",0,0,0
9285,"MirageStoreSetItem#45148","MirageStoreSetItem#0",0,0,0
9286,"MirageStoreSetItem#45149","MirageStoreSetItem#0",0,0,0
9287,"MirageStoreSetItem#45149","MirageStoreSetItem#0",0,0,0
9288,"MirageStoreSetItem#45149","MirageStoreSetItem#0",0,0,0
9292,"MirageStoreSetItem#45156","MirageStoreSetItem#0",0,0,0
9293,"MirageStoreSetItem#45156","MirageStoreSetItem#0",0,0,0
9294,"MirageStoreSetItem#45156","MirageStoreSetItem#0",0,0,0
9295,"MirageStoreSetItem#45156","MirageStoreSetItem#0",0,0,0
9645,"MirageStoreSetItem#50477","MirageStoreSetItem#0",0,0,0
9646,"MirageStoreSetItem#50477","MirageStoreSetItem#0",0,0,0
9647,"MirageStoreSetItem#50477","MirageStoreSetItem#0",0,0,0
9648,"MirageStoreSetItem#50477","MirageStoreSetItem#0",0,0,0
9649,"MirageStoreSetItem#50478","MirageStoreSetItem#0",0,0,0
9650,"MirageStoreSetItem#50478","MirageStoreSetItem#0",0,0,0
9651,"MirageStoreSetItem#50478","MirageStoreSetItem#0",0,0,0
9652,"MirageStoreSetItem#50478","MirageStoreSetItem#0",0,0,0
10005,"MirageStoreSetItem#45150","MirageStoreSetItem#0",0,0,0
10006,"MirageStoreSetItem#45150","MirageStoreSetItem#0",0,0,0
10007,"MirageStoreSetItem#45150","MirageStoreSetItem#0",0,0,0
10008,"MirageStoreSetItem#45150","MirageStoreSetItem#0",0,0,0
10009,"MirageStoreSetItem#45151","MirageStoreSetItem#0",0,0,0
10010,"MirageStoreSetItem#45151","MirageStoreSetItem#0",0,0,0
10011,"MirageStoreSetItem#45151","MirageStoreSetItem#0",0,0,0
10012,"MirageStoreSetItem#45151","MirageStoreSetItem#0",0,0,0
10013,"MirageStoreSetItem#45151","MirageStoreSetItem#0",0,0,0
10014,"MirageStoreSetItem#45152","MirageStoreSetItem#0",0,0,0
10015,"MirageStoreSetItem#45152","MirageStoreSetItem#0",0,0,0
10017,"MirageStoreSetItem#45153","MirageStoreSetItem#0",0,0,0
10018,"MirageStoreSetItem#45153","MirageStoreSetItem#0",0,0,0
10019,"MirageStoreSetItem#45154","MirageStoreSetItem#0",0,0,0
10020,"MirageStoreSetItem#45154","MirageStoreSetItem#0",0,0,0
10021,"MirageStoreSetItem#45155","MirageStoreSetItem#0",0,0,0
10022,"MirageStoreSetItem#45155","MirageStoreSetItem#0",0,0,0
10023,"MirageStoreSetItem#45155","MirageStoreSetItem#0",0,0,0
10032,"MirageStoreSetItem#45156","MirageStoreSetItem#0",0,0,0
10033,"MirageStoreSetItem#45156","MirageStoreSetItem#0",0,0,0
10034,"MirageStoreSetItem#45156","MirageStoreSetItem#0",0,0,0
10035,"MirageStoreSetItem#45156","MirageStoreSetItem#0",0,0,0
10036,"MirageStoreSetItem#45156","MirageStoreSetItem#0",0,0,0
10042,"MirageStoreSetItem#45157","MirageStoreSetItem#0",0,0,0
10043,"MirageStoreSetItem#45157","MirageStoreSetItem#0",0,0,0
10044,"MirageStoreSetItem#45157","MirageStoreSetItem#0",0,0,0
10045,"MirageStoreSetItem#45157","MirageStoreSetItem#0",0,0,0
10143,"MirageStoreSetItem#45158","MirageStoreSetItem#0",0,0,0
10144,"MirageStoreSetItem#45158","MirageStoreSetItem#0",0,0,0
10316,"MirageStoreSetItem#45159","MirageStoreSetItem#0",0,0,0
10317,"MirageStoreSetItem#45160","MirageStoreSetItem#0",0,0,0
10318,"MirageStoreSetItem#45159","MirageStoreSetItem#45161",0,0,0
10319,"MirageStoreSetItem#45160","MirageStoreSetItem#45162",0,0,0
10320,"MirageStoreSetItem#45161","MirageStoreSetItem#0",0,0,0
10321,"MirageStoreSetItem#45162","MirageStoreSetItem#0",0,0,0
10387,"MirageStoreSetItem#45163","MirageStoreSetItem#0",0,0,0
10388,"MirageStoreSetItem#45163","MirageStoreSetItem#0",0,0,0
10389,"MirageStoreSetItem#45163","MirageStoreSetItem#0",0,0,0
10390,"MirageStoreSetItem#45163","MirageStoreSetItem#0",0,0,0
10391,"MirageStoreSetItem#45163","MirageStoreSetItem#0",0,0,0
10392,"MirageStoreSetItem#45164","MirageStoreSetItem#0",0,0,0
10393,"MirageStoreSetItem#45164","MirageStoreSetItem#0",0,0,0
10394,"MirageStoreSetItem#45164","MirageStoreSetItem#0",0,0,0
10395,"MirageStoreSetItem#45164","MirageStoreSetItem#0",0,0,0
10396,"MirageStoreSetItem#45164","MirageStoreSetItem#0",0,0,0
10397,"MirageStoreSetItem#45165","MirageStoreSetItem#0",0,0,0
10398,"MirageStoreSetItem#45165","MirageStoreSetItem#0",0,0,0
11098,"MirageStoreSetItem#51334","MirageStoreSetItem#0",0,0,0
11099,"MirageStoreSetItem#51335","MirageStoreSetItem#0",0,0,0
11100,"MirageStoreSetItem#51336","MirageStoreSetItem#0",0,0,0
11101,"MirageStoreSetItem#51337","MirageStoreSetItem#0",0,0,0
11102,"MirageStoreSetItem#51338","MirageStoreSetItem#0",0,0,0
11103,"MirageStoreSetItem#51339","MirageStoreSetItem#0",0,0,0
11104,"MirageStoreSetItem#51340","MirageStoreSetItem#0",0,0,0
11105,"MirageStoreSetItem#51334","MirageStoreSetItem#0",0,0,0
11106,"MirageStoreSetItem#51335","MirageStoreSetItem#0",0,0,0
11107,"MirageStoreSetItem#51336","MirageStoreSetItem#0",0,0,0
11108,"MirageStoreSetItem#51337","MirageStoreSetItem#0",0,0,0
11109,"MirageStoreSetItem#51338","MirageStoreSetItem#0",0,0,0
11110,"MirageStoreSetItem#51339","MirageStoreSetItem#0",0,0,0
11111,"MirageStoreSetItem#51340","MirageStoreSetItem#0",0,0,0
11112,"MirageStoreSetItem#51334","MirageStoreSetItem#0",0,0,0
11113,"MirageStoreSetItem#51335","MirageStoreSetItem#0",0,0,0
11114,"MirageStoreSetItem#51336","MirageStoreSetItem#0",0,0,0
11115,"MirageStoreSetItem#51337","MirageStoreSetItem#0",0,0,0
11116,"MirageStoreSetItem#51338","MirageStoreSetItem#0",0,0,0
11117,"MirageStoreSetItem#51339","MirageStoreSetItem#0",0,0,0
11118,"MirageStoreSetItem#51340","MirageStoreSetItem#0",0,0,0
11126,"MirageStoreSetItem#51334","MirageStoreSetItem#0",0,0,0
11127,"MirageStoreSetItem#51335","MirageStoreSetItem#0",0,0,0
11128,"MirageStoreSetItem#51336","MirageStoreSetItem#0",0,0,0
11129,"MirageStoreSetItem#51337","MirageStoreSetItem#0",0,0,0
11130,"MirageStoreSetItem#51338","MirageStoreSetItem#0",0,0,0
11131,"MirageStoreSetItem#51339","MirageStoreSetItem#0",0,0,0
11132,"MirageStoreSetItem#51340","MirageStoreSetItem#0",0,0,0
11133,"MirageStoreSetItem#51334","MirageStoreSetItem#0",0,0,0
11134,"MirageStoreSetItem#51335","MirageStoreSetItem#0",0,0,0
11135,"MirageStoreSetItem#51336","MirageStoreSetItem#0",0,0,0
11136,"MirageStoreSetItem#51337","MirageStoreSetItem#0",0,0,0
11137,"MirageStoreSetItem#51338","MirageStoreSetItem#0",0,0,0
11138,"MirageStoreSetItem#51339","MirageStoreSetItem#0",0,0,0
11139,"MirageStoreSetItem#51340","MirageStoreSetItem#0",0,0,0
11154,"MirageStoreSetItem#51341","MirageStoreSetItem#0",0,0,0
11155,"MirageStoreSetItem#51342","MirageStoreSetItem#0",0,0,0
11156,"MirageStoreSetItem#51343","MirageStoreSetItem#0",0,0,0
11157,"MirageStoreSetItem#51344","MirageStoreSetItem#0",0,0,0
11158,"MirageStoreSetItem#51345","MirageStoreSetItem#0",0,0,0
11159,"MirageStoreSetItem#51346","MirageStoreSetItem#0",0,0,0
11160,"MirageStoreSetItem#51347","MirageStoreSetItem#0",0,0,0
11161,"MirageStoreSetItem#51341","MirageStoreSetItem#0",0,0,0
11162,"MirageStoreSetItem#51342","MirageStoreSetItem#0",0,0,0
11163,"MirageStoreSetItem#51343","MirageStoreSetItem#0",0,0,0
11164,"MirageStoreSetItem#51344","MirageStoreSetItem#0",0,0,0
11165,"MirageStoreSetItem#51345","MirageStoreSetItem#0",0,0,0
11166,"MirageStoreSetItem#51346","MirageStoreSetItem#0",0,0,0
11167,"MirageStoreSetItem#51347","MirageStoreSetItem#0",0,0,0
11168,"MirageStoreSetItem#51341","MirageStoreSetItem#0",0,0,0
11169,"MirageStoreSetItem#51342","MirageStoreSetItem#0",0,0,0
11170,"MirageStoreSetItem#51343","MirageStoreSetItem#0",0,0,0
11171,"MirageStoreSetItem#51344","MirageStoreSetItem#0",0,0,0
11172,"MirageStoreSetItem#51345","MirageStoreSetItem#0",0,0,0
11173,"MirageStoreSetItem#51346","MirageStoreSetItem#0",0,0,0
11174,"MirageStoreSetItem#51347","MirageStoreSetItem#0",0,0,0
11182,"MirageStoreSetItem#51341","MirageStoreSetItem#0",0,0,0
11183,"MirageStoreSetItem#51342","MirageStoreSetItem#0",0,0,0
11184,"MirageStoreSetItem#51343","MirageStoreSetItem#0",0,0,0
11185,"MirageStoreSetItem#51344","MirageStoreSetItem#0",0,0,0
11186,"MirageStoreSetItem#51345","MirageStoreSetItem#0",0,0,0
11187,"MirageStoreSetItem#51346","MirageStoreSetItem#0",0,0,0
11188,"MirageStoreSetItem#51347","MirageStoreSetItem#0",0,0,0
11189,"MirageStoreSetItem#51341","MirageStoreSetItem#0",0,0,0
11190,"MirageStoreSetItem#51342","MirageStoreSetItem#0",0,0,0
11191,"MirageStoreSetItem#51343","MirageStoreSetItem#0",0,0,0
11192,"MirageStoreSetItem#51344","MirageStoreSetItem#0",0,0,0
11193,"MirageStoreSetItem#51345","MirageStoreSetItem#0",0,0,0
11194,"MirageStoreSetItem#51346","MirageStoreSetItem#0",0,0,0
11195,"MirageStoreSetItem#51347","MirageStoreSetItem#0",0,0,0
11210,"MirageStoreSetItem#51348","MirageStoreSetItem#0",0,0,0
11211,"MirageStoreSetItem#51349","MirageStoreSetItem#0",0,0,0
11212,"MirageStoreSetItem#51350","MirageStoreSetItem#0",0,0,0
11213,"MirageStoreSetItem#51351","MirageStoreSetItem#0",0,0,0
11214,"MirageStoreSetItem#51352","MirageStoreSetItem#0",0,0,0
11215,"MirageStoreSetItem#51353","MirageStoreSetItem#0",0,0,0
11216,"MirageStoreSetItem#51354","MirageStoreSetItem#0",0,0,0
11217,"MirageStoreSetItem#51348","MirageStoreSetItem#0",0,0,0
11218,"MirageStoreSetItem#51349","MirageStoreSetItem#0",0,0,0
11219,"MirageStoreSetItem#51350","MirageStoreSetItem#0",0,0,0
11220,"MirageStoreSetItem#51351","MirageStoreSetItem#0",0,0,0
11221,"MirageStoreSetItem#51352","MirageStoreSetItem#0",0,0,0
11222,"MirageStoreSetItem#51353","MirageStoreSetItem#0",0,0,0
11223,"MirageStoreSetItem#51354","MirageStoreSetItem#0",0,0,0
11224,"MirageStoreSetItem#51348","MirageStoreSetItem#0",0,0,0
11225,"MirageStoreSetItem#51349","MirageStoreSetItem#0",0,0,0
11226,"MirageStoreSetItem#51350","MirageStoreSetItem#0",0,0,0
11227,"MirageStoreSetItem#51351","MirageStoreSetItem#0",0,0,0
11228,"MirageStoreSetItem#51352","MirageStoreSetItem#0",0,0,0
11229,"MirageStoreSetItem#51353","MirageStoreSetItem#0",0,0,0
11230,"MirageStoreSetItem#51354","MirageStoreSetItem#0",0,0,0
11238,"MirageStoreSetItem#51348","MirageStoreSetItem#0",0,0,0
11239,"MirageStoreSetItem#51349","MirageStoreSetItem#0",0,0,0
11240,"MirageStoreSetItem#51350","MirageStoreSetItem#0",0,0,0
11241,"MirageStoreSetItem#51351","MirageStoreSetItem#0",0,0,0
11242,"MirageStoreSetItem#51352","MirageStoreSetItem#0",0,0,0
11243,"MirageStoreSetItem#51353","MirageStoreSetItem#0",0,0,0
11244,"MirageStoreSetItem#51354","MirageStoreSetItem#0",0,0,0
11245,"MirageStoreSetItem#51348","MirageStoreSetItem#0",0,0,0
11246,"MirageStoreSetItem#51349","MirageStoreSetItem#0",0,0,0
11247,"MirageStoreSetItem#51350","MirageStoreSetItem#0",0,0,0
11248,"MirageStoreSetItem#51351","MirageStoreSetItem#0",0,0,0
11249,"MirageStoreSetItem#51352","MirageStoreSetItem#0",0,0,0
11250,"MirageStoreSetItem#51353","MirageStoreSetItem#0",0,0,0
11251,"MirageStoreSetItem#51354","MirageStoreSetItem#0",0,0,0
11266,"MirageStoreSetItem#51355","MirageStoreSetItem#0",0,0,0
11267,"MirageStoreSetItem#51356","MirageStoreSetItem#0",0,0,0
11268,"MirageStoreSetItem#51357","MirageStoreSetItem#0",0,0,0
11269,"MirageStoreSetItem#51358","MirageStoreSetItem#0",0,0,0
11270,"MirageStoreSetItem#51359","MirageStoreSetItem#0",0,0,0
11271,"MirageStoreSetItem#51360","MirageStoreSetItem#0",0,0,0
11272,"MirageStoreSetItem#51361","MirageStoreSetItem#0",0,0,0
11273,"MirageStoreSetItem#51355","MirageStoreSetItem#0",0,0,0
11274,"MirageStoreSetItem#51356","MirageStoreSetItem#0",0,0,0
11275,"MirageStoreSetItem#51357","MirageStoreSetItem#0",0,0,0
11276,"MirageStoreSetItem#51358","MirageStoreSetItem#0",0,0,0
11277,"MirageStoreSetItem#51359","MirageStoreSetItem#0",0,0,0
11278,"MirageStoreSetItem#51360","MirageStoreSetItem#0",0,0,0
11279,"MirageStoreSetItem#51361","MirageStoreSetItem#0",0,0,0
11280,"MirageStoreSetItem#51355","MirageStoreSetItem#0",0,0,0
11281,"MirageStoreSetItem#51356","MirageStoreSetItem#0",0,0,0
11282,"MirageStoreSetItem#51357","MirageStoreSetItem#0",0,0,0
11283,"MirageStoreSetItem#51358","MirageStoreSetItem#0",0,0,0
11284,"MirageStoreSetItem#51359","MirageStoreSetItem#0",0,0,0
11285,"MirageStoreSetItem#51360","MirageStoreSetItem#0",0,0,0
11286,"MirageStoreSetItem#51361","MirageStoreSetItem#0",0,0,0
11294,"MirageStoreSetItem#51355","MirageStoreSetItem#0",0,0,0
11295,"MirageStoreSetItem#51356","MirageStoreSetItem#0",0,0,0
11296,"MirageStoreSetItem#51357","MirageStoreSetItem#0",0,0,0
11297,"MirageStoreSetItem#51358","MirageStoreSetItem#0",0,0,0
11298,"MirageStoreSetItem#51359","MirageStoreSetItem#0",0,0,0
11299,"MirageStoreSetItem#51360","MirageStoreSetItem#0",0,0,0
11300,"MirageStoreSetItem#51361","MirageStoreSetItem#0",0,0,0
11301,"MirageStoreSetItem#51355","MirageStoreSetItem#0",0,0,0
11302,"MirageStoreSetItem#51356","MirageStoreSetItem#0",0,0,0
11303,"MirageStoreSetItem#51357","MirageStoreSetItem#0",0,0,0
11304,"MirageStoreSetItem#51358","MirageStoreSetItem#0",0,0,0
11305,"MirageStoreSetItem#51359","MirageStoreSetItem#0",0,0,0
11306,"MirageStoreSetItem#51360","MirageStoreSetItem#0",0,0,0
11307,"MirageStoreSetItem#51361","MirageStoreSetItem#0",0,0,0
11322,"MirageStoreSetItem#51362","MirageStoreSetItem#0",0,0,0
11323,"MirageStoreSetItem#51363","MirageStoreSetItem#0",0,0,0
11324,"MirageStoreSetItem#51364","MirageStoreSetItem#0",0,0,0
11325,"MirageStoreSetItem#51365","MirageStoreSetItem#0",0,0,0
11326,"MirageStoreSetItem#51366","MirageStoreSetItem#0",0,0,0
11327,"MirageStoreSetItem#51367","MirageStoreSetItem#0",0,0,0
11328,"MirageStoreSetItem#51368","MirageStoreSetItem#0",0,0,0
11329,"MirageStoreSetItem#51362","MirageStoreSetItem#0",0,0,0
11330,"MirageStoreSetItem#51363","MirageStoreSetItem#0",0,0,0
11331,"MirageStoreSetItem#51364","MirageStoreSetItem#0",0,0,0
11332,"MirageStoreSetItem#51365","MirageStoreSetItem#0",0,0,0
11333,"MirageStoreSetItem#51366","MirageStoreSetItem#0",0,0,0
11334,"MirageStoreSetItem#51367","MirageStoreSetItem#0",0,0,0
11335,"MirageStoreSetItem#51368","MirageStoreSetItem#0",0,0,0
11336,"MirageStoreSetItem#51362","MirageStoreSetItem#0",0,0,0
11337,"MirageStoreSetItem#51363","MirageStoreSetItem#0",0,0,0
11338,"MirageStoreSetItem#51364","MirageStoreSetItem#0",0,0,0
11339,"MirageStoreSetItem#51365","MirageStoreSetItem#0",0,0,0
11340,"MirageStoreSetItem#51366","MirageStoreSetItem#0",0,0,0
11341,"MirageStoreSetItem#51367","MirageStoreSetItem#0",0,0,0
11342,"MirageStoreSetItem#51368","MirageStoreSetItem#0",0,0,0
11350,"MirageStoreSetItem#51362","MirageStoreSetItem#0",0,0,0
11351,"MirageStoreSetItem#51363","MirageStoreSetItem#0",0,0,0
11352,"MirageStoreSetItem#51364","MirageStoreSetItem#0",0,0,0
11353,"MirageStoreSetItem#51365","MirageStoreSetItem#0",0,0,0
11354,"MirageStoreSetItem#51366","MirageStoreSetItem#0",0,0,0
11355,"MirageStoreSetItem#51367","MirageStoreSetItem#0",0,0,0
11356,"MirageStoreSetItem#51368","MirageStoreSetItem#0",0,0,0
11357,"MirageStoreSetItem#51362","MirageStoreSetItem#0",0,0,0
11358,"MirageStoreSetItem#51363","MirageStoreSetItem#0",0,0,0
11359,"MirageStoreSetItem#51364","MirageStoreSetItem#0",0,0,0
11360,"MirageStoreSetItem#51365","MirageStoreSetItem#0",0,0,0
11361,"MirageStoreSetItem#51366","MirageStoreSetItem#0",0,0,0
11362,"MirageStoreSetItem#51367","MirageStoreSetItem#0",0,0,0
11363,"MirageStoreSetItem#51368","MirageStoreSetItem#0",0,0,0
11378,"MirageStoreSetItem#51369","MirageStoreSetItem#0",0,0,0
11379,"MirageStoreSetItem#51370","MirageStoreSetItem#0",0,0,0
11380,"MirageStoreSetItem#51371","MirageStoreSetItem#0",0,0,0
11381,"MirageStoreSetItem#51372","MirageStoreSetItem#0",0,0,0
11382,"MirageStoreSetItem#51373","MirageStoreSetItem#0",0,0,0
11383,"MirageStoreSetItem#51374","MirageStoreSetItem#0",0,0,0
11384,"MirageStoreSetItem#51375","MirageStoreSetItem#0",0,0,0
11385,"MirageStoreSetItem#51369","MirageStoreSetItem#0",0,0,0
11386,"MirageStoreSetItem#51370","MirageStoreSetItem#0",0,0,0
11387,"MirageStoreSetItem#51371","MirageStoreSetItem#0",0,0,0
11388,"MirageStoreSetItem#51372","MirageStoreSetItem#0",0,0,0
11389,"MirageStoreSetItem#51373","MirageStoreSetItem#0",0,0,0
11390,"MirageStoreSetItem#51374","MirageStoreSetItem#0",0,0,0
11391,"MirageStoreSetItem#51375","MirageStoreSetItem#0",0,0,0
11392,"MirageStoreSetItem#51369","MirageStoreSetItem#0",0,0,0
11393,"MirageStoreSetItem#51370","MirageStoreSetItem#0",0,0,0
11394,"MirageStoreSetItem#51371","MirageStoreSetItem#0",0,0,0
11395,"MirageStoreSetItem#51372","MirageStoreSetItem#0",0,0,0
11396,"MirageStoreSetItem#51373","MirageStoreSetItem#0",0,0,0
11397,"MirageStoreSetItem#51374","MirageStoreSetItem#0",0,0,0
11398,"MirageStoreSetItem#51375","MirageStoreSetItem#0",0,0,0
11406,"MirageStoreSetItem#51369","MirageStoreSetItem#0",0,0,0
11407,"MirageStoreSetItem#51370","MirageStoreSetItem#0",0,0,0
11408,"MirageStoreSetItem#51371","MirageStoreSetItem#0",0,0,0
11409,"MirageStoreSetItem#51372","MirageStoreSetItem#0",0,0,0
11410,"MirageStoreSetItem#51373","MirageStoreSetItem#0",0,0,0
11411,"MirageStoreSetItem#51374","MirageStoreSetItem#0",0,0,0
11412,"MirageStoreSetItem#51375","MirageStoreSetItem#0",0,0,0
11413,"MirageStoreSetItem#51369","MirageStoreSetItem#0",0,0,0
11414,"MirageStoreSetItem#51370","MirageStoreSetItem#0",0,0,0
11415,"MirageStoreSetItem#51371","MirageStoreSetItem#0",0,0,0
11416,"MirageStoreSetItem#51372","MirageStoreSetItem#0",0,0,0
11417,"MirageStoreSetItem#51373","MirageStoreSetItem#0",0,0,0
11418,"MirageStoreSetItem#51374","MirageStoreSetItem#0",0,0,0
11419,"MirageStoreSetItem#51375","MirageStoreSetItem#0",0,0,0
11779,"MirageStoreSetItem#50530","MirageStoreSetItem#0",0,0,0
11780,"MirageStoreSetItem#50530","MirageStoreSetItem#0",0,0,0
11781,"MirageStoreSetItem#50530","MirageStoreSetItem#0",0,0,0
11782,"MirageStoreSetItem#50530","MirageStoreSetItem#0",0,0,0
11783,"MirageStoreSetItem#50530","MirageStoreSetItem#0",0,0,0
11784,"MirageStoreSetItem#50531","MirageStoreSetItem#0",0,0,0
11785,"MirageStoreSetItem#50531","MirageStoreSetItem#0",0,0,0
11786,"MirageStoreSetItem#50531","MirageStoreSetItem#0",0,0,0
11787,"MirageStoreSetItem#50531","MirageStoreSetItem#0",0,0,0
11788,"MirageStoreSetItem#50531","MirageStoreSetItem#0",0,0,0
11789,"MirageStoreSetItem#50532","MirageStoreSetItem#0",0,0,0
11790,"MirageStoreSetItem#50532","MirageStoreSetItem#0",0,0,0
11791,"MirageStoreSetItem#50532","MirageStoreSetItem#0",0,0,0
11792,"MirageStoreSetItem#50532","MirageStoreSetItem#0",0,0,0
11793,"MirageStoreSetItem#50532","MirageStoreSetItem#0",0,0,0
11794,"MirageStoreSetItem#50533","MirageStoreSetItem#0",0,0,0
11795,"MirageStoreSetItem#50533","MirageStoreSetItem#0",0,0,0
11796,"MirageStoreSetItem#50533","MirageStoreSetItem#0",0,0,0
11797,"MirageStoreSetItem#50533","MirageStoreSetItem#0",0,0,0
11798,"MirageStoreSetItem#50533","MirageStoreSetItem#0",0,0,0
11799,"MirageStoreSetItem#50534","MirageStoreSetItem#0",0,0,0
11800,"MirageStoreSetItem#50534","MirageStoreSetItem#0",0,0,0
11801,"MirageStoreSetItem#50534","MirageStoreSetItem#0",0,0,0
11802,"MirageStoreSetItem#50534","MirageStoreSetItem#0",0,0,0
11803,"MirageStoreSetItem#50534","MirageStoreSetItem#0",0,0,0
11804,"MirageStoreSetItem#50539","MirageStoreSetItem#0",0,0,0
11805,"MirageStoreSetItem#50539","MirageStoreSetItem#0",0,0,0
11806,"MirageStoreSetItem#50539","MirageStoreSetItem#0",0,0,0
11807,"MirageStoreSetItem#50539","MirageStoreSetItem#0",0,0,0
11808,"MirageStoreSetItem#50539","MirageStoreSetItem#0",0,0,0
11809,"MirageStoreSetItem#50540","MirageStoreSetItem#0",0,0,0
11810,"MirageStoreSetItem#50540","MirageStoreSetItem#0",0,0,0
11811,"MirageStoreSetItem#50540","MirageStoreSetItem#0",0,0,0
11812,"MirageStoreSetItem#50540","MirageStoreSetItem#0",0,0,0
11813,"MirageStoreSetItem#50540","MirageStoreSetItem#0",0,0,0
11814,"MirageStoreSetItem#50541","MirageStoreSetItem#0",0,0,0
11815,"MirageStoreSetItem#50541","MirageStoreSetItem#0",0,0,0
11816,"MirageStoreSetItem#50541","MirageStoreSetItem#0",0,0,0
11817,"MirageStoreSetItem#50541","MirageStoreSetItem#0",0,0,0
11818,"MirageStoreSetItem#50541","MirageStoreSetItem#0",0,0,0
11819,"MirageStoreSetItem#50535","MirageStoreSetItem#0",0,0,0
11820,"MirageStoreSetItem#50535","MirageStoreSetItem#0",0,0,0
11821,"MirageStoreSetItem#50535","MirageStoreSetItem#0",0,0,0
11822,"MirageStoreSetItem#50535","MirageStoreSetItem#0",0,0,0
11823,"MirageStoreSetItem#50535","MirageStoreSetItem#0",0,0,0
11824,"MirageStoreSetItem#50536","MirageStoreSetItem#0",0,0,0
11825,"MirageStoreSetItem#50536","MirageStoreSetItem#0",0,0,0
11826,"MirageStoreSetItem#50536","MirageStoreSetItem#0",0,0,0
11827,"MirageStoreSetItem#50536","MirageStoreSetItem#0",0,0,0
11828,"MirageStoreSetItem#50536","MirageStoreSetItem#0",0,0,0
11829,"MirageStoreSetItem#50537","MirageStoreSetItem#0",0,0,0
11830,"MirageStoreSetItem#50537","MirageStoreSetItem#0",0,0,0
11831,"MirageStoreSetItem#50537","MirageStoreSetItem#0",0,0,0
11832,"MirageStoreSetItem#50537","MirageStoreSetItem#0",0,0,0
11833,"MirageStoreSetItem#50537","MirageStoreSetItem#0",0,0,0
11834,"MirageStoreSetItem#50538","MirageStoreSetItem#0",0,0,0
11835,"MirageStoreSetItem#50538","MirageStoreSetItem#0",0,0,0
11836,"MirageStoreSetItem#50538","MirageStoreSetItem#0",0,0,0
11837,"MirageStoreSetItem#50538","MirageStoreSetItem#0",0,0,0
11838,"MirageStoreSetItem#50538","MirageStoreSetItem#0",0,0,0
11839,"MirageStoreSetItem#50542","MirageStoreSetItem#0",0,0,0
11840,"MirageStoreSetItem#50542","MirageStoreSetItem#0",0,0,0
11841,"MirageStoreSetItem#50542","MirageStoreSetItem#0",0,0,0
11842,"MirageStoreSetItem#50542","MirageStoreSetItem#0",0,0,0
11843,"MirageStoreSetItem#50542","MirageStoreSetItem#0",0,0,0
12035,"MirageStoreSetItem#45166","MirageStoreSetItem#0",0,0,0
12036,"MirageStoreSetItem#45166","MirageStoreSetItem#0",0,0,0
12037,"MirageStoreSetItem#45166","MirageStoreSetItem#0",0,0,0
12038,"MirageStoreSetItem#45166","MirageStoreSetItem#0",0,0,0
12039,"MirageStoreSetItem#45166","MirageStoreSetItem#0",0,0,0
12356,"MirageStoreSetItem#51334","MirageStoreSetItem#0",0,0,0
12357,"MirageStoreSetItem#51334","MirageStoreSetItem#0",0,0,0
12358,"MirageStoreSetItem#51334","MirageStoreSetItem#0",0,0,0
12359,"MirageStoreSetItem#51334","MirageStoreSetItem#0",0,0,0
12360,"MirageStoreSetItem#51335","MirageStoreSetItem#51336",0,0,0
12361,"MirageStoreSetItem#51335","MirageStoreSetItem#51336",0,0,0
12362,"MirageStoreSetItem#51335","MirageStoreSetItem#51336",0,0,0
12363,"MirageStoreSetItem#51335","MirageStoreSetItem#51336",0,0,0
12364,"MirageStoreSetItem#51337","MirageStoreSetItem#51338",0,0,0
12365,"MirageStoreSetItem#51337","MirageStoreSetItem#51338",0,0,0
12366,"MirageStoreSetItem#51337","MirageStoreSetItem#51338",0,0,0
12367,"MirageStoreSetItem#51337","MirageStoreSetItem#51338",0,0,0
12368,"MirageStoreSetItem#51339","MirageStoreSetItem#0",0,0,0
12369,"MirageStoreSetItem#51339","MirageStoreSetItem#0",0,0,0
12370,"MirageStoreSetItem#51339","MirageStoreSetItem#0",0,0,0
12371,"MirageStoreSetItem#51339","MirageStoreSetItem#0",0,0,0
12372,"MirageStoreSetItem#51340","MirageStoreSetItem#0",0,0,0
12373,"MirageStoreSetItem#51340","MirageStoreSetItem#0",0,0,0
12374,"MirageStoreSetItem#51340","MirageStoreSetItem#0",0,0,0
12375,"MirageStoreSetItem#51340","MirageStoreSetItem#0",0,0,0
12376,"MirageStoreSetItem#51341","MirageStoreSetItem#0",0,0,0
12377,"MirageStoreSetItem#51341","MirageStoreSetItem#0",0,0,0
12378,"MirageStoreSetItem#51341","MirageStoreSetItem#0",0,0,0
12379,"MirageStoreSetItem#51341","MirageStoreSetItem#0",0,0,0
12380,"MirageStoreSetItem#51342","MirageStoreSetItem#51343",0,0,0
12381,"MirageStoreSetItem#51342","MirageStoreSetItem#51343",0,0,0
12382,"MirageStoreSetItem#51342","MirageStoreSetItem#51343",0,0,0
12383,"MirageStoreSetItem#51342","MirageStoreSetItem#51343",0,0,0
12384,"MirageStoreSetItem#51344","MirageStoreSetItem#51345",0,0,0
12385,"MirageStoreSetItem#51344","MirageStoreSetItem#51345",0,0,0
12386,"MirageStoreSetItem#51344","MirageStoreSetItem#51345",0,0,0
12387,"MirageStoreSetItem#51344","MirageStoreSetItem#51345",0,0,0
12388,"MirageStoreSetItem#51346","MirageStoreSetItem#0",0,0,0
12389,"MirageStoreSetItem#51346","MirageStoreSetItem#0",0,0,0
12390,"MirageStoreSetItem#51346","MirageStoreSetItem#0",0,0,0
12391,"MirageStoreSetItem#51346","MirageStoreSetItem#0",0,0,0
12392,"MirageStoreSetItem#51347","MirageStoreSetItem#0",0,0,0
12393,"MirageStoreSetItem#51347","MirageStoreSetItem#0",0,0,0
12394,"MirageStoreSetItem#51347","MirageStoreSetItem#0",0,0,0
12395,"MirageStoreSetItem#51347","MirageStoreSetItem#0",0,0,0
12396,"MirageStoreSetItem#51348","MirageStoreSetItem#0",0,0,0
12397,"MirageStoreSetItem#51348","MirageStoreSetItem#0",0,0,0
12398,"MirageStoreSetItem#51348","MirageStoreSetItem#0",0,0,0
12399,"MirageStoreSetItem#51348","MirageStoreSetItem#0",0,0,0
12400,"MirageStoreSetItem#51349","MirageStoreSetItem#51350",0,0,0
12401,"MirageStoreSetItem#51349","MirageStoreSetItem#51350",0,0,0
12402,"MirageStoreSetItem#51349","MirageStoreSetItem#51350",0,0,0
12403,"MirageStoreSetItem#51349","MirageStoreSetItem#51350",0,0,0
12404,"MirageStoreSetItem#51351","MirageStoreSetItem#51352",0,0,0
12405,"MirageStoreSetItem#51351","MirageStoreSetItem#51352",0,0,0
12406,"MirageStoreSetItem#51351","MirageStoreSetItem#51352",0,0,0
12407,"MirageStoreSetItem#51351","MirageStoreSetItem#51352",0,0,0
12408,"MirageStoreSetItem#51353","MirageStoreSetItem#0",0,0,0
12409,"MirageStoreSetItem#51353","MirageStoreSetItem#0",0,0,0
12410,"MirageStoreSetItem#51353","MirageStoreSetItem#0",0,0,0
12411,"MirageStoreSetItem#51353","MirageStoreSetItem#0",0,0,0
12412,"MirageStoreSetItem#51354","MirageStoreSetItem#0",0,0,0
12413,"MirageStoreSetItem#51354","MirageStoreSetItem#0",0,0,0
12414,"MirageStoreSetItem#51354","MirageStoreSetItem#0",0,0,0
12415,"MirageStoreSetItem#51354","MirageStoreSetItem#0",0,0,0
12416,"MirageStoreSetItem#51355","MirageStoreSetItem#0",0,0,0
12417,"MirageStoreSetItem#51355","MirageStoreSetItem#0",0,0,0
12418,"MirageStoreSetItem#51355","MirageStoreSetItem#0",0,0,0
12419,"MirageStoreSetItem#51355","MirageStoreSetItem#0",0,0,0
12420,"MirageStoreSetItem#51356","MirageStoreSetItem#51357",0,0,0
12421,"MirageStoreSetItem#51356","MirageStoreSetItem#51357",0,0,0
12422,"MirageStoreSetItem#51356","MirageStoreSetItem#51357",0,0,0
12423,"MirageStoreSetItem#51356","MirageStoreSetItem#51357",0,0,0
12424,"MirageStoreSetItem#51358","MirageStoreSetItem#51359",0,0,0
12425,"MirageStoreSetItem#51358","MirageStoreSetItem#51359",0,0,0
12426,"MirageStoreSetItem#51358","MirageStoreSetItem#51359",0,0,0
12427,"MirageStoreSetItem#51358","MirageStoreSetItem#51359",0,0,0
12428,"MirageStoreSetItem#51360","MirageStoreSetItem#0",0,0,0
12429,"MirageStoreSetItem#51360","MirageStoreSetItem#0",0,0,0
12430,"MirageStoreSetItem#51360","MirageStoreSetItem#0",0,0,0
12431,"MirageStoreSetItem#51360","MirageStoreSetItem#0",0,0,0
12432,"MirageStoreSetItem#51361","MirageStoreSetItem#0",0,0,0
12433,"MirageStoreSetItem#51361","MirageStoreSetItem#0",0,0,0
12434,"MirageStoreSetItem#51361","MirageStoreSetItem#0",0,0,0
12435,"MirageStoreSetItem#51361","MirageStoreSetItem#0",0,0,0
12436,"MirageStoreSetItem#51362","MirageStoreSetItem#0",0,0,0
12437,"MirageStoreSetItem#51362","MirageStoreSetItem#0",0,0,0
12438,"MirageStoreSetItem#51362","MirageStoreSetItem#0",0,0,0
12439,"MirageStoreSetItem#51362","MirageStoreSetItem#0",0,0,0
12440,"MirageStoreSetItem#51363","MirageStoreSetItem#51364",0,0,0
12441,"MirageStoreSetItem#51363","MirageStoreSetItem#51364",0,0,0
12442,"MirageStoreSetItem#51363","MirageStoreSetItem#51364",0,0,0
12443,"MirageStoreSetItem#51363","MirageStoreSetItem#51364",0,0,0
12444,"MirageStoreSetItem#51365","MirageStoreSetItem#51366",0,0,0
12445,"MirageStoreSetItem#51365","MirageStoreSetItem#51366",0,0,0
12446,"MirageStoreSetItem#51365","MirageStoreSetItem#51366",0,0,0
12447,"MirageStoreSetItem#51365","MirageStoreSetItem#51366",0,0,0
12448,"MirageStoreSetItem#51367","MirageStoreSetItem#0",0,0,0
12449,"MirageStoreSetItem#51367","MirageStoreSetItem#0",0,0,0
12450,"MirageStoreSetItem#51367","MirageStoreSetItem#0",0,0,0
12451,"MirageStoreSetItem#51367","MirageStoreSetItem#0",0,0,0
12452,"MirageStoreSetItem#51368","MirageStoreSetItem#0",0,0,0
12453,"MirageStoreSetItem#51368","MirageStoreSetItem#0",0,0,0
12454,"MirageStoreSetItem#51368","MirageStoreSetItem#0",0,0,0
12455,"MirageStoreSetItem#51368","MirageStoreSetItem#0",0,0,0
12456,"MirageStoreSetItem#51369","MirageStoreSetItem#0",0,0,0
12457,"MirageStoreSetItem#51369","MirageStoreSetItem#0",0,0,0
12458,"MirageStoreSetItem#51369","MirageStoreSetItem#0",0,0,0
12459,"MirageStoreSetItem#51369","MirageStoreSetItem#0",0,0,0
12460,"MirageStoreSetItem#51370","MirageStoreSetItem#51371",0,0,0
12461,"MirageStoreSetItem#51370","MirageStoreSetItem#51371",0,0,0
12462,"MirageStoreSetItem#51370","MirageStoreSetItem#51371",0,0,0
12463,"MirageStoreSetItem#51370","MirageStoreSetItem#51371",0,0,0
12464,"MirageStoreSetItem#51372","MirageStoreSetItem#51373",0,0,0
12465,"MirageStoreSetItem#51372","MirageStoreSetItem#51373",0,0,0
12466,"MirageStoreSetItem#51372","MirageStoreSetItem#51373",0,0,0
12467,"MirageStoreSetItem#51372","MirageStoreSetItem#51373",0,0,0
12468,"MirageStoreSetItem#51374","MirageStoreSetItem#0",0,0,0
12469,"MirageStoreSetItem#51374","MirageStoreSetItem#0",0,0,0
12470,"MirageStoreSetItem#51374","MirageStoreSetItem#0",0,0,0
12471,"MirageStoreSetItem#51374","MirageStoreSetItem#0",0,0,0
12472,"MirageStoreSetItem#51375","MirageStoreSetItem#0",0,0,0
12473,"MirageStoreSetItem#51375","MirageStoreSetItem#0",0,0,0
12474,"MirageStoreSetItem#51375","MirageStoreSetItem#0",0,0,0
12475,"MirageStoreSetItem#51375","MirageStoreSetItem#0",0,0,0
12476,"MirageStoreSetItem#50643","MirageStoreSetItem#0",0,0,0
12477,"MirageStoreSetItem#50643","MirageStoreSetItem#0",0,0,0
12478,"MirageStoreSetItem#50643","MirageStoreSetItem#0",0,0,0
12479,"MirageStoreSetItem#50643","MirageStoreSetItem#0",0,0,0
12480,"MirageStoreSetItem#50643","MirageStoreSetItem#0",0,0,0
12482,"MirageStoreSetItem#50656","MirageStoreSetItem#0",0,0,0
12483,"MirageStoreSetItem#50656","MirageStoreSetItem#0",0,0,0
12484,"MirageStoreSetItem#50656","MirageStoreSetItem#0",0,0,0
12485,"MirageStoreSetItem#50656","MirageStoreSetItem#0",0,0,0
12486,"MirageStoreSetItem#50656","MirageStoreSetItem#0",0,0,0
12488,"MirageStoreSetItem#50644","MirageStoreSetItem#0",0,0,0
12489,"MirageStoreSetItem#50644","MirageStoreSetItem#0",0,0,0
12490,"MirageStoreSetItem#50644","MirageStoreSetItem#0",0,0,0
12491,"MirageStoreSetItem#50644","MirageStoreSetItem#0",0,0,0
12492,"MirageStoreSetItem#50644","MirageStoreSetItem#0",0,0,0
12494,"MirageStoreSetItem#50657","MirageStoreSetItem#0",0,0,0
12495,"MirageStoreSetItem#50657","MirageStoreSetItem#0",0,0,0
12496,"MirageStoreSetItem#50657","MirageStoreSetItem#0",0,0,0
12497,"MirageStoreSetItem#50657","MirageStoreSetItem#0",0,0,0
12498,"MirageStoreSetItem#50657","MirageStoreSetItem#0",0,0,0
12500,"MirageStoreSetItem#50645","MirageStoreSetItem#0",0,0,0
12501,"MirageStoreSetItem#50645","MirageStoreSetItem#0",0,0,0
12502,"MirageStoreSetItem#50645","MirageStoreSetItem#0",0,0,0
12503,"MirageStoreSetItem#50645","MirageStoreSetItem#0",0,0,0
12504,"MirageStoreSetItem#50645","MirageStoreSetItem#0",0,0,0
12506,"MirageStoreSetItem#50658","MirageStoreSetItem#0",0,0,0
12507,"MirageStoreSetItem#50658","MirageStoreSetItem#0",0,0,0
12508,"MirageStoreSetItem#50658","MirageStoreSetItem#0",0,0,0
12509,"MirageStoreSetItem#50658","MirageStoreSetItem#0",0,0,0
12510,"MirageStoreSetItem#50658","MirageStoreSetItem#0",0,0,0
12513,"MirageStoreSetItem#50488","MirageStoreSetItem#0",0,0,0
12514,"MirageStoreSetItem#50488","MirageStoreSetItem#0",0,0,0
12515,"MirageStoreSetItem#50488","MirageStoreSetItem#0",0,0,0
12516,"MirageStoreSetItem#50488","MirageStoreSetItem#0",0,0,0
12517,"MirageStoreSetItem#50488","MirageStoreSetItem#0",0,0,0
13099,"MirageStoreSetItem#45167","MirageStoreSetItem#0",0,0,0
13100,"MirageStoreSetItem#45167","MirageStoreSetItem#0",0,0,0
13101,"MirageStoreSetItem#45167","MirageStoreSetItem#0",0,0,0
13102,"MirageStoreSetItem#45167","MirageStoreSetItem#0",0,0,0
13161,"MirageStoreSetItem#51376","MirageStoreSetItem#0",0,0,0
13162,"MirageStoreSetItem#51376","MirageStoreSetItem#0",0,0,0
13163,"MirageStoreSetItem#51376","MirageStoreSetItem#0",0,0,0
13164,"MirageStoreSetItem#51376","MirageStoreSetItem#0",0,0,0
13165,"MirageStoreSetItem#51376","MirageStoreSetItem#0",0,0,0
13167,"MirageStoreSetItem#51377","MirageStoreSetItem#0",0,0,0
13168,"MirageStoreSetItem#51377","MirageStoreSetItem#0",0,0,0
13169,"MirageStoreSetItem#51377","MirageStoreSetItem#0",0,0,0
13170,"MirageStoreSetItem#51377","MirageStoreSetItem#0",0,0,0
13171,"MirageStoreSetItem#51377","MirageStoreSetItem#0",0,0,0
13173,"MirageStoreSetItem#51378","MirageStoreSetItem#0",0,0,0
13174,"MirageStoreSetItem#51378","MirageStoreSetItem#0",0,0,0
13175,"MirageStoreSetItem#51378","MirageStoreSetItem#0",0,0,0
13176,"MirageStoreSetItem#51378","MirageStoreSetItem#0",0,0,0
13177,"MirageStoreSetItem#51378","MirageStoreSetItem#0",0,0,0
13179,"MirageStoreSetItem#51379","MirageStoreSetItem#0",0,0,0
13180,"MirageStoreSetItem#51379","MirageStoreSetItem#0",0,0,0
13181,"MirageStoreSetItem#51379","MirageStoreSetItem#0",0,0,0
13182,"MirageStoreSetItem#51379","MirageStoreSetItem#0",0,0,0
13183,"MirageStoreSetItem#51379","MirageStoreSetItem#0",0,0,0
13185,"MirageStoreSetItem#51380","MirageStoreSetItem#0",0,0,0
13186,"MirageStoreSetItem#51380","MirageStoreSetItem#0",0,0,0
13187,"MirageStoreSetItem#51380","MirageStoreSetItem#0",0,0,0
13188,"MirageStoreSetItem#51380","MirageStoreSetItem#0",0,0,0
13189,"MirageStoreSetItem#51380","MirageStoreSetItem#0",0,0,0
13191,"MirageStoreSetItem#51381","MirageStoreSetItem#0",0,0,0
13192,"MirageStoreSetItem#51381","MirageStoreSetItem#0",0,0,0
13193,"MirageStoreSetItem#51381","MirageStoreSetItem#0",0,0,0
13194,"MirageStoreSetItem#51381","MirageStoreSetItem#0",0,0,0
13195,"MirageStoreSetItem#51381","MirageStoreSetItem#0",0,0,0
13197,"MirageStoreSetItem#51382","MirageStoreSetItem#0",0,0,0
13198,"MirageStoreSetItem#51382","MirageStoreSetItem#0",0,0,0
13199,"MirageStoreSetItem#51382","MirageStoreSetItem#0",0,0,0
13200,"MirageStoreSetItem#51382","MirageStoreSetItem#0",0,0,0
13201,"MirageStoreSetItem#51382","MirageStoreSetItem#0",0,0,0
13203,"MirageStoreSetItem#51376","MirageStoreSetItem#0",0,0,0
13204,"MirageStoreSetItem#51376","MirageStoreSetItem#0",0,0,0
13205,"MirageStoreSetItem#51376","MirageStoreSetItem#0",0,0,0
13206,"MirageStoreSetItem#51376","MirageStoreSetItem#0",0,0,0
13207,"MirageStoreSetItem#51377","MirageStoreSetItem#51378",0,0,0
13208,"MirageStoreSetItem#51377","MirageStoreSetItem#51378",0,0,0
13209,"MirageStoreSetItem#51377","MirageStoreSetItem#51378",0,0,0
13210,"MirageStoreSetItem#51377","MirageStoreSetItem#51378",0,0,0
13211,"MirageStoreSetItem#51379","MirageStoreSetItem#51380",0,0,0
13212,"MirageStoreSetItem#51379","MirageStoreSetItem#51380",0,0,0
13213,"MirageStoreSetItem#51379","MirageStoreSetItem#51380",0,0,0
13214,"MirageStoreSetItem#51379","MirageStoreSetItem#51380",0,0,0
13215,"MirageStoreSetItem#51381","MirageStoreSetItem#0",0,0,0
13216,"MirageStoreSetItem#51381","MirageStoreSetItem#0",0,0,0
13217,"MirageStoreSetItem#51381","MirageStoreSetItem#0",0,0,0
13218,"MirageStoreSetItem#51381","MirageStoreSetItem#0",0,0,0
13219,"MirageStoreSetItem#51382","MirageStoreSetItem#0",0,0,0
13220,"MirageStoreSetItem#51382","MirageStoreSetItem#0",0,0,0
13221,"MirageStoreSetItem#51382","MirageStoreSetItem#0",0,0,0
13222,"MirageStoreSetItem#51382","MirageStoreSetItem#0",0,0,0
13251,"MirageStoreSetItem#45170","MirageStoreSetItem#0",0,0,0
13252,"MirageStoreSetItem#45170","MirageStoreSetItem#0",0,0,0
13253,"MirageStoreSetItem#45170","MirageStoreSetItem#0",0,0,0
13254,"MirageStoreSetItem#45170","MirageStoreSetItem#0",0,0,0
13255,"MirageStoreSetItem#45170","MirageStoreSetItem#0",0,0,0
13266,"MirageStoreSetItem#45171","MirageStoreSetItem#0",0,0,0
13267,"MirageStoreSetItem#45171","MirageStoreSetItem#0",0,0,0
13268,"MirageStoreSetItem#45171","MirageStoreSetItem#0",0,0,0
13269,"MirageStoreSetItem#45172","MirageStoreSetItem#0",0,0,0
13270,"MirageStoreSetItem#45172","MirageStoreSetItem#0",0,0,0
13271,"MirageStoreSetItem#45172","MirageStoreSetItem#0",0,0,0
13272,"MirageStoreSetItem#45173","MirageStoreSetItem#0",0,0,0
13300,"MirageStoreSetItem#45174","MirageStoreSetItem#0",0,0,0
13322,"MirageStoreSetItem#45175","MirageStoreSetItem#0",0,0,0
13323,"MirageStoreSetItem#45176","MirageStoreSetItem#0",0,0,0
13324,"MirageStoreSetItem#45177","MirageStoreSetItem#0",0,0,0
13325,"MirageStoreSetItem#45177","MirageStoreSetItem#0",0,0,0
13326,"MirageStoreSetItem#45178","MirageStoreSetItem#0",0,0,0
13327,"MirageStoreSetItem#45179","MirageStoreSetItem#0",0,0,0
13330,"MirageStoreSetItem#45180","MirageStoreSetItem#0",0,0,0
13331,"MirageStoreSetItem#45180","MirageStoreSetItem#0",0,0,0
13332,"MirageStoreSetItem#45180","MirageStoreSetItem#0",0,0,0
13333,"MirageStoreSetItem#45180","MirageStoreSetItem#0",0,0,0
13334,"MirageStoreSetItem#45180","MirageStoreSetItem#0",0,0,0
13639,"MirageStoreSetItem#45181","MirageStoreSetItem#0",0,0,0
13682,"MirageStoreSetItem#45182","MirageStoreSetItem#0",0,0,0
13683,"MirageStoreSetItem#45182","MirageStoreSetItem#0",0,0,0
13684,"MirageStoreSetItem#45182","MirageStoreSetItem#0",0,0,0
13685,"MirageStoreSetItem#45183","MirageStoreSetItem#0",0,0,0
13686,"MirageStoreSetItem#45183","MirageStoreSetItem#0",0,0,0
13687,"MirageStoreSetItem#45183","MirageStoreSetItem#0",0,0,0
13688,"MirageStoreSetItem#45184","MirageStoreSetItem#0",0,0,0
13691,"MirageStoreSetItem#45175","MirageStoreSetItem#0",0,0,0
13692,"MirageStoreSetItem#45175","MirageStoreSetItem#0",0,0,0
13693,"MirageStoreSetItem#45176","MirageStoreSetItem#0",0,0,0
13694,"MirageStoreSetItem#45176","MirageStoreSetItem#0",0,0,0
13695,"MirageStoreSetItem#45176","MirageStoreSetItem#0",0,0,0
13696,"MirageStoreSetItem#45178","MirageStoreSetItem#0",0,0,0
13697,"MirageStoreSetItem#45178","MirageStoreSetItem#0",0,0,0
13698,"MirageStoreSetItem#45178","MirageStoreSetItem#0",0,0,0
13699,"MirageStoreSetItem#45178","MirageStoreSetItem#0",0,0,0
13700,"MirageStoreSetItem#45179","MirageStoreSetItem#0",0,0,0
13701,"MirageStoreSetItem#45179","MirageStoreSetItem#0",0,0,0
13702,"MirageStoreSetItem#45179","MirageStoreSetItem#0",0,0,0
13724,"MirageStoreSetItem#45174","MirageStoreSetItem#0",0,0,0
13725,"MirageStoreSetItem#45181","MirageStoreSetItem#0",0,0,0
13769,"MirageStoreSetItem#45173","MirageStoreSetItem#0",0,0,0
13770,"MirageStoreSetItem#45173","MirageStoreSetItem#0",0,0,0
13771,"MirageStoreSetItem#45184","MirageStoreSetItem#0",0,0,0
13772,"MirageStoreSetItem#45184","MirageStoreSetItem#0",0,0,0
13987,"MirageStoreSetItem#45185","MirageStoreSetItem#0",0,0,0
13988,"MirageStoreSetItem#45185","MirageStoreSetItem#0",0,0,0
13989,"MirageStoreSetItem#45185","MirageStoreSetItem#0",0,0,0
13990,"MirageStoreSetItem#45185","MirageStoreSetItem#0",0,0,0
14031,"MirageStoreSetItem#51383","MirageStoreSetItem#0",0,0,0
14032,"MirageStoreSetItem#51383","MirageStoreSetItem#0",0,0,0
14033,"MirageStoreSetItem#51383","MirageStoreSetItem#0",0,0,0
14034,"MirageStoreSetItem#51383","MirageStoreSetItem#0",0,0,0
14035,"MirageStoreSetItem#51384","MirageStoreSetItem#0",0,0,0
14036,"MirageStoreSetItem#51384","MirageStoreSetItem#0",0,0,0
14037,"MirageStoreSetItem#51384","MirageStoreSetItem#0",0,0,0
14038,"MirageStoreSetItem#51384","MirageStoreSetItem#0",0,0,0
14039,"MirageStoreSetItem#51385","MirageStoreSetItem#0",0,0,0
14040,"MirageStoreSetItem#51385","MirageStoreSetItem#0",0,0,0
14041,"MirageStoreSetItem#51385","MirageStoreSetItem#0",0,0,0
14042,"MirageStoreSetItem#51385","MirageStoreSetItem#0",0,0,0
14043,"MirageStoreSetItem#51383","MirageStoreSetItem#51384",51385,0,0
14650,"MirageStoreSetItem#51386","MirageStoreSetItem#0",0,0,0
14651,"MirageStoreSetItem#51386","MirageStoreSetItem#0",0,0,0
14652,"MirageStoreSetItem#51386","MirageStoreSetItem#0",0,0,0
14653,"MirageStoreSetItem#51386","MirageStoreSetItem#0",0,0,0
14654,"MirageStoreSetItem#51386","MirageStoreSetItem#0",0,0,0
14656,"MirageStoreSetItem#51387","MirageStoreSetItem#0",0,0,0
14657,"MirageStoreSetItem#51387","MirageStoreSetItem#0",0,0,0
14658,"MirageStoreSetItem#51387","MirageStoreSetItem#0",0,0,0
14659,"MirageStoreSetItem#51387","MirageStoreSetItem#0",0,0,0
14660,"MirageStoreSetItem#51387","MirageStoreSetItem#0",0,0,0
14662,"MirageStoreSetItem#51388","MirageStoreSetItem#0",0,0,0
14663,"MirageStoreSetItem#51388","MirageStoreSetItem#0",0,0,0
14664,"MirageStoreSetItem#51388","MirageStoreSetItem#0",0,0,0
14665,"MirageStoreSetItem#51388","MirageStoreSetItem#0",0,0,0
14666,"MirageStoreSetItem#51388","MirageStoreSetItem#0",0,0,0
14668,"MirageStoreSetItem#51389","MirageStoreSetItem#0",0,0,0
14669,"MirageStoreSetItem#51389","MirageStoreSetItem#0",0,0,0
14670,"MirageStoreSetItem#51389","MirageStoreSetItem#0",0,0,0
14671,"MirageStoreSetItem#51389","MirageStoreSetItem#0",0,0,0
14672,"MirageStoreSetItem#51389","MirageStoreSetItem#0",0,0,0
14674,"MirageStoreSetItem#51390","MirageStoreSetItem#0",0,0,0
14675,"MirageStoreSetItem#51390","MirageStoreSetItem#0",0,0,0
14676,"MirageStoreSetItem#51390","MirageStoreSetItem#0",0,0,0
14677,"MirageStoreSetItem#51390","MirageStoreSetItem#0",0,0,0
14678,"MirageStoreSetItem#51390","MirageStoreSetItem#0",0,0,0
14680,"MirageStoreSetItem#51391","MirageStoreSetItem#0",0,0,0
14681,"MirageStoreSetItem#51391","MirageStoreSetItem#0",0,0,0
14682,"MirageStoreSetItem#51391","MirageStoreSetItem#0",0,0,0
14683,"MirageStoreSetItem#51391","MirageStoreSetItem#0",0,0,0
14684,"MirageStoreSetItem#51391","MirageStoreSetItem#0",0,0,0
14686,"MirageStoreSetItem#51392","MirageStoreSetItem#0",0,0,0
14687,"MirageStoreSetItem#51392","MirageStoreSetItem#0",0,0,0
14688,"MirageStoreSetItem#51392","MirageStoreSetItem#0",0,0,0
14689,"MirageStoreSetItem#51392","MirageStoreSetItem#0",0,0,0
14690,"MirageStoreSetItem#51392","MirageStoreSetItem#0",0,0,0
14692,"MirageStoreSetItem#51386","MirageStoreSetItem#0",0,0,0
14693,"MirageStoreSetItem#51386","MirageStoreSetItem#0",0,0,0
14694,"MirageStoreSetItem#51386","MirageStoreSetItem#0",0,0,0
14695,"MirageStoreSetItem#51386","MirageStoreSetItem#0",0,0,0
14696,"MirageStoreSetItem#51387","MirageStoreSetItem#51388",0,0,0
14697,"MirageStoreSetItem#51387","MirageStoreSetItem#51388",0,0,0
14698,"MirageStoreSetItem#51387","MirageStoreSetItem#51388",0,0,0
14699,"MirageStoreSetItem#51387","MirageStoreSetItem#51388",0,0,0
14700,"MirageStoreSetItem#51389","MirageStoreSetItem#51390",0,0,0
14701,"MirageStoreSetItem#51389","MirageStoreSetItem#51390",0,0,0
14702,"MirageStoreSetItem#51389","MirageStoreSetItem#51390",0,0,0
14703,"MirageStoreSetItem#51389","MirageStoreSetItem#51390",0,0,0
14704,"MirageStoreSetItem#51391","MirageStoreSetItem#0",0,0,0
14705,"MirageStoreSetItem#51391","MirageStoreSetItem#0",0,0,0
14706,"MirageStoreSetItem#51391","MirageStoreSetItem#0",0,0,0
14707,"MirageStoreSetItem#51391","MirageStoreSetItem#0",0,0,0
14708,"MirageStoreSetItem#51392","MirageStoreSetItem#0",0,0,0
14709,"MirageStoreSetItem#51392","MirageStoreSetItem#0",0,0,0
14710,"MirageStoreSetItem#51392","MirageStoreSetItem#0",0,0,0
14711,"MirageStoreSetItem#51392","MirageStoreSetItem#0",0,0,0
14830,"MirageStoreSetItem#45186","MirageStoreSetItem#0",0,0,0
14831,"MirageStoreSetItem#45186","MirageStoreSetItem#0",0,0,0
14832,"MirageStoreSetItem#45186","MirageStoreSetItem#0",0,0,0
14833,"MirageStoreSetItem#45188","MirageStoreSetItem#0",0,0,0
14834,"MirageStoreSetItem#45188","MirageStoreSetItem#0",0,0,0
14835,"MirageStoreSetItem#45188","MirageStoreSetItem#0",0,0,0
14836,"MirageStoreSetItem#45188","MirageStoreSetItem#0",0,0,0
14850,"MirageStoreSetItem#45190","MirageStoreSetItem#0",0,0,0
14851,"MirageStoreSetItem#45190","MirageStoreSetItem#0",0,0,0
14852,"MirageStoreSetItem#45191","MirageStoreSetItem#0",0,0,0
14853,"MirageStoreSetItem#45191","MirageStoreSetItem#0",0,0,0
14854,"MirageStoreSetItem#50506","MirageStoreSetItem#0",0,0,0
14855,"MirageStoreSetItem#50506","MirageStoreSetItem#0",0,0,0
14856,"MirageStoreSetItem#50506","MirageStoreSetItem#0",0,0,0
14857,"MirageStoreSetItem#50507","MirageStoreSetItem#0",0,0,0
14858,"MirageStoreSetItem#50507","MirageStoreSetItem#0",0,0,0
14859,"MirageStoreSetItem#50507","MirageStoreSetItem#0",0,0,0
14861,"MirageStoreSetItem#45192","MirageStoreSetItem#0",0,0,0
14862,"MirageStoreSetItem#45192","MirageStoreSetItem#0",0,0,0
14863,"MirageStoreSetItem#45193","MirageStoreSetItem#0",0,0,0
14864,"MirageStoreSetItem#45193","MirageStoreSetItem#0",0,0,0
14865,"MirageStoreSetItem#45193","MirageStoreSetItem#0",0,0,0
14866,"MirageStoreSetItem#45193","MirageStoreSetItem#0",0,0,0
14867,"MirageStoreSetItem#45193","MirageStoreSetItem#0",0,0,0
14868,"MirageStoreSetItem#45194","MirageStoreSetItem#0",0,0,0
14869,"MirageStoreSetItem#45194","MirageStoreSetItem#0",0,0,0
14894,"MirageStoreSetItem#45194","MirageStoreSetItem#0",0,0,0
14924,"MirageStoreSetItem#45195","MirageStoreSetItem#0",0,0,0
14925,"MirageStoreSetItem#45195","MirageStoreSetItem#0",0,0,0
14926,"MirageStoreSetItem#45195","MirageStoreSetItem#0",0,0,0
14927,"MirageStoreSetItem#45196","MirageStoreSetItem#0",0,0,0
14928,"MirageStoreSetItem#45196","MirageStoreSetItem#0",0,0,0
14929,"MirageStoreSetItem#45196","MirageStoreSetItem#0",0,0,0
14930,"MirageStoreSetItem#45196","MirageStoreSetItem#0",0,0,0
14939,"MirageStoreSetItem#45197","MirageStoreSetItem#0",0,0,0
14940,"MirageStoreSetItem#45197","MirageStoreSetItem#0",0,0,0
14941,"MirageStoreSetItem#45197","MirageStoreSetItem#0",0,0,0
14942,"MirageStoreSetItem#45197","MirageStoreSetItem#0",0,0,0
14943,"MirageStoreSetItem#45197","MirageStoreSetItem#0",0,0,0
14972,"MirageStoreSetItem#45198","MirageStoreSetItem#0",0,0,0
14973,"MirageStoreSetItem#45198","MirageStoreSetItem#0",0,0,0
14974,"MirageStoreSetItem#45198","MirageStoreSetItem#0",0,0,0
14975,"MirageStoreSetItem#45198","MirageStoreSetItem#0",0,0,0
14976,"MirageStoreSetItem#45198","MirageStoreSetItem#0",0,0,0
14977,"MirageStoreSetItem#45199","MirageStoreSetItem#0",0,0,0
14978,"MirageStoreSetItem#45199","MirageStoreSetItem#0",0,0,0
14979,"MirageStoreSetItem#45199","MirageStoreSetItem#0",0,0,0
14980,"MirageStoreSetItem#45199","MirageStoreSetItem#0",0,0,0
14981,"MirageStoreSetItem#45199","MirageStoreSetItem#0",0,0,0
15273,"MirageStoreSetItem#45222","MirageStoreSetItem#0",0,0,0
15274,"MirageStoreSetItem#45222","MirageStoreSetItem#0",0,0,0
15275,"MirageStoreSetItem#45222","MirageStoreSetItem#0",0,0,0
15276,"MirageStoreSetItem#45222","MirageStoreSetItem#0",0,0,0
15277,"MirageStoreSetItem#45222","MirageStoreSetItem#0",0,0,0
15278,"MirageStoreSetItem#45223","MirageStoreSetItem#0",0,0,0
15279,"MirageStoreSetItem#45223","MirageStoreSetItem#0",0,0,0
15280,"MirageStoreSetItem#45223","MirageStoreSetItem#0",0,0,0
15281,"MirageStoreSetItem#45223","MirageStoreSetItem#0",0,0,0
15282,"MirageStoreSetItem#45223","MirageStoreSetItem#0",0,0,0
15359,"MirageStoreSetItem#51393","MirageStoreSetItem#0",0,0,0
15360,"MirageStoreSetItem#51393","MirageStoreSetItem#0",0,0,0
15361,"MirageStoreSetItem#51393","MirageStoreSetItem#0",0,0,0
15362,"MirageStoreSetItem#51393","MirageStoreSetItem#0",0,0,0
15363,"MirageStoreSetItem#51393","MirageStoreSetItem#0",0,0,0
15365,"MirageStoreSetItem#51394","MirageStoreSetItem#0",0,0,0
15366,"MirageStoreSetItem#51394","MirageStoreSetItem#0",0,0,0
15367,"MirageStoreSetItem#51394","MirageStoreSetItem#0",0,0,0
15368,"MirageStoreSetItem#51394","MirageStoreSetItem#0",0,0,0
15369,"MirageStoreSetItem#51394","MirageStoreSetItem#0",0,0,0
15371,"MirageStoreSetItem#51395","MirageStoreSetItem#0",0,0,0
15372,"MirageStoreSetItem#51395","MirageStoreSetItem#0",0,0,0
15373,"MirageStoreSetItem#51395","MirageStoreSetItem#0",0,0,0
15374,"MirageStoreSetItem#51395","MirageStoreSetItem#0",0,0,0
15375,"MirageStoreSetItem#51395","MirageStoreSetItem#0",0,0,0
15377,"MirageStoreSetItem#51396","MirageStoreSetItem#0",0,0,0
15378,"MirageStoreSetItem#51396","MirageStoreSetItem#0",0,0,0
15379,"MirageStoreSetItem#51396","MirageStoreSetItem#0",0,0,0
15380,"MirageStoreSetItem#51396","MirageStoreSetItem#0",0,0,0
15381,"MirageStoreSetItem#51396","MirageStoreSetItem#0",0,0,0
15383,"MirageStoreSetItem#51397","MirageStoreSetItem#0",0,0,0
15384,"MirageStoreSetItem#51397","MirageStoreSetItem#0",0,0,0
15385,"MirageStoreSetItem#51397","MirageStoreSetItem#0",0,0,0
15386,"MirageStoreSetItem#51397","MirageStoreSetItem#0",0,0,0
15387,"MirageStoreSetItem#51397","MirageStoreSetItem#0",0,0,0
15389,"MirageStoreSetItem#51398","MirageStoreSetItem#0",0,0,0
15390,"MirageStoreSetItem#51398","MirageStoreSetItem#0",0,0,0
15391,"MirageStoreSetItem#51398","MirageStoreSetItem#0",0,0,0
15392,"MirageStoreSetItem#51398","MirageStoreSetItem#0",0,0,0
15393,"MirageStoreSetItem#51398","MirageStoreSetItem#0",0,0,0
15395,"MirageStoreSetItem#51399","MirageStoreSetItem#0",0,0,0
15396,"MirageStoreSetItem#51399","MirageStoreSetItem#0",0,0,0
15397,"MirageStoreSetItem#51399","MirageStoreSetItem#0",0,0,0
15398,"MirageStoreSetItem#51399","MirageStoreSetItem#0",0,0,0
15399,"MirageStoreSetItem#51399","MirageStoreSetItem#0",0,0,0
15401,"MirageStoreSetItem#51393","MirageStoreSetItem#0",0,0,0
15402,"MirageStoreSetItem#51393","MirageStoreSetItem#0",0,0,0
15403,"MirageStoreSetItem#51393","MirageStoreSetItem#0",0,0,0
15404,"MirageStoreSetItem#51393","MirageStoreSetItem#0",0,0,0
15405,"MirageStoreSetItem#51394","MirageStoreSetItem#51395",0,0,0
15406,"MirageStoreSetItem#51394","MirageStoreSetItem#51395",0,0,0
15407,"MirageStoreSetItem#51394","MirageStoreSetItem#51395",0,0,0
15408,"MirageStoreSetItem#51394","MirageStoreSetItem#51395",0,0,0
15409,"MirageStoreSetItem#51396","MirageStoreSetItem#51397",0,0,0
15410,"MirageStoreSetItem#51396","MirageStoreSetItem#51397",0,0,0
15411,"MirageStoreSetItem#51396","MirageStoreSetItem#51397",0,0,0
15412,"MirageStoreSetItem#51396","MirageStoreSetItem#51397",0,0,0
15413,"MirageStoreSetItem#51398","MirageStoreSetItem#0",0,0,0
15414,"MirageStoreSetItem#51398","MirageStoreSetItem#0",0,0,0
15415,"MirageStoreSetItem#51398","MirageStoreSetItem#0",0,0,0
15416,"MirageStoreSetItem#51398","MirageStoreSetItem#0",0,0,0
15417,"MirageStoreSetItem#51399","MirageStoreSetItem#0",0,0,0
15418,"MirageStoreSetItem#51399","MirageStoreSetItem#0",0,0,0
15419,"MirageStoreSetItem#51399","MirageStoreSetItem#0",0,0,0
15420,"MirageStoreSetItem#51399","MirageStoreSetItem#0",0,0,0
15452,"MirageStoreSetItem#45224","MirageStoreSetItem#0",0,0,0
15453,"MirageStoreSetItem#45224","MirageStoreSetItem#0",0,0,0
15454,"MirageStoreSetItem#45224","MirageStoreSetItem#0",0,0,0
15455,"MirageStoreSetItem#45224","MirageStoreSetItem#0",0,0,0
15456,"MirageStoreSetItem#45224","MirageStoreSetItem#0",0,0,0
15457,"MirageStoreSetItem#45225","MirageStoreSetItem#45268",0,0,0
15458,"MirageStoreSetItem#45225","MirageStoreSetItem#0",0,0,0
15459,"MirageStoreSetItem#45225","MirageStoreSetItem#45268",0,0,0
15460,"MirageStoreSetItem#45225","MirageStoreSetItem#45268",0,0,0
15461,"MirageStoreSetItem#45225","MirageStoreSetItem#45268",0,0,0
15462,"MirageStoreSetItem#45226","MirageStoreSetItem#0",0,0,0
15463,"MirageStoreSetItem#45226","MirageStoreSetItem#0",0,0,0
15464,"MirageStoreSetItem#45226","MirageStoreSetItem#0",0,0,0
15465,"MirageStoreSetItem#45226","MirageStoreSetItem#0",0,0,0
15466,"MirageStoreSetItem#45226","MirageStoreSetItem#0",0,0,0
15467,"MirageStoreSetItem#45227","MirageStoreSetItem#0",0,0,0
15468,"MirageStoreSetItem#45227","MirageStoreSetItem#0",0,0,0
15469,"MirageStoreSetItem#45227","MirageStoreSetItem#0",0,0,0
15470,"MirageStoreSetItem#45227","MirageStoreSetItem#0",0,0,0
15471,"MirageStoreSetItem#45227","MirageStoreSetItem#0",0,0,0
15472,"MirageStoreSetItem#45228","MirageStoreSetItem#0",0,0,0
15473,"MirageStoreSetItem#45228","MirageStoreSetItem#0",0,0,0
15474,"MirageStoreSetItem#45228","MirageStoreSetItem#0",0,0,0
15475,"MirageStoreSetItem#45228","MirageStoreSetItem#0",0,0,0
15476,"MirageStoreSetItem#45229","MirageStoreSetItem#0",0,0,0
15477,"MirageStoreSetItem#45229","MirageStoreSetItem#0",0,0,0
15478,"MirageStoreSetItem#45230","MirageStoreSetItem#0",0,0,0
15479,"MirageStoreSetItem#45230","MirageStoreSetItem#0",0,0,0
15480,"MirageStoreSetItem#45231","MirageStoreSetItem#0",0,0,0
15481,"MirageStoreSetItem#45231","MirageStoreSetItem#0",0,0,0
15482,"MirageStoreSetItem#45232","MirageStoreSetItem#0",0,0,0
15483,"MirageStoreSetItem#45232","MirageStoreSetItem#0",0,0,0
15484,"MirageStoreSetItem#45232","MirageStoreSetItem#0",0,0,0
15485,"MirageStoreSetItem#45232","MirageStoreSetItem#0",0,0,0
15486,"MirageStoreSetItem#45232","MirageStoreSetItem#0",0,0,0
15487,"MirageStoreSetItem#45233","MirageStoreSetItem#0",0,0,0
15488,"MirageStoreSetItem#45233","MirageStoreSetItem#0",0,0,0
15489,"MirageStoreSetItem#45233","MirageStoreSetItem#0",0,0,0
15490,"MirageStoreSetItem#45233","MirageStoreSetItem#0",0,0,0
15491,"MirageStoreSetItem#45233","MirageStoreSetItem#0",0,0,0
15639,"MirageStoreSetItem#50508","MirageStoreSetItem#0",0,0,0
15640,"MirageStoreSetItem#50508","MirageStoreSetItem#0",0,0,0
15641,"MirageStoreSetItem#50508","MirageStoreSetItem#0",0,0,0
15642,"MirageStoreSetItem#50509","MirageStoreSetItem#0",0,0,0
15643,"MirageStoreSetItem#50509","MirageStoreSetItem#0",0,0,0
15644,"MirageStoreSetItem#50509","MirageStoreSetItem#0",0,0,0
15665,"MirageStoreSetItem#50670","MirageStoreSetItem#0",0,0,0
15666,"MirageStoreSetItem#50670","MirageStoreSetItem#0",0,0,0
15667,"MirageStoreSetItem#50670","MirageStoreSetItem#0",0,0,0
15668,"MirageStoreSetItem#50670","MirageStoreSetItem#0",0,0,0
15669,"MirageStoreSetItem#50670","MirageStoreSetItem#0",0,0,0
15670,"MirageStoreSetItem#50671","MirageStoreSetItem#0",0,0,0
15671,"MirageStoreSetItem#50671","MirageStoreSetItem#0",0,0,0
15672,"MirageStoreSetItem#50671","MirageStoreSetItem#0",0,0,0
15673,"MirageStoreSetItem#50671","MirageStoreSetItem#0",0,0,0
15674,"MirageStoreSetItem#50671","MirageStoreSetItem#0",0,0,0
15675,"MirageStoreSetItem#50672","MirageStoreSetItem#0",0,0,0
15676,"MirageStoreSetItem#50672","MirageStoreSetItem#0",0,0,0
15677,"MirageStoreSetItem#50672","MirageStoreSetItem#0",0,0,0
15678,"MirageStoreSetItem#50672","MirageStoreSetItem#0",0,0,0
15679,"MirageStoreSetItem#50672","MirageStoreSetItem#0",0,0,0
15680,"MirageStoreSetItem#50673","MirageStoreSetItem#0",0,0,0
15681,"MirageStoreSetItem#50673","MirageStoreSetItem#0",0,0,0
15682,"MirageStoreSetItem#50673","MirageStoreSetItem#0",0,0,0
15683,"MirageStoreSetItem#50673","MirageStoreSetItem#0",0,0,0
15684,"MirageStoreSetItem#50673","MirageStoreSetItem#0",0,0,0
15685,"MirageStoreSetItem#50674","MirageStoreSetItem#0",0,0,0
15686,"MirageStoreSetItem#50674","MirageStoreSetItem#0",0,0,0
15687,"MirageStoreSetItem#50674","MirageStoreSetItem#0",0,0,0
15688,"MirageStoreSetItem#50674","MirageStoreSetItem#0",0,0,0
15689,"MirageStoreSetItem#50674","MirageStoreSetItem#0",0,0,0
15690,"MirageStoreSetItem#50675","MirageStoreSetItem#0",0,0,0
15691,"MirageStoreSetItem#50675","MirageStoreSetItem#0",0,0,0
15692,"MirageStoreSetItem#50675","MirageStoreSetItem#0",0,0,0
15693,"MirageStoreSetItem#50675","MirageStoreSetItem#0",0,0,0
15694,"MirageStoreSetItem#50675","MirageStoreSetItem#0",0,0,0
15695,"MirageStoreSetItem#50676","MirageStoreSetItem#0",0,0,0
15696,"MirageStoreSetItem#50676","MirageStoreSetItem#0",0,0,0
15697,"MirageStoreSetItem#50676","MirageStoreSetItem#0",0,0,0
15698,"MirageStoreSetItem#50676","MirageStoreSetItem#0",0,0,0
15699,"MirageStoreSetItem#50676","MirageStoreSetItem#0",0,0,0
15700,"MirageStoreSetItem#50677","MirageStoreSetItem#0",0,0,0
15701,"MirageStoreSetItem#50677","MirageStoreSetItem#0",0,0,0
15702,"MirageStoreSetItem#50677","MirageStoreSetItem#0",0,0,0
15703,"MirageStoreSetItem#50677","MirageStoreSetItem#0",0,0,0
15704,"MirageStoreSetItem#50677","MirageStoreSetItem#0",0,0,0
15705,"MirageStoreSetItem#50678","MirageStoreSetItem#0",0,0,0
15706,"MirageStoreSetItem#50678","MirageStoreSetItem#0",0,0,0
15707,"MirageStoreSetItem#50678","MirageStoreSetItem#0",0,0,0
15708,"MirageStoreSetItem#50678","MirageStoreSetItem#0",0,0,0
15709,"MirageStoreSetItem#50678","MirageStoreSetItem#0",0,0,0
15710,"MirageStoreSetItem#50679","MirageStoreSetItem#0",0,0,0
15711,"MirageStoreSetItem#50679","MirageStoreSetItem#0",0,0,0
15712,"MirageStoreSetItem#50679","MirageStoreSetItem#0",0,0,0
15713,"MirageStoreSetItem#50679","MirageStoreSetItem#0",0,0,0
15714,"MirageStoreSetItem#50679","MirageStoreSetItem#0",0,0,0
15715,"MirageStoreSetItem#50680","MirageStoreSetItem#0",0,0,0
15716,"MirageStoreSetItem#50680","MirageStoreSetItem#0",0,0,0
15717,"MirageStoreSetItem#50680","MirageStoreSetItem#0",0,0,0
15718,"MirageStoreSetItem#50680","MirageStoreSetItem#0",0,0,0
15719,"MirageStoreSetItem#50680","MirageStoreSetItem#0",0,0,0
15921,"MirageStoreSetItem#45234","MirageStoreSetItem#45235",0,0,0
15922,"MirageStoreSetItem#45234","MirageStoreSetItem#0",0,0,0
15923,"MirageStoreSetItem#45234","MirageStoreSetItem#0",0,0,0
15924,"MirageStoreSetItem#45234","MirageStoreSetItem#0",0,0,0
15925,"MirageStoreSetItem#45235","MirageStoreSetItem#0",0,0,0
15926,"MirageStoreSetItem#45235","MirageStoreSetItem#0",0,0,0
15927,"MirageStoreSetItem#45235","MirageStoreSetItem#0",0,0,0
15928,"MirageStoreSetItem#45236","MirageStoreSetItem#0",0,0,0
15929,"MirageStoreSetItem#45236","MirageStoreSetItem#0",0,0,0
15930,"MirageStoreSetItem#45236","MirageStoreSetItem#0",0,0,0
15931,"MirageStoreSetItem#45236","MirageStoreSetItem#0",0,0,0
15938,"MirageStoreSetItem#45237","MirageStoreSetItem#0",0,0,0
15939,"MirageStoreSetItem#45237","MirageStoreSetItem#0",0,0,0
15940,"MirageStoreSetItem#45237","MirageStoreSetItem#0",0,0,0
15941,"MirageStoreSetItem#45237","MirageStoreSetItem#0",0,0,0
15942,"MirageStoreSetItem#45238","MirageStoreSetItem#0",0,0,0
15943,"MirageStoreSetItem#45238","MirageStoreSetItem#0",0,0,0
15944,"MirageStoreSetItem#45238","MirageStoreSetItem#0",0,0,0
16042,"MirageStoreSetItem#45239","MirageStoreSetItem#0",0,0,0
16043,"MirageStoreSetItem#45239","MirageStoreSetItem#0",0,0,0
16044,"MirageStoreSetItem#45239","MirageStoreSetItem#0",0,0,0
16045,"MirageStoreSetItem#45239","MirageStoreSetItem#0",0,0,0
16046,"MirageStoreSetItem#45240","MirageStoreSetItem#0",0,0,0
16047,"MirageStoreSetItem#45240","MirageStoreSetItem#0",0,0,0
16048,"MirageStoreSetItem#45240","MirageStoreSetItem#0",0,0,0
16081,"MirageStoreSetItem#50489","MirageStoreSetItem#0",0,0,0
16082,"MirageStoreSetItem#50489","MirageStoreSetItem#0",0,0,0
16083,"MirageStoreSetItem#50489","MirageStoreSetItem#0",0,0,0
16084,"MirageStoreSetItem#50489","MirageStoreSetItem#0",0,0,0
16085,"MirageStoreSetItem#50489","MirageStoreSetItem#0",0,0,0
16086,"MirageStoreSetItem#50490","MirageStoreSetItem#0",0,0,0
16087,"MirageStoreSetItem#50490","MirageStoreSetItem#0",0,0,0
16088,"MirageStoreSetItem#50490","MirageStoreSetItem#0",0,0,0
16089,"MirageStoreSetItem#50490","MirageStoreSetItem#0",0,0,0
16090,"MirageStoreSetItem#50490","MirageStoreSetItem#0",0,0,0
16091,"MirageStoreSetItem#50491","MirageStoreSetItem#0",0,0,0
16092,"MirageStoreSetItem#50491","MirageStoreSetItem#0",0,0,0
16093,"MirageStoreSetItem#50491","MirageStoreSetItem#0",0,0,0
16094,"MirageStoreSetItem#50491","MirageStoreSetItem#0",0,0,0
16095,"MirageStoreSetItem#50491","MirageStoreSetItem#0",0,0,0
16096,"MirageStoreSetItem#50492","MirageStoreSetItem#0",0,0,0
16097,"MirageStoreSetItem#50492","MirageStoreSetItem#0",0,0,0
16098,"MirageStoreSetItem#50492","MirageStoreSetItem#0",0,0,0
16099,"MirageStoreSetItem#50492","MirageStoreSetItem#0",0,0,0
16100,"MirageStoreSetItem#50492","MirageStoreSetItem#0",0,0,0
16101,"MirageStoreSetItem#50493","MirageStoreSetItem#0",0,0,0
16102,"MirageStoreSetItem#50493","MirageStoreSetItem#0",0,0,0
16103,"MirageStoreSetItem#50493","MirageStoreSetItem#0",0,0,0
16104,"MirageStoreSetItem#50493","MirageStoreSetItem#0",0,0,0
16105,"MirageStoreSetItem#50493","MirageStoreSetItem#0",0,0,0
16106,"MirageStoreSetItem#50494","MirageStoreSetItem#0",0,0,0
16107,"MirageStoreSetItem#50494","MirageStoreSetItem#0",0,0,0
16108,"MirageStoreSetItem#50494","MirageStoreSetItem#0",0,0,0
16109,"MirageStoreSetItem#50494","MirageStoreSetItem#0",0,0,0
16110,"MirageStoreSetItem#50494","MirageStoreSetItem#0",0,0,0
16111,"MirageStoreSetItem#50495","MirageStoreSetItem#0",0,0,0
16112,"MirageStoreSetItem#50495","MirageStoreSetItem#0",0,0,0
16113,"MirageStoreSetItem#50495","MirageStoreSetItem#0",0,0,0
16114,"MirageStoreSetItem#50495","MirageStoreSetItem#0",0,0,0
16115,"MirageStoreSetItem#50495","MirageStoreSetItem#0",0,0,0
16116,"MirageStoreSetItem#50496","MirageStoreSetItem#0",0,0,0
16117,"MirageStoreSetItem#50496","MirageStoreSetItem#0",0,0,0
16118,"MirageStoreSetItem#50496","MirageStoreSetItem#0",0,0,0
16119,"MirageStoreSetItem#50496","MirageStoreSetItem#0",0,0,0
16120,"MirageStoreSetItem#50496","MirageStoreSetItem#0",0,0,0
16121,"MirageStoreSetItem#50497","MirageStoreSetItem#0",0,0,0
16122,"MirageStoreSetItem#50497","MirageStoreSetItem#0",0,0,0
16123,"MirageStoreSetItem#50497","MirageStoreSetItem#0",0,0,0
16124,"MirageStoreSetItem#50497","MirageStoreSetItem#0",0,0,0
16125,"MirageStoreSetItem#50497","MirageStoreSetItem#0",0,0,0
16126,"MirageStoreSetItem#50498","MirageStoreSetItem#0",0,0,0
16127,"MirageStoreSetItem#50498","MirageStoreSetItem#0",0,0,0
16128,"MirageStoreSetItem#50498","MirageStoreSetItem#0",0,0,0
16129,"MirageStoreSetItem#50498","MirageStoreSetItem#0",0,0,0
16130,"MirageStoreSetItem#50498","MirageStoreSetItem#0",0,0,0
16131,"MirageStoreSetItem#50499","MirageStoreSetItem#0",0,0,0
16132,"MirageStoreSetItem#50499","MirageStoreSetItem#0",0,0,0
16133,"MirageStoreSetItem#50499","MirageStoreSetItem#0",0,0,0
16134,"MirageStoreSetItem#50499","MirageStoreSetItem#0",0,0,0
16135,"MirageStoreSetItem#50499","MirageStoreSetItem#0",0,0,0
16136,"MirageStoreSetItem#50500","MirageStoreSetItem#0",0,0,0
16137,"MirageStoreSetItem#50500","MirageStoreSetItem#0",0,0,0
16138,"MirageStoreSetItem#50500","MirageStoreSetItem#0",0,0,0
16139,"MirageStoreSetItem#50500","MirageStoreSetItem#0",0,0,0
16140,"MirageStoreSetItem#50500","MirageStoreSetItem#0",0,0,0
16141,"MirageStoreSetItem#50501","MirageStoreSetItem#0",0,0,0
16142,"MirageStoreSetItem#50501","MirageStoreSetItem#0",0,0,0
16143,"MirageStoreSetItem#50501","MirageStoreSetItem#0",0,0,0
16144,"MirageStoreSetItem#50501","MirageStoreSetItem#0",0,0,0
16145,"MirageStoreSetItem#50501","MirageStoreSetItem#0",0,0,0
16189,"MirageStoreSetItem#51400","MirageStoreSetItem#0",0,0,0
16190,"MirageStoreSetItem#51400","MirageStoreSetItem#0",0,0,0
16191,"MirageStoreSetItem#51400","MirageStoreSetItem#0",0,0,0
16192,"MirageStoreSetItem#51400","MirageStoreSetItem#0",0,0,0
16193,"MirageStoreSetItem#51400","MirageStoreSetItem#0",0,0,0
16195,"MirageStoreSetItem#51401","MirageStoreSetItem#0",0,0,0
16196,"MirageStoreSetItem#51401","MirageStoreSetItem#0",0,0,0
16197,"MirageStoreSetItem#51401","MirageStoreSetItem#0",0,0,0
16198,"MirageStoreSetItem#51401","MirageStoreSetItem#0",0,0,0
16199,"MirageStoreSetItem#51401","MirageStoreSetItem#0",0,0,0
16201,"MirageStoreSetItem#51402","MirageStoreSetItem#0",0,0,0
16202,"MirageStoreSetItem#51402","MirageStoreSetItem#0",0,0,0
16203,"MirageStoreSetItem#51402","MirageStoreSetItem#0",0,0,0
16204,"MirageStoreSetItem#51402","MirageStoreSetItem#0",0,0,0
16205,"MirageStoreSetItem#51402","MirageStoreSetItem#0",0,0,0
16207,"MirageStoreSetItem#51403","MirageStoreSetItem#0",0,0,0
16208,"MirageStoreSetItem#51403","MirageStoreSetItem#0",0,0,0
16209,"MirageStoreSetItem#51403","MirageStoreSetItem#0",0,0,0
16210,"MirageStoreSetItem#51403","MirageStoreSetItem#0",0,0,0
16211,"MirageStoreSetItem#51403","MirageStoreSetItem#0",0,0,0
16213,"MirageStoreSetItem#51404","MirageStoreSetItem#0",0,0,0
16214,"MirageStoreSetItem#51404","MirageStoreSetItem#0",0,0,0
16215,"MirageStoreSetItem#51404","MirageStoreSetItem#0",0,0,0
16216,"MirageStoreSetItem#51404","MirageStoreSetItem#0",0,0,0
16217,"MirageStoreSetItem#51404","MirageStoreSetItem#0",0,0,0
16219,"MirageStoreSetItem#51405","MirageStoreSetItem#0",0,0,0
16220,"MirageStoreSetItem#51405","MirageStoreSetItem#0",0,0,0
16221,"MirageStoreSetItem#51405","MirageStoreSetItem#0",0,0,0
16222,"MirageStoreSetItem#51405","MirageStoreSetItem#0",0,0,0
16223,"MirageStoreSetItem#51405","MirageStoreSetItem#0",0,0,0
16225,"MirageStoreSetItem#51406","MirageStoreSetItem#0",0,0,0
16226,"MirageStoreSetItem#51406","MirageStoreSetItem#0",0,0,0
16227,"MirageStoreSetItem#51406","MirageStoreSetItem#0",0,0,0
16228,"MirageStoreSetItem#51406","MirageStoreSetItem#0",0,0,0
16229,"MirageStoreSetItem#51406","MirageStoreSetItem#0",0,0,0
16231,"MirageStoreSetItem#51400","MirageStoreSetItem#0",0,0,0
16232,"MirageStoreSetItem#51400","MirageStoreSetItem#0",0,0,0
16233,"MirageStoreSetItem#51400","MirageStoreSetItem#0",0,0,0
16234,"MirageStoreSetItem#51400","MirageStoreSetItem#0",0,0,0
16235,"MirageStoreSetItem#51401","MirageStoreSetItem#51402",0,0,0
16236,"MirageStoreSetItem#51401","MirageStoreSetItem#51402",0,0,0
16237,"MirageStoreSetItem#51401","MirageStoreSetItem#51402",0,0,0
16238,"MirageStoreSetItem#51401","MirageStoreSetItem#51402",0,0,0
16239,"MirageStoreSetItem#51403","MirageStoreSetItem#51404",0,0,0
16240,"MirageStoreSetItem#51403","MirageStoreSetItem#51404",0,0,0
16241,"MirageStoreSetItem#51403","MirageStoreSetItem#51404",0,0,0
16242,"MirageStoreSetItem#51403","MirageStoreSetItem#51404",0,0,0
16243,"MirageStoreSetItem#51405","MirageStoreSetItem#0",0,0,0
16244,"MirageStoreSetItem#51405","MirageStoreSetItem#0",0,0,0
16245,"MirageStoreSetItem#51405","MirageStoreSetItem#0",0,0,0
16246,"MirageStoreSetItem#51405","MirageStoreSetItem#0",0,0,0
16247,"MirageStoreSetItem#51406","MirageStoreSetItem#0",0,0,0
16248,"MirageStoreSetItem#51406","MirageStoreSetItem#0",0,0,0
16249,"MirageStoreSetItem#51406","MirageStoreSetItem#0",0,0,0
16250,"MirageStoreSetItem#51406","MirageStoreSetItem#0",0,0,0
16578,"MirageStoreSetItem#45241","MirageStoreSetItem#0",0,0,0
16579,"MirageStoreSetItem#45241","MirageStoreSetItem#0",0,0,0
16580,"MirageStoreSetItem#45241","MirageStoreSetItem#0",0,0,0
16581,"MirageStoreSetItem#45241","MirageStoreSetItem#0",0,0,0
16582,"MirageStoreSetItem#45241","MirageStoreSetItem#0",0,0,0
16583,"MirageStoreSetItem#45242","MirageStoreSetItem#0",0,0,0
16584,"MirageStoreSetItem#45242","MirageStoreSetItem#0",0,0,0
16585,"MirageStoreSetItem#45242","MirageStoreSetItem#0",0,0,0
16586,"MirageStoreSetItem#45242","MirageStoreSetItem#0",0,0,0
16587,"MirageStoreSetItem#45242","MirageStoreSetItem#0",0,0,0
16588,"MirageStoreSetItem#45243","MirageStoreSetItem#0",0,0,0
16589,"MirageStoreSetItem#45243","MirageStoreSetItem#0",0,0,0
16590,"MirageStoreSetItem#45243","MirageStoreSetItem#0",0,0,0
16591,"MirageStoreSetItem#45243","MirageStoreSetItem#0",0,0,0
16592,"MirageStoreSetItem#45244","MirageStoreSetItem#0",0,0,0
16593,"MirageStoreSetItem#45244","MirageStoreSetItem#0",0,0,0
16594,"MirageStoreSetItem#45244","MirageStoreSetItem#0",0,0,0
16595,"MirageStoreSetItem#45244","MirageStoreSetItem#0",0,0,0
16596,"MirageStoreSetItem#45245","MirageStoreSetItem#0",0,0,0
16597,"MirageStoreSetItem#45245","MirageStoreSetItem#0",0,0,0
16598,"MirageStoreSetItem#45245","MirageStoreSetItem#0",0,0,0
16599,"MirageStoreSetItem#45246","MirageStoreSetItem#0",0,0,0
16600,"MirageStoreSetItem#45246","MirageStoreSetItem#0",0,0,0
16601,"MirageStoreSetItem#45246","MirageStoreSetItem#0",0,0,0
16602,"MirageStoreSetItem#45247","MirageStoreSetItem#0",0,0,0
16603,"MirageStoreSetItem#45247","MirageStoreSetItem#0",0,0,0
16604,"MirageStoreSetItem#45247","MirageStoreSetItem#0",0,0,0
16605,"MirageStoreSetItem#45247","MirageStoreSetItem#0",0,0,0
16606,"MirageStoreSetItem#45247","MirageStoreSetItem#0",0,0,0
16607,"MirageStoreSetItem#45248","MirageStoreSetItem#0",0,0,0
16608,"MirageStoreSetItem#45248","MirageStoreSetItem#0",0,0,0
16609,"MirageStoreSetItem#45248","MirageStoreSetItem#0",0,0,0
16610,"MirageStoreSetItem#45248","MirageStoreSetItem#0",0,0,0
16611,"MirageStoreSetItem#45248","MirageStoreSetItem#0",0,0,0
16909,"MirageStoreSetItem#45245","MirageStoreSetItem#0",0,0,0
16910,"MirageStoreSetItem#45246","MirageStoreSetItem#0",0,0,0
17179,"MirageStoreSetItem#45249","MirageStoreSetItem#0",0,0,0
17180,"MirageStoreSetItem#45249","MirageStoreSetItem#0",0,0,0
17181,"MirageStoreSetItem#45249","MirageStoreSetItem#0",0,0,0
17182,"MirageStoreSetItem#45249","MirageStoreSetItem#0",0,0,0
17183,"MirageStoreSetItem#45249","MirageStoreSetItem#0",0,0,0
17184,"MirageStoreSetItem#45250","MirageStoreSetItem#0",0,0,0
17185,"MirageStoreSetItem#45250","MirageStoreSetItem#0",0,0,0
17186,"MirageStoreSetItem#45250","MirageStoreSetItem#0",0,0,0
17187,"MirageStoreSetItem#45250","MirageStoreSetItem#0",0,0,0
17188,"MirageStoreSetItem#45250","MirageStoreSetItem#0",0,0,0
17189,"MirageStoreSetItem#45251","MirageStoreSetItem#0",0,0,0
17190,"MirageStoreSetItem#45251","MirageStoreSetItem#0",0,0,0
17191,"MirageStoreSetItem#45251","MirageStoreSetItem#0",0,0,0
17192,"MirageStoreSetItem#45251","MirageStoreSetItem#0",0,0,0
17193,"MirageStoreSetItem#45251","MirageStoreSetItem#0",0,0,0
17194,"MirageStoreSetItem#45252","MirageStoreSetItem#0",0,0,0
17195,"MirageStoreSetItem#45252","MirageStoreSetItem#0",0,0,0
17196,"MirageStoreSetItem#45252","MirageStoreSetItem#0",0,0,0
17197,"MirageStoreSetItem#45252","MirageStoreSetItem#0",0,0,0
17198,"MirageStoreSetItem#45252","MirageStoreSetItem#0",0,0,0
17199,"MirageStoreSetItem#45253","MirageStoreSetItem#0",0,0,0
17200,"MirageStoreSetItem#45253","MirageStoreSetItem#0",0,0,0
17201,"MirageStoreSetItem#45253","MirageStoreSetItem#0",0,0,0
17202,"MirageStoreSetItem#45253","MirageStoreSetItem#0",0,0,0
17203,"MirageStoreSetItem#45253","MirageStoreSetItem#0",0,0,0
17204,"MirageStoreSetItem#45254","MirageStoreSetItem#0",0,0,0
17205,"MirageStoreSetItem#45254","MirageStoreSetItem#0",0,0,0
17206,"MirageStoreSetItem#45254","MirageStoreSetItem#0",0,0,0
17207,"MirageStoreSetItem#45254","MirageStoreSetItem#0",0,0,0
17208,"MirageStoreSetItem#45254","MirageStoreSetItem#0",0,0,0
17209,"MirageStoreSetItem#45255","MirageStoreSetItem#0",0,0,0
17210,"MirageStoreSetItem#45255","MirageStoreSetItem#0",0,0,0
17211,"MirageStoreSetItem#45255","MirageStoreSetItem#0",0,0,0
17212,"MirageStoreSetItem#45255","MirageStoreSetItem#0",0,0,0
17213,"MirageStoreSetItem#45255","MirageStoreSetItem#0",0,0,0
17214,"MirageStoreSetItem#45256","MirageStoreSetItem#0",0,0,0
17215,"MirageStoreSetItem#45256","MirageStoreSetItem#0",0,0,0
17216,"MirageStoreSetItem#45256","MirageStoreSetItem#0",0,0,0
17217,"MirageStoreSetItem#45256","MirageStoreSetItem#0",0,0,0
17218,"MirageStoreSetItem#45256","MirageStoreSetItem#0",0,0,0
17219,"MirageStoreSetItem#45257","MirageStoreSetItem#0",0,0,0
17220,"MirageStoreSetItem#45257","MirageStoreSetItem#0",0,0,0
17221,"MirageStoreSetItem#45257","MirageStoreSetItem#0",0,0,0
17222,"MirageStoreSetItem#45257","MirageStoreSetItem#0",0,0,0
17223,"MirageStoreSetItem#45257","MirageStoreSetItem#0",0,0,0
17224,"MirageStoreSetItem#45258","MirageStoreSetItem#0",0,0,0
17225,"MirageStoreSetItem#45258","MirageStoreSetItem#0",0,0,0
17226,"MirageStoreSetItem#45258","MirageStoreSetItem#0",0,0,0
17227,"MirageStoreSetItem#45258","MirageStoreSetItem#0",0,0,0
17228,"MirageStoreSetItem#45258","MirageStoreSetItem#0",0,0,0
17229,"MirageStoreSetItem#45259","MirageStoreSetItem#0",0,0,0
17230,"MirageStoreSetItem#45259","MirageStoreSetItem#0",0,0,0
17231,"MirageStoreSetItem#45259","MirageStoreSetItem#0",0,0,0
17232,"MirageStoreSetItem#45259","MirageStoreSetItem#0",0,0,0
17233,"MirageStoreSetItem#45259","MirageStoreSetItem#0",0,0,0
17234,"MirageStoreSetItem#45260","MirageStoreSetItem#0",0,0,0
17235,"MirageStoreSetItem#45260","MirageStoreSetItem#0",0,0,0
17236,"MirageStoreSetItem#45260","MirageStoreSetItem#0",0,0,0
17237,"MirageStoreSetItem#45260","MirageStoreSetItem#0",0,0,0
17238,"MirageStoreSetItem#45260","MirageStoreSetItem#0",0,0,0
17239,"MirageStoreSetItem#45261","MirageStoreSetItem#0",0,0,0
17240,"MirageStoreSetItem#45261","MirageStoreSetItem#0",0,0,0
17241,"MirageStoreSetItem#45261","MirageStoreSetItem#0",0,0,0
17242,"MirageStoreSetItem#45261","MirageStoreSetItem#0",0,0,0
17243,"MirageStoreSetItem#45261","MirageStoreSetItem#0",0,0,0
17385,"MirageStoreSetItem#51407","MirageStoreSetItem#0",0,0,0
17386,"MirageStoreSetItem#51407","MirageStoreSetItem#0",0,0,0
17387,"MirageStoreSetItem#51407","MirageStoreSetItem#0",0,0,0
17388,"MirageStoreSetItem#51407","MirageStoreSetItem#0",0,0,0
17389,"MirageStoreSetItem#51407","MirageStoreSetItem#0",0,0,0
17391,"MirageStoreSetItem#51408","MirageStoreSetItem#0",0,0,0
17392,"MirageStoreSetItem#51408","MirageStoreSetItem#0",0,0,0
17393,"MirageStoreSetItem#51408","MirageStoreSetItem#0",0,0,0
17394,"MirageStoreSetItem#51408","MirageStoreSetItem#0",0,0,0
17395,"MirageStoreSetItem#51408","MirageStoreSetItem#0",0,0,0
17397,"MirageStoreSetItem#51409","MirageStoreSetItem#0",0,0,0
17398,"MirageStoreSetItem#51409","MirageStoreSetItem#0",0,0,0
17399,"MirageStoreSetItem#51409","MirageStoreSetItem#0",0,0,0
17400,"MirageStoreSetItem#51409","MirageStoreSetItem#0",0,0,0
17401,"MirageStoreSetItem#51409","MirageStoreSetItem#0",0,0,0
17403,"MirageStoreSetItem#51410","MirageStoreSetItem#0",0,0,0
17404,"MirageStoreSetItem#51410","MirageStoreSetItem#0",0,0,0
17405,"MirageStoreSetItem#51410","MirageStoreSetItem#0",0,0,0
17406,"MirageStoreSetItem#51410","MirageStoreSetItem#0",0,0,0
17407,"MirageStoreSetItem#51410","MirageStoreSetItem#0",0,0,0
17409,"MirageStoreSetItem#51411","MirageStoreSetItem#0",0,0,0
17410,"MirageStoreSetItem#51411","MirageStoreSetItem#0",0,0,0
17411,"MirageStoreSetItem#51411","MirageStoreSetItem#0",0,0,0
17412,"MirageStoreSetItem#51411","MirageStoreSetItem#0",0,0,0
17413,"MirageStoreSetItem#51411","MirageStoreSetItem#0",0,0,0
17415,"MirageStoreSetItem#51412","MirageStoreSetItem#0",0,0,0
17416,"MirageStoreSetItem#51412","MirageStoreSetItem#0",0,0,0
17417,"MirageStoreSetItem#51412","MirageStoreSetItem#0",0,0,0
17418,"MirageStoreSetItem#51412","MirageStoreSetItem#0",0,0,0
17419,"MirageStoreSetItem#51412","MirageStoreSetItem#0",0,0,0
17421,"MirageStoreSetItem#51413","MirageStoreSetItem#0",0,0,0
17422,"MirageStoreSetItem#51413","MirageStoreSetItem#0",0,0,0
17423,"MirageStoreSetItem#51413","MirageStoreSetItem#0",0,0,0
17424,"MirageStoreSetItem#51413","MirageStoreSetItem#0",0,0,0
17425,"MirageStoreSetItem#51413","MirageStoreSetItem#0",0,0,0
17427,"MirageStoreSetItem#51407","MirageStoreSetItem#0",0,0,0
17428,"MirageStoreSetItem#51407","MirageStoreSetItem#0",0,0,0
17429,"MirageStoreSetItem#51407","MirageStoreSetItem#0",0,0,0
17430,"MirageStoreSetItem#51407","MirageStoreSetItem#0",0,0,0
17431,"MirageStoreSetItem#51408","MirageStoreSetItem#51409",0,0,0
17432,"MirageStoreSetItem#51408","MirageStoreSetItem#51409",0,0,0
17433,"MirageStoreSetItem#51408","MirageStoreSetItem#51409",0,0,0
17434,"MirageStoreSetItem#51408","MirageStoreSetItem#51409",0,0,0
17435,"MirageStoreSetItem#51410","MirageStoreSetItem#51411",0,0,0
17436,"MirageStoreSetItem#51410","MirageStoreSetItem#51411",0,0,0
17437,"MirageStoreSetItem#51410","MirageStoreSetItem#51411",0,0,0
17438,"MirageStoreSetItem#51410","MirageStoreSetItem#51411",0,0,0
17439,"MirageStoreSetItem#51412","MirageStoreSetItem#0",0,0,0
17440,"MirageStoreSetItem#51412","MirageStoreSetItem#0",0,0,0
17441,"MirageStoreSetItem#51412","MirageStoreSetItem#0",0,0,0
17442,"MirageStoreSetItem#51412","MirageStoreSetItem#0",0,0,0
17443,"MirageStoreSetItem#51413","MirageStoreSetItem#0",0,0,0
17444,"MirageStoreSetItem#51413","MirageStoreSetItem#0",0,0,0
17445,"MirageStoreSetItem#51413","MirageStoreSetItem#0",0,0,0
17446,"MirageStoreSetItem#51413","MirageStoreSetItem#0",0,0,0
17462,"MirageStoreSetItem#45262","MirageStoreSetItem#0",0,0,0
17463,"MirageStoreSetItem#45262","MirageStoreSetItem#0",0,0,0
17464,"MirageStoreSetItem#45262","MirageStoreSetItem#0",0,0,0
17465,"MirageStoreSetItem#45262","MirageStoreSetItem#0",0,0,0
17466,"MirageStoreSetItem#45263","MirageStoreSetItem#0",0,0,0
17467,"MirageStoreSetItem#45263","MirageStoreSetItem#0",0,0,0
17468,"MirageStoreSetItem#45263","MirageStoreSetItem#0",0,0,0
17469,"MirageStoreSetItem#45263","MirageStoreSetItem#0",0,0,0
17473,"MirageStoreSetItem#45264","MirageStoreSetItem#0",0,0,0
17474,"MirageStoreSetItem#45264","MirageStoreSetItem#0",0,0,0
17476,"MirageStoreSetItem#45265","MirageStoreSetItem#0",0,0,0
17477,"MirageStoreSetItem#45265","MirageStoreSetItem#0",0,0,0
17478,"MirageStoreSetItem#45265","MirageStoreSetItem#0",0,0,0
17479,"MirageStoreSetItem#45265","MirageStoreSetItem#0",0,0,0
17480,"MirageStoreSetItem#45265","MirageStoreSetItem#0",0,0,0
17481,"MirageStoreSetItem#45266","MirageStoreSetItem#0",0,0,0
17482,"MirageStoreSetItem#45266","MirageStoreSetItem#0",0,0,0
17483,"MirageStoreSetItem#45266","MirageStoreSetItem#0",0,0,0
17484,"MirageStoreSetItem#45266","MirageStoreSetItem#0",0,0,0
17485,"MirageStoreSetItem#45266","MirageStoreSetItem#0",0,0,0
17486,"MirageStoreSetItem#45267","MirageStoreSetItem#0",0,0,0
17487,"MirageStoreSetItem#45267","MirageStoreSetItem#0",0,0,0
17488,"MirageStoreSetItem#45267","MirageStoreSetItem#0",0,0,0
17489,"MirageStoreSetItem#45267","MirageStoreSetItem#0",0,0,0
17490,"MirageStoreSetItem#45268","MirageStoreSetItem#0",0,0,0
17491,"MirageStoreSetItem#45269","MirageStoreSetItem#0",0,0,0
17492,"MirageStoreSetItem#45269","MirageStoreSetItem#0",0,0,0
17493,"MirageStoreSetItem#45269","MirageStoreSetItem#0",0,0,0
17494,"MirageStoreSetItem#45269","MirageStoreSetItem#0",0,0,0
17496,"MirageStoreSetItem#45270","MirageStoreSetItem#0",0,0,0
17497,"MirageStoreSetItem#45270","MirageStoreSetItem#0",0,0,0
17498,"MirageStoreSetItem#45270","MirageStoreSetItem#0",0,0,0
17499,"MirageStoreSetItem#45270","MirageStoreSetItem#0",0,0,0
17596,"MirageStoreSetItem#45271","MirageStoreSetItem#0",0,0,0
17597,"MirageStoreSetItem#45271","MirageStoreSetItem#0",0,0,0
17598,"MirageStoreSetItem#45271","MirageStoreSetItem#0",0,0,0
17599,"MirageStoreSetItem#45271","MirageStoreSetItem#0",0,0,0
17600,"MirageStoreSetItem#45272","MirageStoreSetItem#0",0,0,0
17601,"MirageStoreSetItem#45272","MirageStoreSetItem#0",0,0,0
17602,"MirageStoreSetItem#45272","MirageStoreSetItem#0",0,0,0
17603,"MirageStoreSetItem#45272","MirageStoreSetItem#0",0,0,0
17618,"MirageStoreSetItem#45267","MirageStoreSetItem#0",0,0,0
17718,"MirageStoreSetItem#45273","MirageStoreSetItem#0",0,0,0
17719,"MirageStoreSetItem#45273","MirageStoreSetItem#0",0,0,0
17720,"MirageStoreSetItem#45273","MirageStoreSetItem#0",0,0,0
17721,"MirageStoreSetItem#45273","MirageStoreSetItem#0",0,0,0
17722,"MirageStoreSetItem#45273","MirageStoreSetItem#0",0,0,0
18127,"MirageStoreSetItem#51414","MirageStoreSetItem#0",0,0,0
18128,"MirageStoreSetItem#51414","MirageStoreSetItem#0",0,0,0
18129,"MirageStoreSetItem#51414","MirageStoreSetItem#0",0,0,0
18130,"MirageStoreSetItem#51414","MirageStoreSetItem#0",0,0,0
18131,"MirageStoreSetItem#51414","MirageStoreSetItem#0",0,0,0
18133,"MirageStoreSetItem#51415","MirageStoreSetItem#0",0,0,0
18134,"MirageStoreSetItem#51415","MirageStoreSetItem#0",0,0,0
18135,"MirageStoreSetItem#51415","MirageStoreSetItem#0",0,0,0
18136,"MirageStoreSetItem#51415","MirageStoreSetItem#0",0,0,0
18137,"MirageStoreSetItem#51415","MirageStoreSetItem#0",0,0,0
18139,"MirageStoreSetItem#51416","MirageStoreSetItem#0",0,0,0
18140,"MirageStoreSetItem#51416","MirageStoreSetItem#0",0,0,0
18141,"MirageStoreSetItem#51416","MirageStoreSetItem#0",0,0,0
18142,"MirageStoreSetItem#51416","MirageStoreSetItem#0",0,0,0
18143,"MirageStoreSetItem#51416","MirageStoreSetItem#0",0,0,0
18145,"MirageStoreSetItem#51417","MirageStoreSetItem#0",0,0,0
18146,"MirageStoreSetItem#51417","MirageStoreSetItem#0",0,0,0
18147,"MirageStoreSetItem#51417","MirageStoreSetItem#0",0,0,0
18148,"MirageStoreSetItem#51417","MirageStoreSetItem#0",0,0,0
18149,"MirageStoreSetItem#51417","MirageStoreSetItem#0",0,0,0
18151,"MirageStoreSetItem#51418","MirageStoreSetItem#0",0,0,0
18152,"MirageStoreSetItem#51418","MirageStoreSetItem#0",0,0,0
18153,"MirageStoreSetItem#51418","MirageStoreSetItem#0",0,0,0
18154,"MirageStoreSetItem#51418","MirageStoreSetItem#0",0,0,0
18155,"MirageStoreSetItem#51418","MirageStoreSetItem#0",0,0,0
18157,"MirageStoreSetItem#51419","MirageStoreSetItem#0",0,0,0
18158,"MirageStoreSetItem#51419","MirageStoreSetItem#0",0,0,0
18159,"MirageStoreSetItem#51419","MirageStoreSetItem#0",0,0,0
18160,"MirageStoreSetItem#51419","MirageStoreSetItem#0",0,0,0
18161,"MirageStoreSetItem#51419","MirageStoreSetItem#0",0,0,0
18163,"MirageStoreSetItem#51420","MirageStoreSetItem#0",0,0,0
18164,"MirageStoreSetItem#51420","MirageStoreSetItem#0",0,0,0
18165,"MirageStoreSetItem#51420","MirageStoreSetItem#0",0,0,0
18166,"MirageStoreSetItem#51420","MirageStoreSetItem#0",0,0,0
18167,"MirageStoreSetItem#51420","MirageStoreSetItem#0",0,0,0
18169,"MirageStoreSetItem#51414","MirageStoreSetItem#0",0,0,0
18170,"MirageStoreSetItem#51415","MirageStoreSetItem#51416",0,0,0
18171,"MirageStoreSetItem#51417","MirageStoreSetItem#51418",0,0,0
18172,"MirageStoreSetItem#51419","MirageStoreSetItem#0",0,0,0
18173,"MirageStoreSetItem#51420","MirageStoreSetItem#0",0,0,0
18174,"MirageStoreSetItem#51414","MirageStoreSetItem#0",0,0,0
18175,"MirageStoreSetItem#51415","MirageStoreSetItem#51416",0,0,0
18176,"MirageStoreSetItem#51417","MirageStoreSetItem#51418",0,0,0
18177,"MirageStoreSetItem#51419","MirageStoreSetItem#0",0,0,0
18178,"MirageStoreSetItem#51420","MirageStoreSetItem#0",0,0,0
18179,"MirageStoreSetItem#51414","MirageStoreSetItem#0",0,0,0
18180,"MirageStoreSetItem#51415","MirageStoreSetItem#51416",0,0,0
18181,"MirageStoreSetItem#51417","MirageStoreSetItem#51418",0,0,0
18182,"MirageStoreSetItem#51419","MirageStoreSetItem#0",0,0,0
18183,"MirageStoreSetItem#51420","MirageStoreSetItem#0",0,0,0
18184,"MirageStoreSetItem#51414","MirageStoreSetItem#0",0,0,0
18185,"MirageStoreSetItem#51415","MirageStoreSetItem#51416",0,0,0
18186,"MirageStoreSetItem#51417","MirageStoreSetItem#51418",0,0,0
18187,"MirageStoreSetItem#51419","MirageStoreSetItem#0",0,0,0
18188,"MirageStoreSetItem#51420","MirageStoreSetItem#0",0,0,0
18283,"MirageStoreSetItem#51421","MirageStoreSetItem#0",0,0,0
18284,"MirageStoreSetItem#51421","MirageStoreSetItem#0",0,0,0
18285,"MirageStoreSetItem#51421","MirageStoreSetItem#0",0,0,0
18286,"MirageStoreSetItem#51421","MirageStoreSetItem#0",0,0,0
18287,"MirageStoreSetItem#51421","MirageStoreSetItem#0",0,0,0
18289,"MirageStoreSetItem#51422","MirageStoreSetItem#0",0,0,0
18290,"MirageStoreSetItem#51422","MirageStoreSetItem#0",0,0,0
18291,"MirageStoreSetItem#51422","MirageStoreSetItem#0",0,0,0
18292,"MirageStoreSetItem#51422","MirageStoreSetItem#0",0,0,0
18293,"MirageStoreSetItem#51422","MirageStoreSetItem#0",0,0,0
18295,"MirageStoreSetItem#51423","MirageStoreSetItem#0",0,0,0
18296,"MirageStoreSetItem#51423","MirageStoreSetItem#0",0,0,0
18297,"MirageStoreSetItem#51423","MirageStoreSetItem#0",0,0,0
18298,"MirageStoreSetItem#51423","MirageStoreSetItem#0",0,0,0
18299,"MirageStoreSetItem#51423","MirageStoreSetItem#0",0,0,0
18301,"MirageStoreSetItem#51424","MirageStoreSetItem#0",0,0,0
18302,"MirageStoreSetItem#51424","MirageStoreSetItem#0",0,0,0
18303,"MirageStoreSetItem#51424","MirageStoreSetItem#0",0,0,0
18304,"MirageStoreSetItem#51424","MirageStoreSetItem#0",0,0,0
18305,"MirageStoreSetItem#51424","MirageStoreSetItem#0",0,0,0
18307,"MirageStoreSetItem#51425","MirageStoreSetItem#0",0,0,0
18308,"MirageStoreSetItem#51425","MirageStoreSetItem#0",0,0,0
18309,"MirageStoreSetItem#51425","MirageStoreSetItem#0",0,0,0
18310,"MirageStoreSetItem#51425","MirageStoreSetItem#0",0,0,0
18311,"MirageStoreSetItem#51425","MirageStoreSetItem#0",0,0,0
18313,"MirageStoreSetItem#51426","MirageStoreSetItem#0",0,0,0
18314,"MirageStoreSetItem#51426","MirageStoreSetItem#0",0,0,0
18315,"MirageStoreSetItem#51426","MirageStoreSetItem#0",0,0,0
18316,"MirageStoreSetItem#51426","MirageStoreSetItem#0",0,0,0
18317,"MirageStoreSetItem#51426","MirageStoreSetItem#0",0,0,0
18319,"MirageStoreSetItem#51427","MirageStoreSetItem#0",0,0,0
18320,"MirageStoreSetItem#51427","MirageStoreSetItem#0",0,0,0
18321,"MirageStoreSetItem#51427","MirageStoreSetItem#0",0,0,0
18322,"MirageStoreSetItem#51427","MirageStoreSetItem#0",0,0,0
18323,"MirageStoreSetItem#51427","MirageStoreSetItem#0",0,0,0
18325,"MirageStoreSetItem#51421","MirageStoreSetItem#0",0,0,0
18326,"MirageStoreSetItem#51422","MirageStoreSetItem#51423",0,0,0
18327,"MirageStoreSetItem#51424","MirageStoreSetItem#51425",0,0,0
18328,"MirageStoreSetItem#51426","MirageStoreSetItem#0",0,0,0
18329,"MirageStoreSetItem#51427","MirageStoreSetItem#0",0,0,0
18330,"MirageStoreSetItem#51421","MirageStoreSetItem#0",0,0,0
18331,"MirageStoreSetItem#51422","MirageStoreSetItem#51423",0,0,0
18332,"MirageStoreSetItem#51424","MirageStoreSetItem#51425",0,0,0
18333,"MirageStoreSetItem#51426","MirageStoreSetItem#0",0,0,0
18334,"MirageStoreSetItem#51427","MirageStoreSetItem#0",0,0,0
18335,"MirageStoreSetItem#51421","MirageStoreSetItem#0",0,0,0
18336,"MirageStoreSetItem#51422","MirageStoreSetItem#51423",0,0,0
18337,"MirageStoreSetItem#51424","MirageStoreSetItem#51425",0,0,0
18338,"MirageStoreSetItem#51426","MirageStoreSetItem#0",0,0,0
18339,"MirageStoreSetItem#51427","MirageStoreSetItem#0",0,0,0
18340,"MirageStoreSetItem#51421","MirageStoreSetItem#0",0,0,0
18341,"MirageStoreSetItem#51422","MirageStoreSetItem#51423",0,0,0
18342,"MirageStoreSetItem#51424","MirageStoreSetItem#51425",0,0,0
18343,"MirageStoreSetItem#51426","MirageStoreSetItem#0",0,0,0
18344,"MirageStoreSetItem#51427","MirageStoreSetItem#0",0,0,0
18439,"MirageStoreSetItem#51428","MirageStoreSetItem#0",0,0,0
18440,"MirageStoreSetItem#51428","MirageStoreSetItem#0",0,0,0
18441,"MirageStoreSetItem#51428","MirageStoreSetItem#0",0,0,0
18442,"MirageStoreSetItem#51428","MirageStoreSetItem#0",0,0,0
18443,"MirageStoreSetItem#51428","MirageStoreSetItem#0",0,0,0
18445,"MirageStoreSetItem#51429","MirageStoreSetItem#0",0,0,0
18446,"MirageStoreSetItem#51429","MirageStoreSetItem#0",0,0,0
18447,"MirageStoreSetItem#51429","MirageStoreSetItem#0",0,0,0
18448,"MirageStoreSetItem#51429","MirageStoreSetItem#0",0,0,0
18449,"MirageStoreSetItem#51429","MirageStoreSetItem#0",0,0,0
18451,"MirageStoreSetItem#51430","MirageStoreSetItem#0",0,0,0
18452,"MirageStoreSetItem#51430","MirageStoreSetItem#0",0,0,0
18453,"MirageStoreSetItem#51430","MirageStoreSetItem#0",0,0,0
18454,"MirageStoreSetItem#51430","MirageStoreSetItem#0",0,0,0
18455,"MirageStoreSetItem#51430","MirageStoreSetItem#0",0,0,0
18457,"MirageStoreSetItem#51431","MirageStoreSetItem#0",0,0,0
18458,"MirageStoreSetItem#51431","MirageStoreSetItem#0",0,0,0
18459,"MirageStoreSetItem#51431","MirageStoreSetItem#0",0,0,0
18460,"MirageStoreSetItem#51431","MirageStoreSetItem#0",0,0,0
18461,"MirageStoreSetItem#51431","MirageStoreSetItem#0",0,0,0
18463,"MirageStoreSetItem#51432","MirageStoreSetItem#0",0,0,0
18464,"MirageStoreSetItem#51432","MirageStoreSetItem#0",0,0,0
18465,"MirageStoreSetItem#51432","MirageStoreSetItem#0",0,0,0
18466,"MirageStoreSetItem#51432","MirageStoreSetItem#0",0,0,0
18467,"MirageStoreSetItem#51432","MirageStoreSetItem#0",0,0,0
18469,"MirageStoreSetItem#51433","MirageStoreSetItem#0",0,0,0
18470,"MirageStoreSetItem#51433","MirageStoreSetItem#0",0,0,0
18471,"MirageStoreSetItem#51433","MirageStoreSetItem#0",0,0,0
18472,"MirageStoreSetItem#51433","MirageStoreSetItem#0",0,0,0
18473,"MirageStoreSetItem#51433","MirageStoreSetItem#0",0,0,0
18475,"MirageStoreSetItem#51434","MirageStoreSetItem#0",0,0,0
18476,"MirageStoreSetItem#51434","MirageStoreSetItem#0",0,0,0
18477,"MirageStoreSetItem#51434","MirageStoreSetItem#0",0,0,0
18478,"MirageStoreSetItem#51434","MirageStoreSetItem#0",0,0,0
18479,"MirageStoreSetItem#51434","MirageStoreSetItem#0",0,0,0
18481,"MirageStoreSetItem#51428","MirageStoreSetItem#0",0,0,0
18482,"MirageStoreSetItem#51429","MirageStoreSetItem#51430",0,0,0
18483,"MirageStoreSetItem#51431","MirageStoreSetItem#51432",0,0,0
18484,"MirageStoreSetItem#51433","MirageStoreSetItem#0",0,0,0
18485,"MirageStoreSetItem#51434","MirageStoreSetItem#0",0,0,0
18486,"MirageStoreSetItem#51428","MirageStoreSetItem#0",0,0,0
18487,"MirageStoreSetItem#51429","MirageStoreSetItem#51430",0,0,0
18488,"MirageStoreSetItem#51431","MirageStoreSetItem#51432",0,0,0
18489,"MirageStoreSetItem#51433","MirageStoreSetItem#0",0,0,0
18490,"MirageStoreSetItem#51434","MirageStoreSetItem#0",0,0,0
18491,"MirageStoreSetItem#51428","MirageStoreSetItem#0",0,0,0
18492,"MirageStoreSetItem#51429","MirageStoreSetItem#51430",0,0,0
18493,"MirageStoreSetItem#51431","MirageStoreSetItem#51432",0,0,0
18494,"MirageStoreSetItem#51433","MirageStoreSetItem#0",0,0,0
18495,"MirageStoreSetItem#51434","MirageStoreSetItem#0",0,0,0
18496,"MirageStoreSetItem#51428","MirageStoreSetItem#0",0,0,0
18497,"MirageStoreSetItem#51429","MirageStoreSetItem#51430",0,0,0
18498,"MirageStoreSetItem#51431","MirageStoreSetItem#51432",0,0,0
18499,"MirageStoreSetItem#51433","MirageStoreSetItem#0",0,0,0
18500,"MirageStoreSetItem#51434","MirageStoreSetItem#0",0,0,0
18595,"MirageStoreSetItem#51435","MirageStoreSetItem#0",0,0,0
18596,"MirageStoreSetItem#51435","MirageStoreSetItem#0",0,0,0
18597,"MirageStoreSetItem#51435","MirageStoreSetItem#0",0,0,0
18598,"MirageStoreSetItem#51435","MirageStoreSetItem#0",0,0,0
18599,"MirageStoreSetItem#51435","MirageStoreSetItem#0",0,0,0
18601,"MirageStoreSetItem#51436","MirageStoreSetItem#0",0,0,0
18602,"MirageStoreSetItem#51436","MirageStoreSetItem#0",0,0,0
18603,"MirageStoreSetItem#51436","MirageStoreSetItem#0",0,0,0
18604,"MirageStoreSetItem#51436","MirageStoreSetItem#0",0,0,0
18605,"MirageStoreSetItem#51436","MirageStoreSetItem#0",0,0,0
18607,"MirageStoreSetItem#51437","MirageStoreSetItem#0",0,0,0
18608,"MirageStoreSetItem#51437","MirageStoreSetItem#0",0,0,0
18609,"MirageStoreSetItem#51437","MirageStoreSetItem#0",0,0,0
18610,"MirageStoreSetItem#51437","MirageStoreSetItem#0",0,0,0
18611,"MirageStoreSetItem#51437","MirageStoreSetItem#0",0,0,0
18613,"MirageStoreSetItem#51438","MirageStoreSetItem#0",0,0,0
18614,"MirageStoreSetItem#51438","MirageStoreSetItem#0",0,0,0
18615,"MirageStoreSetItem#51438","MirageStoreSetItem#0",0,0,0
18616,"MirageStoreSetItem#51438","MirageStoreSetItem#0",0,0,0
18617,"MirageStoreSetItem#51438","MirageStoreSetItem#0",0,0,0
18619,"MirageStoreSetItem#51439","MirageStoreSetItem#0",0,0,0
18620,"MirageStoreSetItem#51439","MirageStoreSetItem#0",0,0,0
18621,"MirageStoreSetItem#51439","MirageStoreSetItem#0",0,0,0
18622,"MirageStoreSetItem#51439","MirageStoreSetItem#0",0,0,0
18623,"MirageStoreSetItem#51439","MirageStoreSetItem#0",0,0,0
18625,"MirageStoreSetItem#51440","MirageStoreSetItem#0",0,0,0
18626,"MirageStoreSetItem#51440","MirageStoreSetItem#0",0,0,0
18627,"MirageStoreSetItem#51440","MirageStoreSetItem#0",0,0,0
18628,"MirageStoreSetItem#51440","MirageStoreSetItem#0",0,0,0
18629,"MirageStoreSetItem#51440","MirageStoreSetItem#0",0,0,0
18631,"MirageStoreSetItem#51441","MirageStoreSetItem#0",0,0,0
18632,"MirageStoreSetItem#51441","MirageStoreSetItem#0",0,0,0
18633,"MirageStoreSetItem#51441","MirageStoreSetItem#0",0,0,0
18634,"MirageStoreSetItem#51441","MirageStoreSetItem#0",0,0,0
18635,"MirageStoreSetItem#51441","MirageStoreSetItem#0",0,0,0
18637,"MirageStoreSetItem#51435","MirageStoreSetItem#0",0,0,0
18638,"MirageStoreSetItem#51436","MirageStoreSetItem#51437",0,0,0
18639,"MirageStoreSetItem#51438","MirageStoreSetItem#51439",0,0,0
18640,"MirageStoreSetItem#51440","MirageStoreSetItem#0",0,0,0
18641,"MirageStoreSetItem#51441","MirageStoreSetItem#0",0,0,0
18642,"MirageStoreSetItem#51435","MirageStoreSetItem#0",0,0,0
18643,"MirageStoreSetItem#51436","MirageStoreSetItem#51437",0,0,0
18644,"MirageStoreSetItem#51438","MirageStoreSetItem#51439",0,0,0
18645,"MirageStoreSetItem#51440","MirageStoreSetItem#0",0,0,0
18646,"MirageStoreSetItem#51441","MirageStoreSetItem#0",0,0,0
18647,"MirageStoreSetItem#51435","MirageStoreSetItem#0",0,0,0
18648,"MirageStoreSetItem#51436","MirageStoreSetItem#51437",0,0,0
18649,"MirageStoreSetItem#51438","MirageStoreSetItem#51439",0,0,0
18650,"MirageStoreSetItem#51440","MirageStoreSetItem#0",0,0,0
18651,"MirageStoreSetItem#51441","MirageStoreSetItem#0",0,0,0
18652,"MirageStoreSetItem#51435","MirageStoreSetItem#0",0,0,0
18653,"MirageStoreSetItem#51436","MirageStoreSetItem#51437",0,0,0
18654,"MirageStoreSetItem#51438","MirageStoreSetItem#51439",0,0,0
18655,"MirageStoreSetItem#51440","MirageStoreSetItem#0",0,0,0
18656,"MirageStoreSetItem#51441","MirageStoreSetItem#0",0,0,0
18751,"MirageStoreSetItem#51442","MirageStoreSetItem#0",0,0,0
18752,"MirageStoreSetItem#51442","MirageStoreSetItem#0",0,0,0
18753,"MirageStoreSetItem#51442","MirageStoreSetItem#0",0,0,0
18754,"MirageStoreSetItem#51442","MirageStoreSetItem#0",0,0,0
18755,"MirageStoreSetItem#51442","MirageStoreSetItem#0",0,0,0
18757,"MirageStoreSetItem#51443","MirageStoreSetItem#0",0,0,0
18758,"MirageStoreSetItem#51443","MirageStoreSetItem#0",0,0,0
18759,"MirageStoreSetItem#51443","MirageStoreSetItem#0",0,0,0
18760,"MirageStoreSetItem#51443","MirageStoreSetItem#0",0,0,0
18761,"MirageStoreSetItem#51443","MirageStoreSetItem#0",0,0,0
18763,"MirageStoreSetItem#51444","MirageStoreSetItem#0",0,0,0
18764,"MirageStoreSetItem#51444","MirageStoreSetItem#0",0,0,0
18765,"MirageStoreSetItem#51444","MirageStoreSetItem#0",0,0,0
18766,"MirageStoreSetItem#51444","MirageStoreSetItem#0",0,0,0
18767,"MirageStoreSetItem#51444","MirageStoreSetItem#0",0,0,0
18769,"MirageStoreSetItem#51445","MirageStoreSetItem#0",0,0,0
18770,"MirageStoreSetItem#51445","MirageStoreSetItem#0",0,0,0
18771,"MirageStoreSetItem#51445","MirageStoreSetItem#0",0,0,0
18772,"MirageStoreSetItem#51445","MirageStoreSetItem#0",0,0,0
18773,"MirageStoreSetItem#51445","MirageStoreSetItem#0",0,0,0
18775,"MirageStoreSetItem#51446","MirageStoreSetItem#0",0,0,0
18776,"MirageStoreSetItem#51446","MirageStoreSetItem#0",0,0,0
18777,"MirageStoreSetItem#51446","MirageStoreSetItem#0",0,0,0
18778,"MirageStoreSetItem#51446","MirageStoreSetItem#0",0,0,0
18779,"MirageStoreSetItem#51446","MirageStoreSetItem#0",0,0,0
18781,"MirageStoreSetItem#51447","MirageStoreSetItem#0",0,0,0
18782,"MirageStoreSetItem#51447","MirageStoreSetItem#0",0,0,0
18783,"MirageStoreSetItem#51447","MirageStoreSetItem#0",0,0,0
18784,"MirageStoreSetItem#51447","MirageStoreSetItem#0",0,0,0
18785,"MirageStoreSetItem#51447","MirageStoreSetItem#0",0,0,0
18787,"MirageStoreSetItem#51448","MirageStoreSetItem#0",0,0,0
18788,"MirageStoreSetItem#51448","MirageStoreSetItem#0",0,0,0
18789,"MirageStoreSetItem#51448","MirageStoreSetItem#0",0,0,0
18790,"MirageStoreSetItem#51448","MirageStoreSetItem#0",0,0,0
18791,"MirageStoreSetItem#51448","MirageStoreSetItem#0",0,0,0
18793,"MirageStoreSetItem#51442","MirageStoreSetItem#0",0,0,0
18794,"MirageStoreSetItem#51443","MirageStoreSetItem#51444",0,0,0
18795,"MirageStoreSetItem#51445","MirageStoreSetItem#51446",0,0,0
18796,"MirageStoreSetItem#51447","MirageStoreSetItem#0",0,0,0
18797,"MirageStoreSetItem#51448","MirageStoreSetItem#0",0,0,0
18798,"MirageStoreSetItem#51442","MirageStoreSetItem#0",0,0,0
18799,"MirageStoreSetItem#51443","MirageStoreSetItem#51444",0,0,0
18800,"MirageStoreSetItem#51445","MirageStoreSetItem#51446",0,0,0
18801,"MirageStoreSetItem#51447","MirageStoreSetItem#0",0,0,0
18802,"MirageStoreSetItem#51448","MirageStoreSetItem#0",0,0,0
18803,"MirageStoreSetItem#51442","MirageStoreSetItem#0",0,0,0
18804,"MirageStoreSetItem#51443","MirageStoreSetItem#51444",0,0,0
18805,"MirageStoreSetItem#51445","MirageStoreSetItem#51446",0,0,0
18806,"MirageStoreSetItem#51447","MirageStoreSetItem#0",0,0,0
18807,"MirageStoreSetItem#51448","MirageStoreSetItem#0",0,0,0
18808,"MirageStoreSetItem#51442","MirageStoreSetItem#0",0,0,0
18809,"MirageStoreSetItem#51443","MirageStoreSetItem#51444",0,0,0
18810,"MirageStoreSetItem#51445","MirageStoreSetItem#51446",0,0,0
18811,"MirageStoreSetItem#51447","MirageStoreSetItem#0",0,0,0
18812,"MirageStoreSetItem#51448","MirageStoreSetItem#0",0,0,0
18829,"MirageStoreSetItem#51449","MirageStoreSetItem#0",0,0,0
18830,"MirageStoreSetItem#51449","MirageStoreSetItem#0",0,0,0
18831,"MirageStoreSetItem#51449","MirageStoreSetItem#0",0,0,0
18832,"MirageStoreSetItem#51449","MirageStoreSetItem#0",0,0,0
18833,"MirageStoreSetItem#51449","MirageStoreSetItem#0",0,0,0
18835,"MirageStoreSetItem#51450","MirageStoreSetItem#0",0,0,0
18836,"MirageStoreSetItem#51450","MirageStoreSetItem#0",0,0,0
18837,"MirageStoreSetItem#51450","MirageStoreSetItem#0",0,0,0
18838,"MirageStoreSetItem#51450","MirageStoreSetItem#0",0,0,0
18839,"MirageStoreSetItem#51450","MirageStoreSetItem#0",0,0,0
18841,"MirageStoreSetItem#51451","MirageStoreSetItem#0",0,0,0
18842,"MirageStoreSetItem#51451","MirageStoreSetItem#0",0,0,0
18843,"MirageStoreSetItem#51451","MirageStoreSetItem#0",0,0,0
18844,"MirageStoreSetItem#51451","MirageStoreSetItem#0",0,0,0
18845,"MirageStoreSetItem#51451","MirageStoreSetItem#0",0,0,0
18847,"MirageStoreSetItem#51452","MirageStoreSetItem#0",0,0,0
18848,"MirageStoreSetItem#51452","MirageStoreSetItem#0",0,0,0
18849,"MirageStoreSetItem#51452","MirageStoreSetItem#0",0,0,0
18850,"MirageStoreSetItem#51452","MirageStoreSetItem#0",0,0,0
18851,"MirageStoreSetItem#51452","MirageStoreSetItem#0",0,0,0
18853,"MirageStoreSetItem#51453","MirageStoreSetItem#0",0,0,0
18854,"MirageStoreSetItem#51453","MirageStoreSetItem#0",0,0,0
18855,"MirageStoreSetItem#51453","MirageStoreSetItem#0",0,0,0
18856,"MirageStoreSetItem#51453","MirageStoreSetItem#0",0,0,0
18857,"MirageStoreSetItem#51453","MirageStoreSetItem#0",0,0,0
18859,"MirageStoreSetItem#51454","MirageStoreSetItem#0",0,0,0
18860,"MirageStoreSetItem#51454","MirageStoreSetItem#0",0,0,0
18861,"MirageStoreSetItem#51454","MirageStoreSetItem#0",0,0,0
18862,"MirageStoreSetItem#51454","MirageStoreSetItem#0",0,0,0
18863,"MirageStoreSetItem#51454","MirageStoreSetItem#0",0,0,0
18865,"MirageStoreSetItem#51455","MirageStoreSetItem#0",0,0,0
18866,"MirageStoreSetItem#51455","MirageStoreSetItem#0",0,0,0
18867,"MirageStoreSetItem#51455","MirageStoreSetItem#0",0,0,0
18868,"MirageStoreSetItem#51455","MirageStoreSetItem#0",0,0,0
18869,"MirageStoreSetItem#51455","MirageStoreSetItem#0",0,0,0
18871,"MirageStoreSetItem#51449","MirageStoreSetItem#0",0,0,0
18872,"MirageStoreSetItem#51450","MirageStoreSetItem#51451",0,0,0
18873,"MirageStoreSetItem#51452","MirageStoreSetItem#51453",0,0,0
18874,"MirageStoreSetItem#51454","MirageStoreSetItem#0",0,0,0
18875,"MirageStoreSetItem#51455","MirageStoreSetItem#0",0,0,0
18876,"MirageStoreSetItem#51449","MirageStoreSetItem#0",0,0,0
18877,"MirageStoreSetItem#51450","MirageStoreSetItem#51451",0,0,0
18878,"MirageStoreSetItem#51452","MirageStoreSetItem#51453",0,0,0
18879,"MirageStoreSetItem#51454","MirageStoreSetItem#0",0,0,0
18880,"MirageStoreSetItem#51455","MirageStoreSetItem#0",0,0,0
18881,"MirageStoreSetItem#51449","MirageStoreSetItem#0",0,0,0
18882,"MirageStoreSetItem#51450","MirageStoreSetItem#51451",0,0,0
18883,"MirageStoreSetItem#51452","MirageStoreSetItem#51453",0,0,0
18884,"MirageStoreSetItem#51454","MirageStoreSetItem#0",0,0,0
18885,"MirageStoreSetItem#51455","MirageStoreSetItem#0",0,0,0
18886,"MirageStoreSetItem#51449","MirageStoreSetItem#0",0,0,0
18887,"MirageStoreSetItem#51450","MirageStoreSetItem#51451",0,0,0
18888,"MirageStoreSetItem#51452","MirageStoreSetItem#51453",0,0,0
18889,"MirageStoreSetItem#51454","MirageStoreSetItem#0",0,0,0
18890,"MirageStoreSetItem#51455","MirageStoreSetItem#0",0,0,0
19063,"MirageStoreSetItem#45274","MirageStoreSetItem#0",0,0,0
19064,"MirageStoreSetItem#45274","MirageStoreSetItem#0",0,0,0
19065,"MirageStoreSetItem#45274","MirageStoreSetItem#0",0,0,0
19066,"MirageStoreSetItem#45274","MirageStoreSetItem#0",0,0,0
19067,"MirageStoreSetItem#45274","MirageStoreSetItem#0",0,0,0
19069,"MirageStoreSetItem#45275","MirageStoreSetItem#0",0,0,0
19070,"MirageStoreSetItem#45275","MirageStoreSetItem#0",0,0,0
19071,"MirageStoreSetItem#45275","MirageStoreSetItem#0",0,0,0
19072,"MirageStoreSetItem#45275","MirageStoreSetItem#0",0,0,0
19073,"MirageStoreSetItem#45275","MirageStoreSetItem#0",0,0,0
19075,"MirageStoreSetItem#45276","MirageStoreSetItem#0",0,0,0
19076,"MirageStoreSetItem#45276","MirageStoreSetItem#0",0,0,0
19077,"MirageStoreSetItem#45276","MirageStoreSetItem#0",0,0,0
19078,"MirageStoreSetItem#45276","MirageStoreSetItem#0",0,0,0
19079,"MirageStoreSetItem#45276","MirageStoreSetItem#0",0,0,0
19081,"MirageStoreSetItem#45277","MirageStoreSetItem#0",0,0,0
19082,"MirageStoreSetItem#45277","MirageStoreSetItem#0",0,0,0
19083,"MirageStoreSetItem#45277","MirageStoreSetItem#0",0,0,0
19084,"MirageStoreSetItem#45277","MirageStoreSetItem#0",0,0,0
19085,"MirageStoreSetItem#45277","MirageStoreSetItem#0",0,0,0
19087,"MirageStoreSetItem#45278","MirageStoreSetItem#0",0,0,0
19088,"MirageStoreSetItem#45278","MirageStoreSetItem#0",0,0,0
19089,"MirageStoreSetItem#45278","MirageStoreSetItem#0",0,0,0
19090,"MirageStoreSetItem#45278","MirageStoreSetItem#0",0,0,0
19091,"MirageStoreSetItem#45278","MirageStoreSetItem#0",0,0,0
19093,"MirageStoreSetItem#45279","MirageStoreSetItem#0",0,0,0
19094,"MirageStoreSetItem#45279","MirageStoreSetItem#0",0,0,0
19095,"MirageStoreSetItem#45279","MirageStoreSetItem#0",0,0,0
19096,"MirageStoreSetItem#45279","MirageStoreSetItem#0",0,0,0
19097,"MirageStoreSetItem#45279","MirageStoreSetItem#0",0,0,0
19099,"MirageStoreSetItem#45280","MirageStoreSetItem#0",0,0,0
19100,"MirageStoreSetItem#45280","MirageStoreSetItem#0",0,0,0
19101,"MirageStoreSetItem#45280","MirageStoreSetItem#0",0,0,0
19102,"MirageStoreSetItem#45280","MirageStoreSetItem#0",0,0,0
19103,"MirageStoreSetItem#45280","MirageStoreSetItem#0",0,0,0
20470,"MirageStoreSetItem#45281","MirageStoreSetItem#0",0,0,0
20471,"MirageStoreSetItem#45281","MirageStoreSetItem#0",0,0,0
20472,"MirageStoreSetItem#45281","MirageStoreSetItem#0",0,0,0
20473,"MirageStoreSetItem#45281","MirageStoreSetItem#0",0,0,0
20474,"MirageStoreSetItem#45281","MirageStoreSetItem#0",0,0,0
20475,"MirageStoreSetItem#45282","MirageStoreSetItem#0",0,0,0
20476,"MirageStoreSetItem#45282","MirageStoreSetItem#0",0,0,0
20477,"MirageStoreSetItem#45282","MirageStoreSetItem#0",0,0,0
20478,"MirageStoreSetItem#45282","MirageStoreSetItem#0",0,0,0
20479,"MirageStoreSetItem#45283","MirageStoreSetItem#0",0,0,0
20480,"MirageStoreSetItem#45283","MirageStoreSetItem#0",0,0,0
20481,"MirageStoreSetItem#45283","MirageStoreSetItem#0",0,0,0
20482,"MirageStoreSetItem#45283","MirageStoreSetItem#0",0,0,0
20483,"MirageStoreSetItem#45283","MirageStoreSetItem#0",0,0,0
20484,"MirageStoreSetItem#45284","MirageStoreSetItem#0",0,0,0
20485,"MirageStoreSetItem#45284","MirageStoreSetItem#0",0,0,0
20486,"MirageStoreSetItem#45284","MirageStoreSetItem#0",0,0,0
20487,"MirageStoreSetItem#45284","MirageStoreSetItem#0",0,0,0
20488,"MirageStoreSetItem#45284","MirageStoreSetItem#0",0,0,0
20489,"MirageStoreSetItem#45285","MirageStoreSetItem#0",0,0,0
20490,"MirageStoreSetItem#45285","MirageStoreSetItem#0",0,0,0
20491,"MirageStoreSetItem#45285","MirageStoreSetItem#0",0,0,0
20492,"MirageStoreSetItem#45285","MirageStoreSetItem#0",0,0,0
20493,"MirageStoreSetItem#45285","MirageStoreSetItem#0",0,0,0
20494,"MirageStoreSetItem#45286","MirageStoreSetItem#0",0,0,0
20495,"MirageStoreSetItem#45286","MirageStoreSetItem#0",0,0,0
20496,"MirageStoreSetItem#45286","MirageStoreSetItem#0",0,0,0
20497,"MirageStoreSetItem#45286","MirageStoreSetItem#0",0,0,0
20498,"MirageStoreSetItem#45286","MirageStoreSetItem#0",0,0,0
20564,"MirageStoreSetItem#45287","MirageStoreSetItem#0",0,0,0
20565,"MirageStoreSetItem#45287","MirageStoreSetItem#0",0,0,0
20566,"MirageStoreSetItem#45287","MirageStoreSetItem#0",0,0,0
20596,"MirageStoreSetItem#50483","MirageStoreSetItem#0",0,0,0
20597,"MirageStoreSetItem#50483","MirageStoreSetItem#0",0,0,0
20598,"MirageStoreSetItem#50483","MirageStoreSetItem#0",0,0,0
20599,"MirageStoreSetItem#50483","MirageStoreSetItem#0",0,0,0
20600,"MirageStoreSetItem#50483","MirageStoreSetItem#0",0,0,0
20633,"MirageStoreSetItem#45288","MirageStoreSetItem#0",0,0,0
20634,"MirageStoreSetItem#45288","MirageStoreSetItem#0",0,0,0
20635,"MirageStoreSetItem#45288","MirageStoreSetItem#0",0,0,0
20636,"MirageStoreSetItem#45288","MirageStoreSetItem#0",0,0,0
20819,"MirageStoreSetItem#51456","MirageStoreSetItem#0",0,0,0
20820,"MirageStoreSetItem#51456","MirageStoreSetItem#0",0,0,0
20821,"MirageStoreSetItem#51456","MirageStoreSetItem#0",0,0,0
20822,"MirageStoreSetItem#51456","MirageStoreSetItem#0",0,0,0
20823,"MirageStoreSetItem#51456","MirageStoreSetItem#0",0,0,0
20825,"MirageStoreSetItem#51457","MirageStoreSetItem#0",0,0,0
20826,"MirageStoreSetItem#51457","MirageStoreSetItem#0",0,0,0
20827,"MirageStoreSetItem#51457","MirageStoreSetItem#0",0,0,0
20828,"MirageStoreSetItem#51457","MirageStoreSetItem#0",0,0,0
20829,"MirageStoreSetItem#51457","MirageStoreSetItem#0",0,0,0
20831,"MirageStoreSetItem#51458","MirageStoreSetItem#0",0,0,0
20832,"MirageStoreSetItem#51458","MirageStoreSetItem#0",0,0,0
20833,"MirageStoreSetItem#51458","MirageStoreSetItem#0",0,0,0
20834,"MirageStoreSetItem#51458","MirageStoreSetItem#0",0,0,0
20835,"MirageStoreSetItem#51458","MirageStoreSetItem#0",0,0,0
20837,"MirageStoreSetItem#51459","MirageStoreSetItem#0",0,0,0
20838,"MirageStoreSetItem#51459","MirageStoreSetItem#0",0,0,0
20839,"MirageStoreSetItem#51459","MirageStoreSetItem#0",0,0,0
20840,"MirageStoreSetItem#51459","MirageStoreSetItem#0",0,0,0
20841,"MirageStoreSetItem#51459","MirageStoreSetItem#0",0,0,0
20843,"MirageStoreSetItem#51460","MirageStoreSetItem#0",0,0,0
20844,"MirageStoreSetItem#51460","MirageStoreSetItem#0",0,0,0
20845,"MirageStoreSetItem#51460","MirageStoreSetItem#0",0,0,0
20846,"MirageStoreSetItem#51460","MirageStoreSetItem#0",0,0,0
20847,"MirageStoreSetItem#51460","MirageStoreSetItem#0",0,0,0
20849,"MirageStoreSetItem#51461","MirageStoreSetItem#0",0,0,0
20850,"MirageStoreSetItem#51461","MirageStoreSetItem#0",0,0,0
20851,"MirageStoreSetItem#51461","MirageStoreSetItem#0",0,0,0
20852,"MirageStoreSetItem#51461","MirageStoreSetItem#0",0,0,0
20853,"MirageStoreSetItem#51461","MirageStoreSetItem#0",0,0,0
20855,"MirageStoreSetItem#51462","MirageStoreSetItem#0",0,0,0
20856,"MirageStoreSetItem#51462","MirageStoreSetItem#0",0,0,0
20857,"MirageStoreSetItem#51462","MirageStoreSetItem#0",0,0,0
20858,"MirageStoreSetItem#51462","MirageStoreSetItem#0",0,0,0
20859,"MirageStoreSetItem#51462","MirageStoreSetItem#0",0,0,0
20861,"MirageStoreSetItem#51456","MirageStoreSetItem#0",0,0,0
20862,"MirageStoreSetItem#51457","MirageStoreSetItem#51458",0,0,0
20863,"MirageStoreSetItem#51459","MirageStoreSetItem#51460",0,0,0
20864,"MirageStoreSetItem#51461","MirageStoreSetItem#0",0,0,0
20865,"MirageStoreSetItem#51462","MirageStoreSetItem#0",0,0,0
20866,"MirageStoreSetItem#51456","MirageStoreSetItem#0",0,0,0
20867,"MirageStoreSetItem#51457","MirageStoreSetItem#51458",0,0,0
20868,"MirageStoreSetItem#51459","MirageStoreSetItem#51460",0,0,0
20869,"MirageStoreSetItem#51461","MirageStoreSetItem#0",0,0,0
20870,"MirageStoreSetItem#51462","MirageStoreSetItem#0",0,0,0
20871,"MirageStoreSetItem#51456","MirageStoreSetItem#0",0,0,0
20872,"MirageStoreSetItem#51457","MirageStoreSetItem#51458",0,0,0
20873,"MirageStoreSetItem#51459","MirageStoreSetItem#51460",0,0,0
20874,"MirageStoreSetItem#51461","MirageStoreSetItem#0",0,0,0
20875,"MirageStoreSetItem#51462","MirageStoreSetItem#0",0,0,0
20876,"MirageStoreSetItem#51456","MirageStoreSetItem#0",0,0,0
20877,"MirageStoreSetItem#51457","MirageStoreSetItem#51458",0,0,0
20878,"MirageStoreSetItem#51459","MirageStoreSetItem#51460",0,0,0
20879,"MirageStoreSetItem#51461","MirageStoreSetItem#0",0,0,0
20880,"MirageStoreSetItem#51462","MirageStoreSetItem#0",0,0,0
20977,"MirageStoreSetItem#45289","MirageStoreSetItem#0",0,0,0
20978,"MirageStoreSetItem#45289","MirageStoreSetItem#0",0,0,0
20979,"MirageStoreSetItem#45289","MirageStoreSetItem#0",0,0,0
20980,"MirageStoreSetItem#45289","MirageStoreSetItem#0",0,0,0
20981,"MirageStoreSetItem#45289","MirageStoreSetItem#0",0,0,0
21012,"MirageStoreSetItem#45290","MirageStoreSetItem#0",0,0,0
21013,"MirageStoreSetItem#45290","MirageStoreSetItem#0",0,0,0
21014,"MirageStoreSetItem#45290","MirageStoreSetItem#0",0,0,0
21015,"MirageStoreSetItem#45290","MirageStoreSetItem#0",0,0,0
21016,"MirageStoreSetItem#45290","MirageStoreSetItem#0",0,0,0
21017,"MirageStoreSetItem#45291","MirageStoreSetItem#45292",0,0,0
21018,"MirageStoreSetItem#45291","MirageStoreSetItem#45292",0,0,0
21019,"MirageStoreSetItem#45291","MirageStoreSetItem#45292",0,0,0
21020,"MirageStoreSetItem#45291","MirageStoreSetItem#45292",0,0,0
21021,"MirageStoreSetItem#45291","MirageStoreSetItem#0",0,0,0
21026,"MirageStoreSetItem#45292","MirageStoreSetItem#0",0,0,0
21027,"MirageStoreSetItem#45293","MirageStoreSetItem#0",0,0,0
21028,"MirageStoreSetItem#45294","MirageStoreSetItem#0",0,0,0
21029,"MirageStoreSetItem#45293","MirageStoreSetItem#0",0,0,0
21030,"MirageStoreSetItem#45294","MirageStoreSetItem#0",0,0,0
21031,"MirageStoreSetItem#45293","MirageStoreSetItem#0",0,0,0
21032,"MirageStoreSetItem#45294","MirageStoreSetItem#0",0,0,0
21219,"MirageStoreSetItem#50681","MirageStoreSetItem#0",0,0,0
21220,"MirageStoreSetItem#50681","MirageStoreSetItem#0",0,0,0
21221,"MirageStoreSetItem#50681","MirageStoreSetItem#0",0,0,0
21222,"MirageStoreSetItem#50681","MirageStoreSetItem#0",0,0,0
21223,"MirageStoreSetItem#50681","MirageStoreSetItem#0",0,0,0
21224,"MirageStoreSetItem#50682","MirageStoreSetItem#0",0,0,0
21225,"MirageStoreSetItem#50682","MirageStoreSetItem#0",0,0,0
21226,"MirageStoreSetItem#50682","MirageStoreSetItem#0",0,0,0
21227,"MirageStoreSetItem#50682","MirageStoreSetItem#0",0,0,0
21228,"MirageStoreSetItem#50682","MirageStoreSetItem#0",0,0,0
21229,"MirageStoreSetItem#50683","MirageStoreSetItem#0",0,0,0
21230,"MirageStoreSetItem#50683","MirageStoreSetItem#0",0,0,0
21231,"MirageStoreSetItem#50683","MirageStoreSetItem#0",0,0,0
21232,"MirageStoreSetItem#50683","MirageStoreSetItem#0",0,0,0
21233,"MirageStoreSetItem#50683","MirageStoreSetItem#0",0,0,0
21234,"MirageStoreSetItem#50684","MirageStoreSetItem#0",0,0,0
21235,"MirageStoreSetItem#50684","MirageStoreSetItem#0",0,0,0
21236,"MirageStoreSetItem#50684","MirageStoreSetItem#0",0,0,0
21237,"MirageStoreSetItem#50684","MirageStoreSetItem#0",0,0,0
21238,"MirageStoreSetItem#50684","MirageStoreSetItem#0",0,0,0
21239,"MirageStoreSetItem#50685","MirageStoreSetItem#0",0,0,0
21240,"MirageStoreSetItem#50685","MirageStoreSetItem#0",0,0,0
21241,"MirageStoreSetItem#50685","MirageStoreSetItem#0",0,0,0
21242,"MirageStoreSetItem#50685","MirageStoreSetItem#0",0,0,0
21243,"MirageStoreSetItem#50685","MirageStoreSetItem#0",0,0,0
21244,"MirageStoreSetItem#50686","MirageStoreSetItem#0",0,0,0
21245,"MirageStoreSetItem#50686","MirageStoreSetItem#0",0,0,0
21246,"MirageStoreSetItem#50686","MirageStoreSetItem#0",0,0,0
21247,"MirageStoreSetItem#50686","MirageStoreSetItem#0",0,0,0
21248,"MirageStoreSetItem#50686","MirageStoreSetItem#0",0,0,0
21249,"MirageStoreSetItem#50687","MirageStoreSetItem#0",0,0,0
21250,"MirageStoreSetItem#50687","MirageStoreSetItem#0",0,0,0
21251,"MirageStoreSetItem#50687","MirageStoreSetItem#0",0,0,0
21252,"MirageStoreSetItem#50687","MirageStoreSetItem#0",0,0,0
21253,"MirageStoreSetItem#50687","MirageStoreSetItem#0",0,0,0
21254,"MirageStoreSetItem#50688","MirageStoreSetItem#0",0,0,0
21255,"MirageStoreSetItem#50688","MirageStoreSetItem#0",0,0,0
21256,"MirageStoreSetItem#50688","MirageStoreSetItem#0",0,0,0
21257,"MirageStoreSetItem#50688","MirageStoreSetItem#0",0,0,0
21258,"MirageStoreSetItem#50688","MirageStoreSetItem#0",0,0,0
21259,"MirageStoreSetItem#50689","MirageStoreSetItem#0",0,0,0
21260,"MirageStoreSetItem#50689","MirageStoreSetItem#0",0,0,0
21261,"MirageStoreSetItem#50689","MirageStoreSetItem#0",0,0,0
21262,"MirageStoreSetItem#50689","MirageStoreSetItem#0",0,0,0
21263,"MirageStoreSetItem#50689","MirageStoreSetItem#0",0,0,0
21264,"MirageStoreSetItem#50690","MirageStoreSetItem#0",0,0,0
21265,"MirageStoreSetItem#50690","MirageStoreSetItem#0",0,0,0
21266,"MirageStoreSetItem#50690","MirageStoreSetItem#0",0,0,0
21267,"MirageStoreSetItem#50690","MirageStoreSetItem#0",0,0,0
21268,"MirageStoreSetItem#50690","MirageStoreSetItem#0",0,0,0
21269,"MirageStoreSetItem#50691","MirageStoreSetItem#0",0,0,0
21270,"MirageStoreSetItem#50691","MirageStoreSetItem#0",0,0,0
21271,"MirageStoreSetItem#50691","MirageStoreSetItem#0",0,0,0
21272,"MirageStoreSetItem#50691","MirageStoreSetItem#0",0,0,0
21273,"MirageStoreSetItem#50691","MirageStoreSetItem#0",0,0,0
21302,"MirageStoreSetItem#45297","MirageStoreSetItem#0",0,0,0
21303,"MirageStoreSetItem#45297","MirageStoreSetItem#0",0,0,0
21304,"MirageStoreSetItem#45297","MirageStoreSetItem#0",0,0,0
21305,"MirageStoreSetItem#45297","MirageStoreSetItem#0",0,0,0
21306,"MirageStoreSetItem#45297","MirageStoreSetItem#0",0,0,0
21633,"MirageStoreSetItem#51463","MirageStoreSetItem#0",0,0,0
21634,"MirageStoreSetItem#51463","MirageStoreSetItem#0",0,0,0
21635,"MirageStoreSetItem#51463","MirageStoreSetItem#0",0,0,0
21636,"MirageStoreSetItem#51463","MirageStoreSetItem#0",0,0,0
21637,"MirageStoreSetItem#51463","MirageStoreSetItem#0",0,0,0
21639,"MirageStoreSetItem#51464","MirageStoreSetItem#0",0,0,0
21640,"MirageStoreSetItem#51464","MirageStoreSetItem#0",0,0,0
21641,"MirageStoreSetItem#51464","MirageStoreSetItem#0",0,0,0
21642,"MirageStoreSetItem#51464","MirageStoreSetItem#0",0,0,0
21643,"MirageStoreSetItem#51464","MirageStoreSetItem#0",0,0,0
21645,"MirageStoreSetItem#51465","MirageStoreSetItem#0",0,0,0
21646,"MirageStoreSetItem#51465","MirageStoreSetItem#0",0,0,0
21647,"MirageStoreSetItem#51465","MirageStoreSetItem#0",0,0,0
21648,"MirageStoreSetItem#51465","MirageStoreSetItem#0",0,0,0
21649,"MirageStoreSetItem#51465","MirageStoreSetItem#0",0,0,0
21651,"MirageStoreSetItem#51466","MirageStoreSetItem#0",0,0,0
21652,"MirageStoreSetItem#51466","MirageStoreSetItem#0",0,0,0
21653,"MirageStoreSetItem#51466","MirageStoreSetItem#0",0,0,0
21654,"MirageStoreSetItem#51466","MirageStoreSetItem#0",0,0,0
21655,"MirageStoreSetItem#51466","MirageStoreSetItem#0",0,0,0
21657,"MirageStoreSetItem#51467","MirageStoreSetItem#0",0,0,0
21658,"MirageStoreSetItem#51467","MirageStoreSetItem#0",0,0,0
21659,"MirageStoreSetItem#51467","MirageStoreSetItem#0",0,0,0
21660,"MirageStoreSetItem#51467","MirageStoreSetItem#0",0,0,0
21661,"MirageStoreSetItem#51467","MirageStoreSetItem#0",0,0,0
21663,"MirageStoreSetItem#51468","MirageStoreSetItem#0",0,0,0
21664,"MirageStoreSetItem#51468","MirageStoreSetItem#0",0,0,0
21665,"MirageStoreSetItem#51468","MirageStoreSetItem#0",0,0,0
21666,"MirageStoreSetItem#51468","MirageStoreSetItem#0",0,0,0
21667,"MirageStoreSetItem#51468","MirageStoreSetItem#0",0,0,0
21669,"MirageStoreSetItem#51469","MirageStoreSetItem#0",0,0,0
21670,"MirageStoreSetItem#51469","MirageStoreSetItem#0",0,0,0
21671,"MirageStoreSetItem#51469","MirageStoreSetItem#0",0,0,0
21672,"MirageStoreSetItem#51469","MirageStoreSetItem#0",0,0,0
21673,"MirageStoreSetItem#51469","MirageStoreSetItem#0",0,0,0
21675,"MirageStoreSetItem#51463","MirageStoreSetItem#0",0,0,0
21676,"MirageStoreSetItem#51464","MirageStoreSetItem#51465",0,0,0
21677,"MirageStoreSetItem#51466","MirageStoreSetItem#51467",0,0,0
21678,"MirageStoreSetItem#51468","MirageStoreSetItem#0",0,0,0
21679,"MirageStoreSetItem#51469","MirageStoreSetItem#0",0,0,0
21680,"MirageStoreSetItem#51463","MirageStoreSetItem#0",0,0,0
21681,"MirageStoreSetItem#51464","MirageStoreSetItem#51465",0,0,0
21682,"MirageStoreSetItem#51466","MirageStoreSetItem#51467",0,0,0
21683,"MirageStoreSetItem#51468","MirageStoreSetItem#0",0,0,0
21684,"MirageStoreSetItem#51469","MirageStoreSetItem#0",0,0,0
21685,"MirageStoreSetItem#51463","MirageStoreSetItem#0",0,0,0
21686,"MirageStoreSetItem#51464","MirageStoreSetItem#51465",0,0,0
21687,"MirageStoreSetItem#51466","MirageStoreSetItem#51467",0,0,0
21688,"MirageStoreSetItem#51468","MirageStoreSetItem#0",0,0,0
21689,"MirageStoreSetItem#51469","MirageStoreSetItem#0",0,0,0
21690,"MirageStoreSetItem#51463","MirageStoreSetItem#0",0,0,0
21691,"MirageStoreSetItem#51464","MirageStoreSetItem#51465",0,0,0
21692,"MirageStoreSetItem#51466","MirageStoreSetItem#51467",0,0,0
21693,"MirageStoreSetItem#51468","MirageStoreSetItem#0",0,0,0
21694,"MirageStoreSetItem#51469","MirageStoreSetItem#0",0,0,0
21938,"MirageStoreSetItem#45298","MirageStoreSetItem#0",0,0,0
21939,"MirageStoreSetItem#45298","MirageStoreSetItem#0",0,0,0
21940,"MirageStoreSetItem#45298","MirageStoreSetItem#0",0,0,0
22006,"MirageStoreSetItem#50543","MirageStoreSetItem#0",0,0,0
22007,"MirageStoreSetItem#50543","MirageStoreSetItem#0",0,0,0
22008,"MirageStoreSetItem#50543","MirageStoreSetItem#0",0,0,0
22009,"MirageStoreSetItem#50543","MirageStoreSetItem#0",0,0,0
22010,"MirageStoreSetItem#50543","MirageStoreSetItem#0",0,0,0
22011,"MirageStoreSetItem#50544","MirageStoreSetItem#0",0,0,0
22012,"MirageStoreSetItem#50544","MirageStoreSetItem#0",0,0,0
22013,"MirageStoreSetItem#50544","MirageStoreSetItem#0",0,0,0
22014,"MirageStoreSetItem#50544","MirageStoreSetItem#0",0,0,0
22015,"MirageStoreSetItem#50544","MirageStoreSetItem#0",0,0,0
22016,"MirageStoreSetItem#50545","MirageStoreSetItem#0",0,0,0
22017,"MirageStoreSetItem#50545","MirageStoreSetItem#0",0,0,0
22018,"MirageStoreSetItem#50545","MirageStoreSetItem#0",0,0,0
22019,"MirageStoreSetItem#50545","MirageStoreSetItem#0",0,0,0
22020,"MirageStoreSetItem#50545","MirageStoreSetItem#0",0,0,0
22021,"MirageStoreSetItem#50546","MirageStoreSetItem#0",0,0,0
22022,"MirageStoreSetItem#50546","MirageStoreSetItem#0",0,0,0
22023,"MirageStoreSetItem#50546","MirageStoreSetItem#0",0,0,0
22024,"MirageStoreSetItem#50546","MirageStoreSetItem#0",0,0,0
22025,"MirageStoreSetItem#50546","MirageStoreSetItem#0",0,0,0
22026,"MirageStoreSetItem#50547","MirageStoreSetItem#0",0,0,0
22027,"MirageStoreSetItem#50547","MirageStoreSetItem#0",0,0,0
22028,"MirageStoreSetItem#50547","MirageStoreSetItem#0",0,0,0
22029,"MirageStoreSetItem#50547","MirageStoreSetItem#0",0,0,0
22030,"MirageStoreSetItem#50547","MirageStoreSetItem#0",0,0,0
22031,"MirageStoreSetItem#50548","MirageStoreSetItem#0",0,0,0
22032,"MirageStoreSetItem#50548","MirageStoreSetItem#0",0,0,0
22033,"MirageStoreSetItem#50548","MirageStoreSetItem#0",0,0,0
22034,"MirageStoreSetItem#50548","MirageStoreSetItem#0",0,0,0
22035,"MirageStoreSetItem#50548","MirageStoreSetItem#0",0,0,0
22036,"MirageStoreSetItem#50549","MirageStoreSetItem#0",0,0,0
22037,"MirageStoreSetItem#50549","MirageStoreSetItem#0",0,0,0
22038,"MirageStoreSetItem#50549","MirageStoreSetItem#0",0,0,0
22039,"MirageStoreSetItem#50549","MirageStoreSetItem#0",0,0,0
22040,"MirageStoreSetItem#50549","MirageStoreSetItem#0",0,0,0
22041,"MirageStoreSetItem#50550","MirageStoreSetItem#0",0,0,0
22042,"MirageStoreSetItem#50550","MirageStoreSetItem#0",0,0,0
22043,"MirageStoreSetItem#50550","MirageStoreSetItem#0",0,0,0
22044,"MirageStoreSetItem#50550","MirageStoreSetItem#0",0,0,0
22045,"MirageStoreSetItem#50550","MirageStoreSetItem#0",0,0,0
22046,"MirageStoreSetItem#50551","MirageStoreSetItem#0",0,0,0
22047,"MirageStoreSetItem#50551","MirageStoreSetItem#0",0,0,0
22048,"MirageStoreSetItem#50551","MirageStoreSetItem#0",0,0,0
22049,"MirageStoreSetItem#50551","MirageStoreSetItem#0",0,0,0
22050,"MirageStoreSetItem#50551","MirageStoreSetItem#0",0,0,0
22051,"MirageStoreSetItem#50552","MirageStoreSetItem#0",0,0,0
22052,"MirageStoreSetItem#50552","MirageStoreSetItem#0",0,0,0
22053,"MirageStoreSetItem#50552","MirageStoreSetItem#0",0,0,0
22054,"MirageStoreSetItem#50552","MirageStoreSetItem#0",0,0,0
22055,"MirageStoreSetItem#50552","MirageStoreSetItem#0",0,0,0
22056,"MirageStoreSetItem#50553","MirageStoreSetItem#0",0,0,0
22057,"MirageStoreSetItem#50553","MirageStoreSetItem#0",0,0,0
22058,"MirageStoreSetItem#50553","MirageStoreSetItem#0",0,0,0
22059,"MirageStoreSetItem#50553","MirageStoreSetItem#0",0,0,0
22060,"MirageStoreSetItem#50553","MirageStoreSetItem#0",0,0,0
22061,"MirageStoreSetItem#50554","MirageStoreSetItem#0",0,0,0
22062,"MirageStoreSetItem#50554","MirageStoreSetItem#0",0,0,0
22063,"MirageStoreSetItem#50554","MirageStoreSetItem#0",0,0,0
22064,"MirageStoreSetItem#50554","MirageStoreSetItem#0",0,0,0
22065,"MirageStoreSetItem#50554","MirageStoreSetItem#0",0,0,0
22066,"MirageStoreSetItem#50555","MirageStoreSetItem#0",0,0,0
22067,"MirageStoreSetItem#50555","MirageStoreSetItem#0",0,0,0
22068,"MirageStoreSetItem#50555","MirageStoreSetItem#0",0,0,0
22069,"MirageStoreSetItem#50555","MirageStoreSetItem#0",0,0,0
22070,"MirageStoreSetItem#50555","MirageStoreSetItem#0",0,0,0
22071,"MirageStoreSetItem#50556","MirageStoreSetItem#0",0,0,0
22072,"MirageStoreSetItem#50556","MirageStoreSetItem#0",0,0,0
22073,"MirageStoreSetItem#50556","MirageStoreSetItem#0",0,0,0
22074,"MirageStoreSetItem#50556","MirageStoreSetItem#0",0,0,0
22075,"MirageStoreSetItem#50556","MirageStoreSetItem#0",0,0,0
22076,"MirageStoreSetItem#50557","MirageStoreSetItem#0",0,0,0
22077,"MirageStoreSetItem#50557","MirageStoreSetItem#0",0,0,0
22078,"MirageStoreSetItem#50557","MirageStoreSetItem#0",0,0,0
22079,"MirageStoreSetItem#50557","MirageStoreSetItem#0",0,0,0
22080,"MirageStoreSetItem#50557","MirageStoreSetItem#0",0,0,0
22231,"MirageStoreSetItem#50558","MirageStoreSetItem#0",0,0,0
22232,"MirageStoreSetItem#50558","MirageStoreSetItem#0",0,0,0
22233,"MirageStoreSetItem#50558","MirageStoreSetItem#0",0,0,0
22234,"MirageStoreSetItem#50558","MirageStoreSetItem#0",0,0,0
22235,"MirageStoreSetItem#50558","MirageStoreSetItem#0",0,0,0
22236,"MirageStoreSetItem#50559","MirageStoreSetItem#0",0,0,0
22237,"MirageStoreSetItem#50559","MirageStoreSetItem#0",0,0,0
22238,"MirageStoreSetItem#50559","MirageStoreSetItem#0",0,0,0
22239,"MirageStoreSetItem#50559","MirageStoreSetItem#0",0,0,0
22240,"MirageStoreSetItem#50559","MirageStoreSetItem#0",0,0,0
22241,"MirageStoreSetItem#50560","MirageStoreSetItem#0",0,0,0
22242,"MirageStoreSetItem#50560","MirageStoreSetItem#0",0,0,0
22243,"MirageStoreSetItem#50560","MirageStoreSetItem#0",0,0,0
22244,"MirageStoreSetItem#50560","MirageStoreSetItem#0",0,0,0
22245,"MirageStoreSetItem#50560","MirageStoreSetItem#0",0,0,0
22246,"MirageStoreSetItem#50561","MirageStoreSetItem#0",0,0,0
22247,"MirageStoreSetItem#50561","MirageStoreSetItem#0",0,0,0
22248,"MirageStoreSetItem#50561","MirageStoreSetItem#0",0,0,0
22249,"MirageStoreSetItem#50561","MirageStoreSetItem#0",0,0,0
22250,"MirageStoreSetItem#50561","MirageStoreSetItem#0",0,0,0
22251,"MirageStoreSetItem#50562","MirageStoreSetItem#0",0,0,0
22252,"MirageStoreSetItem#50562","MirageStoreSetItem#0",0,0,0
22253,"MirageStoreSetItem#50562","MirageStoreSetItem#0",0,0,0
22254,"MirageStoreSetItem#50562","MirageStoreSetItem#0",0,0,0
22255,"MirageStoreSetItem#50562","MirageStoreSetItem#0",0,0,0
22256,"MirageStoreSetItem#50563","MirageStoreSetItem#0",0,0,0
22257,"MirageStoreSetItem#50563","MirageStoreSetItem#0",0,0,0
22258,"MirageStoreSetItem#50563","MirageStoreSetItem#0",0,0,0
22259,"MirageStoreSetItem#50563","MirageStoreSetItem#0",0,0,0
22260,"MirageStoreSetItem#50563","MirageStoreSetItem#0",0,0,0
22261,"MirageStoreSetItem#50564","MirageStoreSetItem#0",0,0,0
22262,"MirageStoreSetItem#50564","MirageStoreSetItem#0",0,0,0
22263,"MirageStoreSetItem#50564","MirageStoreSetItem#0",0,0,0
22264,"MirageStoreSetItem#50564","MirageStoreSetItem#0",0,0,0
22265,"MirageStoreSetItem#50564","MirageStoreSetItem#0",0,0,0
22266,"MirageStoreSetItem#50565","MirageStoreSetItem#0",0,0,0
22267,"MirageStoreSetItem#50565","MirageStoreSetItem#0",0,0,0
22268,"MirageStoreSetItem#50565","MirageStoreSetItem#0",0,0,0
22269,"MirageStoreSetItem#50565","MirageStoreSetItem#0",0,0,0
22270,"MirageStoreSetItem#50565","MirageStoreSetItem#0",0,0,0
22271,"MirageStoreSetItem#50566","MirageStoreSetItem#0",0,0,0
22272,"MirageStoreSetItem#50566","MirageStoreSetItem#0",0,0,0
22273,"MirageStoreSetItem#50566","MirageStoreSetItem#0",0,0,0
22274,"MirageStoreSetItem#50566","MirageStoreSetItem#0",0,0,0
22275,"MirageStoreSetItem#50566","MirageStoreSetItem#0",0,0,0
22276,"MirageStoreSetItem#50567","MirageStoreSetItem#0",0,0,0
22277,"MirageStoreSetItem#50567","MirageStoreSetItem#0",0,0,0
22278,"MirageStoreSetItem#50567","MirageStoreSetItem#0",0,0,0
22279,"MirageStoreSetItem#50567","MirageStoreSetItem#0",0,0,0
22280,"MirageStoreSetItem#50567","MirageStoreSetItem#0",0,0,0
22281,"MirageStoreSetItem#50568","MirageStoreSetItem#0",0,0,0
22282,"MirageStoreSetItem#50568","MirageStoreSetItem#0",0,0,0
22283,"MirageStoreSetItem#50568","MirageStoreSetItem#0",0,0,0
22284,"MirageStoreSetItem#50568","MirageStoreSetItem#0",0,0,0
22285,"MirageStoreSetItem#50568","MirageStoreSetItem#0",0,0,0
22286,"MirageStoreSetItem#50569","MirageStoreSetItem#0",0,0,0
22287,"MirageStoreSetItem#50569","MirageStoreSetItem#0",0,0,0
22288,"MirageStoreSetItem#50569","MirageStoreSetItem#0",0,0,0
22289,"MirageStoreSetItem#50569","MirageStoreSetItem#0",0,0,0
22290,"MirageStoreSetItem#50569","MirageStoreSetItem#0",0,0,0
22291,"MirageStoreSetItem#50570","MirageStoreSetItem#0",0,0,0
22292,"MirageStoreSetItem#50570","MirageStoreSetItem#0",0,0,0
22293,"MirageStoreSetItem#50570","MirageStoreSetItem#0",0,0,0
22294,"MirageStoreSetItem#50570","MirageStoreSetItem#0",0,0,0
22295,"MirageStoreSetItem#50570","MirageStoreSetItem#0",0,0,0
22296,"MirageStoreSetItem#50571","MirageStoreSetItem#0",0,0,0
22297,"MirageStoreSetItem#50571","MirageStoreSetItem#0",0,0,0
22298,"MirageStoreSetItem#50571","MirageStoreSetItem#0",0,0,0
22299,"MirageStoreSetItem#50571","MirageStoreSetItem#0",0,0,0
22300,"MirageStoreSetItem#50571","MirageStoreSetItem#0",0,0,0
22301,"MirageStoreSetItem#50572","MirageStoreSetItem#0",0,0,0
22302,"MirageStoreSetItem#50572","MirageStoreSetItem#0",0,0,0
22303,"MirageStoreSetItem#50572","MirageStoreSetItem#0",0,0,0
22304,"MirageStoreSetItem#50572","MirageStoreSetItem#0",0,0,0
22305,"MirageStoreSetItem#50572","MirageStoreSetItem#0",0,0,0
22318,"MirageStoreSetItem#45299","MirageStoreSetItem#0",0,0,0
22319,"MirageStoreSetItem#45299","MirageStoreSetItem#0",0,0,0
22320,"MirageStoreSetItem#45299","MirageStoreSetItem#0",0,0,0
22321,"MirageStoreSetItem#45299","MirageStoreSetItem#0",0,0,0
22322,"MirageStoreSetItem#45299","MirageStoreSetItem#0",0,0,0
22323,"MirageStoreSetItem#45300","MirageStoreSetItem#0",0,0,0
22324,"MirageStoreSetItem#45300","MirageStoreSetItem#0",0,0,0
22325,"MirageStoreSetItem#45300","MirageStoreSetItem#0",0,0,0
22326,"MirageStoreSetItem#45300","MirageStoreSetItem#0",0,0,0
22327,"MirageStoreSetItem#45300","MirageStoreSetItem#0",0,0,0
22328,"MirageStoreSetItem#45301","MirageStoreSetItem#0",0,0,0
22329,"MirageStoreSetItem#45301","MirageStoreSetItem#0",0,0,0
22330,"MirageStoreSetItem#45301","MirageStoreSetItem#0",0,0,0
22331,"MirageStoreSetItem#45301","MirageStoreSetItem#0",0,0,0
22332,"MirageStoreSetItem#45301","MirageStoreSetItem#0",0,0,0
22333,"MirageStoreSetItem#45302","MirageStoreSetItem#0",0,0,0
22334,"MirageStoreSetItem#45302","MirageStoreSetItem#0",0,0,0
22335,"MirageStoreSetItem#45302","MirageStoreSetItem#0",0,0,0
22336,"MirageStoreSetItem#45302","MirageStoreSetItem#0",0,0,0
22337,"MirageStoreSetItem#45302","MirageStoreSetItem#0",0,0,0
22338,"MirageStoreSetItem#45303","MirageStoreSetItem#0",0,0,0
22339,"MirageStoreSetItem#45303","MirageStoreSetItem#0",0,0,0
22340,"MirageStoreSetItem#45303","MirageStoreSetItem#0",0,0,0
22341,"MirageStoreSetItem#45303","MirageStoreSetItem#0",0,0,0
22342,"MirageStoreSetItem#45303","MirageStoreSetItem#0",0,0,0
22343,"MirageStoreSetItem#45304","MirageStoreSetItem#0",0,0,0
22344,"MirageStoreSetItem#45304","MirageStoreSetItem#0",0,0,0
22345,"MirageStoreSetItem#45304","MirageStoreSetItem#0",0,0,0
22346,"MirageStoreSetItem#45304","MirageStoreSetItem#0",0,0,0
22347,"MirageStoreSetItem#45304","MirageStoreSetItem#0",0,0,0
22348,"MirageStoreSetItem#45305","MirageStoreSetItem#0",0,0,0
22349,"MirageStoreSetItem#45305","MirageStoreSetItem#0",0,0,0
22350,"MirageStoreSetItem#45305","MirageStoreSetItem#0",0,0,0
22351,"MirageStoreSetItem#45305","MirageStoreSetItem#0",0,0,0
22352,"MirageStoreSetItem#45305","MirageStoreSetItem#0",0,0,0
22362,"MirageStoreSetItem#45306","MirageStoreSetItem#0",0,0,0
22363,"MirageStoreSetItem#45306","MirageStoreSetItem#0",0,0,0
22364,"MirageStoreSetItem#45306","MirageStoreSetItem#0",0,0,0
22365,"MirageStoreSetItem#45306","MirageStoreSetItem#0",0,0,0
22366,"MirageStoreSetItem#45306","MirageStoreSetItem#0",0,0,0
22367,"MirageStoreSetItem#45307","MirageStoreSetItem#0",0,0,0
22368,"MirageStoreSetItem#45307","MirageStoreSetItem#0",0,0,0
22369,"MirageStoreSetItem#45307","MirageStoreSetItem#0",0,0,0
22370,"MirageStoreSetItem#45307","MirageStoreSetItem#0",0,0,0
22371,"MirageStoreSetItem#45307","MirageStoreSetItem#0",0,0,0
22372,"MirageStoreSetItem#45308","MirageStoreSetItem#0",0,0,0
22373,"MirageStoreSetItem#45308","MirageStoreSetItem#0",0,0,0
22374,"MirageStoreSetItem#45308","MirageStoreSetItem#0",0,0,0
22375,"MirageStoreSetItem#45308","MirageStoreSetItem#0",0,0,0
22376,"MirageStoreSetItem#45308","MirageStoreSetItem#0",0,0,0
22452,"MirageStoreSetItem#45309","MirageStoreSetItem#0",0,0,0
22453,"MirageStoreSetItem#45309","MirageStoreSetItem#0",0,0,0
22454,"MirageStoreSetItem#45309","MirageStoreSetItem#0",0,0,0
22455,"MirageStoreSetItem#45309","MirageStoreSetItem#0",0,0,0
22456,"MirageStoreSetItem#45309","MirageStoreSetItem#0",0,0,0
22509,"MirageStoreSetItem#45310","MirageStoreSetItem#0",0,0,0
22510,"MirageStoreSetItem#45310","MirageStoreSetItem#0",0,0,0
22511,"MirageStoreSetItem#45310","MirageStoreSetItem#0",0,0,0
22512,"MirageStoreSetItem#45310","MirageStoreSetItem#0",0,0,0
22513,"MirageStoreSetItem#45310","MirageStoreSetItem#0",0,0,0
22514,"MirageStoreSetItem#45311","MirageStoreSetItem#0",0,0,0
22515,"MirageStoreSetItem#45311","MirageStoreSetItem#0",0,0,0
22516,"MirageStoreSetItem#45311","MirageStoreSetItem#0",0,0,0
22517,"MirageStoreSetItem#45311","MirageStoreSetItem#0",0,0,0
22518,"MirageStoreSetItem#45311","MirageStoreSetItem#0",0,0,0
22606,"MirageStoreSetItem#45312","MirageStoreSetItem#0",0,0,0
22607,"MirageStoreSetItem#45312","MirageStoreSetItem#0",0,0,0
22608,"MirageStoreSetItem#45312","MirageStoreSetItem#0",0,0,0
22609,"MirageStoreSetItem#45312","MirageStoreSetItem#0",0,0,0
22610,"MirageStoreSetItem#45312","MirageStoreSetItem#0",0,0,0
22611,"MirageStoreSetItem#45313","MirageStoreSetItem#0",0,0,0
22612,"MirageStoreSetItem#45313","MirageStoreSetItem#0",0,0,0
22613,"MirageStoreSetItem#45313","MirageStoreSetItem#0",0,0,0
22614,"MirageStoreSetItem#45313","MirageStoreSetItem#0",0,0,0
22615,"MirageStoreSetItem#45313","MirageStoreSetItem#0",0,0,0
22748,"MirageStoreSetItem#51470","MirageStoreSetItem#0",0,0,0
22749,"MirageStoreSetItem#51470","MirageStoreSetItem#0",0,0,0
22750,"MirageStoreSetItem#51470","MirageStoreSetItem#0",0,0,0
22751,"MirageStoreSetItem#51470","MirageStoreSetItem#0",0,0,0
22752,"MirageStoreSetItem#51470","MirageStoreSetItem#0",0,0,0
22754,"MirageStoreSetItem#51471","MirageStoreSetItem#0",0,0,0
22755,"MirageStoreSetItem#51471","MirageStoreSetItem#0",0,0,0
22756,"MirageStoreSetItem#51471","MirageStoreSetItem#0",0,0,0
22757,"MirageStoreSetItem#51471","MirageStoreSetItem#0",0,0,0
22758,"MirageStoreSetItem#51471","MirageStoreSetItem#0",0,0,0
22760,"MirageStoreSetItem#51472","MirageStoreSetItem#0",0,0,0
22761,"MirageStoreSetItem#51472","MirageStoreSetItem#0",0,0,0
22762,"MirageStoreSetItem#51472","MirageStoreSetItem#0",0,0,0
22763,"MirageStoreSetItem#51472","MirageStoreSetItem#0",0,0,0
22764,"MirageStoreSetItem#51472","MirageStoreSetItem#0",0,0,0
22766,"MirageStoreSetItem#51473","MirageStoreSetItem#0",0,0,0
22767,"MirageStoreSetItem#51473","MirageStoreSetItem#0",0,0,0
22768,"MirageStoreSetItem#51473","MirageStoreSetItem#0",0,0,0
22769,"MirageStoreSetItem#51473","MirageStoreSetItem#0",0,0,0
22770,"MirageStoreSetItem#51473","MirageStoreSetItem#0",0,0,0
22772,"MirageStoreSetItem#51474","MirageStoreSetItem#0",0,0,0
22773,"MirageStoreSetItem#51474","MirageStoreSetItem#0",0,0,0
22774,"MirageStoreSetItem#51474","MirageStoreSetItem#0",0,0,0
22775,"MirageStoreSetItem#51474","MirageStoreSetItem#0",0,0,0
22776,"MirageStoreSetItem#51474","MirageStoreSetItem#0",0,0,0
22778,"MirageStoreSetItem#51475","MirageStoreSetItem#0",0,0,0
22779,"MirageStoreSetItem#51475","MirageStoreSetItem#0",0,0,0
22780,"MirageStoreSetItem#51475","MirageStoreSetItem#0",0,0,0
22781,"MirageStoreSetItem#51475","MirageStoreSetItem#0",0,0,0
22782,"MirageStoreSetItem#51475","MirageStoreSetItem#0",0,0,0
22784,"MirageStoreSetItem#51476","MirageStoreSetItem#0",0,0,0
22785,"MirageStoreSetItem#51476","MirageStoreSetItem#0",0,0,0
22786,"MirageStoreSetItem#51476","MirageStoreSetItem#0",0,0,0
22787,"MirageStoreSetItem#51476","MirageStoreSetItem#0",0,0,0
22788,"MirageStoreSetItem#51476","MirageStoreSetItem#0",0,0,0
22790,"MirageStoreSetItem#51470","MirageStoreSetItem#0",0,0,0
22791,"MirageStoreSetItem#51471","MirageStoreSetItem#51472",0,0,0
22792,"MirageStoreSetItem#51473","MirageStoreSetItem#51474",0,0,0
22793,"MirageStoreSetItem#51475","MirageStoreSetItem#0",0,0,0
22794,"MirageStoreSetItem#51476","MirageStoreSetItem#0",0,0,0
22795,"MirageStoreSetItem#51470","MirageStoreSetItem#0",0,0,0
22796,"MirageStoreSetItem#51471","MirageStoreSetItem#51472",0,0,0
22797,"MirageStoreSetItem#51473","MirageStoreSetItem#51474",0,0,0
22798,"MirageStoreSetItem#51475","MirageStoreSetItem#0",0,0,0
22799,"MirageStoreSetItem#51476","MirageStoreSetItem#0",0,0,0
22800,"MirageStoreSetItem#51470","MirageStoreSetItem#0",0,0,0
22801,"MirageStoreSetItem#51471","MirageStoreSetItem#51472",0,0,0
22802,"MirageStoreSetItem#51473","MirageStoreSetItem#51474",0,0,0
22803,"MirageStoreSetItem#51475","MirageStoreSetItem#0",0,0,0
22804,"MirageStoreSetItem#51476","MirageStoreSetItem#0",0,0,0
22805,"MirageStoreSetItem#51470","MirageStoreSetItem#0",0,0,0
22806,"MirageStoreSetItem#51471","MirageStoreSetItem#51472",0,0,0
22807,"MirageStoreSetItem#51473","MirageStoreSetItem#51474",0,0,0
22808,"MirageStoreSetItem#51475","MirageStoreSetItem#0",0,0,0
22809,"MirageStoreSetItem#51476","MirageStoreSetItem#0",0,0,0
22997,"MirageStoreSetItem#45314","MirageStoreSetItem#0",0,0,0
22998,"MirageStoreSetItem#45314","MirageStoreSetItem#0",0,0,0
22999,"MirageStoreSetItem#45314","MirageStoreSetItem#0",0,0,0
23000,"MirageStoreSetItem#45314","MirageStoreSetItem#0",0,0,0
23001,"MirageStoreSetItem#45315","MirageStoreSetItem#0",0,0,0
23002,"MirageStoreSetItem#45315","MirageStoreSetItem#0",0,0,0
23003,"MirageStoreSetItem#45316","MirageStoreSetItem#0",0,0,0
23004,"MirageStoreSetItem#45316","MirageStoreSetItem#0",0,0,0
23005,"MirageStoreSetItem#45316","MirageStoreSetItem#0",0,0,0
23006,"MirageStoreSetItem#45316","MirageStoreSetItem#0",0,0,0
23007,"MirageStoreSetItem#45316","MirageStoreSetItem#0",0,0,0
23008,"MirageStoreSetItem#45317","MirageStoreSetItem#0",0,0,0
23009,"MirageStoreSetItem#45317","MirageStoreSetItem#0",0,0,0
23010,"MirageStoreSetItem#45317","MirageStoreSetItem#0",0,0,0
23011,"MirageStoreSetItem#45317","MirageStoreSetItem#0",0,0,0
23012,"MirageStoreSetItem#45317","MirageStoreSetItem#0",0,0,0
23013,"MirageStoreSetItem#45318","MirageStoreSetItem#0",0,0,0
23014,"MirageStoreSetItem#45318","MirageStoreSetItem#0",0,0,0
23015,"MirageStoreSetItem#45318","MirageStoreSetItem#0",0,0,0
23016,"MirageStoreSetItem#45318","MirageStoreSetItem#0",0,0,0
23017,"MirageStoreSetItem#45319","MirageStoreSetItem#0",0,0,0
23018,"MirageStoreSetItem#45319","MirageStoreSetItem#0",0,0,0
23019,"MirageStoreSetItem#45319","MirageStoreSetItem#0",0,0,0
23038,"MirageStoreSetItem#45320","MirageStoreSetItem#0",0,0,0
23039,"MirageStoreSetItem#45320","MirageStoreSetItem#0",0,0,0
23040,"MirageStoreSetItem#45320","MirageStoreSetItem#0",0,0,0
23041,"MirageStoreSetItem#45320","MirageStoreSetItem#0",0,0,0
23042,"MirageStoreSetItem#45320","MirageStoreSetItem#0",0,0,0
23226,"MirageStoreSetItem#45319","MirageStoreSetItem#0",0,0,0
23350,"MirageStoreSetItem#45321","MirageStoreSetItem#0",0,0,0
23351,"MirageStoreSetItem#45321","MirageStoreSetItem#0",0,0,0
23352,"MirageStoreSetItem#45321","MirageStoreSetItem#0",0,0,0
23353,"MirageStoreSetItem#45321","MirageStoreSetItem#0",0,0,0
23354,"MirageStoreSetItem#45321","MirageStoreSetItem#0",0,0,0
23355,"MirageStoreSetItem#45322","MirageStoreSetItem#0",0,0,0
23356,"MirageStoreSetItem#45322","MirageStoreSetItem#0",0,0,0
23357,"MirageStoreSetItem#45322","MirageStoreSetItem#0",0,0,0
23358,"MirageStoreSetItem#45322","MirageStoreSetItem#0",0,0,0
23359,"MirageStoreSetItem#45322","MirageStoreSetItem#0",0,0,0
23373,"MirageStoreSetItem#45315","MirageStoreSetItem#0",0,0,0
23374,"MirageStoreSetItem#45315","MirageStoreSetItem#0",0,0,0
23384,"MirageStoreSetItem#45323","MirageStoreSetItem#0",0,0,0
23385,"MirageStoreSetItem#45323","MirageStoreSetItem#0",0,0,0
23386,"MirageStoreSetItem#45323","MirageStoreSetItem#0",0,0,0
23387,"MirageStoreSetItem#45323","MirageStoreSetItem#0",0,0,0
23388,"MirageStoreSetItem#45323","MirageStoreSetItem#0",0,0,0
23389,"MirageStoreSetItem#45324","MirageStoreSetItem#0",0,0,0
23390,"MirageStoreSetItem#45324","MirageStoreSetItem#0",0,0,0
23391,"MirageStoreSetItem#45324","MirageStoreSetItem#0",0,0,0
23392,"MirageStoreSetItem#45324","MirageStoreSetItem#0",0,0,0
23393,"MirageStoreSetItem#45324","MirageStoreSetItem#0",0,0,0
23706,"MirageStoreSetItem#51477","MirageStoreSetItem#0",0,0,0
23707,"MirageStoreSetItem#51477","MirageStoreSetItem#0",0,0,0
23708,"MirageStoreSetItem#51477","MirageStoreSetItem#0",0,0,0
23709,"MirageStoreSetItem#51477","MirageStoreSetItem#0",0,0,0
23710,"MirageStoreSetItem#51477","MirageStoreSetItem#0",0,0,0
23712,"MirageStoreSetItem#51478","MirageStoreSetItem#0",0,0,0
23713,"MirageStoreSetItem#51478","MirageStoreSetItem#0",0,0,0
23714,"MirageStoreSetItem#51478","MirageStoreSetItem#0",0,0,0
23715,"MirageStoreSetItem#51478","MirageStoreSetItem#0",0,0,0
23716,"MirageStoreSetItem#51478","MirageStoreSetItem#0",0,0,0
23718,"MirageStoreSetItem#51479","MirageStoreSetItem#0",0,0,0
23719,"MirageStoreSetItem#51479","MirageStoreSetItem#0",0,0,0
23720,"MirageStoreSetItem#51479","MirageStoreSetItem#0",0,0,0
23721,"MirageStoreSetItem#51479","MirageStoreSetItem#0",0,0,0
23722,"MirageStoreSetItem#51479","MirageStoreSetItem#0",0,0,0
23724,"MirageStoreSetItem#51480","MirageStoreSetItem#0",0,0,0
23725,"MirageStoreSetItem#51480","MirageStoreSetItem#0",0,0,0
23726,"MirageStoreSetItem#51480","MirageStoreSetItem#0",0,0,0
23727,"MirageStoreSetItem#51480","MirageStoreSetItem#0",0,0,0
23728,"MirageStoreSetItem#51480","MirageStoreSetItem#0",0,0,0
23730,"MirageStoreSetItem#51481","MirageStoreSetItem#0",0,0,0
23731,"MirageStoreSetItem#51481","MirageStoreSetItem#0",0,0,0
23732,"MirageStoreSetItem#51481","MirageStoreSetItem#0",0,0,0
23733,"MirageStoreSetItem#51481","MirageStoreSetItem#0",0,0,0
23734,"MirageStoreSetItem#51481","MirageStoreSetItem#0",0,0,0
23736,"MirageStoreSetItem#51482","MirageStoreSetItem#0",0,0,0
23737,"MirageStoreSetItem#51482","MirageStoreSetItem#0",0,0,0
23738,"MirageStoreSetItem#51482","MirageStoreSetItem#0",0,0,0
23739,"MirageStoreSetItem#51482","MirageStoreSetItem#0",0,0,0
23740,"MirageStoreSetItem#51482","MirageStoreSetItem#0",0,0,0
23742,"MirageStoreSetItem#51483","MirageStoreSetItem#0",0,0,0
23743,"MirageStoreSetItem#51483","MirageStoreSetItem#0",0,0,0
23744,"MirageStoreSetItem#51483","MirageStoreSetItem#0",0,0,0
23745,"MirageStoreSetItem#51483","MirageStoreSetItem#0",0,0,0
23746,"MirageStoreSetItem#51483","MirageStoreSetItem#0",0,0,0
23748,"MirageStoreSetItem#51477","MirageStoreSetItem#0",0,0,0
23749,"MirageStoreSetItem#51478","MirageStoreSetItem#51479",0,0,0
23750,"MirageStoreSetItem#51480","MirageStoreSetItem#51481",0,0,0
23751,"MirageStoreSetItem#51482","MirageStoreSetItem#0",0,0,0
23752,"MirageStoreSetItem#51483","MirageStoreSetItem#0",0,0,0
23753,"MirageStoreSetItem#51477","MirageStoreSetItem#0",0,0,0
23754,"MirageStoreSetItem#51478","MirageStoreSetItem#51479",0,0,0
23755,"MirageStoreSetItem#51480","MirageStoreSetItem#51481",0,0,0
23756,"MirageStoreSetItem#51482","MirageStoreSetItem#0",0,0,0
23757,"MirageStoreSetItem#51483","MirageStoreSetItem#0",0,0,0
23758,"MirageStoreSetItem#51477","MirageStoreSetItem#0",0,0,0
23759,"MirageStoreSetItem#51478","MirageStoreSetItem#51479",0,0,0
23760,"MirageStoreSetItem#51480","MirageStoreSetItem#51481",0,0,0
23761,"MirageStoreSetItem#51482","MirageStoreSetItem#0",0,0,0
23762,"MirageStoreSetItem#51483","MirageStoreSetItem#0",0,0,0
23763,"MirageStoreSetItem#51477","MirageStoreSetItem#0",0,0,0
23764,"MirageStoreSetItem#51478","MirageStoreSetItem#51479",0,0,0
23765,"MirageStoreSetItem#51480","MirageStoreSetItem#51481",0,0,0
23766,"MirageStoreSetItem#51482","MirageStoreSetItem#0",0,0,0
23767,"MirageStoreSetItem#51483","MirageStoreSetItem#0",0,0,0
24004,"MirageStoreSetItem#45325","MirageStoreSetItem#0",0,0,0
24005,"MirageStoreSetItem#45325","MirageStoreSetItem#0",0,0,0
24006,"MirageStoreSetItem#45325","MirageStoreSetItem#0",0,0,0
24145,"MirageStoreSetItem#45326","MirageStoreSetItem#0",0,0,0
24146,"MirageStoreSetItem#45326","MirageStoreSetItem#0",0,0,0
24147,"MirageStoreSetItem#45326","MirageStoreSetItem#0",0,0,0
24148,"MirageStoreSetItem#45327","MirageStoreSetItem#0",0,0,0
24149,"MirageStoreSetItem#45327","MirageStoreSetItem#0",0,0,0
24150,"MirageStoreSetItem#45327","MirageStoreSetItem#0",0,0,0
24151,"MirageStoreSetItem#45327","MirageStoreSetItem#0",0,0,0
24152,"MirageStoreSetItem#45327","MirageStoreSetItem#0",0,0,0
24153,"MirageStoreSetItem#45328","MirageStoreSetItem#0",0,0,0
24154,"MirageStoreSetItem#45328","MirageStoreSetItem#0",0,0,0
24155,"MirageStoreSetItem#45328","MirageStoreSetItem#0",0,0,0
24156,"MirageStoreSetItem#45328","MirageStoreSetItem#0",0,0,0
24157,"MirageStoreSetItem#45328","MirageStoreSetItem#0",0,0,0
24158,"MirageStoreSetItem#45329","MirageStoreSetItem#0",0,0,0
24159,"MirageStoreSetItem#45329","MirageStoreSetItem#0",0,0,0
24160,"MirageStoreSetItem#45329","MirageStoreSetItem#0",0,0,0
24161,"MirageStoreSetItem#45329","MirageStoreSetItem#0",0,0,0
24162,"MirageStoreSetItem#45329","MirageStoreSetItem#0",0,0,0
24192,"MirageStoreSetItem#45330","MirageStoreSetItem#0",0,0,0
24193,"MirageStoreSetItem#45330","MirageStoreSetItem#0",0,0,0
24194,"MirageStoreSetItem#45330","MirageStoreSetItem#0",0,0,0
24195,"MirageStoreSetItem#45330","MirageStoreSetItem#0",0,0,0
24196,"MirageStoreSetItem#45330","MirageStoreSetItem#0",0,0,0
24368,"MirageStoreSetItem#51484","MirageStoreSetItem#0",0,0,0
24369,"MirageStoreSetItem#51484","MirageStoreSetItem#0",0,0,0
24370,"MirageStoreSetItem#51484","MirageStoreSetItem#0",0,0,0
24371,"MirageStoreSetItem#51484","MirageStoreSetItem#0",0,0,0
24372,"MirageStoreSetItem#51484","MirageStoreSetItem#0",0,0,0
24374,"MirageStoreSetItem#51485","MirageStoreSetItem#0",0,0,0
24375,"MirageStoreSetItem#51485","MirageStoreSetItem#0",0,0,0
24376,"MirageStoreSetItem#51485","MirageStoreSetItem#0",0,0,0
24377,"MirageStoreSetItem#51485","MirageStoreSetItem#0",0,0,0
24378,"MirageStoreSetItem#51485","MirageStoreSetItem#0",0,0,0
24380,"MirageStoreSetItem#51486","MirageStoreSetItem#0",0,0,0
24381,"MirageStoreSetItem#51486","MirageStoreSetItem#0",0,0,0
24382,"MirageStoreSetItem#51486","MirageStoreSetItem#0",0,0,0
24383,"MirageStoreSetItem#51486","MirageStoreSetItem#0",0,0,0
24384,"MirageStoreSetItem#51486","MirageStoreSetItem#0",0,0,0
24386,"MirageStoreSetItem#51487","MirageStoreSetItem#0",0,0,0
24387,"MirageStoreSetItem#51487","MirageStoreSetItem#0",0,0,0
24388,"MirageStoreSetItem#51487","MirageStoreSetItem#0",0,0,0
24389,"MirageStoreSetItem#51487","MirageStoreSetItem#0",0,0,0
24390,"MirageStoreSetItem#51487","MirageStoreSetItem#0",0,0,0
24392,"MirageStoreSetItem#51488","MirageStoreSetItem#0",0,0,0
24393,"MirageStoreSetItem#51488","MirageStoreSetItem#0",0,0,0
24394,"MirageStoreSetItem#51488","MirageStoreSetItem#0",0,0,0
24395,"MirageStoreSetItem#51488","MirageStoreSetItem#0",0,0,0
24396,"MirageStoreSetItem#51488","MirageStoreSetItem#0",0,0,0
24398,"MirageStoreSetItem#51489","MirageStoreSetItem#0",0,0,0
24399,"MirageStoreSetItem#51489","MirageStoreSetItem#0",0,0,0
24400,"MirageStoreSetItem#51489","MirageStoreSetItem#0",0,0,0
24401,"MirageStoreSetItem#51489","MirageStoreSetItem#0",0,0,0
24402,"MirageStoreSetItem#51489","MirageStoreSetItem#0",0,0,0
24404,"MirageStoreSetItem#51490","MirageStoreSetItem#0",0,0,0
24405,"MirageStoreSetItem#51490","MirageStoreSetItem#0",0,0,0
24406,"MirageStoreSetItem#51490","MirageStoreSetItem#0",0,0,0
24407,"MirageStoreSetItem#51490","MirageStoreSetItem#0",0,0,0
24408,"MirageStoreSetItem#51490","MirageStoreSetItem#0",0,0,0
24410,"MirageStoreSetItem#51484","MirageStoreSetItem#0",0,0,0
24411,"MirageStoreSetItem#51485","MirageStoreSetItem#51486",0,0,0
24412,"MirageStoreSetItem#51487","MirageStoreSetItem#51488",0,0,0
24413,"MirageStoreSetItem#51489","MirageStoreSetItem#0",0,0,0
24414,"MirageStoreSetItem#51490","MirageStoreSetItem#0",0,0,0
24415,"MirageStoreSetItem#51484","MirageStoreSetItem#0",0,0,0
24416,"MirageStoreSetItem#51485","MirageStoreSetItem#51486",0,0,0
24417,"MirageStoreSetItem#51487","MirageStoreSetItem#51488",0,0,0
24418,"MirageStoreSetItem#51489","MirageStoreSetItem#0",0,0,0
24419,"MirageStoreSetItem#51490","MirageStoreSetItem#0",0,0,0
24420,"MirageStoreSetItem#51484","MirageStoreSetItem#0",0,0,0
24421,"MirageStoreSetItem#51485","MirageStoreSetItem#51486",0,0,0
24422,"MirageStoreSetItem#51487","MirageStoreSetItem#51488",0,0,0
24423,"MirageStoreSetItem#51489","MirageStoreSetItem#0",0,0,0
24424,"MirageStoreSetItem#51490","MirageStoreSetItem#0",0,0,0
24425,"MirageStoreSetItem#51484","MirageStoreSetItem#0",0,0,0
24426,"MirageStoreSetItem#51485","MirageStoreSetItem#51486",0,0,0
24427,"MirageStoreSetItem#51487","MirageStoreSetItem#51488",0,0,0
24428,"MirageStoreSetItem#51489","MirageStoreSetItem#0",0,0,0
24429,"MirageStoreSetItem#51490","MirageStoreSetItem#0",0,0,0
24552,"MirageStoreSetItem#50630","MirageStoreSetItem#0",0,0,0
24553,"MirageStoreSetItem#50630","MirageStoreSetItem#0",0,0,0
24554,"MirageStoreSetItem#50630","MirageStoreSetItem#0",0,0,0
24555,"MirageStoreSetItem#50630","MirageStoreSetItem#0",0,0,0
24556,"MirageStoreSetItem#50630","MirageStoreSetItem#0",0,0,0
24591,"MirageStoreSetItem#45331","MirageStoreSetItem#0",0,0,0
24592,"MirageStoreSetItem#45331","MirageStoreSetItem#0",0,0,0
24593,"MirageStoreSetItem#45331","MirageStoreSetItem#0",0,0,0
24594,"MirageStoreSetItem#45332","MirageStoreSetItem#0",0,0,0
24595,"MirageStoreSetItem#45332","MirageStoreSetItem#0",0,0,0
24596,"MirageStoreSetItem#45332","MirageStoreSetItem#0",0,0,0
24597,"MirageStoreSetItem#45332","MirageStoreSetItem#0",0,0,0
24598,"MirageStoreSetItem#45332","MirageStoreSetItem#0",0,0,0
24599,"MirageStoreSetItem#45333","MirageStoreSetItem#0",0,0,0
24600,"MirageStoreSetItem#45333","MirageStoreSetItem#0",0,0,0
24601,"MirageStoreSetItem#45333","MirageStoreSetItem#0",0,0,0
24602,"MirageStoreSetItem#45334","MirageStoreSetItem#0",0,0,0
24603,"MirageStoreSetItem#45334","MirageStoreSetItem#0",0,0,0
24604,"MirageStoreSetItem#45334","MirageStoreSetItem#0",0,0,0
24605,"MirageStoreSetItem#45335","MirageStoreSetItem#0",0,0,0
24606,"MirageStoreSetItem#45335","MirageStoreSetItem#0",0,0,0
24607,"MirageStoreSetItem#45335","MirageStoreSetItem#0",0,0,0
24608,"MirageStoreSetItem#45336","MirageStoreSetItem#0",0,0,0
24609,"MirageStoreSetItem#45336","MirageStoreSetItem#0",0,0,0
24610,"MirageStoreSetItem#45336","MirageStoreSetItem#0",0,0,0
24611,"MirageStoreSetItem#45336","MirageStoreSetItem#0",0,0,0
24999,"MirageStoreSetItem#45337","MirageStoreSetItem#0",0,0,0
25000,"MirageStoreSetItem#45337","MirageStoreSetItem#0",0,0,0
25208,"MirageStoreSetItem#50482","MirageStoreSetItem#0",0,0,0
25209,"MirageStoreSetItem#50482","MirageStoreSetItem#0",0,0,0
25210,"MirageStoreSetItem#50482","MirageStoreSetItem#0",0,0,0
25211,"MirageStoreSetItem#50482","MirageStoreSetItem#0",0,0,0
25212,"MirageStoreSetItem#50479","MirageStoreSetItem#0",0,0,0
25213,"MirageStoreSetItem#50479","MirageStoreSetItem#0",0,0,0
25214,"MirageStoreSetItem#50479","MirageStoreSetItem#0",0,0,0
25215,"MirageStoreSetItem#50479","MirageStoreSetItem#0",0,0,0
25726,"MirageStoreSetItem#51491","MirageStoreSetItem#0",0,0,0
25727,"MirageStoreSetItem#51491","MirageStoreSetItem#0",0,0,0
25728,"MirageStoreSetItem#51491","MirageStoreSetItem#0",0,0,0
25729,"MirageStoreSetItem#51491","MirageStoreSetItem#0",0,0,0
25730,"MirageStoreSetItem#51491","MirageStoreSetItem#0",0,0,0
25732,"MirageStoreSetItem#51492","MirageStoreSetItem#0",0,0,0
25733,"MirageStoreSetItem#51492","MirageStoreSetItem#0",0,0,0
25734,"MirageStoreSetItem#51492","MirageStoreSetItem#0",0,0,0
25735,"MirageStoreSetItem#51492","MirageStoreSetItem#0",0,0,0
25736,"MirageStoreSetItem#51492","MirageStoreSetItem#0",0,0,0
25738,"MirageStoreSetItem#51493","MirageStoreSetItem#0",0,0,0
25739,"MirageStoreSetItem#51493","MirageStoreSetItem#0",0,0,0
25740,"MirageStoreSetItem#51493","MirageStoreSetItem#0",0,0,0
25741,"MirageStoreSetItem#51493","MirageStoreSetItem#0",0,0,0
25742,"MirageStoreSetItem#51493","MirageStoreSetItem#0",0,0,0
25744,"MirageStoreSetItem#51494","MirageStoreSetItem#0",0,0,0
25745,"MirageStoreSetItem#51494","MirageStoreSetItem#0",0,0,0
25746,"MirageStoreSetItem#51494","MirageStoreSetItem#0",0,0,0
25747,"MirageStoreSetItem#51494","MirageStoreSetItem#0",0,0,0
25748,"MirageStoreSetItem#51494","MirageStoreSetItem#0",0,0,0
25750,"MirageStoreSetItem#51495","MirageStoreSetItem#0",0,0,0
25751,"MirageStoreSetItem#51495","MirageStoreSetItem#0",0,0,0
25752,"MirageStoreSetItem#51495","MirageStoreSetItem#0",0,0,0
25753,"MirageStoreSetItem#51495","MirageStoreSetItem#0",0,0,0
25754,"MirageStoreSetItem#51495","MirageStoreSetItem#0",0,0,0
25756,"MirageStoreSetItem#51496","MirageStoreSetItem#0",0,0,0
25757,"MirageStoreSetItem#51496","MirageStoreSetItem#0",0,0,0
25758,"MirageStoreSetItem#51496","MirageStoreSetItem#0",0,0,0
25759,"MirageStoreSetItem#51496","MirageStoreSetItem#0",0,0,0
25760,"MirageStoreSetItem#51496","MirageStoreSetItem#0",0,0,0
25762,"MirageStoreSetItem#51497","MirageStoreSetItem#0",0,0,0
25763,"MirageStoreSetItem#51497","MirageStoreSetItem#0",0,0,0
25764,"MirageStoreSetItem#51497","MirageStoreSetItem#0",0,0,0
25765,"MirageStoreSetItem#51497","MirageStoreSetItem#0",0,0,0
25766,"MirageStoreSetItem#51497","MirageStoreSetItem#0",0,0,0
25768,"MirageStoreSetItem#51491","MirageStoreSetItem#0",0,0,0
25769,"MirageStoreSetItem#51492","MirageStoreSetItem#51493",0,0,0
25770,"MirageStoreSetItem#51494","MirageStoreSetItem#51495",0,0,0
25771,"MirageStoreSetItem#51496","MirageStoreSetItem#0",0,0,0
25772,"MirageStoreSetItem#51497","MirageStoreSetItem#0",0,0,0
25773,"MirageStoreSetItem#51491","MirageStoreSetItem#0",0,0,0
25774,"MirageStoreSetItem#51492","MirageStoreSetItem#51493",0,0,0
25775,"MirageStoreSetItem#51494","MirageStoreSetItem#51495",0,0,0
25776,"MirageStoreSetItem#51496","MirageStoreSetItem#0",0,0,0
25777,"MirageStoreSetItem#51497","MirageStoreSetItem#0",0,0,0
25778,"MirageStoreSetItem#51491","MirageStoreSetItem#0",0,0,0
25779,"MirageStoreSetItem#51492","MirageStoreSetItem#51493",0,0,0
25780,"MirageStoreSetItem#51494","MirageStoreSetItem#51495",0,0,0
25781,"MirageStoreSetItem#51496","MirageStoreSetItem#0",0,0,0
25782,"MirageStoreSetItem#51497","MirageStoreSetItem#0",0,0,0
25783,"MirageStoreSetItem#51491","MirageStoreSetItem#0",0,0,0
25784,"MirageStoreSetItem#51492","MirageStoreSetItem#51493",0,0,0
25785,"MirageStoreSetItem#51494","MirageStoreSetItem#51495",0,0,0
25786,"MirageStoreSetItem#51496","MirageStoreSetItem#0",0,0,0
25787,"MirageStoreSetItem#51497","MirageStoreSetItem#0",0,0,0
25886,"MirageStoreSetItem#51498","MirageStoreSetItem#0",0,0,0
25887,"MirageStoreSetItem#51498","MirageStoreSetItem#0",0,0,0
25888,"MirageStoreSetItem#51498","MirageStoreSetItem#0",0,0,0
25889,"MirageStoreSetItem#51498","MirageStoreSetItem#0",0,0,0
25890,"MirageStoreSetItem#51498","MirageStoreSetItem#0",0,0,0
25892,"MirageStoreSetItem#51499","MirageStoreSetItem#0",0,0,0
25893,"MirageStoreSetItem#51499","MirageStoreSetItem#0",0,0,0
25894,"MirageStoreSetItem#51499","MirageStoreSetItem#0",0,0,0
25895,"MirageStoreSetItem#51499","MirageStoreSetItem#0",0,0,0
25896,"MirageStoreSetItem#51499","MirageStoreSetItem#0",0,0,0
25898,"MirageStoreSetItem#51500","MirageStoreSetItem#0",0,0,0
25899,"MirageStoreSetItem#51500","MirageStoreSetItem#0",0,0,0
25900,"MirageStoreSetItem#51500","MirageStoreSetItem#0",0,0,0
25901,"MirageStoreSetItem#51500","MirageStoreSetItem#0",0,0,0
25902,"MirageStoreSetItem#51500","MirageStoreSetItem#0",0,0,0
25904,"MirageStoreSetItem#51501","MirageStoreSetItem#0",0,0,0
25905,"MirageStoreSetItem#51501","MirageStoreSetItem#0",0,0,0
25906,"MirageStoreSetItem#51501","MirageStoreSetItem#0",0,0,0
25907,"MirageStoreSetItem#51501","MirageStoreSetItem#0",0,0,0
25908,"MirageStoreSetItem#51501","MirageStoreSetItem#0",0,0,0
25910,"MirageStoreSetItem#51502","MirageStoreSetItem#0",0,0,0
25911,"MirageStoreSetItem#51502","MirageStoreSetItem#0",0,0,0
25912,"MirageStoreSetItem#51502","MirageStoreSetItem#0",0,0,0
25913,"MirageStoreSetItem#51502","MirageStoreSetItem#0",0,0,0
25914,"MirageStoreSetItem#51502","MirageStoreSetItem#0",0,0,0
25916,"MirageStoreSetItem#51503","MirageStoreSetItem#0",0,0,0
25917,"MirageStoreSetItem#51503","MirageStoreSetItem#0",0,0,0
25918,"MirageStoreSetItem#51503","MirageStoreSetItem#0",0,0,0
25919,"MirageStoreSetItem#51503","MirageStoreSetItem#0",0,0,0
25920,"MirageStoreSetItem#51503","MirageStoreSetItem#0",0,0,0
25922,"MirageStoreSetItem#51504","MirageStoreSetItem#0",0,0,0
25923,"MirageStoreSetItem#51504","MirageStoreSetItem#0",0,0,0
25924,"MirageStoreSetItem#51504","MirageStoreSetItem#0",0,0,0
25925,"MirageStoreSetItem#51504","MirageStoreSetItem#0",0,0,0
25926,"MirageStoreSetItem#51504","MirageStoreSetItem#0",0,0,0
25928,"MirageStoreSetItem#51498","MirageStoreSetItem#0",0,0,0
25929,"MirageStoreSetItem#51499","MirageStoreSetItem#51500",0,0,0
25930,"MirageStoreSetItem#51501","MirageStoreSetItem#51502",0,0,0
25931,"MirageStoreSetItem#51503","MirageStoreSetItem#0",0,0,0
25932,"MirageStoreSetItem#51504","MirageStoreSetItem#0",0,0,0
25933,"MirageStoreSetItem#51498","MirageStoreSetItem#0",0,0,0
25934,"MirageStoreSetItem#51499","MirageStoreSetItem#51500",0,0,0
25935,"MirageStoreSetItem#51501","MirageStoreSetItem#51502",0,0,0
25936,"MirageStoreSetItem#51503","MirageStoreSetItem#0",0,0,0
25937,"MirageStoreSetItem#51504","MirageStoreSetItem#0",0,0,0
25938,"MirageStoreSetItem#51498","MirageStoreSetItem#0",0,0,0
25939,"MirageStoreSetItem#51499","MirageStoreSetItem#51500",0,0,0
25940,"MirageStoreSetItem#51501","MirageStoreSetItem#51502",0,0,0
25941,"MirageStoreSetItem#51503","MirageStoreSetItem#0",0,0,0
25942,"MirageStoreSetItem#51504","MirageStoreSetItem#0",0,0,0
25943,"MirageStoreSetItem#51498","MirageStoreSetItem#0",0,0,0
25944,"MirageStoreSetItem#51499","MirageStoreSetItem#51500",0,0,0
25945,"MirageStoreSetItem#51501","MirageStoreSetItem#51502",0,0,0
25946,"MirageStoreSetItem#51503","MirageStoreSetItem#0",0,0,0
25947,"MirageStoreSetItem#51504","MirageStoreSetItem#0",0,0,0
26046,"MirageStoreSetItem#51505","MirageStoreSetItem#0",0,0,0
26047,"MirageStoreSetItem#51505","MirageStoreSetItem#0",0,0,0
26048,"MirageStoreSetItem#51505","MirageStoreSetItem#0",0,0,0
26049,"MirageStoreSetItem#51505","MirageStoreSetItem#0",0,0,0
26050,"MirageStoreSetItem#51505","MirageStoreSetItem#0",0,0,0
26052,"MirageStoreSetItem#51506","MirageStoreSetItem#0",0,0,0
26053,"MirageStoreSetItem#51506","MirageStoreSetItem#0",0,0,0
26054,"MirageStoreSetItem#51506","MirageStoreSetItem#0",0,0,0
26055,"MirageStoreSetItem#51506","MirageStoreSetItem#0",0,0,0
26056,"MirageStoreSetItem#51506","MirageStoreSetItem#0",0,0,0
26058,"MirageStoreSetItem#51507","MirageStoreSetItem#0",0,0,0
26059,"MirageStoreSetItem#51507","MirageStoreSetItem#0",0,0,0
26060,"MirageStoreSetItem#51507","MirageStoreSetItem#0",0,0,0
26061,"MirageStoreSetItem#51507","MirageStoreSetItem#0",0,0,0
26062,"MirageStoreSetItem#51507","MirageStoreSetItem#0",0,0,0
26064,"MirageStoreSetItem#51508","MirageStoreSetItem#0",0,0,0
26065,"MirageStoreSetItem#51508","MirageStoreSetItem#0",0,0,0
26066,"MirageStoreSetItem#51508","MirageStoreSetItem#0",0,0,0
26067,"MirageStoreSetItem#51508","MirageStoreSetItem#0",0,0,0
26068,"MirageStoreSetItem#51508","MirageStoreSetItem#0",0,0,0
26070,"MirageStoreSetItem#51509","MirageStoreSetItem#0",0,0,0
26071,"MirageStoreSetItem#51509","MirageStoreSetItem#0",0,0,0
26072,"MirageStoreSetItem#51509","MirageStoreSetItem#0",0,0,0
26073,"MirageStoreSetItem#51509","MirageStoreSetItem#0",0,0,0
26074,"MirageStoreSetItem#51509","MirageStoreSetItem#0",0,0,0
26076,"MirageStoreSetItem#51510","MirageStoreSetItem#0",0,0,0
26077,"MirageStoreSetItem#51510","MirageStoreSetItem#0",0,0,0
26078,"MirageStoreSetItem#51510","MirageStoreSetItem#0",0,0,0
26079,"MirageStoreSetItem#51510","MirageStoreSetItem#0",0,0,0
26080,"MirageStoreSetItem#51510","MirageStoreSetItem#0",0,0,0
26082,"MirageStoreSetItem#51511","MirageStoreSetItem#0",0,0,0
26083,"MirageStoreSetItem#51511","MirageStoreSetItem#0",0,0,0
26084,"MirageStoreSetItem#51511","MirageStoreSetItem#0",0,0,0
26085,"MirageStoreSetItem#51511","MirageStoreSetItem#0",0,0,0
26086,"MirageStoreSetItem#51511","MirageStoreSetItem#0",0,0,0
26088,"MirageStoreSetItem#51505","MirageStoreSetItem#0",0,0,0
26089,"MirageStoreSetItem#51506","MirageStoreSetItem#51507",0,0,0
26090,"MirageStoreSetItem#51508","MirageStoreSetItem#51509",0,0,0
26091,"MirageStoreSetItem#51510","MirageStoreSetItem#0",0,0,0
26092,"MirageStoreSetItem#51511","MirageStoreSetItem#0",0,0,0
26093,"MirageStoreSetItem#51505","MirageStoreSetItem#0",0,0,0
26094,"MirageStoreSetItem#51506","MirageStoreSetItem#51507",0,0,0
26095,"MirageStoreSetItem#51508","MirageStoreSetItem#51509",0,0,0
26096,"MirageStoreSetItem#51510","MirageStoreSetItem#0",0,0,0
26097,"MirageStoreSetItem#51511","MirageStoreSetItem#0",0,0,0
26098,"MirageStoreSetItem#51505","MirageStoreSetItem#0",0,0,0
26099,"MirageStoreSetItem#51506","MirageStoreSetItem#51507",0,0,0
26100,"MirageStoreSetItem#51508","MirageStoreSetItem#51509",0,0,0
26101,"MirageStoreSetItem#51510","MirageStoreSetItem#0",0,0,0
26102,"MirageStoreSetItem#51511","MirageStoreSetItem#0",0,0,0
26103,"MirageStoreSetItem#51505","MirageStoreSetItem#0",0,0,0
26104,"MirageStoreSetItem#51506","MirageStoreSetItem#51507",0,0,0
26105,"MirageStoreSetItem#51508","MirageStoreSetItem#51509",0,0,0
26106,"MirageStoreSetItem#51510","MirageStoreSetItem#0",0,0,0
26107,"MirageStoreSetItem#51511","MirageStoreSetItem#0",0,0,0
26206,"MirageStoreSetItem#51512","MirageStoreSetItem#0",0,0,0
26207,"MirageStoreSetItem#51512","MirageStoreSetItem#0",0,0,0
26208,"MirageStoreSetItem#51512","MirageStoreSetItem#0",0,0,0
26209,"MirageStoreSetItem#51512","MirageStoreSetItem#0",0,0,0
26210,"MirageStoreSetItem#51512","MirageStoreSetItem#0",0,0,0
26212,"MirageStoreSetItem#51513","MirageStoreSetItem#0",0,0,0
26213,"MirageStoreSetItem#51513","MirageStoreSetItem#0",0,0,0
26214,"MirageStoreSetItem#51513","MirageStoreSetItem#0",0,0,0
26215,"MirageStoreSetItem#51513","MirageStoreSetItem#0",0,0,0
26216,"MirageStoreSetItem#51513","MirageStoreSetItem#0",0,0,0
26218,"MirageStoreSetItem#51514","MirageStoreSetItem#0",0,0,0
26219,"MirageStoreSetItem#51514","MirageStoreSetItem#0",0,0,0
26220,"MirageStoreSetItem#51514","MirageStoreSetItem#0",0,0,0
26221,"MirageStoreSetItem#51514","MirageStoreSetItem#0",0,0,0
26222,"MirageStoreSetItem#51514","MirageStoreSetItem#0",0,0,0
26224,"MirageStoreSetItem#51515","MirageStoreSetItem#0",0,0,0
26225,"MirageStoreSetItem#51515","MirageStoreSetItem#0",0,0,0
26226,"MirageStoreSetItem#51515","MirageStoreSetItem#0",0,0,0
26227,"MirageStoreSetItem#51515","MirageStoreSetItem#0",0,0,0
26228,"MirageStoreSetItem#51515","MirageStoreSetItem#0",0,0,0
26230,"MirageStoreSetItem#51516","MirageStoreSetItem#0",0,0,0
26231,"MirageStoreSetItem#51516","MirageStoreSetItem#0",0,0,0
26232,"MirageStoreSetItem#51516","MirageStoreSetItem#0",0,0,0
26233,"MirageStoreSetItem#51516","MirageStoreSetItem#0",0,0,0
26234,"MirageStoreSetItem#51516","MirageStoreSetItem#0",0,0,0
26236,"MirageStoreSetItem#51517","MirageStoreSetItem#0",0,0,0
26237,"MirageStoreSetItem#51517","MirageStoreSetItem#0",0,0,0
26238,"MirageStoreSetItem#51517","MirageStoreSetItem#0",0,0,0
26239,"MirageStoreSetItem#51517","MirageStoreSetItem#0",0,0,0
26240,"MirageStoreSetItem#51517","MirageStoreSetItem#0",0,0,0
26242,"MirageStoreSetItem#51518","MirageStoreSetItem#0",0,0,0
26243,"MirageStoreSetItem#51518","MirageStoreSetItem#0",0,0,0
26244,"MirageStoreSetItem#51518","MirageStoreSetItem#0",0,0,0
26245,"MirageStoreSetItem#51518","MirageStoreSetItem#0",0,0,0
26246,"MirageStoreSetItem#51518","MirageStoreSetItem#0",0,0,0
26248,"MirageStoreSetItem#51512","MirageStoreSetItem#0",0,0,0
26249,"MirageStoreSetItem#51513","MirageStoreSetItem#51514",0,0,0
26250,"MirageStoreSetItem#51515","MirageStoreSetItem#51516",0,0,0
26251,"MirageStoreSetItem#51517","MirageStoreSetItem#0",0,0,0
26252,"MirageStoreSetItem#51518","MirageStoreSetItem#0",0,0,0
26253,"MirageStoreSetItem#51512","MirageStoreSetItem#0",0,0,0
26254,"MirageStoreSetItem#51513","MirageStoreSetItem#51514",0,0,0
26255,"MirageStoreSetItem#51515","MirageStoreSetItem#51516",0,0,0
26256,"MirageStoreSetItem#51517","MirageStoreSetItem#0",0,0,0
26257,"MirageStoreSetItem#51518","MirageStoreSetItem#0",0,0,0
26258,"MirageStoreSetItem#51512","MirageStoreSetItem#0",0,0,0
26259,"MirageStoreSetItem#51513","MirageStoreSetItem#51514",0,0,0
26260,"MirageStoreSetItem#51515","MirageStoreSetItem#51516",0,0,0
26261,"MirageStoreSetItem#51517","MirageStoreSetItem#0",0,0,0
26262,"MirageStoreSetItem#51518","MirageStoreSetItem#0",0,0,0
26263,"MirageStoreSetItem#51512","MirageStoreSetItem#0",0,0,0
26264,"MirageStoreSetItem#51513","MirageStoreSetItem#51514",0,0,0
26265,"MirageStoreSetItem#51515","MirageStoreSetItem#51516",0,0,0
26266,"MirageStoreSetItem#51517","MirageStoreSetItem#0",0,0,0
26267,"MirageStoreSetItem#51518","MirageStoreSetItem#0",0,0,0
26366,"MirageStoreSetItem#51519","MirageStoreSetItem#0",0,0,0
26367,"MirageStoreSetItem#51519","MirageStoreSetItem#0",0,0,0
26368,"MirageStoreSetItem#51519","MirageStoreSetItem#0",0,0,0
26369,"MirageStoreSetItem#51519","MirageStoreSetItem#0",0,0,0
26370,"MirageStoreSetItem#51519","MirageStoreSetItem#0",0,0,0
26372,"MirageStoreSetItem#51520","MirageStoreSetItem#0",0,0,0
26373,"MirageStoreSetItem#51520","MirageStoreSetItem#0",0,0,0
26374,"MirageStoreSetItem#51520","MirageStoreSetItem#0",0,0,0
26375,"MirageStoreSetItem#51520","MirageStoreSetItem#0",0,0,0
26376,"MirageStoreSetItem#51520","MirageStoreSetItem#0",0,0,0
26378,"MirageStoreSetItem#51521","MirageStoreSetItem#0",0,0,0
26379,"MirageStoreSetItem#51521","MirageStoreSetItem#0",0,0,0
26380,"MirageStoreSetItem#51521","MirageStoreSetItem#0",0,0,0
26381,"MirageStoreSetItem#51521","MirageStoreSetItem#0",0,0,0
26382,"MirageStoreSetItem#51521","MirageStoreSetItem#0",0,0,0
26384,"MirageStoreSetItem#51522","MirageStoreSetItem#0",0,0,0
26385,"MirageStoreSetItem#51522","MirageStoreSetItem#0",0,0,0
26386,"MirageStoreSetItem#51522","MirageStoreSetItem#0",0,0,0
26387,"MirageStoreSetItem#51522","MirageStoreSetItem#0",0,0,0
26388,"MirageStoreSetItem#51522","MirageStoreSetItem#0",0,0,0
26390,"MirageStoreSetItem#51523","MirageStoreSetItem#0",0,0,0
26391,"MirageStoreSetItem#51523","MirageStoreSetItem#0",0,0,0
26392,"MirageStoreSetItem#51523","MirageStoreSetItem#0",0,0,0
26393,"MirageStoreSetItem#51523","MirageStoreSetItem#0",0,0,0
26394,"MirageStoreSetItem#51523","MirageStoreSetItem#0",0,0,0
26396,"MirageStoreSetItem#51524","MirageStoreSetItem#0",0,0,0
26397,"MirageStoreSetItem#51524","MirageStoreSetItem#0",0,0,0
26398,"MirageStoreSetItem#51524","MirageStoreSetItem#0",0,0,0
26399,"MirageStoreSetItem#51524","MirageStoreSetItem#0",0,0,0
26400,"MirageStoreSetItem#51524","MirageStoreSetItem#0",0,0,0
26402,"MirageStoreSetItem#51525","MirageStoreSetItem#0",0,0,0
26403,"MirageStoreSetItem#51525","MirageStoreSetItem#0",0,0,0
26404,"MirageStoreSetItem#51525","MirageStoreSetItem#0",0,0,0
26405,"MirageStoreSetItem#51525","MirageStoreSetItem#0",0,0,0
26406,"MirageStoreSetItem#51525","MirageStoreSetItem#0",0,0,0
26408,"MirageStoreSetItem#51519","MirageStoreSetItem#0",0,0,0
26409,"MirageStoreSetItem#51520","MirageStoreSetItem#51521",0,0,0
26410,"MirageStoreSetItem#51522","MirageStoreSetItem#51523",0,0,0
26411,"MirageStoreSetItem#51524","MirageStoreSetItem#0",0,0,0
26412,"MirageStoreSetItem#51525","MirageStoreSetItem#0",0,0,0
26413,"MirageStoreSetItem#51519","MirageStoreSetItem#0",0,0,0
26414,"MirageStoreSetItem#51520","MirageStoreSetItem#51521",0,0,0
26415,"MirageStoreSetItem#51522","MirageStoreSetItem#51523",0,0,0
26416,"MirageStoreSetItem#51524","MirageStoreSetItem#0",0,0,0
26417,"MirageStoreSetItem#51525","MirageStoreSetItem#0",0,0,0
26418,"MirageStoreSetItem#51519","MirageStoreSetItem#0",0,0,0
26419,"MirageStoreSetItem#51520","MirageStoreSetItem#51521",0,0,0
26420,"MirageStoreSetItem#51522","MirageStoreSetItem#51523",0,0,0
26421,"MirageStoreSetItem#51524","MirageStoreSetItem#0",0,0,0
26422,"MirageStoreSetItem#51525","MirageStoreSetItem#0",0,0,0
26423,"MirageStoreSetItem#51519","MirageStoreSetItem#0",0,0,0
26424,"MirageStoreSetItem#51520","MirageStoreSetItem#51521",0,0,0
26425,"MirageStoreSetItem#51522","MirageStoreSetItem#51523",0,0,0
26426,"MirageStoreSetItem#51524","MirageStoreSetItem#0",0,0,0
26427,"MirageStoreSetItem#51525","MirageStoreSetItem#0",0,0,0
26740,"MirageStoreSetItem#45338","MirageStoreSetItem#0",0,0,0
26741,"MirageStoreSetItem#45338","MirageStoreSetItem#0",0,0,0
26742,"MirageStoreSetItem#45338","MirageStoreSetItem#0",0,0,0
26743,"MirageStoreSetItem#45338","MirageStoreSetItem#0",0,0,0
27333,"MirageStoreSetItem#45339","MirageStoreSetItem#0",0,0,0
27334,"MirageStoreSetItem#45339","MirageStoreSetItem#0",0,0,0
27335,"MirageStoreSetItem#45339","MirageStoreSetItem#0",0,0,0
27336,"MirageStoreSetItem#45339","MirageStoreSetItem#0",0,0,0
27337,"MirageStoreSetItem#45339","MirageStoreSetItem#0",0,0,0
27339,"MirageStoreSetItem#45340","MirageStoreSetItem#0",0,0,0
27340,"MirageStoreSetItem#45340","MirageStoreSetItem#0",0,0,0
27341,"MirageStoreSetItem#45340","MirageStoreSetItem#0",0,0,0
27342,"MirageStoreSetItem#45340","MirageStoreSetItem#0",0,0,0
27343,"MirageStoreSetItem#45340","MirageStoreSetItem#0",0,0,0
27933,"MirageStoreSetItem#45341","MirageStoreSetItem#0",0,0,0
27934,"MirageStoreSetItem#45341","MirageStoreSetItem#0",0,0,0
27935,"MirageStoreSetItem#45341","MirageStoreSetItem#0",0,0,0
27936,"MirageStoreSetItem#45342","MirageStoreSetItem#0",0,0,0
27937,"MirageStoreSetItem#45342","MirageStoreSetItem#0",0,0,0
27938,"MirageStoreSetItem#45343","MirageStoreSetItem#0",0,0,0
27939,"MirageStoreSetItem#45343","MirageStoreSetItem#45345",0,0,0
27940,"MirageStoreSetItem#45343","MirageStoreSetItem#45345",0,0,0
27941,"MirageStoreSetItem#45344","MirageStoreSetItem#0",0,0,0
27942,"MirageStoreSetItem#45344","MirageStoreSetItem#0",0,0,0
27991,"MirageStoreSetItem#45345","MirageStoreSetItem#0",0,0,0
28081,"MirageStoreSetItem#45357","MirageStoreSetItem#0",0,0,0
28082,"MirageStoreSetItem#45357","MirageStoreSetItem#0",0,0,0
28083,"MirageStoreSetItem#45357","MirageStoreSetItem#0",0,0,0
28084,"MirageStoreSetItem#45357","MirageStoreSetItem#0",0,0,0
28085,"MirageStoreSetItem#45357","MirageStoreSetItem#0",0,0,0
28086,"MirageStoreSetItem#45358","MirageStoreSetItem#0",0,0,0
28087,"MirageStoreSetItem#45358","MirageStoreSetItem#0",0,0,0
28088,"MirageStoreSetItem#45358","MirageStoreSetItem#0",0,0,0
28089,"MirageStoreSetItem#45358","MirageStoreSetItem#0",0,0,0
28090,"MirageStoreSetItem#45358","MirageStoreSetItem#0",0,0,0
28091,"MirageStoreSetItem#45359","MirageStoreSetItem#0",0,0,0
28092,"MirageStoreSetItem#45359","MirageStoreSetItem#0",0,0,0
28093,"MirageStoreSetItem#45359","MirageStoreSetItem#0",0,0,0
28094,"MirageStoreSetItem#45359","MirageStoreSetItem#0",0,0,0
28095,"MirageStoreSetItem#45359","MirageStoreSetItem#0",0,0,0
28096,"MirageStoreSetItem#45360","MirageStoreSetItem#0",0,0,0
28097,"MirageStoreSetItem#45360","MirageStoreSetItem#0",0,0,0
28098,"MirageStoreSetItem#45360","MirageStoreSetItem#0",0,0,0
28099,"MirageStoreSetItem#45360","MirageStoreSetItem#0",0,0,0
28100,"MirageStoreSetItem#45360","MirageStoreSetItem#0",0,0,0
28101,"MirageStoreSetItem#45361","MirageStoreSetItem#0",0,0,0
28102,"MirageStoreSetItem#45361","MirageStoreSetItem#0",0,0,0
28103,"MirageStoreSetItem#45361","MirageStoreSetItem#0",0,0,0
28104,"MirageStoreSetItem#45361","MirageStoreSetItem#0",0,0,0
28105,"MirageStoreSetItem#45361","MirageStoreSetItem#0",0,0,0
28106,"MirageStoreSetItem#45362","MirageStoreSetItem#0",0,0,0
28107,"MirageStoreSetItem#45362","MirageStoreSetItem#0",0,0,0
28108,"MirageStoreSetItem#45362","MirageStoreSetItem#0",0,0,0
28109,"MirageStoreSetItem#45362","MirageStoreSetItem#0",0,0,0
28110,"MirageStoreSetItem#45362","MirageStoreSetItem#0",0,0,0
28111,"MirageStoreSetItem#45363","MirageStoreSetItem#0",0,0,0
28112,"MirageStoreSetItem#45363","MirageStoreSetItem#0",0,0,0
28113,"MirageStoreSetItem#45363","MirageStoreSetItem#0",0,0,0
28114,"MirageStoreSetItem#45363","MirageStoreSetItem#0",0,0,0
28115,"MirageStoreSetItem#45363","MirageStoreSetItem#0",0,0,0
28209,"MirageStoreSetItem#51526","MirageStoreSetItem#0",0,0,0
28210,"MirageStoreSetItem#51526","MirageStoreSetItem#0",0,0,0
28211,"MirageStoreSetItem#51526","MirageStoreSetItem#0",0,0,0
28212,"MirageStoreSetItem#51526","MirageStoreSetItem#0",0,0,0
28213,"MirageStoreSetItem#51526","MirageStoreSetItem#0",0,0,0
28215,"MirageStoreSetItem#51527","MirageStoreSetItem#0",0,0,0
28216,"MirageStoreSetItem#51527","MirageStoreSetItem#0",0,0,0
28217,"MirageStoreSetItem#51527","MirageStoreSetItem#0",0,0,0
28218,"MirageStoreSetItem#51527","MirageStoreSetItem#0",0,0,0
28219,"MirageStoreSetItem#51527","MirageStoreSetItem#0",0,0,0
28221,"MirageStoreSetItem#51528","MirageStoreSetItem#0",0,0,0
28222,"MirageStoreSetItem#51528","MirageStoreSetItem#0",0,0,0
28223,"MirageStoreSetItem#51528","MirageStoreSetItem#0",0,0,0
28224,"MirageStoreSetItem#51528","MirageStoreSetItem#0",0,0,0
28225,"MirageStoreSetItem#51528","MirageStoreSetItem#0",0,0,0
28227,"MirageStoreSetItem#51529","MirageStoreSetItem#0",0,0,0
28228,"MirageStoreSetItem#51529","MirageStoreSetItem#0",0,0,0
28229,"MirageStoreSetItem#51529","MirageStoreSetItem#0",0,0,0
28230,"MirageStoreSetItem#51529","MirageStoreSetItem#0",0,0,0
28231,"MirageStoreSetItem#51529","MirageStoreSetItem#0",0,0,0
28233,"MirageStoreSetItem#51530","MirageStoreSetItem#0",0,0,0
28234,"MirageStoreSetItem#51530","MirageStoreSetItem#0",0,0,0
28235,"MirageStoreSetItem#51530","MirageStoreSetItem#0",0,0,0
28236,"MirageStoreSetItem#51530","MirageStoreSetItem#0",0,0,0
28237,"MirageStoreSetItem#51530","MirageStoreSetItem#0",0,0,0
28239,"MirageStoreSetItem#51531","MirageStoreSetItem#0",0,0,0
28240,"MirageStoreSetItem#51531","MirageStoreSetItem#0",0,0,0
28241,"MirageStoreSetItem#51531","MirageStoreSetItem#0",0,0,0
28242,"MirageStoreSetItem#51531","MirageStoreSetItem#0",0,0,0
28243,"MirageStoreSetItem#51531","MirageStoreSetItem#0",0,0,0
28245,"MirageStoreSetItem#51532","MirageStoreSetItem#0",0,0,0
28246,"MirageStoreSetItem#51532","MirageStoreSetItem#0",0,0,0
28247,"MirageStoreSetItem#51532","MirageStoreSetItem#0",0,0,0
28248,"MirageStoreSetItem#51532","MirageStoreSetItem#0",0,0,0
28249,"MirageStoreSetItem#51532","MirageStoreSetItem#0",0,0,0
28251,"MirageStoreSetItem#51526","MirageStoreSetItem#0",0,0,0
28252,"MirageStoreSetItem#51527","MirageStoreSetItem#51528",0,0,0
28253,"MirageStoreSetItem#51529","MirageStoreSetItem#51530",0,0,0
28254,"MirageStoreSetItem#51531","MirageStoreSetItem#0",0,0,0
28255,"MirageStoreSetItem#51532","MirageStoreSetItem#0",0,0,0
28256,"MirageStoreSetItem#51526","MirageStoreSetItem#0",0,0,0
28257,"MirageStoreSetItem#51527","MirageStoreSetItem#51528",0,0,0
28258,"MirageStoreSetItem#51529","MirageStoreSetItem#51530",0,0,0
28259,"MirageStoreSetItem#51531","MirageStoreSetItem#0",0,0,0
28260,"MirageStoreSetItem#51532","MirageStoreSetItem#0",0,0,0
28261,"MirageStoreSetItem#51526","MirageStoreSetItem#0",0,0,0
28262,"MirageStoreSetItem#51527","MirageStoreSetItem#51528",0,0,0
28263,"MirageStoreSetItem#51529","MirageStoreSetItem#51530",0,0,0
28264,"MirageStoreSetItem#51531","MirageStoreSetItem#0",0,0,0
28265,"MirageStoreSetItem#51532","MirageStoreSetItem#0",0,0,0
28266,"MirageStoreSetItem#51526","MirageStoreSetItem#0",0,0,0
28267,"MirageStoreSetItem#51527","MirageStoreSetItem#51528",0,0,0
28268,"MirageStoreSetItem#51529","MirageStoreSetItem#51530",0,0,0
28269,"MirageStoreSetItem#51531","MirageStoreSetItem#0",0,0,0
28270,"MirageStoreSetItem#51532","MirageStoreSetItem#0",0,0,0
28553,"MirageStoreSetItem#45364","MirageStoreSetItem#0",0,0,0
28554,"MirageStoreSetItem#45364","MirageStoreSetItem#0",0,0,0
28555,"MirageStoreSetItem#45364","MirageStoreSetItem#0",0,0,0
28558,"MirageStoreSetItem#45365","MirageStoreSetItem#0",0,0,0
28559,"MirageStoreSetItem#45365","MirageStoreSetItem#0",0,0,0
28560,"MirageStoreSetItem#45365","MirageStoreSetItem#0",0,0,0
28561,"MirageStoreSetItem#45365","MirageStoreSetItem#0",0,0,0
28562,"MirageStoreSetItem#45365","MirageStoreSetItem#0",0,0,0
28563,"MirageStoreSetItem#45366","MirageStoreSetItem#0",0,0,0
28564,"MirageStoreSetItem#45366","MirageStoreSetItem#0",0,0,0
28565,"MirageStoreSetItem#45366","MirageStoreSetItem#0",0,0,0
28566,"MirageStoreSetItem#45366","MirageStoreSetItem#0",0,0,0
28567,"MirageStoreSetItem#45366","MirageStoreSetItem#0",0,0,0
28568,"MirageStoreSetItem#45367","MirageStoreSetItem#0",0,0,0
28569,"MirageStoreSetItem#45367","MirageStoreSetItem#0",0,0,0
28570,"MirageStoreSetItem#45367","MirageStoreSetItem#0",0,0,0
28571,"MirageStoreSetItem#45367","MirageStoreSetItem#0",0,0,0
28572,"MirageStoreSetItem#45367","MirageStoreSetItem#0",0,0,0
28573,"MirageStoreSetItem#45368","MirageStoreSetItem#0",0,0,0
28574,"MirageStoreSetItem#45368","MirageStoreSetItem#0",0,0,0
28575,"MirageStoreSetItem#45368","MirageStoreSetItem#0",0,0,0
28576,"MirageStoreSetItem#45368","MirageStoreSetItem#0",0,0,0
28577,"MirageStoreSetItem#45368","MirageStoreSetItem#0",0,0,0
28578,"MirageStoreSetItem#45369","MirageStoreSetItem#0",0,0,0
28579,"MirageStoreSetItem#45369","MirageStoreSetItem#0",0,0,0
28580,"MirageStoreSetItem#45369","MirageStoreSetItem#0",0,0,0
28581,"MirageStoreSetItem#45369","MirageStoreSetItem#0",0,0,0
28582,"MirageStoreSetItem#45369","MirageStoreSetItem#0",0,0,0
28583,"MirageStoreSetItem#45370","MirageStoreSetItem#0",0,0,0
28584,"MirageStoreSetItem#45370","MirageStoreSetItem#0",0,0,0
28585,"MirageStoreSetItem#45370","MirageStoreSetItem#0",0,0,0
28586,"MirageStoreSetItem#45370","MirageStoreSetItem#0",0,0,0
28587,"MirageStoreSetItem#45370","MirageStoreSetItem#0",0,0,0
28588,"MirageStoreSetItem#45371","MirageStoreSetItem#0",0,0,0
28589,"MirageStoreSetItem#45371","MirageStoreSetItem#0",0,0,0
28590,"MirageStoreSetItem#45372","MirageStoreSetItem#0",0,0,0
28591,"MirageStoreSetItem#45372","MirageStoreSetItem#0",0,0,0
28592,"MirageStoreSetItem#45373","MirageStoreSetItem#0",0,0,0
28593,"MirageStoreSetItem#45373","MirageStoreSetItem#45374",0,0,0
28594,"MirageStoreSetItem#45374","MirageStoreSetItem#0",0,0,0
28595,"MirageStoreSetItem#45375","MirageStoreSetItem#0",0,0,0
28596,"MirageStoreSetItem#45375","MirageStoreSetItem#0",0,0,0
28597,"MirageStoreSetItem#45375","MirageStoreSetItem#0",0,0,0
28598,"MirageStoreSetItem#45375","MirageStoreSetItem#0",0,0,0
28599,"MirageStoreSetItem#45375","MirageStoreSetItem#0",0,0,0
28600,"MirageStoreSetItem#45376","MirageStoreSetItem#0",0,0,0
28601,"MirageStoreSetItem#45376","MirageStoreSetItem#0",0,0,0
28602,"MirageStoreSetItem#45376","MirageStoreSetItem#0",0,0,0
28603,"MirageStoreSetItem#45376","MirageStoreSetItem#0",0,0,0
28604,"MirageStoreSetItem#45376","MirageStoreSetItem#0",0,0,0
28605,"MirageStoreSetItem#45377","MirageStoreSetItem#0",0,0,0
28606,"MirageStoreSetItem#45377","MirageStoreSetItem#0",0,0,0
28607,"MirageStoreSetItem#45377","MirageStoreSetItem#0",0,0,0
28608,"MirageStoreSetItem#45377","MirageStoreSetItem#0",0,0,0
28609,"MirageStoreSetItem#45377","MirageStoreSetItem#0",0,0,0
28709,"MirageStoreSetItem#45378","MirageStoreSetItem#0",0,0,0
28710,"MirageStoreSetItem#45378","MirageStoreSetItem#0",0,0,0
28711,"MirageStoreSetItem#45378","MirageStoreSetItem#0",0,0,0
28712,"MirageStoreSetItem#45378","MirageStoreSetItem#0",0,0,0
28713,"MirageStoreSetItem#45378","MirageStoreSetItem#0",0,0,0
28808,"MirageStoreSetItem#45379","MirageStoreSetItem#0",0,0,0
28809,"MirageStoreSetItem#45379","MirageStoreSetItem#0",0,0,0
28810,"MirageStoreSetItem#45379","MirageStoreSetItem#0",0,0,0
28811,"MirageStoreSetItem#45379","MirageStoreSetItem#0",0,0,0
28812,"MirageStoreSetItem#45379","MirageStoreSetItem#0",0,0,0
28813,"MirageStoreSetItem#45380","MirageStoreSetItem#0",0,0,0
28814,"MirageStoreSetItem#45380","MirageStoreSetItem#0",0,0,0
28815,"MirageStoreSetItem#45380","MirageStoreSetItem#0",0,0,0
28816,"MirageStoreSetItem#45380","MirageStoreSetItem#0",0,0,0
28817,"MirageStoreSetItem#45380","MirageStoreSetItem#0",0,0,0
28818,"MirageStoreSetItem#45381","MirageStoreSetItem#0",0,0,0
28819,"MirageStoreSetItem#45381","MirageStoreSetItem#0",0,0,0
28820,"MirageStoreSetItem#45381","MirageStoreSetItem#0",0,0,0
28821,"MirageStoreSetItem#45381","MirageStoreSetItem#0",0,0,0
28822,"MirageStoreSetItem#45381","MirageStoreSetItem#0",0,0,0
28823,"MirageStoreSetItem#45382","MirageStoreSetItem#0",0,0,0
28824,"MirageStoreSetItem#45382","MirageStoreSetItem#0",0,0,0
28825,"MirageStoreSetItem#45382","MirageStoreSetItem#0",0,0,0
28826,"MirageStoreSetItem#45382","MirageStoreSetItem#0",0,0,0
28827,"MirageStoreSetItem#45382","MirageStoreSetItem#0",0,0,0
28828,"MirageStoreSetItem#45383","MirageStoreSetItem#0",0,0,0
28829,"MirageStoreSetItem#45383","MirageStoreSetItem#0",0,0,0
28830,"MirageStoreSetItem#45383","MirageStoreSetItem#0",0,0,0
28831,"MirageStoreSetItem#45383","MirageStoreSetItem#0",0,0,0
28832,"MirageStoreSetItem#45383","MirageStoreSetItem#0",0,0,0
28833,"MirageStoreSetItem#45384","MirageStoreSetItem#0",0,0,0
28834,"MirageStoreSetItem#45384","MirageStoreSetItem#0",0,0,0
28835,"MirageStoreSetItem#45384","MirageStoreSetItem#0",0,0,0
28836,"MirageStoreSetItem#45384","MirageStoreSetItem#0",0,0,0
28837,"MirageStoreSetItem#45384","MirageStoreSetItem#0",0,0,0
28838,"MirageStoreSetItem#45385","MirageStoreSetItem#0",0,0,0
28839,"MirageStoreSetItem#45385","MirageStoreSetItem#0",0,0,0
28840,"MirageStoreSetItem#45385","MirageStoreSetItem#0",0,0,0
28841,"MirageStoreSetItem#45385","MirageStoreSetItem#0",0,0,0
28842,"MirageStoreSetItem#45385","MirageStoreSetItem#0",0,0,0
28843,"MirageStoreSetItem#45386","MirageStoreSetItem#0",0,0,0
28844,"MirageStoreSetItem#45386","MirageStoreSetItem#0",0,0,0
28845,"MirageStoreSetItem#45386","MirageStoreSetItem#0",0,0,0
28846,"MirageStoreSetItem#45386","MirageStoreSetItem#0",0,0,0
28847,"MirageStoreSetItem#45386","MirageStoreSetItem#0",0,0,0
28848,"MirageStoreSetItem#45387","MirageStoreSetItem#0",0,0,0
28849,"MirageStoreSetItem#45387","MirageStoreSetItem#0",0,0,0
28850,"MirageStoreSetItem#45387","MirageStoreSetItem#0",0,0,0
28851,"MirageStoreSetItem#45387","MirageStoreSetItem#0",0,0,0
28852,"MirageStoreSetItem#45387","MirageStoreSetItem#0",0,0,0
28853,"MirageStoreSetItem#45388","MirageStoreSetItem#0",0,0,0
28854,"MirageStoreSetItem#45388","MirageStoreSetItem#0",0,0,0
28855,"MirageStoreSetItem#45388","MirageStoreSetItem#0",0,0,0
28856,"MirageStoreSetItem#45388","MirageStoreSetItem#0",0,0,0
28857,"MirageStoreSetItem#45388","MirageStoreSetItem#0",0,0,0
28858,"MirageStoreSetItem#45389","MirageStoreSetItem#0",0,0,0
28859,"MirageStoreSetItem#45389","MirageStoreSetItem#0",0,0,0
28860,"MirageStoreSetItem#45389","MirageStoreSetItem#0",0,0,0
28861,"MirageStoreSetItem#45389","MirageStoreSetItem#0",0,0,0
28862,"MirageStoreSetItem#45389","MirageStoreSetItem#0",0,0,0
28863,"MirageStoreSetItem#45390","MirageStoreSetItem#0",0,0,0
28864,"MirageStoreSetItem#45390","MirageStoreSetItem#0",0,0,0
28865,"MirageStoreSetItem#45390","MirageStoreSetItem#0",0,0,0
28866,"MirageStoreSetItem#45390","MirageStoreSetItem#0",0,0,0
28867,"MirageStoreSetItem#45390","MirageStoreSetItem#0",0,0,0
28868,"MirageStoreSetItem#45391","MirageStoreSetItem#0",0,0,0
28869,"MirageStoreSetItem#45391","MirageStoreSetItem#0",0,0,0
28870,"MirageStoreSetItem#45391","MirageStoreSetItem#0",0,0,0
28871,"MirageStoreSetItem#45391","MirageStoreSetItem#0",0,0,0
28872,"MirageStoreSetItem#45391","MirageStoreSetItem#0",0,0,0
28873,"MirageStoreSetItem#45392","MirageStoreSetItem#0",0,0,0
28874,"MirageStoreSetItem#45392","MirageStoreSetItem#0",0,0,0
28875,"MirageStoreSetItem#45392","MirageStoreSetItem#0",0,0,0
28876,"MirageStoreSetItem#45392","MirageStoreSetItem#0",0,0,0
28877,"MirageStoreSetItem#45392","MirageStoreSetItem#0",0,0,0
29339,"MirageStoreSetItem#51533","MirageStoreSetItem#0",0,0,0
29340,"MirageStoreSetItem#51533","MirageStoreSetItem#0",0,0,0
29341,"MirageStoreSetItem#51533","MirageStoreSetItem#0",0,0,0
29342,"MirageStoreSetItem#51533","MirageStoreSetItem#0",0,0,0
29343,"MirageStoreSetItem#51533","MirageStoreSetItem#0",0,0,0
29345,"MirageStoreSetItem#51534","MirageStoreSetItem#0",0,0,0
29346,"MirageStoreSetItem#51534","MirageStoreSetItem#0",0,0,0
29347,"MirageStoreSetItem#51534","MirageStoreSetItem#0",0,0,0
29348,"MirageStoreSetItem#51534","MirageStoreSetItem#0",0,0,0
29349,"MirageStoreSetItem#51534","MirageStoreSetItem#0",0,0,0
29351,"MirageStoreSetItem#51535","MirageStoreSetItem#0",0,0,0
29352,"MirageStoreSetItem#51535","MirageStoreSetItem#0",0,0,0
29353,"MirageStoreSetItem#51535","MirageStoreSetItem#0",0,0,0
29354,"MirageStoreSetItem#51535","MirageStoreSetItem#0",0,0,0
29355,"MirageStoreSetItem#51535","MirageStoreSetItem#0",0,0,0
29357,"MirageStoreSetItem#51536","MirageStoreSetItem#0",0,0,0
29358,"MirageStoreSetItem#51536","MirageStoreSetItem#0",0,0,0
29359,"MirageStoreSetItem#51536","MirageStoreSetItem#0",0,0,0
29360,"MirageStoreSetItem#51536","MirageStoreSetItem#0",0,0,0
29361,"MirageStoreSetItem#51536","MirageStoreSetItem#0",0,0,0
29363,"MirageStoreSetItem#51537","MirageStoreSetItem#0",0,0,0
29364,"MirageStoreSetItem#51537","MirageStoreSetItem#0",0,0,0
29365,"MirageStoreSetItem#51537","MirageStoreSetItem#0",0,0,0
29366,"MirageStoreSetItem#51537","MirageStoreSetItem#0",0,0,0
29367,"MirageStoreSetItem#51537","MirageStoreSetItem#0",0,0,0
29369,"MirageStoreSetItem#51538","MirageStoreSetItem#0",0,0,0
29370,"MirageStoreSetItem#51538","MirageStoreSetItem#0",0,0,0
29371,"MirageStoreSetItem#51538","MirageStoreSetItem#0",0,0,0
29372,"MirageStoreSetItem#51538","MirageStoreSetItem#0",0,0,0
29373,"MirageStoreSetItem#51538","MirageStoreSetItem#0",0,0,0
29375,"MirageStoreSetItem#51539","MirageStoreSetItem#0",0,0,0
29376,"MirageStoreSetItem#51539","MirageStoreSetItem#0",0,0,0
29377,"MirageStoreSetItem#51539","MirageStoreSetItem#0",0,0,0
29378,"MirageStoreSetItem#51539","MirageStoreSetItem#0",0,0,0
29379,"MirageStoreSetItem#51539","MirageStoreSetItem#0",0,0,0
29381,"MirageStoreSetItem#51533","MirageStoreSetItem#0",0,0,0
29382,"MirageStoreSetItem#51534","MirageStoreSetItem#51535",0,0,0
29383,"MirageStoreSetItem#51536","MirageStoreSetItem#51537",0,0,0
29384,"MirageStoreSetItem#51538","MirageStoreSetItem#0",0,0,0
29385,"MirageStoreSetItem#51539","MirageStoreSetItem#0",0,0,0
29386,"MirageStoreSetItem#51533","MirageStoreSetItem#0",0,0,0
29387,"MirageStoreSetItem#51534","MirageStoreSetItem#51535",0,0,0
29388,"MirageStoreSetItem#51536","MirageStoreSetItem#51537",0,0,0
29389,"MirageStoreSetItem#51538","MirageStoreSetItem#0",0,0,0
29390,"MirageStoreSetItem#51539","MirageStoreSetItem#0",0,0,0
29391,"MirageStoreSetItem#51533","MirageStoreSetItem#0",0,0,0
29392,"MirageStoreSetItem#51534","MirageStoreSetItem#51535",0,0,0
29393,"MirageStoreSetItem#51536","MirageStoreSetItem#51537",0,0,0
29394,"MirageStoreSetItem#51538","MirageStoreSetItem#0",0,0,0
29395,"MirageStoreSetItem#51539","MirageStoreSetItem#0",0,0,0
29396,"MirageStoreSetItem#51533","MirageStoreSetItem#0",0,0,0
29397,"MirageStoreSetItem#51534","MirageStoreSetItem#51535",0,0,0
29398,"MirageStoreSetItem#51536","MirageStoreSetItem#51537",0,0,0
29399,"MirageStoreSetItem#51538","MirageStoreSetItem#0",0,0,0
29400,"MirageStoreSetItem#51539","MirageStoreSetItem#0",0,0,0
30044,"MirageStoreSetItem#45393","MirageStoreSetItem#45394",0,0,0
30045,"MirageStoreSetItem#45393","MirageStoreSetItem#0",0,0,0
30046,"MirageStoreSetItem#45394","MirageStoreSetItem#0",0,0,0
30048,"MirageStoreSetItem#45395","MirageStoreSetItem#0",0,0,0
30049,"MirageStoreSetItem#45395","MirageStoreSetItem#0",0,0,0
30050,"MirageStoreSetItem#45395","MirageStoreSetItem#0",0,0,0
30051,"MirageStoreSetItem#45395","MirageStoreSetItem#0",0,0,0
30052,"MirageStoreSetItem#45396","MirageStoreSetItem#0",0,0,0
30053,"MirageStoreSetItem#45396","MirageStoreSetItem#0",0,0,0
30054,"MirageStoreSetItem#45396","MirageStoreSetItem#0",0,0,0
30055,"MirageStoreSetItem#45397","MirageStoreSetItem#0",0,0,0
30056,"MirageStoreSetItem#45397","MirageStoreSetItem#0",0,0,0
30057,"MirageStoreSetItem#45397","MirageStoreSetItem#0",0,0,0
30058,"MirageStoreSetItem#45398","MirageStoreSetItem#0",0,0,0
30059,"MirageStoreSetItem#45398","MirageStoreSetItem#0",0,0,0
30060,"MirageStoreSetItem#45398","MirageStoreSetItem#0",0,0,0
30061,"MirageStoreSetItem#45398","MirageStoreSetItem#0",0,0,0
30062,"MirageStoreSetItem#45399","MirageStoreSetItem#0",0,0,0
30063,"MirageStoreSetItem#45399","MirageStoreSetItem#0",0,0,0
30064,"MirageStoreSetItem#45399","MirageStoreSetItem#0",0,0,0
30065,"MirageStoreSetItem#45399","MirageStoreSetItem#0",0,0,0
30142,"MirageStoreSetItem#50573","MirageStoreSetItem#0",0,0,0
30143,"MirageStoreSetItem#50573","MirageStoreSetItem#0",0,0,0
30144,"MirageStoreSetItem#50573","MirageStoreSetItem#0",0,0,0
30145,"MirageStoreSetItem#50573","MirageStoreSetItem#0",0,0,0
30146,"MirageStoreSetItem#50573","MirageStoreSetItem#0",0,0,0
30147,"MirageStoreSetItem#50574","MirageStoreSetItem#0",0,0,0
30148,"MirageStoreSetItem#50574","MirageStoreSetItem#0",0,0,0
30149,"MirageStoreSetItem#50574","MirageStoreSetItem#0",0,0,0
30150,"MirageStoreSetItem#50574","MirageStoreSetItem#0",0,0,0
30151,"MirageStoreSetItem#50574","MirageStoreSetItem#0",0,0,0
30152,"MirageStoreSetItem#50575","MirageStoreSetItem#0",0,0,0
30153,"MirageStoreSetItem#50575","MirageStoreSetItem#0",0,0,0
30154,"MirageStoreSetItem#50575","MirageStoreSetItem#0",0,0,0
30155,"MirageStoreSetItem#50575","MirageStoreSetItem#0",0,0,0
30156,"MirageStoreSetItem#50575","MirageStoreSetItem#0",0,0,0
30157,"MirageStoreSetItem#50576","MirageStoreSetItem#0",0,0,0
30158,"MirageStoreSetItem#50576","MirageStoreSetItem#0",0,0,0
30159,"MirageStoreSetItem#50576","MirageStoreSetItem#0",0,0,0
30160,"MirageStoreSetItem#50576","MirageStoreSetItem#0",0,0,0
30161,"MirageStoreSetItem#50576","MirageStoreSetItem#0",0,0,0
30162,"MirageStoreSetItem#50577","MirageStoreSetItem#0",0,0,0
30163,"MirageStoreSetItem#50577","MirageStoreSetItem#0",0,0,0
30164,"MirageStoreSetItem#50577","MirageStoreSetItem#0",0,0,0
30165,"MirageStoreSetItem#50577","MirageStoreSetItem#0",0,0,0
30166,"MirageStoreSetItem#50577","MirageStoreSetItem#0",0,0,0
30167,"MirageStoreSetItem#50578","MirageStoreSetItem#0",0,0,0
30168,"MirageStoreSetItem#50578","MirageStoreSetItem#0",0,0,0
30169,"MirageStoreSetItem#50578","MirageStoreSetItem#0",0,0,0
30170,"MirageStoreSetItem#50578","MirageStoreSetItem#0",0,0,0
30171,"MirageStoreSetItem#50578","MirageStoreSetItem#0",0,0,0
30172,"MirageStoreSetItem#50579","MirageStoreSetItem#0",0,0,0
30173,"MirageStoreSetItem#50579","MirageStoreSetItem#0",0,0,0
30174,"MirageStoreSetItem#50579","MirageStoreSetItem#0",0,0,0
30175,"MirageStoreSetItem#50579","MirageStoreSetItem#0",0,0,0
30176,"MirageStoreSetItem#50579","MirageStoreSetItem#0",0,0,0
30177,"MirageStoreSetItem#50580","MirageStoreSetItem#0",0,0,0
30178,"MirageStoreSetItem#50580","MirageStoreSetItem#0",0,0,0
30179,"MirageStoreSetItem#50580","MirageStoreSetItem#0",0,0,0
30180,"MirageStoreSetItem#50580","MirageStoreSetItem#0",0,0,0
30181,"MirageStoreSetItem#50580","MirageStoreSetItem#0",0,0,0
30182,"MirageStoreSetItem#50581","MirageStoreSetItem#0",0,0,0
30183,"MirageStoreSetItem#50581","MirageStoreSetItem#0",0,0,0
30184,"MirageStoreSetItem#50581","MirageStoreSetItem#0",0,0,0
30185,"MirageStoreSetItem#50581","MirageStoreSetItem#0",0,0,0
30186,"MirageStoreSetItem#50581","MirageStoreSetItem#0",0,0,0
30187,"MirageStoreSetItem#50582","MirageStoreSetItem#0",0,0,0
30188,"MirageStoreSetItem#50582","MirageStoreSetItem#0",0,0,0
30189,"MirageStoreSetItem#50582","MirageStoreSetItem#0",0,0,0
30190,"MirageStoreSetItem#50582","MirageStoreSetItem#0",0,0,0
30191,"MirageStoreSetItem#50582","MirageStoreSetItem#0",0,0,0
30192,"MirageStoreSetItem#50583","MirageStoreSetItem#0",0,0,0
30193,"MirageStoreSetItem#50583","MirageStoreSetItem#0",0,0,0
30194,"MirageStoreSetItem#50583","MirageStoreSetItem#0",0,0,0
30195,"MirageStoreSetItem#50583","MirageStoreSetItem#0",0,0,0
30196,"MirageStoreSetItem#50583","MirageStoreSetItem#0",0,0,0
30197,"MirageStoreSetItem#50584","MirageStoreSetItem#0",0,0,0
30198,"MirageStoreSetItem#50584","MirageStoreSetItem#0",0,0,0
30199,"MirageStoreSetItem#50584","MirageStoreSetItem#0",0,0,0
30200,"MirageStoreSetItem#50584","MirageStoreSetItem#0",0,0,0
30201,"MirageStoreSetItem#50584","MirageStoreSetItem#0",0,0,0
30202,"MirageStoreSetItem#50585","MirageStoreSetItem#0",0,0,0
30203,"MirageStoreSetItem#50585","MirageStoreSetItem#0",0,0,0
30204,"MirageStoreSetItem#50585","MirageStoreSetItem#0",0,0,0
30205,"MirageStoreSetItem#50585","MirageStoreSetItem#0",0,0,0
30206,"MirageStoreSetItem#50585","MirageStoreSetItem#0",0,0,0
30207,"MirageStoreSetItem#50586","MirageStoreSetItem#0",0,0,0
30208,"MirageStoreSetItem#50586","MirageStoreSetItem#0",0,0,0
30209,"MirageStoreSetItem#50586","MirageStoreSetItem#0",0,0,0
30210,"MirageStoreSetItem#50586","MirageStoreSetItem#0",0,0,0
30211,"MirageStoreSetItem#50586","MirageStoreSetItem#0",0,0,0
30212,"MirageStoreSetItem#50587","MirageStoreSetItem#0",0,0,0
30213,"MirageStoreSetItem#50587","MirageStoreSetItem#0",0,0,0
30214,"MirageStoreSetItem#50587","MirageStoreSetItem#0",0,0,0
30215,"MirageStoreSetItem#50587","MirageStoreSetItem#0",0,0,0
30216,"MirageStoreSetItem#50587","MirageStoreSetItem#0",0,0,0
30217,"MirageStoreSetItem#50588","MirageStoreSetItem#0",0,0,0
30218,"MirageStoreSetItem#50588","MirageStoreSetItem#0",0,0,0
30219,"MirageStoreSetItem#50588","MirageStoreSetItem#0",0,0,0
30220,"MirageStoreSetItem#50588","MirageStoreSetItem#0",0,0,0
30221,"MirageStoreSetItem#50588","MirageStoreSetItem#0",0,0,0
30222,"MirageStoreSetItem#50589","MirageStoreSetItem#0",0,0,0
30223,"MirageStoreSetItem#50589","MirageStoreSetItem#0",0,0,0
30224,"MirageStoreSetItem#50589","MirageStoreSetItem#0",0,0,0
30225,"MirageStoreSetItem#50589","MirageStoreSetItem#0",0,0,0
30226,"MirageStoreSetItem#50589","MirageStoreSetItem#0",0,0,0
30274,"MirageStoreSetItem#45400","MirageStoreSetItem#0",0,0,0
30275,"MirageStoreSetItem#45400","MirageStoreSetItem#0",0,0,0
30276,"MirageStoreSetItem#45400","MirageStoreSetItem#0",0,0,0
30616,"MirageStoreSetItem#51540","MirageStoreSetItem#0",0,0,0
30617,"MirageStoreSetItem#51540","MirageStoreSetItem#0",0,0,0
30618,"MirageStoreSetItem#51540","MirageStoreSetItem#0",0,0,0
30619,"MirageStoreSetItem#51540","MirageStoreSetItem#0",0,0,0
30620,"MirageStoreSetItem#51540","MirageStoreSetItem#0",0,0,0
30622,"MirageStoreSetItem#51541","MirageStoreSetItem#0",0,0,0
30623,"MirageStoreSetItem#51541","MirageStoreSetItem#0",0,0,0
30624,"MirageStoreSetItem#51541","MirageStoreSetItem#0",0,0,0
30625,"MirageStoreSetItem#51541","MirageStoreSetItem#0",0,0,0
30626,"MirageStoreSetItem#51541","MirageStoreSetItem#0",0,0,0
30628,"MirageStoreSetItem#51542","MirageStoreSetItem#0",0,0,0
30629,"MirageStoreSetItem#51542","MirageStoreSetItem#0",0,0,0
30630,"MirageStoreSetItem#51542","MirageStoreSetItem#0",0,0,0
30631,"MirageStoreSetItem#51542","MirageStoreSetItem#0",0,0,0
30632,"MirageStoreSetItem#51542","MirageStoreSetItem#0",0,0,0
30634,"MirageStoreSetItem#51543","MirageStoreSetItem#0",0,0,0
30635,"MirageStoreSetItem#51543","MirageStoreSetItem#0",0,0,0
30636,"MirageStoreSetItem#51543","MirageStoreSetItem#0",0,0,0
30637,"MirageStoreSetItem#51543","MirageStoreSetItem#0",0,0,0
30638,"MirageStoreSetItem#51543","MirageStoreSetItem#0",0,0,0
30640,"MirageStoreSetItem#51544","MirageStoreSetItem#0",0,0,0
30641,"MirageStoreSetItem#51544","MirageStoreSetItem#0",0,0,0
30642,"MirageStoreSetItem#51544","MirageStoreSetItem#0",0,0,0
30643,"MirageStoreSetItem#51544","MirageStoreSetItem#0",0,0,0
30644,"MirageStoreSetItem#51544","MirageStoreSetItem#0",0,0,0
30646,"MirageStoreSetItem#51545","MirageStoreSetItem#0",0,0,0
30647,"MirageStoreSetItem#51545","MirageStoreSetItem#0",0,0,0
30648,"MirageStoreSetItem#51545","MirageStoreSetItem#0",0,0,0
30649,"MirageStoreSetItem#51545","MirageStoreSetItem#0",0,0,0
30650,"MirageStoreSetItem#51545","MirageStoreSetItem#0",0,0,0
30652,"MirageStoreSetItem#51546","MirageStoreSetItem#0",0,0,0
30653,"MirageStoreSetItem#51546","MirageStoreSetItem#0",0,0,0
30654,"MirageStoreSetItem#51546","MirageStoreSetItem#0",0,0,0
30655,"MirageStoreSetItem#51546","MirageStoreSetItem#0",0,0,0
30656,"MirageStoreSetItem#51546","MirageStoreSetItem#0",0,0,0
30658,"MirageStoreSetItem#51540","MirageStoreSetItem#0",0,0,0
30659,"MirageStoreSetItem#51541","MirageStoreSetItem#51542",0,0,0
30660,"MirageStoreSetItem#51543","MirageStoreSetItem#51544",0,0,0
30661,"MirageStoreSetItem#51545","MirageStoreSetItem#0",0,0,0
30662,"MirageStoreSetItem#51546","MirageStoreSetItem#0",0,0,0
30663,"MirageStoreSetItem#51540","MirageStoreSetItem#0",0,0,0
30664,"MirageStoreSetItem#51541","MirageStoreSetItem#51542",0,0,0
30665,"MirageStoreSetItem#51543","MirageStoreSetItem#51544",0,0,0
30666,"MirageStoreSetItem#51545","MirageStoreSetItem#0",0,0,0
30667,"MirageStoreSetItem#51546","MirageStoreSetItem#0",0,0,0
30668,"MirageStoreSetItem#51540","MirageStoreSetItem#0",0,0,0
30669,"MirageStoreSetItem#51541","MirageStoreSetItem#51542",0,0,0
30670,"MirageStoreSetItem#51543","MirageStoreSetItem#51544",0,0,0
30671,"MirageStoreSetItem#51545","MirageStoreSetItem#0",0,0,0
30672,"MirageStoreSetItem#51546","MirageStoreSetItem#0",0,0,0
30673,"MirageStoreSetItem#51540","MirageStoreSetItem#0",0,0,0
30674,"MirageStoreSetItem#51541","MirageStoreSetItem#51542",0,0,0
30675,"MirageStoreSetItem#51543","MirageStoreSetItem#51544",0,0,0
30676,"MirageStoreSetItem#51545","MirageStoreSetItem#0",0,0,0
30677,"MirageStoreSetItem#51546","MirageStoreSetItem#0",0,0,0
30750,"MirageStoreSetItem#45401","MirageStoreSetItem#0",0,0,0
30751,"MirageStoreSetItem#45401","MirageStoreSetItem#0",0,0,0
30752,"MirageStoreSetItem#45401","MirageStoreSetItem#0",0,0,0
30753,"MirageStoreSetItem#45401","MirageStoreSetItem#0",0,0,0
30754,"MirageStoreSetItem#45401","MirageStoreSetItem#0",0,0,0
30755,"MirageStoreSetItem#45402","MirageStoreSetItem#45403",0,0,0
30756,"MirageStoreSetItem#45402","MirageStoreSetItem#0",0,0,0
30757,"MirageStoreSetItem#45403","MirageStoreSetItem#0",0,0,0
30758,"MirageStoreSetItem#45402","MirageStoreSetItem#45403",0,0,0
30759,"MirageStoreSetItem#45404","MirageStoreSetItem#0",0,0,0
30760,"MirageStoreSetItem#45404","MirageStoreSetItem#0",0,0,0
30761,"MirageStoreSetItem#45404","MirageStoreSetItem#0",0,0,0
30762,"MirageStoreSetItem#45405","MirageStoreSetItem#0",0,0,0
30763,"MirageStoreSetItem#45405","MirageStoreSetItem#0",0,0,0
30764,"MirageStoreSetItem#45405","MirageStoreSetItem#0",0,0,0
30765,"MirageStoreSetItem#45405","MirageStoreSetItem#0",0,0,0
30766,"MirageStoreSetItem#45405","MirageStoreSetItem#0",0,0,0
31408,"MirageStoreSetItem#45406","MirageStoreSetItem#0",0,0,0
31409,"MirageStoreSetItem#45406","MirageStoreSetItem#0",0,0,0
31410,"MirageStoreSetItem#45406","MirageStoreSetItem#0",0,0,0
31411,"MirageStoreSetItem#45406","MirageStoreSetItem#0",0,0,0
31412,"MirageStoreSetItem#45406","MirageStoreSetItem#0",0,0,0
31413,"MirageStoreSetItem#45407","MirageStoreSetItem#0",0,0,0
31414,"MirageStoreSetItem#45407","MirageStoreSetItem#0",0,0,0
31415,"MirageStoreSetItem#45407","MirageStoreSetItem#0",0,0,0
31416,"MirageStoreSetItem#45407","MirageStoreSetItem#0",0,0,0
31417,"MirageStoreSetItem#45407","MirageStoreSetItem#0",0,0,0
32578,"MirageStoreSetItem#51547","MirageStoreSetItem#0",0,0,0
32579,"MirageStoreSetItem#51547","MirageStoreSetItem#0",0,0,0
32580,"MirageStoreSetItem#51547","MirageStoreSetItem#0",0,0,0
32581,"MirageStoreSetItem#51547","MirageStoreSetItem#0",0,0,0
32582,"MirageStoreSetItem#51547","MirageStoreSetItem#0",0,0,0
32584,"MirageStoreSetItem#51548","MirageStoreSetItem#0",0,0,0
32585,"MirageStoreSetItem#51548","MirageStoreSetItem#0",0,0,0
32586,"MirageStoreSetItem#51548","MirageStoreSetItem#0",0,0,0
32587,"MirageStoreSetItem#51548","MirageStoreSetItem#0",0,0,0
32588,"MirageStoreSetItem#51548","MirageStoreSetItem#0",0,0,0
32590,"MirageStoreSetItem#51549","MirageStoreSetItem#0",0,0,0
32591,"MirageStoreSetItem#51549","MirageStoreSetItem#0",0,0,0
32592,"MirageStoreSetItem#51549","MirageStoreSetItem#0",0,0,0
32593,"MirageStoreSetItem#51549","MirageStoreSetItem#0",0,0,0
32594,"MirageStoreSetItem#51549","MirageStoreSetItem#0",0,0,0
32596,"MirageStoreSetItem#51550","MirageStoreSetItem#0",0,0,0
32597,"MirageStoreSetItem#51550","MirageStoreSetItem#0",0,0,0
32598,"MirageStoreSetItem#51550","MirageStoreSetItem#0",0,0,0
32599,"MirageStoreSetItem#51550","MirageStoreSetItem#0",0,0,0
32600,"MirageStoreSetItem#51550","MirageStoreSetItem#0",0,0,0
32602,"MirageStoreSetItem#51551","MirageStoreSetItem#0",0,0,0
32603,"MirageStoreSetItem#51551","MirageStoreSetItem#0",0,0,0
32604,"MirageStoreSetItem#51551","MirageStoreSetItem#0",0,0,0
32605,"MirageStoreSetItem#51551","MirageStoreSetItem#0",0,0,0
32606,"MirageStoreSetItem#51551","MirageStoreSetItem#0",0,0,0
32608,"MirageStoreSetItem#51552","MirageStoreSetItem#0",0,0,0
32609,"MirageStoreSetItem#51552","MirageStoreSetItem#0",0,0,0
32610,"MirageStoreSetItem#51552","MirageStoreSetItem#0",0,0,0
32611,"MirageStoreSetItem#51552","MirageStoreSetItem#0",0,0,0
32612,"MirageStoreSetItem#51552","MirageStoreSetItem#0",0,0,0
32614,"MirageStoreSetItem#51553","MirageStoreSetItem#0",0,0,0
32615,"MirageStoreSetItem#51553","MirageStoreSetItem#0",0,0,0
32616,"MirageStoreSetItem#51553","MirageStoreSetItem#0",0,0,0
32617,"MirageStoreSetItem#51553","MirageStoreSetItem#0",0,0,0
32618,"MirageStoreSetItem#51553","MirageStoreSetItem#0",0,0,0
32620,"MirageStoreSetItem#51547","MirageStoreSetItem#0",0,0,0
32621,"MirageStoreSetItem#51548","MirageStoreSetItem#51549",0,0,0
32622,"MirageStoreSetItem#51550","MirageStoreSetItem#51551",0,0,0
32623,"MirageStoreSetItem#51552","MirageStoreSetItem#0",0,0,0
32624,"MirageStoreSetItem#51553","MirageStoreSetItem#0",0,0,0
32625,"MirageStoreSetItem#51547","MirageStoreSetItem#0",0,0,0
32626,"MirageStoreSetItem#51548","MirageStoreSetItem#51549",0,0,0
32627,"MirageStoreSetItem#51550","MirageStoreSetItem#51551",0,0,0
32628,"MirageStoreSetItem#51552","MirageStoreSetItem#0",0,0,0
32629,"MirageStoreSetItem#51553","MirageStoreSetItem#0",0,0,0
32630,"MirageStoreSetItem#51547","MirageStoreSetItem#0",0,0,0
32631,"MirageStoreSetItem#51548","MirageStoreSetItem#51549",0,0,0
32632,"MirageStoreSetItem#51550","MirageStoreSetItem#51551",0,0,0
32633,"MirageStoreSetItem#51552","MirageStoreSetItem#0",0,0,0
32634,"MirageStoreSetItem#51553","MirageStoreSetItem#0",0,0,0
32635,"MirageStoreSetItem#51547","MirageStoreSetItem#0",0,0,0
32636,"MirageStoreSetItem#51548","MirageStoreSetItem#51549",0,0,0
32637,"MirageStoreSetItem#51550","MirageStoreSetItem#51551",0,0,0
32638,"MirageStoreSetItem#51552","MirageStoreSetItem#0",0,0,0
32639,"MirageStoreSetItem#51553","MirageStoreSetItem#0",0,0,0
32640,"MirageStoreSetItem#50631","MirageStoreSetItem#0",0,0,0
32641,"MirageStoreSetItem#50631","MirageStoreSetItem#0",0,0,0
32642,"MirageStoreSetItem#50631","MirageStoreSetItem#0",0,0,0
32643,"MirageStoreSetItem#50631","MirageStoreSetItem#0",0,0,0
32646,"MirageStoreSetItem#50631","MirageStoreSetItem#0",0,0,0
32647,"MirageStoreSetItem#50631","MirageStoreSetItem#0",0,0,0
32648,"MirageStoreSetItem#50631","MirageStoreSetItem#0",0,0,0
32649,"MirageStoreSetItem#50631","MirageStoreSetItem#0",0,0,0
32650,"MirageStoreSetItem#50631","MirageStoreSetItem#0",0,0,0
32793,"MirageStoreSetItem#45408","MirageStoreSetItem#0",0,0,0
32794,"MirageStoreSetItem#45408","MirageStoreSetItem#0",0,0,0
32795,"MirageStoreSetItem#45408","MirageStoreSetItem#0",0,0,0
32796,"MirageStoreSetItem#45408","MirageStoreSetItem#0",0,0,0
32797,"MirageStoreSetItem#45408","MirageStoreSetItem#0",0,0,0
32798,"MirageStoreSetItem#45409","MirageStoreSetItem#0",0,0,0
32799,"MirageStoreSetItem#45409","MirageStoreSetItem#0",0,0,0
32800,"MirageStoreSetItem#45409","MirageStoreSetItem#0",0,0,0
32801,"MirageStoreSetItem#45409","MirageStoreSetItem#0",0,0,0
32802,"MirageStoreSetItem#45409","MirageStoreSetItem#0",0,0,0
32806,"MirageStoreSetItem#45410","MirageStoreSetItem#0",0,0,0
32807,"MirageStoreSetItem#45410","MirageStoreSetItem#0",0,0,0
32808,"MirageStoreSetItem#45410","MirageStoreSetItem#0",0,0,0
32809,"MirageStoreSetItem#45411","MirageStoreSetItem#0",0,0,0
32810,"MirageStoreSetItem#45411","MirageStoreSetItem#0",0,0,0
32811,"MirageStoreSetItem#45411","MirageStoreSetItem#0",0,0,0
33043,"MirageStoreSetItem#45412","MirageStoreSetItem#0",0,0,0
33044,"MirageStoreSetItem#45412","MirageStoreSetItem#0",0,0,0
33045,"MirageStoreSetItem#45412","MirageStoreSetItem#0",0,0,0
33046,"MirageStoreSetItem#45412","MirageStoreSetItem#0",0,0,0
33047,"MirageStoreSetItem#45412","MirageStoreSetItem#0",0,0,0
33048,"MirageStoreSetItem#45413","MirageStoreSetItem#0",0,0,0
33049,"MirageStoreSetItem#45413","MirageStoreSetItem#0",0,0,0
33050,"MirageStoreSetItem#45413","MirageStoreSetItem#0",0,0,0
33051,"MirageStoreSetItem#45413","MirageStoreSetItem#0",0,0,0
33052,"MirageStoreSetItem#45413","MirageStoreSetItem#0",0,0,0
33053,"MirageStoreSetItem#45414","MirageStoreSetItem#0",0,0,0
33054,"MirageStoreSetItem#45414","MirageStoreSetItem#0",0,0,0
33055,"MirageStoreSetItem#45414","MirageStoreSetItem#0",0,0,0
33056,"MirageStoreSetItem#45414","MirageStoreSetItem#0",0,0,0
33057,"MirageStoreSetItem#45414","MirageStoreSetItem#0",0,0,0
33058,"MirageStoreSetItem#45415","MirageStoreSetItem#0",0,0,0
33059,"MirageStoreSetItem#45415","MirageStoreSetItem#0",0,0,0
33060,"MirageStoreSetItem#45415","MirageStoreSetItem#0",0,0,0
33061,"MirageStoreSetItem#45415","MirageStoreSetItem#0",0,0,0
33062,"MirageStoreSetItem#45415","MirageStoreSetItem#0",0,0,0
33063,"MirageStoreSetItem#45416","MirageStoreSetItem#0",0,0,0
33064,"MirageStoreSetItem#45416","MirageStoreSetItem#0",0,0,0
33065,"MirageStoreSetItem#45416","MirageStoreSetItem#0",0,0,0
33066,"MirageStoreSetItem#45416","MirageStoreSetItem#0",0,0,0
33067,"MirageStoreSetItem#45416","MirageStoreSetItem#0",0,0,0
33068,"MirageStoreSetItem#45417","MirageStoreSetItem#0",0,0,0
33069,"MirageStoreSetItem#45417","MirageStoreSetItem#0",0,0,0
33070,"MirageStoreSetItem#45417","MirageStoreSetItem#0",0,0,0
33071,"MirageStoreSetItem#45417","MirageStoreSetItem#0",0,0,0
33072,"MirageStoreSetItem#45417","MirageStoreSetItem#0",0,0,0
33073,"MirageStoreSetItem#45418","MirageStoreSetItem#0",0,0,0
33074,"MirageStoreSetItem#45418","MirageStoreSetItem#0",0,0,0
33075,"MirageStoreSetItem#45418","MirageStoreSetItem#0",0,0,0
33076,"MirageStoreSetItem#45418","MirageStoreSetItem#0",0,0,0
33077,"MirageStoreSetItem#45418","MirageStoreSetItem#0",0,0,0
33078,"MirageStoreSetItem#45419","MirageStoreSetItem#0",0,0,0
33079,"MirageStoreSetItem#45419","MirageStoreSetItem#0",0,0,0
33080,"MirageStoreSetItem#45419","MirageStoreSetItem#0",0,0,0
33081,"MirageStoreSetItem#45419","MirageStoreSetItem#0",0,0,0
33082,"MirageStoreSetItem#45419","MirageStoreSetItem#0",0,0,0
33083,"MirageStoreSetItem#45420","MirageStoreSetItem#0",0,0,0
33084,"MirageStoreSetItem#45420","MirageStoreSetItem#0",0,0,0
33085,"MirageStoreSetItem#45420","MirageStoreSetItem#0",0,0,0
33086,"MirageStoreSetItem#45420","MirageStoreSetItem#0",0,0,0
33087,"MirageStoreSetItem#45420","MirageStoreSetItem#0",0,0,0
33088,"MirageStoreSetItem#45421","MirageStoreSetItem#0",0,0,0
33089,"MirageStoreSetItem#45421","MirageStoreSetItem#0",0,0,0
33090,"MirageStoreSetItem#45421","MirageStoreSetItem#0",0,0,0
33091,"MirageStoreSetItem#45421","MirageStoreSetItem#0",0,0,0
33092,"MirageStoreSetItem#45421","MirageStoreSetItem#0",0,0,0
33093,"MirageStoreSetItem#45422","MirageStoreSetItem#0",0,0,0
33094,"MirageStoreSetItem#45422","MirageStoreSetItem#0",0,0,0
33095,"MirageStoreSetItem#45422","MirageStoreSetItem#0",0,0,0
33096,"MirageStoreSetItem#45422","MirageStoreSetItem#0",0,0,0
33097,"MirageStoreSetItem#45422","MirageStoreSetItem#0",0,0,0
33445,"MirageStoreSetItem#45423","MirageStoreSetItem#0",0,0,0
33446,"MirageStoreSetItem#45423","MirageStoreSetItem#0",0,0,0
33447,"MirageStoreSetItem#45423","MirageStoreSetItem#0",0,0,0
33448,"MirageStoreSetItem#45423","MirageStoreSetItem#0",0,0,0
33449,"MirageStoreSetItem#45423","MirageStoreSetItem#0",0,0,0
33455,"MirageStoreSetItem#45424","MirageStoreSetItem#0",0,0,0
33456,"MirageStoreSetItem#45424","MirageStoreSetItem#0",0,0,0
33457,"MirageStoreSetItem#45424","MirageStoreSetItem#0",0,0,0
33458,"MirageStoreSetItem#45424","MirageStoreSetItem#0",0,0,0
33459,"MirageStoreSetItem#45424","MirageStoreSetItem#0",0,0,0
33500,"MirageStoreSetItem#51554","MirageStoreSetItem#0",0,0,0
33501,"MirageStoreSetItem#51554","MirageStoreSetItem#0",0,0,0
33502,"MirageStoreSetItem#51554","MirageStoreSetItem#0",0,0,0
33503,"MirageStoreSetItem#51554","MirageStoreSetItem#0",0,0,0
33504,"MirageStoreSetItem#51554","MirageStoreSetItem#0",0,0,0
33506,"MirageStoreSetItem#51555","MirageStoreSetItem#0",0,0,0
33507,"MirageStoreSetItem#51555","MirageStoreSetItem#0",0,0,0
33508,"MirageStoreSetItem#51555","MirageStoreSetItem#0",0,0,0
33509,"MirageStoreSetItem#51555","MirageStoreSetItem#0",0,0,0
33510,"MirageStoreSetItem#51555","MirageStoreSetItem#0",0,0,0
33512,"MirageStoreSetItem#51556","MirageStoreSetItem#0",0,0,0
33513,"MirageStoreSetItem#51556","MirageStoreSetItem#0",0,0,0
33514,"MirageStoreSetItem#51556","MirageStoreSetItem#0",0,0,0
33515,"MirageStoreSetItem#51556","MirageStoreSetItem#0",0,0,0
33516,"MirageStoreSetItem#51556","MirageStoreSetItem#0",0,0,0
33518,"MirageStoreSetItem#51557","MirageStoreSetItem#0",0,0,0
33519,"MirageStoreSetItem#51557","MirageStoreSetItem#0",0,0,0
33520,"MirageStoreSetItem#51557","MirageStoreSetItem#0",0,0,0
33521,"MirageStoreSetItem#51557","MirageStoreSetItem#0",0,0,0
33522,"MirageStoreSetItem#51557","MirageStoreSetItem#0",0,0,0
33524,"MirageStoreSetItem#51558","MirageStoreSetItem#0",0,0,0
33525,"MirageStoreSetItem#51558","MirageStoreSetItem#0",0,0,0
33526,"MirageStoreSetItem#51558","MirageStoreSetItem#0",0,0,0
33527,"MirageStoreSetItem#51558","MirageStoreSetItem#0",0,0,0
33528,"MirageStoreSetItem#51558","MirageStoreSetItem#0",0,0,0
33530,"MirageStoreSetItem#51559","MirageStoreSetItem#0",0,0,0
33531,"MirageStoreSetItem#51559","MirageStoreSetItem#0",0,0,0
33532,"MirageStoreSetItem#51559","MirageStoreSetItem#0",0,0,0
33533,"MirageStoreSetItem#51559","MirageStoreSetItem#0",0,0,0
33534,"MirageStoreSetItem#51559","MirageStoreSetItem#0",0,0,0
33536,"MirageStoreSetItem#51560","MirageStoreSetItem#0",0,0,0
33537,"MirageStoreSetItem#51560","MirageStoreSetItem#0",0,0,0
33538,"MirageStoreSetItem#51560","MirageStoreSetItem#0",0,0,0
33539,"MirageStoreSetItem#51560","MirageStoreSetItem#0",0,0,0
33540,"MirageStoreSetItem#51560","MirageStoreSetItem#0",0,0,0
33542,"MirageStoreSetItem#51554","MirageStoreSetItem#0",0,0,0
33543,"MirageStoreSetItem#51555","MirageStoreSetItem#51556",0,0,0
33544,"MirageStoreSetItem#51557","MirageStoreSetItem#51558",0,0,0
33545,"MirageStoreSetItem#51559","MirageStoreSetItem#0",0,0,0
33546,"MirageStoreSetItem#51560","MirageStoreSetItem#0",0,0,0
33547,"MirageStoreSetItem#51554","MirageStoreSetItem#0",0,0,0
33548,"MirageStoreSetItem#51555","MirageStoreSetItem#51556",0,0,0
33549,"MirageStoreSetItem#51557","MirageStoreSetItem#51558",0,0,0
33550,"MirageStoreSetItem#51559","MirageStoreSetItem#0",0,0,0
33551,"MirageStoreSetItem#51560","MirageStoreSetItem#0",0,0,0
33552,"MirageStoreSetItem#51554","MirageStoreSetItem#0",0,0,0
33553,"MirageStoreSetItem#51555","MirageStoreSetItem#51556",0,0,0
33554,"MirageStoreSetItem#51557","MirageStoreSetItem#51558",0,0,0
33555,"MirageStoreSetItem#51559","MirageStoreSetItem#0",0,0,0
33556,"MirageStoreSetItem#51560","MirageStoreSetItem#0",0,0,0
33557,"MirageStoreSetItem#51554","MirageStoreSetItem#0",0,0,0
33558,"MirageStoreSetItem#51555","MirageStoreSetItem#51556",0,0,0
33559,"MirageStoreSetItem#51557","MirageStoreSetItem#51558",0,0,0
33560,"MirageStoreSetItem#51559","MirageStoreSetItem#0",0,0,0
33561,"MirageStoreSetItem#51560","MirageStoreSetItem#0",0,0,0
33653,"MirageStoreSetItem#45425","MirageStoreSetItem#0",0,0,0
33654,"MirageStoreSetItem#45425","MirageStoreSetItem#0",0,0,0
33655,"MirageStoreSetItem#45426","MirageStoreSetItem#0",0,0,0
33656,"MirageStoreSetItem#45426","MirageStoreSetItem#0",0,0,0
33657,"MirageStoreSetItem#45426","MirageStoreSetItem#0",0,0,0
33658,"MirageStoreSetItem#45426","MirageStoreSetItem#0",0,0,0
33659,"MirageStoreSetItem#45427","MirageStoreSetItem#0",0,0,0
33660,"MirageStoreSetItem#45427","MirageStoreSetItem#0",0,0,0
33661,"MirageStoreSetItem#45427","MirageStoreSetItem#0",0,0,0
33662,"MirageStoreSetItem#45427","MirageStoreSetItem#0",0,0,0
33663,"MirageStoreSetItem#45428","MirageStoreSetItem#0",0,0,0
33664,"MirageStoreSetItem#45428","MirageStoreSetItem#0",0,0,0
33665,"MirageStoreSetItem#45428","MirageStoreSetItem#0",0,0,0
33666,"MirageStoreSetItem#45428","MirageStoreSetItem#0",0,0,0
33667,"MirageStoreSetItem#45429","MirageStoreSetItem#0",0,0,0
33668,"MirageStoreSetItem#45429","MirageStoreSetItem#0",0,0,0
33669,"MirageStoreSetItem#45429","MirageStoreSetItem#0",0,0,0
33670,"MirageStoreSetItem#45429","MirageStoreSetItem#0",0,0,0
33671,"MirageStoreSetItem#45429","MirageStoreSetItem#0",0,0,0
33751,"MirageStoreSetItem#45430","MirageStoreSetItem#0",0,0,0
33752,"MirageStoreSetItem#45430","MirageStoreSetItem#0",0,0,0
33753,"MirageStoreSetItem#45430","MirageStoreSetItem#0",0,0,0
33943,"MirageStoreSetItem#50481","MirageStoreSetItem#0",0,0,0
33944,"MirageStoreSetItem#50481","MirageStoreSetItem#0",0,0,0
33945,"MirageStoreSetItem#50481","MirageStoreSetItem#0",0,0,0
33946,"MirageStoreSetItem#50481","MirageStoreSetItem#0",0,0,0
33947,"MirageStoreSetItem#50590","MirageStoreSetItem#0",0,0,0
33948,"MirageStoreSetItem#50590","MirageStoreSetItem#0",0,0,0
33949,"MirageStoreSetItem#50590","MirageStoreSetItem#0",0,0,0
33950,"MirageStoreSetItem#50590","MirageStoreSetItem#0",0,0,0
33951,"MirageStoreSetItem#50590","MirageStoreSetItem#0",0,0,0
33952,"MirageStoreSetItem#50591","MirageStoreSetItem#0",0,0,0
33953,"MirageStoreSetItem#50591","MirageStoreSetItem#0",0,0,0
33954,"MirageStoreSetItem#50591","MirageStoreSetItem#0",0,0,0
33955,"MirageStoreSetItem#50591","MirageStoreSetItem#0",0,0,0
33956,"MirageStoreSetItem#50591","MirageStoreSetItem#0",0,0,0
33957,"MirageStoreSetItem#50592","MirageStoreSetItem#0",0,0,0
33958,"MirageStoreSetItem#50592","MirageStoreSetItem#0",0,0,0
33959,"MirageStoreSetItem#50592","MirageStoreSetItem#0",0,0,0
33960,"MirageStoreSetItem#50592","MirageStoreSetItem#0",0,0,0
33961,"MirageStoreSetItem#50592","MirageStoreSetItem#0",0,0,0
33962,"MirageStoreSetItem#50593","MirageStoreSetItem#0",0,0,0
33963,"MirageStoreSetItem#50593","MirageStoreSetItem#0",0,0,0
33964,"MirageStoreSetItem#50593","MirageStoreSetItem#0",0,0,0
33965,"MirageStoreSetItem#50593","MirageStoreSetItem#0",0,0,0
33966,"MirageStoreSetItem#50593","MirageStoreSetItem#0",0,0,0
33967,"MirageStoreSetItem#50594","MirageStoreSetItem#0",0,0,0
33968,"MirageStoreSetItem#50594","MirageStoreSetItem#0",0,0,0
33969,"MirageStoreSetItem#50594","MirageStoreSetItem#0",0,0,0
33970,"MirageStoreSetItem#50594","MirageStoreSetItem#0",0,0,0
33971,"MirageStoreSetItem#50594","MirageStoreSetItem#0",0,0,0
33972,"MirageStoreSetItem#50595","MirageStoreSetItem#0",0,0,0
33973,"MirageStoreSetItem#50595","MirageStoreSetItem#0",0,0,0
33974,"MirageStoreSetItem#50595","MirageStoreSetItem#0",0,0,0
33975,"MirageStoreSetItem#50595","MirageStoreSetItem#0",0,0,0
33976,"MirageStoreSetItem#50595","MirageStoreSetItem#0",0,0,0
33977,"MirageStoreSetItem#50596","MirageStoreSetItem#0",0,0,0
33978,"MirageStoreSetItem#50596","MirageStoreSetItem#0",0,0,0
33979,"MirageStoreSetItem#50596","MirageStoreSetItem#0",0,0,0
33980,"MirageStoreSetItem#50596","MirageStoreSetItem#0",0,0,0
33981,"MirageStoreSetItem#50596","MirageStoreSetItem#0",0,0,0
33982,"MirageStoreSetItem#50597","MirageStoreSetItem#0",0,0,0
33983,"MirageStoreSetItem#50597","MirageStoreSetItem#0",0,0,0
33984,"MirageStoreSetItem#50597","MirageStoreSetItem#0",0,0,0
33985,"MirageStoreSetItem#50597","MirageStoreSetItem#0",0,0,0
33986,"MirageStoreSetItem#50597","MirageStoreSetItem#0",0,0,0
33987,"MirageStoreSetItem#50598","MirageStoreSetItem#0",0,0,0
33988,"MirageStoreSetItem#50598","MirageStoreSetItem#0",0,0,0
33989,"MirageStoreSetItem#50598","MirageStoreSetItem#0",0,0,0
33990,"MirageStoreSetItem#50598","MirageStoreSetItem#0",0,0,0
33991,"MirageStoreSetItem#50598","MirageStoreSetItem#0",0,0,0
33992,"MirageStoreSetItem#50599","MirageStoreSetItem#0",0,0,0
33993,"MirageStoreSetItem#50599","MirageStoreSetItem#0",0,0,0
33994,"MirageStoreSetItem#50599","MirageStoreSetItem#0",0,0,0
33995,"MirageStoreSetItem#50599","MirageStoreSetItem#0",0,0,0
33996,"MirageStoreSetItem#50599","MirageStoreSetItem#0",0,0,0
33997,"MirageStoreSetItem#50600","MirageStoreSetItem#0",0,0,0
33998,"MirageStoreSetItem#50600","MirageStoreSetItem#0",0,0,0
33999,"MirageStoreSetItem#50600","MirageStoreSetItem#0",0,0,0
34000,"MirageStoreSetItem#50600","MirageStoreSetItem#0",0,0,0
34001,"MirageStoreSetItem#50600","MirageStoreSetItem#0",0,0,0
34002,"MirageStoreSetItem#50601","MirageStoreSetItem#0",0,0,0
34003,"MirageStoreSetItem#50601","MirageStoreSetItem#0",0,0,0
34004,"MirageStoreSetItem#50601","MirageStoreSetItem#0",0,0,0
34005,"MirageStoreSetItem#50601","MirageStoreSetItem#0",0,0,0
34006,"MirageStoreSetItem#50601","MirageStoreSetItem#0",0,0,0
34007,"MirageStoreSetItem#50602","MirageStoreSetItem#0",0,0,0
34008,"MirageStoreSetItem#50602","MirageStoreSetItem#0",0,0,0
34009,"MirageStoreSetItem#50602","MirageStoreSetItem#0",0,0,0
34010,"MirageStoreSetItem#50602","MirageStoreSetItem#0",0,0,0
34011,"MirageStoreSetItem#50602","MirageStoreSetItem#0",0,0,0
34012,"MirageStoreSetItem#50603","MirageStoreSetItem#0",0,0,0
34013,"MirageStoreSetItem#50603","MirageStoreSetItem#0",0,0,0
34014,"MirageStoreSetItem#50603","MirageStoreSetItem#0",0,0,0
34015,"MirageStoreSetItem#50603","MirageStoreSetItem#0",0,0,0
34016,"MirageStoreSetItem#50603","MirageStoreSetItem#0",0,0,0
34017,"MirageStoreSetItem#50604","MirageStoreSetItem#0",0,0,0
34018,"MirageStoreSetItem#50604","MirageStoreSetItem#0",0,0,0
34019,"MirageStoreSetItem#50604","MirageStoreSetItem#0",0,0,0
34020,"MirageStoreSetItem#50604","MirageStoreSetItem#0",0,0,0
34021,"MirageStoreSetItem#50604","MirageStoreSetItem#0",0,0,0
34022,"MirageStoreSetItem#50605","MirageStoreSetItem#0",0,0,0
34023,"MirageStoreSetItem#50605","MirageStoreSetItem#0",0,0,0
34024,"MirageStoreSetItem#50605","MirageStoreSetItem#0",0,0,0
34025,"MirageStoreSetItem#50605","MirageStoreSetItem#0",0,0,0
34026,"MirageStoreSetItem#50605","MirageStoreSetItem#0",0,0,0
34027,"MirageStoreSetItem#50606","MirageStoreSetItem#0",0,0,0
34028,"MirageStoreSetItem#50606","MirageStoreSetItem#0",0,0,0
34029,"MirageStoreSetItem#50606","MirageStoreSetItem#0",0,0,0
34030,"MirageStoreSetItem#50606","MirageStoreSetItem#0",0,0,0
34031,"MirageStoreSetItem#50606","MirageStoreSetItem#0",0,0,0
34032,"MirageStoreSetItem#50608","MirageStoreSetItem#0",0,0,0
34033,"MirageStoreSetItem#50608","MirageStoreSetItem#0",0,0,0
34034,"MirageStoreSetItem#50608","MirageStoreSetItem#0",0,0,0
34035,"MirageStoreSetItem#50608","MirageStoreSetItem#0",0,0,0
34036,"MirageStoreSetItem#50608","MirageStoreSetItem#0",0,0,0
34037,"MirageStoreSetItem#50607","MirageStoreSetItem#0",0,0,0
34038,"MirageStoreSetItem#50607","MirageStoreSetItem#0",0,0,0
34039,"MirageStoreSetItem#50607","MirageStoreSetItem#0",0,0,0
34040,"MirageStoreSetItem#50607","MirageStoreSetItem#0",0,0,0
34041,"MirageStoreSetItem#50607","MirageStoreSetItem#0",0,0,0
34175,"MirageStoreSetItem#51561","MirageStoreSetItem#0",0,0,0
34176,"MirageStoreSetItem#51561","MirageStoreSetItem#0",0,0,0
34177,"MirageStoreSetItem#51561","MirageStoreSetItem#0",0,0,0
34178,"MirageStoreSetItem#51561","MirageStoreSetItem#0",0,0,0
34179,"MirageStoreSetItem#51561","MirageStoreSetItem#0",0,0,0
34180,"MirageStoreSetItem#51562","MirageStoreSetItem#0",0,0,0
34181,"MirageStoreSetItem#51562","MirageStoreSetItem#0",0,0,0
34182,"MirageStoreSetItem#51562","MirageStoreSetItem#0",0,0,0
34183,"MirageStoreSetItem#51562","MirageStoreSetItem#0",0,0,0
34184,"MirageStoreSetItem#51562","MirageStoreSetItem#0",0,0,0
34185,"MirageStoreSetItem#51563","MirageStoreSetItem#0",0,0,0
34186,"MirageStoreSetItem#51563","MirageStoreSetItem#0",0,0,0
34187,"MirageStoreSetItem#51563","MirageStoreSetItem#0",0,0,0
34188,"MirageStoreSetItem#51563","MirageStoreSetItem#0",0,0,0
34189,"MirageStoreSetItem#51563","MirageStoreSetItem#0",0,0,0
34190,"MirageStoreSetItem#51564","MirageStoreSetItem#0",0,0,0
34191,"MirageStoreSetItem#51564","MirageStoreSetItem#0",0,0,0
34192,"MirageStoreSetItem#51564","MirageStoreSetItem#0",0,0,0
34193,"MirageStoreSetItem#51564","MirageStoreSetItem#0",0,0,0
34194,"MirageStoreSetItem#51564","MirageStoreSetItem#0",0,0,0
34195,"MirageStoreSetItem#51565","MirageStoreSetItem#0",0,0,0
34196,"MirageStoreSetItem#51565","MirageStoreSetItem#0",0,0,0
34197,"MirageStoreSetItem#51565","MirageStoreSetItem#0",0,0,0
34198,"MirageStoreSetItem#51565","MirageStoreSetItem#0",0,0,0
34199,"MirageStoreSetItem#51565","MirageStoreSetItem#0",0,0,0
34200,"MirageStoreSetItem#51566","MirageStoreSetItem#0",0,0,0
34201,"MirageStoreSetItem#51566","MirageStoreSetItem#0",0,0,0
34202,"MirageStoreSetItem#51566","MirageStoreSetItem#0",0,0,0
34203,"MirageStoreSetItem#51566","MirageStoreSetItem#0",0,0,0
34204,"MirageStoreSetItem#51566","MirageStoreSetItem#0",0,0,0
34205,"MirageStoreSetItem#51567","MirageStoreSetItem#0",0,0,0
34206,"MirageStoreSetItem#51567","MirageStoreSetItem#0",0,0,0
34207,"MirageStoreSetItem#51567","MirageStoreSetItem#0",0,0,0
34208,"MirageStoreSetItem#51567","MirageStoreSetItem#0",0,0,0
34209,"MirageStoreSetItem#51567","MirageStoreSetItem#0",0,0,0
34210,"MirageStoreSetItem#51561","MirageStoreSetItem#0",0,0,0
34211,"MirageStoreSetItem#51562","MirageStoreSetItem#51563",0,0,0
34212,"MirageStoreSetItem#51564","MirageStoreSetItem#51565",0,0,0
34213,"MirageStoreSetItem#51566","MirageStoreSetItem#0",0,0,0
34214,"MirageStoreSetItem#51567","MirageStoreSetItem#0",0,0,0
34215,"MirageStoreSetItem#51561","MirageStoreSetItem#0",0,0,0
34216,"MirageStoreSetItem#51562","MirageStoreSetItem#51563",0,0,0
34217,"MirageStoreSetItem#51564","MirageStoreSetItem#51565",0,0,0
34218,"MirageStoreSetItem#51566","MirageStoreSetItem#0",0,0,0
34219,"MirageStoreSetItem#51567","MirageStoreSetItem#0",0,0,0
34220,"MirageStoreSetItem#51561","MirageStoreSetItem#0",0,0,0
34221,"MirageStoreSetItem#51562","MirageStoreSetItem#51563",0,0,0
34222,"MirageStoreSetItem#51564","MirageStoreSetItem#51565",0,0,0
34223,"MirageStoreSetItem#51566","MirageStoreSetItem#0",0,0,0
34224,"MirageStoreSetItem#51567","MirageStoreSetItem#0",0,0,0
34225,"MirageStoreSetItem#51561","MirageStoreSetItem#0",0,0,0
34226,"MirageStoreSetItem#51562","MirageStoreSetItem#51563",0,0,0
34227,"MirageStoreSetItem#51564","MirageStoreSetItem#51565",0,0,0
34228,"MirageStoreSetItem#51566","MirageStoreSetItem#0",0,0,0
34229,"MirageStoreSetItem#51567","MirageStoreSetItem#0",0,0,0
34325,"MirageStoreSetItem#51568","MirageStoreSetItem#0",0,0,0
34326,"MirageStoreSetItem#51568","MirageStoreSetItem#0",0,0,0
34327,"MirageStoreSetItem#51568","MirageStoreSetItem#0",0,0,0
34328,"MirageStoreSetItem#51568","MirageStoreSetItem#0",0,0,0
34329,"MirageStoreSetItem#51568","MirageStoreSetItem#0",0,0,0
34330,"MirageStoreSetItem#51569","MirageStoreSetItem#0",0,0,0
34331,"MirageStoreSetItem#51569","MirageStoreSetItem#0",0,0,0
34332,"MirageStoreSetItem#51569","MirageStoreSetItem#0",0,0,0
34333,"MirageStoreSetItem#51569","MirageStoreSetItem#0",0,0,0
34334,"MirageStoreSetItem#51569","MirageStoreSetItem#0",0,0,0
34335,"MirageStoreSetItem#51570","MirageStoreSetItem#0",0,0,0
34336,"MirageStoreSetItem#51570","MirageStoreSetItem#0",0,0,0
34337,"MirageStoreSetItem#51570","MirageStoreSetItem#0",0,0,0
34338,"MirageStoreSetItem#51570","MirageStoreSetItem#0",0,0,0
34339,"MirageStoreSetItem#51570","MirageStoreSetItem#0",0,0,0
34340,"MirageStoreSetItem#51571","MirageStoreSetItem#0",0,0,0
34341,"MirageStoreSetItem#51571","MirageStoreSetItem#0",0,0,0
34342,"MirageStoreSetItem#51571","MirageStoreSetItem#0",0,0,0
34343,"MirageStoreSetItem#51571","MirageStoreSetItem#0",0,0,0
34344,"MirageStoreSetItem#51571","MirageStoreSetItem#0",0,0,0
34345,"MirageStoreSetItem#51572","MirageStoreSetItem#0",0,0,0
34346,"MirageStoreSetItem#51572","MirageStoreSetItem#0",0,0,0
34347,"MirageStoreSetItem#51572","MirageStoreSetItem#0",0,0,0
34348,"MirageStoreSetItem#51572","MirageStoreSetItem#0",0,0,0
34349,"MirageStoreSetItem#51572","MirageStoreSetItem#0",0,0,0
34350,"MirageStoreSetItem#51573","MirageStoreSetItem#0",0,0,0
34351,"MirageStoreSetItem#51573","MirageStoreSetItem#0",0,0,0
34352,"MirageStoreSetItem#51573","MirageStoreSetItem#0",0,0,0
34353,"MirageStoreSetItem#51573","MirageStoreSetItem#0",0,0,0
34354,"MirageStoreSetItem#51573","MirageStoreSetItem#0",0,0,0
34355,"MirageStoreSetItem#51574","MirageStoreSetItem#0",0,0,0
34356,"MirageStoreSetItem#51574","MirageStoreSetItem#0",0,0,0
34357,"MirageStoreSetItem#51574","MirageStoreSetItem#0",0,0,0
34358,"MirageStoreSetItem#51574","MirageStoreSetItem#0",0,0,0
34359,"MirageStoreSetItem#51574","MirageStoreSetItem#0",0,0,0
34360,"MirageStoreSetItem#51568","MirageStoreSetItem#0",0,0,0
34361,"MirageStoreSetItem#51569","MirageStoreSetItem#51570",0,0,0
34362,"MirageStoreSetItem#51571","MirageStoreSetItem#51572",0,0,0
34363,"MirageStoreSetItem#51573","MirageStoreSetItem#0",0,0,0
34364,"MirageStoreSetItem#51574","MirageStoreSetItem#0",0,0,0
34365,"MirageStoreSetItem#51568","MirageStoreSetItem#0",0,0,0
34366,"MirageStoreSetItem#51569","MirageStoreSetItem#51570",0,0,0
34367,"MirageStoreSetItem#51571","MirageStoreSetItem#51572",0,0,0
34368,"MirageStoreSetItem#51573","MirageStoreSetItem#0",0,0,0
34369,"MirageStoreSetItem#51574","MirageStoreSetItem#0",0,0,0
34370,"MirageStoreSetItem#51568","MirageStoreSetItem#0",0,0,0
34371,"MirageStoreSetItem#51569","MirageStoreSetItem#51570",0,0,0
34372,"MirageStoreSetItem#51571","MirageStoreSetItem#51572",0,0,0
34373,"MirageStoreSetItem#51573","MirageStoreSetItem#0",0,0,0
34374,"MirageStoreSetItem#51574","MirageStoreSetItem#0",0,0,0
34375,"MirageStoreSetItem#51568","MirageStoreSetItem#0",0,0,0
34376,"MirageStoreSetItem#51569","MirageStoreSetItem#51570",0,0,0
34377,"MirageStoreSetItem#51571","MirageStoreSetItem#51572",0,0,0
34378,"MirageStoreSetItem#51573","MirageStoreSetItem#0",0,0,0
34379,"MirageStoreSetItem#51574","MirageStoreSetItem#0",0,0,0
34475,"MirageStoreSetItem#51575","MirageStoreSetItem#0",0,0,0
34476,"MirageStoreSetItem#51575","MirageStoreSetItem#0",0,0,0
34477,"MirageStoreSetItem#51575","MirageStoreSetItem#0",0,0,0
34478,"MirageStoreSetItem#51575","MirageStoreSetItem#0",0,0,0
34479,"MirageStoreSetItem#51575","MirageStoreSetItem#0",0,0,0
34480,"MirageStoreSetItem#51576","MirageStoreSetItem#0",0,0,0
34481,"MirageStoreSetItem#51576","MirageStoreSetItem#0",0,0,0
34482,"MirageStoreSetItem#51576","MirageStoreSetItem#0",0,0,0
34483,"MirageStoreSetItem#51576","MirageStoreSetItem#0",0,0,0
34484,"MirageStoreSetItem#51576","MirageStoreSetItem#0",0,0,0
34485,"MirageStoreSetItem#51577","MirageStoreSetItem#0",0,0,0
34486,"MirageStoreSetItem#51577","MirageStoreSetItem#0",0,0,0
34487,"MirageStoreSetItem#51577","MirageStoreSetItem#0",0,0,0
34488,"MirageStoreSetItem#51577","MirageStoreSetItem#0",0,0,0
34489,"MirageStoreSetItem#51577","MirageStoreSetItem#0",0,0,0
34490,"MirageStoreSetItem#51578","MirageStoreSetItem#0",0,0,0
34491,"MirageStoreSetItem#51578","MirageStoreSetItem#0",0,0,0
34492,"MirageStoreSetItem#51578","MirageStoreSetItem#0",0,0,0
34493,"MirageStoreSetItem#51578","MirageStoreSetItem#0",0,0,0
34494,"MirageStoreSetItem#51578","MirageStoreSetItem#0",0,0,0
34495,"MirageStoreSetItem#51579","MirageStoreSetItem#0",0,0,0
34496,"MirageStoreSetItem#51579","MirageStoreSetItem#0",0,0,0
34497,"MirageStoreSetItem#51579","MirageStoreSetItem#0",0,0,0
34498,"MirageStoreSetItem#51579","MirageStoreSetItem#0",0,0,0
34499,"MirageStoreSetItem#51579","MirageStoreSetItem#0",0,0,0
34500,"MirageStoreSetItem#51580","MirageStoreSetItem#0",0,0,0
34501,"MirageStoreSetItem#51580","MirageStoreSetItem#0",0,0,0
34502,"MirageStoreSetItem#51580","MirageStoreSetItem#0",0,0,0
34503,"MirageStoreSetItem#51580","MirageStoreSetItem#0",0,0,0
34504,"MirageStoreSetItem#51580","MirageStoreSetItem#0",0,0,0
34505,"MirageStoreSetItem#51581","MirageStoreSetItem#0",0,0,0
34506,"MirageStoreSetItem#51581","MirageStoreSetItem#0",0,0,0
34507,"MirageStoreSetItem#51581","MirageStoreSetItem#0",0,0,0
34508,"MirageStoreSetItem#51581","MirageStoreSetItem#0",0,0,0
34509,"MirageStoreSetItem#51581","MirageStoreSetItem#0",0,0,0
34510,"MirageStoreSetItem#51575","MirageStoreSetItem#0",0,0,0
34511,"MirageStoreSetItem#51576","MirageStoreSetItem#51577",0,0,0
34512,"MirageStoreSetItem#51578","MirageStoreSetItem#51579",0,0,0
34513,"MirageStoreSetItem#51580","MirageStoreSetItem#0",0,0,0
34514,"MirageStoreSetItem#51581","MirageStoreSetItem#0",0,0,0
34515,"MirageStoreSetItem#51575","MirageStoreSetItem#0",0,0,0
34516,"MirageStoreSetItem#51576","MirageStoreSetItem#51577",0,0,0
34517,"MirageStoreSetItem#51578","MirageStoreSetItem#51579",0,0,0
34518,"MirageStoreSetItem#51580","MirageStoreSetItem#0",0,0,0
34519,"MirageStoreSetItem#51581","MirageStoreSetItem#0",0,0,0
34520,"MirageStoreSetItem#51575","MirageStoreSetItem#0",0,0,0
34521,"MirageStoreSetItem#51576","MirageStoreSetItem#51577",0,0,0
34522,"MirageStoreSetItem#51578","MirageStoreSetItem#51579",0,0,0
34523,"MirageStoreSetItem#51580","MirageStoreSetItem#0",0,0,0
34524,"MirageStoreSetItem#51581","MirageStoreSetItem#0",0,0,0
34525,"MirageStoreSetItem#51575","MirageStoreSetItem#0",0,0,0
34526,"MirageStoreSetItem#51576","MirageStoreSetItem#51577",0,0,0
34527,"MirageStoreSetItem#51578","MirageStoreSetItem#51579",0,0,0
34528,"MirageStoreSetItem#51580","MirageStoreSetItem#0",0,0,0
34529,"MirageStoreSetItem#51581","MirageStoreSetItem#0",0,0,0
34625,"MirageStoreSetItem#51582","MirageStoreSetItem#0",0,0,0
34626,"MirageStoreSetItem#51582","MirageStoreSetItem#0",0,0,0
34627,"MirageStoreSetItem#51582","MirageStoreSetItem#0",0,0,0
34628,"MirageStoreSetItem#51582","MirageStoreSetItem#0",0,0,0
34629,"MirageStoreSetItem#51582","MirageStoreSetItem#0",0,0,0
34630,"MirageStoreSetItem#51583","MirageStoreSetItem#0",0,0,0
34631,"MirageStoreSetItem#51583","MirageStoreSetItem#0",0,0,0
34632,"MirageStoreSetItem#51583","MirageStoreSetItem#0",0,0,0
34633,"MirageStoreSetItem#51583","MirageStoreSetItem#0",0,0,0
34634,"MirageStoreSetItem#51583","MirageStoreSetItem#0",0,0,0
34635,"MirageStoreSetItem#51584","MirageStoreSetItem#0",0,0,0
34636,"MirageStoreSetItem#51584","MirageStoreSetItem#0",0,0,0
34637,"MirageStoreSetItem#51584","MirageStoreSetItem#0",0,0,0
34638,"MirageStoreSetItem#51584","MirageStoreSetItem#0",0,0,0
34639,"MirageStoreSetItem#51584","MirageStoreSetItem#0",0,0,0
34640,"MirageStoreSetItem#51585","MirageStoreSetItem#0",0,0,0
34641,"MirageStoreSetItem#51585","MirageStoreSetItem#0",0,0,0
34642,"MirageStoreSetItem#51585","MirageStoreSetItem#0",0,0,0
34643,"MirageStoreSetItem#51585","MirageStoreSetItem#0",0,0,0
34644,"MirageStoreSetItem#51585","MirageStoreSetItem#0",0,0,0
34645,"MirageStoreSetItem#51586","MirageStoreSetItem#0",0,0,0
34646,"MirageStoreSetItem#51586","MirageStoreSetItem#0",0,0,0
34647,"MirageStoreSetItem#51586","MirageStoreSetItem#0",0,0,0
34648,"MirageStoreSetItem#51586","MirageStoreSetItem#0",0,0,0
34649,"MirageStoreSetItem#51586","MirageStoreSetItem#0",0,0,0
34650,"MirageStoreSetItem#51587","MirageStoreSetItem#0",0,0,0
34651,"MirageStoreSetItem#51587","MirageStoreSetItem#0",0,0,0
34652,"MirageStoreSetItem#51587","MirageStoreSetItem#0",0,0,0
34653,"MirageStoreSetItem#51587","MirageStoreSetItem#0",0,0,0
34654,"MirageStoreSetItem#51587","MirageStoreSetItem#0",0,0,0
34655,"MirageStoreSetItem#51588","MirageStoreSetItem#0",0,0,0
34656,"MirageStoreSetItem#51588","MirageStoreSetItem#0",0,0,0
34657,"MirageStoreSetItem#51588","MirageStoreSetItem#0",0,0,0
34658,"MirageStoreSetItem#51588","MirageStoreSetItem#0",0,0,0
34659,"MirageStoreSetItem#51588","MirageStoreSetItem#0",0,0,0
34660,"MirageStoreSetItem#51582","MirageStoreSetItem#0",0,0,0
34661,"MirageStoreSetItem#51583","MirageStoreSetItem#51584",0,0,0
34662,"MirageStoreSetItem#51585","MirageStoreSetItem#51586",0,0,0
34663,"MirageStoreSetItem#51587","MirageStoreSetItem#0",0,0,0
34664,"MirageStoreSetItem#51588","MirageStoreSetItem#0",0,0,0
34665,"MirageStoreSetItem#51582","MirageStoreSetItem#0",0,0,0
34666,"MirageStoreSetItem#51583","MirageStoreSetItem#51584",0,0,0
34667,"MirageStoreSetItem#51585","MirageStoreSetItem#51586",0,0,0
34668,"MirageStoreSetItem#51587","MirageStoreSetItem#0",0,0,0
34669,"MirageStoreSetItem#51588","MirageStoreSetItem#0",0,0,0
34670,"MirageStoreSetItem#51582","MirageStoreSetItem#0",0,0,0
34671,"MirageStoreSetItem#51583","MirageStoreSetItem#51584",0,0,0
34672,"MirageStoreSetItem#51585","MirageStoreSetItem#51586",0,0,0
34673,"MirageStoreSetItem#51587","MirageStoreSetItem#0",0,0,0
34674,"MirageStoreSetItem#51588","MirageStoreSetItem#0",0,0,0
34675,"MirageStoreSetItem#51582","MirageStoreSetItem#0",0,0,0
34676,"MirageStoreSetItem#51583","MirageStoreSetItem#51584",0,0,0
34677,"MirageStoreSetItem#51585","MirageStoreSetItem#51586",0,0,0
34678,"MirageStoreSetItem#51587","MirageStoreSetItem#0",0,0,0
34679,"MirageStoreSetItem#51588","MirageStoreSetItem#0",0,0,0
35479,"MirageStoreSetItem#50692","MirageStoreSetItem#0",0,0,0
35480,"MirageStoreSetItem#50692","MirageStoreSetItem#0",0,0,0
35481,"MirageStoreSetItem#50692","MirageStoreSetItem#0",0,0,0
35482,"MirageStoreSetItem#50692","MirageStoreSetItem#0",0,0,0
35483,"MirageStoreSetItem#50692","MirageStoreSetItem#0",0,0,0
35484,"MirageStoreSetItem#50693","MirageStoreSetItem#0",0,0,0
35485,"MirageStoreSetItem#50693","MirageStoreSetItem#0",0,0,0
35486,"MirageStoreSetItem#50693","MirageStoreSetItem#0",0,0,0
35487,"MirageStoreSetItem#50693","MirageStoreSetItem#0",0,0,0
35488,"MirageStoreSetItem#50693","MirageStoreSetItem#0",0,0,0
35489,"MirageStoreSetItem#50694","MirageStoreSetItem#0",0,0,0
35490,"MirageStoreSetItem#50694","MirageStoreSetItem#0",0,0,0
35491,"MirageStoreSetItem#50694","MirageStoreSetItem#0",0,0,0
35492,"MirageStoreSetItem#50694","MirageStoreSetItem#0",0,0,0
35493,"MirageStoreSetItem#50694","MirageStoreSetItem#0",0,0,0
35494,"MirageStoreSetItem#50695","MirageStoreSetItem#0",0,0,0
35495,"MirageStoreSetItem#50695","MirageStoreSetItem#0",0,0,0
35496,"MirageStoreSetItem#50695","MirageStoreSetItem#0",0,0,0
35497,"MirageStoreSetItem#50695","MirageStoreSetItem#0",0,0,0
35498,"MirageStoreSetItem#50695","MirageStoreSetItem#0",0,0,0
35499,"MirageStoreSetItem#50696","MirageStoreSetItem#0",0,0,0
35500,"MirageStoreSetItem#50696","MirageStoreSetItem#0",0,0,0
35501,"MirageStoreSetItem#50696","MirageStoreSetItem#0",0,0,0
35502,"MirageStoreSetItem#50696","MirageStoreSetItem#0",0,0,0
35503,"MirageStoreSetItem#50696","MirageStoreSetItem#0",0,0,0
35504,"MirageStoreSetItem#50697","MirageStoreSetItem#0",0,0,0
35505,"MirageStoreSetItem#50697","MirageStoreSetItem#0",0,0,0
35506,"MirageStoreSetItem#50697","MirageStoreSetItem#0",0,0,0
35507,"MirageStoreSetItem#50697","MirageStoreSetItem#0",0,0,0
35508,"MirageStoreSetItem#50697","MirageStoreSetItem#0",0,0,0
35509,"MirageStoreSetItem#50698","MirageStoreSetItem#0",0,0,0
35510,"MirageStoreSetItem#50698","MirageStoreSetItem#0",0,0,0
35511,"MirageStoreSetItem#50698","MirageStoreSetItem#0",0,0,0
35512,"MirageStoreSetItem#50698","MirageStoreSetItem#0",0,0,0
35513,"MirageStoreSetItem#50698","MirageStoreSetItem#0",0,0,0
35514,"MirageStoreSetItem#50699","MirageStoreSetItem#0",0,0,0
35515,"MirageStoreSetItem#50699","MirageStoreSetItem#0",0,0,0
35516,"MirageStoreSetItem#50699","MirageStoreSetItem#0",0,0,0
35517,"MirageStoreSetItem#50699","MirageStoreSetItem#0",0,0,0
35518,"MirageStoreSetItem#50699","MirageStoreSetItem#0",0,0,0
35519,"MirageStoreSetItem#50700","MirageStoreSetItem#0",0,0,0
35520,"MirageStoreSetItem#50700","MirageStoreSetItem#0",0,0,0
35521,"MirageStoreSetItem#50700","MirageStoreSetItem#0",0,0,0
35522,"MirageStoreSetItem#50700","MirageStoreSetItem#0",0,0,0
35523,"MirageStoreSetItem#50700","MirageStoreSetItem#0",0,0,0
35524,"MirageStoreSetItem#50701","MirageStoreSetItem#0",0,0,0
35525,"MirageStoreSetItem#50701","MirageStoreSetItem#0",0,0,0
35526,"MirageStoreSetItem#50701","MirageStoreSetItem#0",0,0,0
35527,"MirageStoreSetItem#50701","MirageStoreSetItem#0",0,0,0
35528,"MirageStoreSetItem#50701","MirageStoreSetItem#0",0,0,0
35529,"MirageStoreSetItem#50702","MirageStoreSetItem#0",0,0,0
35530,"MirageStoreSetItem#50702","MirageStoreSetItem#0",0,0,0
35531,"MirageStoreSetItem#50702","MirageStoreSetItem#0",0,0,0
35532,"MirageStoreSetItem#50702","MirageStoreSetItem#0",0,0,0
35533,"MirageStoreSetItem#50702","MirageStoreSetItem#0",0,0,0
35852,"MirageStoreSetItem#50484","MirageStoreSetItem#0",0,0,0
35853,"MirageStoreSetItem#45431","MirageStoreSetItem#0",0,0,0
35854,"MirageStoreSetItem#45431","MirageStoreSetItem#0",0,0,0
35855,"MirageStoreSetItem#45431","MirageStoreSetItem#0",0,0,0
35856,"MirageStoreSetItem#45431","MirageStoreSetItem#0",0,0,0
35863,"MirageStoreSetItem#45432","MirageStoreSetItem#0",0,0,0
35864,"MirageStoreSetItem#45432","MirageStoreSetItem#0",0,0,0
35865,"MirageStoreSetItem#45432","MirageStoreSetItem#0",0,0,0
35866,"MirageStoreSetItem#45432","MirageStoreSetItem#0",0,0,0
35867,"MirageStoreSetItem#45432","MirageStoreSetItem#0",0,0,0
35868,"MirageStoreSetItem#45433","MirageStoreSetItem#0",0,0,0
35869,"MirageStoreSetItem#45433","MirageStoreSetItem#0",0,0,0
35870,"MirageStoreSetItem#45433","MirageStoreSetItem#0",0,0,0
35871,"MirageStoreSetItem#45433","MirageStoreSetItem#0",0,0,0
36160,"MirageStoreSetItem#50484","MirageStoreSetItem#0",0,0,0
36161,"MirageStoreSetItem#50484","MirageStoreSetItem#0",0,0,0
36336,"MirageStoreSetItem#45434","MirageStoreSetItem#0",0,0,0
36337,"MirageStoreSetItem#45435","MirageStoreSetItem#0",0,0,0
36338,"MirageStoreSetItem#45434","MirageStoreSetItem#0",0,0,0
36339,"MirageStoreSetItem#45435","MirageStoreSetItem#0",0,0,0
36638,"MirageStoreSetItem#45436","MirageStoreSetItem#0",0,0,0
36639,"MirageStoreSetItem#45436","MirageStoreSetItem#0",0,0,0
36821,"MirageStoreSetItem#45437","MirageStoreSetItem#0",0,0,0
36822,"MirageStoreSetItem#45437","MirageStoreSetItem#0",0,0,0
36823,"MirageStoreSetItem#45437","MirageStoreSetItem#0",0,0,0
36824,"MirageStoreSetItem#45437","MirageStoreSetItem#0",0,0,0
36825,"MirageStoreSetItem#45437","MirageStoreSetItem#0",0,0,0
36826,"MirageStoreSetItem#45438","MirageStoreSetItem#45439",0,0,0
36827,"MirageStoreSetItem#45438","MirageStoreSetItem#0",0,0,0
36828,"MirageStoreSetItem#45438","MirageStoreSetItem#45439",0,0,0
36829,"MirageStoreSetItem#45438","MirageStoreSetItem#45439",0,0,0
36830,"MirageStoreSetItem#45438","MirageStoreSetItem#45439",0,0,0
36831,"MirageStoreSetItem#45439","MirageStoreSetItem#0",0,0,0
36832,"MirageStoreSetItem#45440","MirageStoreSetItem#0",0,0,0
36833,"MirageStoreSetItem#45440","MirageStoreSetItem#0",0,0,0
36834,"MirageStoreSetItem#45440","MirageStoreSetItem#0",0,0,0
36835,"MirageStoreSetItem#45440","MirageStoreSetItem#0",0,0,0
36836,"MirageStoreSetItem#45440","MirageStoreSetItem#0",0,0,0
36837,"MirageStoreSetItem#45441","MirageStoreSetItem#45442",0,0,0
36838,"MirageStoreSetItem#45441","MirageStoreSetItem#0",0,0,0
36839,"MirageStoreSetItem#45441","MirageStoreSetItem#0",0,0,0
36840,"MirageStoreSetItem#45441","MirageStoreSetItem#45442",0,0,0
36841,"MirageStoreSetItem#45442","MirageStoreSetItem#0",0,0,0
36842,"MirageStoreSetItem#45442","MirageStoreSetItem#0",0,0,0
36844,"MirageStoreSetItem#45443","MirageStoreSetItem#0",0,0,0
36845,"MirageStoreSetItem#45443","MirageStoreSetItem#0",0,0,0
36846,"MirageStoreSetItem#45443","MirageStoreSetItem#0",0,0,0
36847,"MirageStoreSetItem#45443","MirageStoreSetItem#0",0,0,0
36848,"MirageStoreSetItem#45443","MirageStoreSetItem#0",0,0,0
36983,"MirageStoreSetItem#45444","MirageStoreSetItem#0",0,0,0
36984,"MirageStoreSetItem#45444","MirageStoreSetItem#0",0,0,0
36985,"MirageStoreSetItem#45444","MirageStoreSetItem#0",0,0,0
36986,"MirageStoreSetItem#45444","MirageStoreSetItem#0",0,0,0
36987,"MirageStoreSetItem#45444","MirageStoreSetItem#0",0,0,0
36988,"MirageStoreSetItem#45445","MirageStoreSetItem#0",0,0,0
36989,"MirageStoreSetItem#45445","MirageStoreSetItem#0",0,0,0
36990,"MirageStoreSetItem#45445","MirageStoreSetItem#0",0,0,0
36991,"MirageStoreSetItem#45445","MirageStoreSetItem#0",0,0,0
36992,"MirageStoreSetItem#45445","MirageStoreSetItem#0",0,0,0
36993,"MirageStoreSetItem#45446","MirageStoreSetItem#0",0,0,0
36994,"MirageStoreSetItem#45446","MirageStoreSetItem#0",0,0,0
36995,"MirageStoreSetItem#45446","MirageStoreSetItem#0",0,0,0
36996,"MirageStoreSetItem#45446","MirageStoreSetItem#0",0,0,0
36997,"MirageStoreSetItem#45446","MirageStoreSetItem#0",0,0,0
36998,"MirageStoreSetItem#45447","MirageStoreSetItem#0",0,0,0
36999,"MirageStoreSetItem#45447","MirageStoreSetItem#0",0,0,0
37000,"MirageStoreSetItem#45447","MirageStoreSetItem#0",0,0,0
37001,"MirageStoreSetItem#45447","MirageStoreSetItem#0",0,0,0
37002,"MirageStoreSetItem#45447","MirageStoreSetItem#0",0,0,0
37003,"MirageStoreSetItem#45448","MirageStoreSetItem#0",0,0,0
37004,"MirageStoreSetItem#45448","MirageStoreSetItem#0",0,0,0
37005,"MirageStoreSetItem#45448","MirageStoreSetItem#0",0,0,0
37006,"MirageStoreSetItem#45448","MirageStoreSetItem#0",0,0,0
37007,"MirageStoreSetItem#45448","MirageStoreSetItem#0",0,0,0
37008,"MirageStoreSetItem#45449","MirageStoreSetItem#0",0,0,0
37009,"MirageStoreSetItem#45449","MirageStoreSetItem#0",0,0,0
37010,"MirageStoreSetItem#45449","MirageStoreSetItem#0",0,0,0
37011,"MirageStoreSetItem#45449","MirageStoreSetItem#0",0,0,0
37012,"MirageStoreSetItem#45449","MirageStoreSetItem#0",0,0,0
37013,"MirageStoreSetItem#45450","MirageStoreSetItem#0",0,0,0
37014,"MirageStoreSetItem#45450","MirageStoreSetItem#0",0,0,0
37015,"MirageStoreSetItem#45450","MirageStoreSetItem#0",0,0,0
37016,"MirageStoreSetItem#45450","MirageStoreSetItem#0",0,0,0
37017,"MirageStoreSetItem#45450","MirageStoreSetItem#0",0,0,0
37018,"MirageStoreSetItem#45451","MirageStoreSetItem#0",0,0,0
37019,"MirageStoreSetItem#45451","MirageStoreSetItem#0",0,0,0
37020,"MirageStoreSetItem#45451","MirageStoreSetItem#0",0,0,0
37021,"MirageStoreSetItem#45451","MirageStoreSetItem#0",0,0,0
37022,"MirageStoreSetItem#45451","MirageStoreSetItem#0",0,0,0
37023,"MirageStoreSetItem#45452","MirageStoreSetItem#0",0,0,0
37024,"MirageStoreSetItem#45452","MirageStoreSetItem#0",0,0,0
37025,"MirageStoreSetItem#45452","MirageStoreSetItem#0",0,0,0
37026,"MirageStoreSetItem#45452","MirageStoreSetItem#0",0,0,0
37027,"MirageStoreSetItem#45452","MirageStoreSetItem#0",0,0,0
37028,"MirageStoreSetItem#45453","MirageStoreSetItem#0",0,0,0
37029,"MirageStoreSetItem#45453","MirageStoreSetItem#0",0,0,0
37030,"MirageStoreSetItem#45453","MirageStoreSetItem#0",0,0,0
37031,"MirageStoreSetItem#45453","MirageStoreSetItem#0",0,0,0
37032,"MirageStoreSetItem#45453","MirageStoreSetItem#0",0,0,0
37033,"MirageStoreSetItem#45454","MirageStoreSetItem#0",0,0,0
37034,"MirageStoreSetItem#45454","MirageStoreSetItem#0",0,0,0
37035,"MirageStoreSetItem#45454","MirageStoreSetItem#0",0,0,0
37036,"MirageStoreSetItem#45454","MirageStoreSetItem#0",0,0,0
37037,"MirageStoreSetItem#45454","MirageStoreSetItem#0",0,0,0
37038,"MirageStoreSetItem#45455","MirageStoreSetItem#0",0,0,0
37039,"MirageStoreSetItem#45455","MirageStoreSetItem#0",0,0,0
37040,"MirageStoreSetItem#45455","MirageStoreSetItem#0",0,0,0
37041,"MirageStoreSetItem#45455","MirageStoreSetItem#0",0,0,0
37042,"MirageStoreSetItem#45455","MirageStoreSetItem#0",0,0,0
37043,"MirageStoreSetItem#45456","MirageStoreSetItem#0",0,0,0
37044,"MirageStoreSetItem#45456","MirageStoreSetItem#0",0,0,0
37045,"MirageStoreSetItem#45456","MirageStoreSetItem#0",0,0,0
37046,"MirageStoreSetItem#45456","MirageStoreSetItem#0",0,0,0
37047,"MirageStoreSetItem#45456","MirageStoreSetItem#0",0,0,0
37048,"MirageStoreSetItem#45457","MirageStoreSetItem#0",0,0,0
37049,"MirageStoreSetItem#45457","MirageStoreSetItem#0",0,0,0
37050,"MirageStoreSetItem#45457","MirageStoreSetItem#0",0,0,0
37051,"MirageStoreSetItem#45457","MirageStoreSetItem#0",0,0,0
37052,"MirageStoreSetItem#45457","MirageStoreSetItem#0",0,0,0
37053,"MirageStoreSetItem#45458","MirageStoreSetItem#0",0,0,0
37054,"MirageStoreSetItem#45458","MirageStoreSetItem#0",0,0,0
37055,"MirageStoreSetItem#45458","MirageStoreSetItem#0",0,0,0
37056,"MirageStoreSetItem#45458","MirageStoreSetItem#0",0,0,0
37057,"MirageStoreSetItem#45458","MirageStoreSetItem#0",0,0,0
37058,"MirageStoreSetItem#45459","MirageStoreSetItem#0",0,0,0
37059,"MirageStoreSetItem#45459","MirageStoreSetItem#0",0,0,0
37060,"MirageStoreSetItem#45459","MirageStoreSetItem#0",0,0,0
37061,"MirageStoreSetItem#45459","MirageStoreSetItem#0",0,0,0
37062,"MirageStoreSetItem#45459","MirageStoreSetItem#0",0,0,0
37063,"MirageStoreSetItem#45460","MirageStoreSetItem#0",0,0,0
37064,"MirageStoreSetItem#45460","MirageStoreSetItem#0",0,0,0
37065,"MirageStoreSetItem#45460","MirageStoreSetItem#0",0,0,0
37066,"MirageStoreSetItem#45460","MirageStoreSetItem#0",0,0,0
37067,"MirageStoreSetItem#45460","MirageStoreSetItem#0",0,0,0
37068,"MirageStoreSetItem#45461","MirageStoreSetItem#0",0,0,0
37069,"MirageStoreSetItem#45461","MirageStoreSetItem#0",0,0,0
37070,"MirageStoreSetItem#45461","MirageStoreSetItem#0",0,0,0
37071,"MirageStoreSetItem#45461","MirageStoreSetItem#0",0,0,0
37072,"MirageStoreSetItem#45461","MirageStoreSetItem#0",0,0,0
37073,"MirageStoreSetItem#45462","MirageStoreSetItem#0",0,0,0
37074,"MirageStoreSetItem#45462","MirageStoreSetItem#0",0,0,0
37075,"MirageStoreSetItem#45462","MirageStoreSetItem#0",0,0,0
37076,"MirageStoreSetItem#45462","MirageStoreSetItem#0",0,0,0
37077,"MirageStoreSetItem#45462","MirageStoreSetItem#0",0,0,0
37078,"MirageStoreSetItem#45463","MirageStoreSetItem#0",0,0,0
37079,"MirageStoreSetItem#45463","MirageStoreSetItem#0",0,0,0
37080,"MirageStoreSetItem#45463","MirageStoreSetItem#0",0,0,0
37081,"MirageStoreSetItem#45463","MirageStoreSetItem#0",0,0,0
37082,"MirageStoreSetItem#45463","MirageStoreSetItem#0",0,0,0
37166,"MirageStoreSetItem#51589","MirageStoreSetItem#0",0,0,0
37167,"MirageStoreSetItem#51589","MirageStoreSetItem#0",0,0,0
37168,"MirageStoreSetItem#51589","MirageStoreSetItem#0",0,0,0
37169,"MirageStoreSetItem#51589","MirageStoreSetItem#0",0,0,0
37170,"MirageStoreSetItem#51589","MirageStoreSetItem#0",0,0,0
37172,"MirageStoreSetItem#51590","MirageStoreSetItem#0",0,0,0
37173,"MirageStoreSetItem#51590","MirageStoreSetItem#0",0,0,0
37174,"MirageStoreSetItem#51590","MirageStoreSetItem#0",0,0,0
37175,"MirageStoreSetItem#51590","MirageStoreSetItem#0",0,0,0
37176,"MirageStoreSetItem#51590","MirageStoreSetItem#0",0,0,0
37178,"MirageStoreSetItem#51591","MirageStoreSetItem#0",0,0,0
37179,"MirageStoreSetItem#51591","MirageStoreSetItem#0",0,0,0
37180,"MirageStoreSetItem#51591","MirageStoreSetItem#0",0,0,0
37181,"MirageStoreSetItem#51591","MirageStoreSetItem#0",0,0,0
37182,"MirageStoreSetItem#51591","MirageStoreSetItem#0",0,0,0
37184,"MirageStoreSetItem#51592","MirageStoreSetItem#0",0,0,0
37185,"MirageStoreSetItem#51592","MirageStoreSetItem#0",0,0,0
37186,"MirageStoreSetItem#51592","MirageStoreSetItem#0",0,0,0
37187,"MirageStoreSetItem#51592","MirageStoreSetItem#0",0,0,0
37188,"MirageStoreSetItem#51592","MirageStoreSetItem#0",0,0,0
37190,"MirageStoreSetItem#51593","MirageStoreSetItem#0",0,0,0
37191,"MirageStoreSetItem#51593","MirageStoreSetItem#0",0,0,0
37192,"MirageStoreSetItem#51593","MirageStoreSetItem#0",0,0,0
37193,"MirageStoreSetItem#51593","MirageStoreSetItem#0",0,0,0
37194,"MirageStoreSetItem#51593","MirageStoreSetItem#0",0,0,0
37196,"MirageStoreSetItem#51594","MirageStoreSetItem#0",0,0,0
37197,"MirageStoreSetItem#51594","MirageStoreSetItem#0",0,0,0
37198,"MirageStoreSetItem#51594","MirageStoreSetItem#0",0,0,0
37199,"MirageStoreSetItem#51594","MirageStoreSetItem#0",0,0,0
37200,"MirageStoreSetItem#51594","MirageStoreSetItem#0",0,0,0
37202,"MirageStoreSetItem#51595","MirageStoreSetItem#0",0,0,0
37203,"MirageStoreSetItem#51595","MirageStoreSetItem#0",0,0,0
37204,"MirageStoreSetItem#51595","MirageStoreSetItem#0",0,0,0
37205,"MirageStoreSetItem#51595","MirageStoreSetItem#0",0,0,0
37206,"MirageStoreSetItem#51595","MirageStoreSetItem#0",0,0,0
37208,"MirageStoreSetItem#51589","MirageStoreSetItem#0",0,0,0
37209,"MirageStoreSetItem#51590","MirageStoreSetItem#51591",0,0,0
37210,"MirageStoreSetItem#51592","MirageStoreSetItem#51593",0,0,0
37211,"MirageStoreSetItem#51594","MirageStoreSetItem#0",0,0,0
37212,"MirageStoreSetItem#51595","MirageStoreSetItem#0",0,0,0
37213,"MirageStoreSetItem#51589","MirageStoreSetItem#0",0,0,0
37214,"MirageStoreSetItem#51590","MirageStoreSetItem#51591",0,0,0
37215,"MirageStoreSetItem#51592","MirageStoreSetItem#51593",0,0,0
37216,"MirageStoreSetItem#51594","MirageStoreSetItem#0",0,0,0
37217,"MirageStoreSetItem#51595","MirageStoreSetItem#0",0,0,0
37218,"MirageStoreSetItem#51589","MirageStoreSetItem#0",0,0,0
37219,"MirageStoreSetItem#51590","MirageStoreSetItem#51591",0,0,0
37220,"MirageStoreSetItem#51592","MirageStoreSetItem#51593",0,0,0
37221,"MirageStoreSetItem#51594","MirageStoreSetItem#0",0,0,0
37222,"MirageStoreSetItem#51595","MirageStoreSetItem#0",0,0,0
37223,"MirageStoreSetItem#51589","MirageStoreSetItem#0",0,0,0
37224,"MirageStoreSetItem#51590","MirageStoreSetItem#51591",0,0,0
37225,"MirageStoreSetItem#51592","MirageStoreSetItem#51593",0,0,0
37226,"MirageStoreSetItem#51594","MirageStoreSetItem#0",0,0,0
37227,"MirageStoreSetItem#51595","MirageStoreSetItem#0",0,0,0
37442,"MirageStoreSetItem#50502","MirageStoreSetItem#0",0,0,0
37443,"MirageStoreSetItem#50502","MirageStoreSetItem#0",0,0,0
37444,"MirageStoreSetItem#50502","MirageStoreSetItem#0",0,0,0
37445,"MirageStoreSetItem#50502","MirageStoreSetItem#0",0,0,0
37446,"MirageStoreSetItem#50502","MirageStoreSetItem#0",0,0,0
37447,"MirageStoreSetItem#50503","MirageStoreSetItem#0",0,0,0
37448,"MirageStoreSetItem#50503","MirageStoreSetItem#0",0,0,0
37449,"MirageStoreSetItem#50503","MirageStoreSetItem#0",0,0,0
37450,"MirageStoreSetItem#50503","MirageStoreSetItem#0",0,0,0
37451,"MirageStoreSetItem#50503","MirageStoreSetItem#0",0,0,0
37452,"MirageStoreSetItem#50504","MirageStoreSetItem#0",0,0,0
37453,"MirageStoreSetItem#50504","MirageStoreSetItem#0",0,0,0
37454,"MirageStoreSetItem#50504","MirageStoreSetItem#0",0,0,0
37455,"MirageStoreSetItem#50504","MirageStoreSetItem#0",0,0,0
37456,"MirageStoreSetItem#50504","MirageStoreSetItem#0",0,0,0
37457,"MirageStoreSetItem#50505","MirageStoreSetItem#0",0,0,0
37458,"MirageStoreSetItem#50505","MirageStoreSetItem#0",0,0,0
37459,"MirageStoreSetItem#50505","MirageStoreSetItem#0",0,0,0
37460,"MirageStoreSetItem#50505","MirageStoreSetItem#0",0,0,0
37461,"MirageStoreSetItem#50505","MirageStoreSetItem#0",0,0,0
37462,"MirageStoreSetItem#45464","MirageStoreSetItem#0",0,0,0
37463,"MirageStoreSetItem#45464","MirageStoreSetItem#0",0,0,0
37464,"MirageStoreSetItem#45464","MirageStoreSetItem#0",0,0,0
37465,"MirageStoreSetItem#45464","MirageStoreSetItem#0",0,0,0
37466,"MirageStoreSetItem#45464","MirageStoreSetItem#0",0,0,0
37467,"MirageStoreSetItem#45465","MirageStoreSetItem#0",0,0,0
37468,"MirageStoreSetItem#45465","MirageStoreSetItem#0",0,0,0
37469,"MirageStoreSetItem#45465","MirageStoreSetItem#0",0,0,0
37470,"MirageStoreSetItem#45465","MirageStoreSetItem#0",0,0,0
37471,"MirageStoreSetItem#45465","MirageStoreSetItem#0",0,0,0
37472,"MirageStoreSetItem#45466","MirageStoreSetItem#0",0,0,0
37473,"MirageStoreSetItem#45466","MirageStoreSetItem#0",0,0,0
37474,"MirageStoreSetItem#45466","MirageStoreSetItem#0",0,0,0
37475,"MirageStoreSetItem#45466","MirageStoreSetItem#0",0,0,0
37476,"MirageStoreSetItem#45466","MirageStoreSetItem#0",0,0,0
37477,"MirageStoreSetItem#45467","MirageStoreSetItem#0",0,0,0
37478,"MirageStoreSetItem#45467","MirageStoreSetItem#0",0,0,0
37479,"MirageStoreSetItem#45467","MirageStoreSetItem#0",0,0,0
37480,"MirageStoreSetItem#45467","MirageStoreSetItem#0",0,0,0
37481,"MirageStoreSetItem#45467","MirageStoreSetItem#0",0,0,0
38156,"MirageStoreSetItem#51596","MirageStoreSetItem#0",0,0,0
38157,"MirageStoreSetItem#51596","MirageStoreSetItem#0",0,0,0
38158,"MirageStoreSetItem#51596","MirageStoreSetItem#0",0,0,0
38159,"MirageStoreSetItem#51596","MirageStoreSetItem#0",0,0,0
38160,"MirageStoreSetItem#51596","MirageStoreSetItem#0",0,0,0
38161,"MirageStoreSetItem#51597","MirageStoreSetItem#0",0,0,0
38162,"MirageStoreSetItem#51597","MirageStoreSetItem#0",0,0,0
38163,"MirageStoreSetItem#51597","MirageStoreSetItem#0",0,0,0
38164,"MirageStoreSetItem#51597","MirageStoreSetItem#0",0,0,0
38165,"MirageStoreSetItem#51597","MirageStoreSetItem#0",0,0,0
38166,"MirageStoreSetItem#51598","MirageStoreSetItem#0",0,0,0
38167,"MirageStoreSetItem#51598","MirageStoreSetItem#0",0,0,0
38168,"MirageStoreSetItem#51598","MirageStoreSetItem#0",0,0,0
38169,"MirageStoreSetItem#51598","MirageStoreSetItem#0",0,0,0
38170,"MirageStoreSetItem#51598","MirageStoreSetItem#0",0,0,0
38171,"MirageStoreSetItem#51599","MirageStoreSetItem#0",0,0,0
38172,"MirageStoreSetItem#51599","MirageStoreSetItem#0",0,0,0
38173,"MirageStoreSetItem#51599","MirageStoreSetItem#0",0,0,0
38174,"MirageStoreSetItem#51599","MirageStoreSetItem#0",0,0,0
38175,"MirageStoreSetItem#51599","MirageStoreSetItem#0",0,0,0
38176,"MirageStoreSetItem#51600","MirageStoreSetItem#0",0,0,0
38177,"MirageStoreSetItem#51600","MirageStoreSetItem#0",0,0,0
38178,"MirageStoreSetItem#51600","MirageStoreSetItem#0",0,0,0
38179,"MirageStoreSetItem#51600","MirageStoreSetItem#0",0,0,0
38180,"MirageStoreSetItem#51600","MirageStoreSetItem#0",0,0,0
38181,"MirageStoreSetItem#51601","MirageStoreSetItem#0",0,0,0
38182,"MirageStoreSetItem#51601","MirageStoreSetItem#0",0,0,0
38183,"MirageStoreSetItem#51601","MirageStoreSetItem#0",0,0,0
38184,"MirageStoreSetItem#51601","MirageStoreSetItem#0",0,0,0
38185,"MirageStoreSetItem#51601","MirageStoreSetItem#0",0,0,0
38186,"MirageStoreSetItem#51602","MirageStoreSetItem#0",0,0,0
38187,"MirageStoreSetItem#51602","MirageStoreSetItem#0",0,0,0
38188,"MirageStoreSetItem#51602","MirageStoreSetItem#0",0,0,0
38189,"MirageStoreSetItem#51602","MirageStoreSetItem#0",0,0,0
38190,"MirageStoreSetItem#51602","MirageStoreSetItem#0",0,0,0
38191,"MirageStoreSetItem#51596","MirageStoreSetItem#0",0,0,0
38192,"MirageStoreSetItem#51597","MirageStoreSetItem#51598",0,0,0
38193,"MirageStoreSetItem#51599","MirageStoreSetItem#51600",0,0,0
38194,"MirageStoreSetItem#51601","MirageStoreSetItem#0",0,0,0
38195,"MirageStoreSetItem#51602","MirageStoreSetItem#0",0,0,0
38196,"MirageStoreSetItem#51596","MirageStoreSetItem#0",0,0,0
38197,"MirageStoreSetItem#51597","MirageStoreSetItem#51598",0,0,0
38198,"MirageStoreSetItem#51599","MirageStoreSetItem#51600",0,0,0
38199,"MirageStoreSetItem#51601","MirageStoreSetItem#0",0,0,0
38200,"MirageStoreSetItem#51602","MirageStoreSetItem#0",0,0,0
38201,"MirageStoreSetItem#51596","MirageStoreSetItem#0",0,0,0
38202,"MirageStoreSetItem#51597","MirageStoreSetItem#51598",0,0,0
38203,"MirageStoreSetItem#51599","MirageStoreSetItem#51600",0,0,0
38204,"MirageStoreSetItem#51601","MirageStoreSetItem#0",0,0,0
38205,"MirageStoreSetItem#51602","MirageStoreSetItem#0",0,0,0
38206,"MirageStoreSetItem#51596","MirageStoreSetItem#0",0,0,0
38207,"MirageStoreSetItem#51597","MirageStoreSetItem#51598",0,0,0
38208,"MirageStoreSetItem#51599","MirageStoreSetItem#51600",0,0,0
38209,"MirageStoreSetItem#51601","MirageStoreSetItem#0",0,0,0
38210,"MirageStoreSetItem#51602","MirageStoreSetItem#0",0,0,0
38212,"MirageStoreSetItem#45479","MirageStoreSetItem#45480",0,0,0
38213,"MirageStoreSetItem#45479","MirageStoreSetItem#45480",0,0,0
38214,"MirageStoreSetItem#45479","MirageStoreSetItem#0",0,0,0
38215,"MirageStoreSetItem#45479","MirageStoreSetItem#45480",0,0,0
38216,"MirageStoreSetItem#45480","MirageStoreSetItem#0",0,0,0
38217,"MirageStoreSetItem#45481","MirageStoreSetItem#45482",0,0,0
38218,"MirageStoreSetItem#45481","MirageStoreSetItem#45482",0,0,0
38219,"MirageStoreSetItem#45481","MirageStoreSetItem#45482",0,0,0
38220,"MirageStoreSetItem#45481","MirageStoreSetItem#0",0,0,0
38221,"MirageStoreSetItem#45481","MirageStoreSetItem#45482",0,0,0
38222,"MirageStoreSetItem#45482","MirageStoreSetItem#0",0,0,0
38223,"MirageStoreSetItem#45483","MirageStoreSetItem#0",0,0,0
38224,"MirageStoreSetItem#45483","MirageStoreSetItem#0",0,0,0
38225,"MirageStoreSetItem#45483","MirageStoreSetItem#0",0,0,0
38226,"MirageStoreSetItem#45483","MirageStoreSetItem#0",0,0,0
38227,"MirageStoreSetItem#45483","MirageStoreSetItem#0",0,0,0
38228,"MirageStoreSetItem#45484","MirageStoreSetItem#0",0,0,0
38229,"MirageStoreSetItem#45484","MirageStoreSetItem#0",0,0,0
38230,"MirageStoreSetItem#45484","MirageStoreSetItem#0",0,0,0
38231,"MirageStoreSetItem#45484","MirageStoreSetItem#0",0,0,0
38232,"MirageStoreSetItem#45484","MirageStoreSetItem#0",0,0,0
38233,"MirageStoreSetItem#45485","MirageStoreSetItem#0",0,0,0
38234,"MirageStoreSetItem#45485","MirageStoreSetItem#0",0,0,0
38235,"MirageStoreSetItem#45485","MirageStoreSetItem#0",0,0,0
38236,"MirageStoreSetItem#45485","MirageStoreSetItem#0",0,0,0
38237,"MirageStoreSetItem#45485","MirageStoreSetItem#0",0,0,0
38238,"MirageStoreSetItem#45486","MirageStoreSetItem#45487",0,0,0
38239,"MirageStoreSetItem#45486","MirageStoreSetItem#45487",0,0,0
38240,"MirageStoreSetItem#45486","MirageStoreSetItem#0",0,0,0
38241,"MirageStoreSetItem#45486","MirageStoreSetItem#45487",0,0,0
38242,"MirageStoreSetItem#45487","MirageStoreSetItem#0",0,0,0
38243,"MirageStoreSetItem#45488","MirageStoreSetItem#0",0,0,0
38244,"MirageStoreSetItem#45488","MirageStoreSetItem#0",0,0,0
38245,"MirageStoreSetItem#45488","MirageStoreSetItem#0",0,0,0
38246,"MirageStoreSetItem#45488","MirageStoreSetItem#0",0,0,0
38247,"MirageStoreSetItem#45488","MirageStoreSetItem#0",0,0,0
38248,"MirageStoreSetItem#45489","MirageStoreSetItem#0",0,0,0
38249,"MirageStoreSetItem#45489","MirageStoreSetItem#0",0,0,0
38250,"MirageStoreSetItem#45489","MirageStoreSetItem#0",0,0,0
38251,"MirageStoreSetItem#45489","MirageStoreSetItem#0",0,0,0
38252,"MirageStoreSetItem#45489","MirageStoreSetItem#0",0,0,0
38253,"MirageStoreSetItem#45490","MirageStoreSetItem#0",0,0,0
38254,"MirageStoreSetItem#45490","MirageStoreSetItem#0",0,0,0
38255,"MirageStoreSetItem#45490","MirageStoreSetItem#0",0,0,0
38256,"MirageStoreSetItem#45490","MirageStoreSetItem#0",0,0,0
38257,"MirageStoreSetItem#45491","MirageStoreSetItem#0",0,0,0
38258,"MirageStoreSetItem#45491","MirageStoreSetItem#0",0,0,0
38259,"MirageStoreSetItem#45491","MirageStoreSetItem#0",0,0,0
38260,"MirageStoreSetItem#45491","MirageStoreSetItem#0",0,0,0
38957,"MirageStoreSetItem#51603","MirageStoreSetItem#0",0,0,0
38958,"MirageStoreSetItem#51603","MirageStoreSetItem#0",0,0,0
38959,"MirageStoreSetItem#51603","MirageStoreSetItem#0",0,0,0
38960,"MirageStoreSetItem#51603","MirageStoreSetItem#0",0,0,0
38961,"MirageStoreSetItem#51603","MirageStoreSetItem#0",0,0,0
38962,"MirageStoreSetItem#51604","MirageStoreSetItem#0",0,0,0
38963,"MirageStoreSetItem#51604","MirageStoreSetItem#0",0,0,0
38964,"MirageStoreSetItem#51604","MirageStoreSetItem#0",0,0,0
38965,"MirageStoreSetItem#51604","MirageStoreSetItem#0",0,0,0
38966,"MirageStoreSetItem#51604","MirageStoreSetItem#0",0,0,0
38967,"MirageStoreSetItem#51605","MirageStoreSetItem#0",0,0,0
38968,"MirageStoreSetItem#51605","MirageStoreSetItem#0",0,0,0
38969,"MirageStoreSetItem#51605","MirageStoreSetItem#0",0,0,0
38970,"MirageStoreSetItem#51605","MirageStoreSetItem#0",0,0,0
38971,"MirageStoreSetItem#51605","MirageStoreSetItem#0",0,0,0
38972,"MirageStoreSetItem#51606","MirageStoreSetItem#0",0,0,0
38973,"MirageStoreSetItem#51606","MirageStoreSetItem#0",0,0,0
38974,"MirageStoreSetItem#51606","MirageStoreSetItem#0",0,0,0
38975,"MirageStoreSetItem#51606","MirageStoreSetItem#0",0,0,0
38976,"MirageStoreSetItem#51606","MirageStoreSetItem#0",0,0,0
38977,"MirageStoreSetItem#51607","MirageStoreSetItem#0",0,0,0
38978,"MirageStoreSetItem#51607","MirageStoreSetItem#0",0,0,0
38979,"MirageStoreSetItem#51607","MirageStoreSetItem#0",0,0,0
38980,"MirageStoreSetItem#51607","MirageStoreSetItem#0",0,0,0
38981,"MirageStoreSetItem#51607","MirageStoreSetItem#0",0,0,0
38982,"MirageStoreSetItem#51608","MirageStoreSetItem#0",0,0,0
38983,"MirageStoreSetItem#51608","MirageStoreSetItem#0",0,0,0
38984,"MirageStoreSetItem#51608","MirageStoreSetItem#0",0,0,0
38985,"MirageStoreSetItem#51608","MirageStoreSetItem#0",0,0,0
38986,"MirageStoreSetItem#51608","MirageStoreSetItem#0",0,0,0
38987,"MirageStoreSetItem#51609","MirageStoreSetItem#0",0,0,0
38988,"MirageStoreSetItem#51609","MirageStoreSetItem#0",0,0,0
38989,"MirageStoreSetItem#51609","MirageStoreSetItem#0",0,0,0
38990,"MirageStoreSetItem#51609","MirageStoreSetItem#0",0,0,0
38991,"MirageStoreSetItem#51609","MirageStoreSetItem#0",0,0,0
38992,"MirageStoreSetItem#51603","MirageStoreSetItem#0",0,0,0
38993,"MirageStoreSetItem#51604","MirageStoreSetItem#51605",0,0,0
38994,"MirageStoreSetItem#51606","MirageStoreSetItem#51607",0,0,0
38995,"MirageStoreSetItem#51608","MirageStoreSetItem#0",0,0,0
38996,"MirageStoreSetItem#51609","MirageStoreSetItem#0",0,0,0
38997,"MirageStoreSetItem#51603","MirageStoreSetItem#0",0,0,0
38998,"MirageStoreSetItem#51604","MirageStoreSetItem#51605",0,0,0
38999,"MirageStoreSetItem#51606","MirageStoreSetItem#51607",0,0,0
39000,"MirageStoreSetItem#51608","MirageStoreSetItem#0",0,0,0
39001,"MirageStoreSetItem#51609","MirageStoreSetItem#0",0,0,0
39002,"MirageStoreSetItem#51603","MirageStoreSetItem#0",0,0,0
39003,"MirageStoreSetItem#51604","MirageStoreSetItem#51605",0,0,0
39004,"MirageStoreSetItem#51606","MirageStoreSetItem#51607",0,0,0
39005,"MirageStoreSetItem#51608","MirageStoreSetItem#0",0,0,0
39006,"MirageStoreSetItem#51609","MirageStoreSetItem#0",0,0,0
39007,"MirageStoreSetItem#51603","MirageStoreSetItem#0",0,0,0
39008,"MirageStoreSetItem#51604","MirageStoreSetItem#51605",0,0,0
39009,"MirageStoreSetItem#51606","MirageStoreSetItem#51607",0,0,0
39010,"MirageStoreSetItem#51608","MirageStoreSetItem#0",0,0,0
39011,"MirageStoreSetItem#51609","MirageStoreSetItem#0",0,0,0
39245,"MirageStoreSetItem#45492","MirageStoreSetItem#0",0,0,0
39246,"MirageStoreSetItem#45492","MirageStoreSetItem#0",0,0,0
39247,"MirageStoreSetItem#45493","MirageStoreSetItem#0",0,0,0
39248,"MirageStoreSetItem#45493","MirageStoreSetItem#0",0,0,0
39249,"MirageStoreSetItem#45493","MirageStoreSetItem#0",0,0,0
39250,"MirageStoreSetItem#45493","MirageStoreSetItem#0",0,0,0
39251,"MirageStoreSetItem#45493","MirageStoreSetItem#0",0,0,0
39252,"MirageStoreSetItem#45494","MirageStoreSetItem#45495",0,0,0
39253,"MirageStoreSetItem#45494","MirageStoreSetItem#0",0,0,0
39254,"MirageStoreSetItem#45494","MirageStoreSetItem#45495",0,0,0
39255,"MirageStoreSetItem#45494","MirageStoreSetItem#0",0,0,0
39256,"MirageStoreSetItem#45494","MirageStoreSetItem#0",0,0,0
39257,"MirageStoreSetItem#45495","MirageStoreSetItem#0",0,0,0
39258,"MirageStoreSetItem#45495","MirageStoreSetItem#0",0,0,0
39259,"MirageStoreSetItem#45495","MirageStoreSetItem#0",0,0,0
39260,"MirageStoreSetItem#45496","MirageStoreSetItem#0",0,0,0
39261,"MirageStoreSetItem#45496","MirageStoreSetItem#0",0,0,0
39262,"MirageStoreSetItem#45496","MirageStoreSetItem#0",0,0,0
39263,"MirageStoreSetItem#45496","MirageStoreSetItem#0",0,0,0
39264,"MirageStoreSetItem#45496","MirageStoreSetItem#0",0,0,0
39265,"MirageStoreSetItem#45497","MirageStoreSetItem#0",0,0,0
39266,"MirageStoreSetItem#45497","MirageStoreSetItem#0",0,0,0
39267,"MirageStoreSetItem#45497","MirageStoreSetItem#0",0,0,0
39268,"MirageStoreSetItem#45497","MirageStoreSetItem#0",0,0,0
39269,"MirageStoreSetItem#45497","MirageStoreSetItem#0",0,0,0
39270,"MirageStoreSetItem#45498","MirageStoreSetItem#0",0,0,0
39271,"MirageStoreSetItem#45498","MirageStoreSetItem#0",0,0,0
39272,"MirageStoreSetItem#45498","MirageStoreSetItem#0",0,0,0
39273,"MirageStoreSetItem#45498","MirageStoreSetItem#0",0,0,0
39274,"MirageStoreSetItem#45498","MirageStoreSetItem#0",0,0,0
39275,"MirageStoreSetItem#45499","MirageStoreSetItem#0",0,0,0
39276,"MirageStoreSetItem#45499","MirageStoreSetItem#0",0,0,0
39277,"MirageStoreSetItem#45499","MirageStoreSetItem#0",0,0,0
39278,"MirageStoreSetItem#45499","MirageStoreSetItem#0",0,0,0
39279,"MirageStoreSetItem#45499","MirageStoreSetItem#0",0,0,0
39280,"MirageStoreSetItem#45500","MirageStoreSetItem#0",0,0,0
39281,"MirageStoreSetItem#45500","MirageStoreSetItem#0",0,0,0
39282,"MirageStoreSetItem#45500","MirageStoreSetItem#0",0,0,0
39283,"MirageStoreSetItem#45500","MirageStoreSetItem#0",0,0,0
39284,"MirageStoreSetItem#45500","MirageStoreSetItem#0",0,0,0
39285,"MirageStoreSetItem#45501","MirageStoreSetItem#0",0,0,0
39286,"MirageStoreSetItem#45501","MirageStoreSetItem#0",0,0,0
39287,"MirageStoreSetItem#45501","MirageStoreSetItem#0",0,0,0
39288,"MirageStoreSetItem#45501","MirageStoreSetItem#0",0,0,0
39289,"MirageStoreSetItem#45501","MirageStoreSetItem#0",0,0,0
39290,"MirageStoreSetItem#45502","MirageStoreSetItem#0",0,0,0
39291,"MirageStoreSetItem#45502","MirageStoreSetItem#0",0,0,0
39292,"MirageStoreSetItem#45502","MirageStoreSetItem#0",0,0,0
39293,"MirageStoreSetItem#45502","MirageStoreSetItem#0",0,0,0
39294,"MirageStoreSetItem#45502","MirageStoreSetItem#0",0,0,0
39295,"MirageStoreSetItem#45503","MirageStoreSetItem#0",0,0,0
39296,"MirageStoreSetItem#45503","MirageStoreSetItem#0",0,0,0
39297,"MirageStoreSetItem#45503","MirageStoreSetItem#0",0,0,0
39298,"MirageStoreSetItem#45503","MirageStoreSetItem#0",0,0,0
39299,"MirageStoreSetItem#45504","MirageStoreSetItem#0",0,0,0
39300,"MirageStoreSetItem#45504","MirageStoreSetItem#0",0,0,0
39301,"MirageStoreSetItem#45504","MirageStoreSetItem#0",0,0,0
39303,"MirageStoreSetItem#45505","MirageStoreSetItem#0",0,0,0
39304,"MirageStoreSetItem#45505","MirageStoreSetItem#0",0,0,0
39305,"MirageStoreSetItem#45505","MirageStoreSetItem#0",0,0,0
39306,"MirageStoreSetItem#45505","MirageStoreSetItem#0",0,0,0
39307,"MirageStoreSetItem#45505","MirageStoreSetItem#0",0,0,0
39308,"MirageStoreSetItem#45506","MirageStoreSetItem#45507",0,0,0
39309,"MirageStoreSetItem#45506","MirageStoreSetItem#0",0,0,0
39310,"MirageStoreSetItem#45506","MirageStoreSetItem#0",0,0,0
39311,"MirageStoreSetItem#45506","MirageStoreSetItem#0",0,0,0
39312,"MirageStoreSetItem#45506","MirageStoreSetItem#45507",0,0,0
39313,"MirageStoreSetItem#45507","MirageStoreSetItem#0",0,0,0
39314,"MirageStoreSetItem#45507","MirageStoreSetItem#0",0,0,0
39315,"MirageStoreSetItem#45507","MirageStoreSetItem#0",0,0,0
39359,"MirageStoreSetItem#45508","MirageStoreSetItem#0",0,0,0
39360,"MirageStoreSetItem#45508","MirageStoreSetItem#0",0,0,0
39361,"MirageStoreSetItem#45508","MirageStoreSetItem#0",0,0,0
39362,"MirageStoreSetItem#45508","MirageStoreSetItem#0",0,0,0
39363,"MirageStoreSetItem#45508","MirageStoreSetItem#0",0,0,0
39509,"MirageStoreSetItem#45509","MirageStoreSetItem#45510",0,0,0
39510,"MirageStoreSetItem#45509","MirageStoreSetItem#45510",0,0,0
39511,"MirageStoreSetItem#45509","MirageStoreSetItem#0",0,0,0
39512,"MirageStoreSetItem#45509","MirageStoreSetItem#45510",0,0,0
39513,"MirageStoreSetItem#45510","MirageStoreSetItem#0",0,0,0
39514,"MirageStoreSetItem#45511","MirageStoreSetItem#0",0,0,0
39515,"MirageStoreSetItem#45511","MirageStoreSetItem#0",0,0,0
39516,"MirageStoreSetItem#45511","MirageStoreSetItem#0",0,0,0
39517,"MirageStoreSetItem#45511","MirageStoreSetItem#0",0,0,0
39518,"MirageStoreSetItem#45511","MirageStoreSetItem#0",0,0,0
39519,"MirageStoreSetItem#45512","MirageStoreSetItem#0",0,0,0
39520,"MirageStoreSetItem#45512","MirageStoreSetItem#0",0,0,0
39521,"MirageStoreSetItem#45512","MirageStoreSetItem#0",0,0,0
39522,"MirageStoreSetItem#45512","MirageStoreSetItem#0",0,0,0
39523,"MirageStoreSetItem#45512","MirageStoreSetItem#0",0,0,0
39524,"MirageStoreSetItem#45513","MirageStoreSetItem#0",0,0,0
39525,"MirageStoreSetItem#45513","MirageStoreSetItem#0",0,0,0
39526,"MirageStoreSetItem#45513","MirageStoreSetItem#0",0,0,0
39527,"MirageStoreSetItem#45513","MirageStoreSetItem#0",0,0,0
39528,"MirageStoreSetItem#45513","MirageStoreSetItem#0",0,0,0
39529,"MirageStoreSetItem#45514","MirageStoreSetItem#0",0,0,0
39530,"MirageStoreSetItem#45514","MirageStoreSetItem#0",0,0,0
39531,"MirageStoreSetItem#45514","MirageStoreSetItem#0",0,0,0
39532,"MirageStoreSetItem#45514","MirageStoreSetItem#0",0,0,0
39533,"MirageStoreSetItem#45514","MirageStoreSetItem#0",0,0,0
39534,"MirageStoreSetItem#45515","MirageStoreSetItem#0",0,0,0
39535,"MirageStoreSetItem#45515","MirageStoreSetItem#0",0,0,0
39536,"MirageStoreSetItem#45515","MirageStoreSetItem#0",0,0,0
39537,"MirageStoreSetItem#45515","MirageStoreSetItem#0",0,0,0
39538,"MirageStoreSetItem#45515","MirageStoreSetItem#0",0,0,0
39539,"MirageStoreSetItem#45516","MirageStoreSetItem#0",0,0,0
39540,"MirageStoreSetItem#45516","MirageStoreSetItem#0",0,0,0
39541,"MirageStoreSetItem#45516","MirageStoreSetItem#0",0,0,0
39542,"MirageStoreSetItem#45516","MirageStoreSetItem#0",0,0,0
39543,"MirageStoreSetItem#45516","MirageStoreSetItem#0",0,0,0
39544,"MirageStoreSetItem#45517","MirageStoreSetItem#0",0,0,0
39545,"MirageStoreSetItem#45517","MirageStoreSetItem#0",0,0,0
39546,"MirageStoreSetItem#45517","MirageStoreSetItem#0",0,0,0
39547,"MirageStoreSetItem#45517","MirageStoreSetItem#0",0,0,0
39548,"MirageStoreSetItem#45517","MirageStoreSetItem#0",0,0,0
40240,"MirageStoreSetItem#51610","MirageStoreSetItem#0",0,0,0
40241,"MirageStoreSetItem#51610","MirageStoreSetItem#0",0,0,0
40242,"MirageStoreSetItem#51610","MirageStoreSetItem#0",0,0,0
40243,"MirageStoreSetItem#51610","MirageStoreSetItem#0",0,0,0
40244,"MirageStoreSetItem#51610","MirageStoreSetItem#0",0,0,0
40245,"MirageStoreSetItem#51611","MirageStoreSetItem#0",0,0,0
40246,"MirageStoreSetItem#51611","MirageStoreSetItem#0",0,0,0
40247,"MirageStoreSetItem#51611","MirageStoreSetItem#0",0,0,0
40248,"MirageStoreSetItem#51611","MirageStoreSetItem#0",0,0,0
40249,"MirageStoreSetItem#51611","MirageStoreSetItem#0",0,0,0
40250,"MirageStoreSetItem#51612","MirageStoreSetItem#0",0,0,0
40251,"MirageStoreSetItem#51612","MirageStoreSetItem#0",0,0,0
40252,"MirageStoreSetItem#51612","MirageStoreSetItem#0",0,0,0
40253,"MirageStoreSetItem#51612","MirageStoreSetItem#0",0,0,0
40254,"MirageStoreSetItem#51612","MirageStoreSetItem#0",0,0,0
40255,"MirageStoreSetItem#51613","MirageStoreSetItem#0",0,0,0
40256,"MirageStoreSetItem#51613","MirageStoreSetItem#0",0,0,0
40257,"MirageStoreSetItem#51613","MirageStoreSetItem#0",0,0,0
40258,"MirageStoreSetItem#51613","MirageStoreSetItem#0",0,0,0
40259,"MirageStoreSetItem#51613","MirageStoreSetItem#0",0,0,0
40260,"MirageStoreSetItem#51614","MirageStoreSetItem#0",0,0,0
40261,"MirageStoreSetItem#51614","MirageStoreSetItem#0",0,0,0
40262,"MirageStoreSetItem#51614","MirageStoreSetItem#0",0,0,0
40263,"MirageStoreSetItem#51614","MirageStoreSetItem#0",0,0,0
40264,"MirageStoreSetItem#51614","MirageStoreSetItem#0",0,0,0
40265,"MirageStoreSetItem#51615","MirageStoreSetItem#0",0,0,0
40266,"MirageStoreSetItem#51615","MirageStoreSetItem#0",0,0,0
40267,"MirageStoreSetItem#51615","MirageStoreSetItem#0",0,0,0
40268,"MirageStoreSetItem#51615","MirageStoreSetItem#0",0,0,0
40269,"MirageStoreSetItem#51615","MirageStoreSetItem#0",0,0,0
40270,"MirageStoreSetItem#51616","MirageStoreSetItem#0",0,0,0
40271,"MirageStoreSetItem#51616","MirageStoreSetItem#0",0,0,0
40272,"MirageStoreSetItem#51616","MirageStoreSetItem#0",0,0,0
40273,"MirageStoreSetItem#51616","MirageStoreSetItem#0",0,0,0
40274,"MirageStoreSetItem#51616","MirageStoreSetItem#0",0,0,0
40275,"MirageStoreSetItem#51610","MirageStoreSetItem#0",0,0,0
40276,"MirageStoreSetItem#51611","MirageStoreSetItem#51612",0,0,0
40277,"MirageStoreSetItem#51613","MirageStoreSetItem#51614",0,0,0
40278,"MirageStoreSetItem#51615","MirageStoreSetItem#0",0,0,0
40279,"MirageStoreSetItem#51616","MirageStoreSetItem#0",0,0,0
40280,"MirageStoreSetItem#51610","MirageStoreSetItem#0",0,0,0
40281,"MirageStoreSetItem#51611","MirageStoreSetItem#51612",0,0,0
40282,"MirageStoreSetItem#51613","MirageStoreSetItem#51614",0,0,0
40283,"MirageStoreSetItem#51615","MirageStoreSetItem#0",0,0,0
40284,"MirageStoreSetItem#51616","MirageStoreSetItem#0",0,0,0
40285,"MirageStoreSetItem#51610","MirageStoreSetItem#0",0,0,0
40286,"MirageStoreSetItem#51611","MirageStoreSetItem#51612",0,0,0
40287,"MirageStoreSetItem#51613","MirageStoreSetItem#51614",0,0,0
40288,"MirageStoreSetItem#51615","MirageStoreSetItem#0",0,0,0
40289,"MirageStoreSetItem#51616","MirageStoreSetItem#0",0,0,0
40290,"MirageStoreSetItem#51610","MirageStoreSetItem#0",0,0,0
40291,"MirageStoreSetItem#51611","MirageStoreSetItem#51612",0,0,0
40292,"MirageStoreSetItem#51613","MirageStoreSetItem#51614",0,0,0
40293,"MirageStoreSetItem#51615","MirageStoreSetItem#0",0,0,0
40294,"MirageStoreSetItem#51616","MirageStoreSetItem#0",0,0,0
40346,"MirageStoreSetItem#50632","MirageStoreSetItem#0",0,0,0
40347,"MirageStoreSetItem#50632","MirageStoreSetItem#0",0,0,0
40348,"MirageStoreSetItem#50632","MirageStoreSetItem#0",0,0,0
40349,"MirageStoreSetItem#50632","MirageStoreSetItem#0",0,0,0
40350,"MirageStoreSetItem#50632","MirageStoreSetItem#0",0,0,0
40351,"MirageStoreSetItem#50632","MirageStoreSetItem#0",0,0,0
40352,"MirageStoreSetItem#50632","MirageStoreSetItem#0",0,0,0
40353,"MirageStoreSetItem#50632","MirageStoreSetItem#0",0,0,0
40354,"MirageStoreSetItem#50632","MirageStoreSetItem#0",0,0,0
40404,"MirageStoreSetItem#45518","MirageStoreSetItem#0",0,0,0
40405,"MirageStoreSetItem#45518","MirageStoreSetItem#0",0,0,0
40406,"MirageStoreSetItem#45518","MirageStoreSetItem#0",0,0,0
40407,"MirageStoreSetItem#45518","MirageStoreSetItem#0",0,0,0
40408,"MirageStoreSetItem#45519","MirageStoreSetItem#0",0,0,0
40409,"MirageStoreSetItem#45519","MirageStoreSetItem#0",0,0,0
40410,"MirageStoreSetItem#45519","MirageStoreSetItem#0",0,0,0
40411,"MirageStoreSetItem#45519","MirageStoreSetItem#0",0,0,0
40412,"MirageStoreSetItem#45520","MirageStoreSetItem#0",0,0,0
40413,"MirageStoreSetItem#45520","MirageStoreSetItem#0",0,0,0
40414,"MirageStoreSetItem#45520","MirageStoreSetItem#0",0,0,0
40415,"MirageStoreSetItem#45520","MirageStoreSetItem#0",0,0,0
40416,"MirageStoreSetItem#45521","MirageStoreSetItem#0",0,0,0
40417,"MirageStoreSetItem#45521","MirageStoreSetItem#0",0,0,0
40418,"MirageStoreSetItem#45521","MirageStoreSetItem#0",0,0,0
40419,"MirageStoreSetItem#45521","MirageStoreSetItem#0",0,0,0
40420,"MirageStoreSetItem#45521","MirageStoreSetItem#0",0,0,0
40421,"MirageStoreSetItem#45522","MirageStoreSetItem#0",0,0,0
40422,"MirageStoreSetItem#45522","MirageStoreSetItem#0",0,0,0
40423,"MirageStoreSetItem#45522","MirageStoreSetItem#0",0,0,0
40424,"MirageStoreSetItem#45522","MirageStoreSetItem#0",0,0,0
40425,"MirageStoreSetItem#45522","MirageStoreSetItem#0",0,0,0
40426,"MirageStoreSetItem#45523","MirageStoreSetItem#0",0,0,0
40427,"MirageStoreSetItem#45523","MirageStoreSetItem#0",0,0,0
40428,"MirageStoreSetItem#45523","MirageStoreSetItem#0",0,0,0
40429,"MirageStoreSetItem#45523","MirageStoreSetItem#0",0,0,0
40430,"MirageStoreSetItem#45523","MirageStoreSetItem#0",0,0,0
40431,"MirageStoreSetItem#45524","MirageStoreSetItem#0",0,0,0
40432,"MirageStoreSetItem#45524","MirageStoreSetItem#0",0,0,0
40433,"MirageStoreSetItem#45524","MirageStoreSetItem#0",0,0,0
40434,"MirageStoreSetItem#45524","MirageStoreSetItem#0",0,0,0
40435,"MirageStoreSetItem#45524","MirageStoreSetItem#0",0,0,0
40441,"MirageStoreSetItem#45525","MirageStoreSetItem#0",0,0,0
40442,"MirageStoreSetItem#45525","MirageStoreSetItem#0",0,0,0
40443,"MirageStoreSetItem#45525","MirageStoreSetItem#0",0,0,0
40444,"MirageStoreSetItem#45525","MirageStoreSetItem#45526",0,0,0
40445,"MirageStoreSetItem#45526","MirageStoreSetItem#0",0,0,0
40446,"MirageStoreSetItem#45526","MirageStoreSetItem#0",0,0,0
40447,"MirageStoreSetItem#45526","MirageStoreSetItem#0",0,0,0
40448,"MirageStoreSetItem#45527","MirageStoreSetItem#0",0,0,0
40449,"MirageStoreSetItem#45527","MirageStoreSetItem#0",0,0,0
40450,"MirageStoreSetItem#45527","MirageStoreSetItem#0",0,0,0
40451,"MirageStoreSetItem#45527","MirageStoreSetItem#0",0,0,0
40452,"MirageStoreSetItem#45528","MirageStoreSetItem#0",0,0,0
40453,"MirageStoreSetItem#45528","MirageStoreSetItem#0",0,0,0
40454,"MirageStoreSetItem#45528","MirageStoreSetItem#0",0,0,0
40455,"MirageStoreSetItem#45528","MirageStoreSetItem#0",0,0,0
40765,"MirageStoreSetItem#51617","MirageStoreSetItem#0",0,0,0
40766,"MirageStoreSetItem#51617","MirageStoreSetItem#0",0,0,0
40767,"MirageStoreSetItem#51617","MirageStoreSetItem#0",0,0,0
40768,"MirageStoreSetItem#51617","MirageStoreSetItem#0",0,0,0
40769,"MirageStoreSetItem#51617","MirageStoreSetItem#0",0,0,0
40770,"MirageStoreSetItem#51618","MirageStoreSetItem#0",0,0,0
40771,"MirageStoreSetItem#51618","MirageStoreSetItem#0",0,0,0
40772,"MirageStoreSetItem#51618","MirageStoreSetItem#0",0,0,0
40773,"MirageStoreSetItem#51618","MirageStoreSetItem#0",0,0,0
40774,"MirageStoreSetItem#51618","MirageStoreSetItem#0",0,0,0
40775,"MirageStoreSetItem#51619","MirageStoreSetItem#0",0,0,0
40776,"MirageStoreSetItem#51619","MirageStoreSetItem#0",0,0,0
40777,"MirageStoreSetItem#51619","MirageStoreSetItem#0",0,0,0
40778,"MirageStoreSetItem#51619","MirageStoreSetItem#0",0,0,0
40779,"MirageStoreSetItem#51619","MirageStoreSetItem#0",0,0,0
40780,"MirageStoreSetItem#51620","MirageStoreSetItem#0",0,0,0
40781,"MirageStoreSetItem#51620","MirageStoreSetItem#0",0,0,0
40782,"MirageStoreSetItem#51620","MirageStoreSetItem#0",0,0,0
40783,"MirageStoreSetItem#51620","MirageStoreSetItem#0",0,0,0
40784,"MirageStoreSetItem#51620","MirageStoreSetItem#0",0,0,0
40785,"MirageStoreSetItem#51621","MirageStoreSetItem#0",0,0,0
40786,"MirageStoreSetItem#51621","MirageStoreSetItem#0",0,0,0
40787,"MirageStoreSetItem#51621","MirageStoreSetItem#0",0,0,0
40788,"MirageStoreSetItem#51621","MirageStoreSetItem#0",0,0,0
40789,"MirageStoreSetItem#51621","MirageStoreSetItem#0",0,0,0
40790,"MirageStoreSetItem#51622","MirageStoreSetItem#0",0,0,0
40791,"MirageStoreSetItem#51622","MirageStoreSetItem#0",0,0,0
40792,"MirageStoreSetItem#51622","MirageStoreSetItem#0",0,0,0
40793,"MirageStoreSetItem#51622","MirageStoreSetItem#0",0,0,0
40794,"MirageStoreSetItem#51622","MirageStoreSetItem#0",0,0,0
40795,"MirageStoreSetItem#51623","MirageStoreSetItem#0",0,0,0
40796,"MirageStoreSetItem#51623","MirageStoreSetItem#0",0,0,0
40797,"MirageStoreSetItem#51623","MirageStoreSetItem#0",0,0,0
40798,"MirageStoreSetItem#51623","MirageStoreSetItem#0",0,0,0
40799,"MirageStoreSetItem#51623","MirageStoreSetItem#0",0,0,0
40800,"MirageStoreSetItem#51617","MirageStoreSetItem#0",0,0,0
40801,"MirageStoreSetItem#51618","MirageStoreSetItem#51619",0,0,0
40802,"MirageStoreSetItem#51620","MirageStoreSetItem#51621",0,0,0
40803,"MirageStoreSetItem#51622","MirageStoreSetItem#0",0,0,0
40804,"MirageStoreSetItem#51623","MirageStoreSetItem#0",0,0,0
40805,"MirageStoreSetItem#51617","MirageStoreSetItem#0",0,0,0
40806,"MirageStoreSetItem#51618","MirageStoreSetItem#51619",0,0,0
40807,"MirageStoreSetItem#51620","MirageStoreSetItem#51621",0,0,0
40808,"MirageStoreSetItem#51622","MirageStoreSetItem#0",0,0,0
40809,"MirageStoreSetItem#51623","MirageStoreSetItem#0",0,0,0
40810,"MirageStoreSetItem#51617","MirageStoreSetItem#0",0,0,0
40811,"MirageStoreSetItem#51618","MirageStoreSetItem#51619",0,0,0
40812,"MirageStoreSetItem#51620","MirageStoreSetItem#51621",0,0,0
40813,"MirageStoreSetItem#51622","MirageStoreSetItem#0",0,0,0
40814,"MirageStoreSetItem#51623","MirageStoreSetItem#0",0,0,0
40815,"MirageStoreSetItem#51617","MirageStoreSetItem#0",0,0,0
40816,"MirageStoreSetItem#51618","MirageStoreSetItem#51619",0,0,0
40817,"MirageStoreSetItem#51620","MirageStoreSetItem#51621",0,0,0
40818,"MirageStoreSetItem#51622","MirageStoreSetItem#0",0,0,0
40819,"MirageStoreSetItem#51623","MirageStoreSetItem#0",0,0,0
41518,"MirageStoreSetItem#45529","MirageStoreSetItem#0",0,0,0
41519,"MirageStoreSetItem#45529","MirageStoreSetItem#0",0,0,0
41520,"MirageStoreSetItem#45529","MirageStoreSetItem#0",0,0,0
41521,"MirageStoreSetItem#45529","MirageStoreSetItem#0",0,0,0
41522,"MirageStoreSetItem#45529","MirageStoreSetItem#0",0,0,0
41524,"MirageStoreSetItem#45530","MirageStoreSetItem#0",0,0,0
41525,"MirageStoreSetItem#45530","MirageStoreSetItem#0",0,0,0
41526,"MirageStoreSetItem#45530","MirageStoreSetItem#0",0,0,0
41527,"MirageStoreSetItem#45530","MirageStoreSetItem#0",0,0,0
41528,"MirageStoreSetItem#45530","MirageStoreSetItem#0",0,0,0
41529,"MirageStoreSetItem#45531","MirageStoreSetItem#0",0,0,0
41530,"MirageStoreSetItem#45531","MirageStoreSetItem#0",0,0,0
41531,"MirageStoreSetItem#45531","MirageStoreSetItem#0",0,0,0
41532,"MirageStoreSetItem#45531","MirageStoreSetItem#0",0,0,0
41533,"MirageStoreSetItem#45531","MirageStoreSetItem#0",0,0,0
41534,"MirageStoreSetItem#45532","MirageStoreSetItem#0",0,0,0
41535,"MirageStoreSetItem#45532","MirageStoreSetItem#0",0,0,0
41536,"MirageStoreSetItem#45532","MirageStoreSetItem#0",0,0,0
41537,"MirageStoreSetItem#45532","MirageStoreSetItem#0",0,0,0
41538,"MirageStoreSetItem#45532","MirageStoreSetItem#0",0,0,0
41539,"MirageStoreSetItem#45533","MirageStoreSetItem#0",0,0,0
41540,"MirageStoreSetItem#45533","MirageStoreSetItem#0",0,0,0
41541,"MirageStoreSetItem#45533","MirageStoreSetItem#0",0,0,0
41542,"MirageStoreSetItem#45533","MirageStoreSetItem#0",0,0,0
41543,"MirageStoreSetItem#45533","MirageStoreSetItem#0",0,0,0
41544,"MirageStoreSetItem#45534","MirageStoreSetItem#0",0,0,0
41545,"MirageStoreSetItem#45534","MirageStoreSetItem#0",0,0,0
41546,"MirageStoreSetItem#45534","MirageStoreSetItem#0",0,0,0
41547,"MirageStoreSetItem#45534","MirageStoreSetItem#0",0,0,0
41548,"MirageStoreSetItem#45534","MirageStoreSetItem#0",0,0,0
41549,"MirageStoreSetItem#45535","MirageStoreSetItem#0",0,0,0
41550,"MirageStoreSetItem#45535","MirageStoreSetItem#0",0,0,0
41551,"MirageStoreSetItem#45535","MirageStoreSetItem#0",0,0,0
41552,"MirageStoreSetItem#45535","MirageStoreSetItem#0",0,0,0
41553,"MirageStoreSetItem#45535","MirageStoreSetItem#0",0,0,0
41555,"MirageStoreSetItem#45536","MirageStoreSetItem#0",0,0,0
41556,"MirageStoreSetItem#45536","MirageStoreSetItem#0",0,0,0
41557,"MirageStoreSetItem#45536","MirageStoreSetItem#0",0,0,0
41558,"MirageStoreSetItem#45536","MirageStoreSetItem#0",0,0,0
41560,"MirageStoreSetItem#45537","MirageStoreSetItem#0",0,0,0
41561,"MirageStoreSetItem#45537","MirageStoreSetItem#0",0,0,0
41562,"MirageStoreSetItem#45537","MirageStoreSetItem#0",0,0,0
41563,"MirageStoreSetItem#45537","MirageStoreSetItem#0",0,0,0
41565,"MirageStoreSetItem#45538","MirageStoreSetItem#0",0,0,0
41566,"MirageStoreSetItem#45538","MirageStoreSetItem#0",0,0,0
41567,"MirageStoreSetItem#45539","MirageStoreSetItem#45540",0,0,0
41568,"MirageStoreSetItem#45539","MirageStoreSetItem#45540",0,0,0
41569,"MirageStoreSetItem#45539","MirageStoreSetItem#0",0,0,0
41570,"MirageStoreSetItem#45539","MirageStoreSetItem#45540",0,0,0
41571,"MirageStoreSetItem#45540","MirageStoreSetItem#0",0,0,0
41572,"MirageStoreSetItem#45541","MirageStoreSetItem#0",0,0,0
41573,"MirageStoreSetItem#45541","MirageStoreSetItem#0",0,0,0
41574,"MirageStoreSetItem#45541","MirageStoreSetItem#0",0,0,0
41575,"MirageStoreSetItem#45541","MirageStoreSetItem#0",0,0,0
41576,"MirageStoreSetItem#45542","MirageStoreSetItem#0",0,0,0
41577,"MirageStoreSetItem#45542","MirageStoreSetItem#0",0,0,0
41578,"MirageStoreSetItem#45542","MirageStoreSetItem#0",0,0,0
41579,"MirageStoreSetItem#45542","MirageStoreSetItem#0",0,0,0
41580,"MirageStoreSetItem#45542","MirageStoreSetItem#0",0,0,0
41581,"MirageStoreSetItem#45543","MirageStoreSetItem#0",0,0,0
41582,"MirageStoreSetItem#45543","MirageStoreSetItem#0",0,0,0
41583,"MirageStoreSetItem#45543","MirageStoreSetItem#0",0,0,0
41584,"MirageStoreSetItem#45543","MirageStoreSetItem#0",0,0,0
41587,"MirageStoreSetItem#45544","MirageStoreSetItem#0",0,0,0
41588,"MirageStoreSetItem#45544","MirageStoreSetItem#0",0,0,0
41589,"MirageStoreSetItem#45544","MirageStoreSetItem#0",0,0,0
41590,"MirageStoreSetItem#45544","MirageStoreSetItem#0",0,0,0
41591,"MirageStoreSetItem#45544","MirageStoreSetItem#0",0,0,0
41592,"MirageStoreSetItem#45545","MirageStoreSetItem#0",0,0,0
41593,"MirageStoreSetItem#45545","MirageStoreSetItem#45546",0,0,0
41594,"MirageStoreSetItem#45545","MirageStoreSetItem#45546",0,0,0
41595,"MirageStoreSetItem#45546","MirageStoreSetItem#0",0,0,0
41596,"MirageStoreSetItem#45547","MirageStoreSetItem#0",0,0,0
41597,"MirageStoreSetItem#45547","MirageStoreSetItem#0",0,0,0
41598,"MirageStoreSetItem#45547","MirageStoreSetItem#0",0,0,0
41599,"MirageStoreSetItem#45547","MirageStoreSetItem#0",0,0,0
41790,"MirageStoreSetItem#50480","MirageStoreSetItem#0",0,0,0
41791,"MirageStoreSetItem#50480","MirageStoreSetItem#0",0,0,0
41792,"MirageStoreSetItem#50480","MirageStoreSetItem#0",0,0,0
41793,"MirageStoreSetItem#50480","MirageStoreSetItem#0",0,0,0
41935,"MirageStoreSetItem#51624","MirageStoreSetItem#0",0,0,0
41936,"MirageStoreSetItem#51624","MirageStoreSetItem#0",0,0,0
41937,"MirageStoreSetItem#51624","MirageStoreSetItem#0",0,0,0
41938,"MirageStoreSetItem#51624","MirageStoreSetItem#0",0,0,0
41939,"MirageStoreSetItem#51624","MirageStoreSetItem#0",0,0,0
41940,"MirageStoreSetItem#51625","MirageStoreSetItem#0",0,0,0
41941,"MirageStoreSetItem#51625","MirageStoreSetItem#0",0,0,0
41942,"MirageStoreSetItem#51625","MirageStoreSetItem#0",0,0,0
41943,"MirageStoreSetItem#51625","MirageStoreSetItem#0",0,0,0
41944,"MirageStoreSetItem#51625","MirageStoreSetItem#0",0,0,0
41945,"MirageStoreSetItem#51626","MirageStoreSetItem#0",0,0,0
41946,"MirageStoreSetItem#51626","MirageStoreSetItem#0",0,0,0
41947,"MirageStoreSetItem#51626","MirageStoreSetItem#0",0,0,0
41948,"MirageStoreSetItem#51626","MirageStoreSetItem#0",0,0,0
41949,"MirageStoreSetItem#51626","MirageStoreSetItem#0",0,0,0
41950,"MirageStoreSetItem#51627","MirageStoreSetItem#0",0,0,0
41951,"MirageStoreSetItem#51627","MirageStoreSetItem#0",0,0,0
41952,"MirageStoreSetItem#51627","MirageStoreSetItem#0",0,0,0
41953,"MirageStoreSetItem#51627","MirageStoreSetItem#0",0,0,0
41954,"MirageStoreSetItem#51627","MirageStoreSetItem#0",0,0,0
41955,"MirageStoreSetItem#51628","MirageStoreSetItem#0",0,0,0
41956,"MirageStoreSetItem#51628","MirageStoreSetItem#0",0,0,0
41957,"MirageStoreSetItem#51628","MirageStoreSetItem#0",0,0,0
41958,"MirageStoreSetItem#51628","MirageStoreSetItem#0",0,0,0
41959,"MirageStoreSetItem#51628","MirageStoreSetItem#0",0,0,0
41960,"MirageStoreSetItem#51629","MirageStoreSetItem#0",0,0,0
41961,"MirageStoreSetItem#51629","MirageStoreSetItem#0",0,0,0
41962,"MirageStoreSetItem#51629","MirageStoreSetItem#0",0,0,0
41963,"MirageStoreSetItem#51629","MirageStoreSetItem#0",0,0,0
41964,"MirageStoreSetItem#51629","MirageStoreSetItem#0",0,0,0
41965,"MirageStoreSetItem#51630","MirageStoreSetItem#0",0,0,0
41966,"MirageStoreSetItem#51630","MirageStoreSetItem#0",0,0,0
41967,"MirageStoreSetItem#51630","MirageStoreSetItem#0",0,0,0
41968,"MirageStoreSetItem#51630","MirageStoreSetItem#0",0,0,0
41969,"MirageStoreSetItem#51630","MirageStoreSetItem#0",0,0,0
41970,"MirageStoreSetItem#51624","MirageStoreSetItem#0",0,0,0
41971,"MirageStoreSetItem#51625","MirageStoreSetItem#51626",0,0,0
41972,"MirageStoreSetItem#51627","MirageStoreSetItem#51628",0,0,0
41973,"MirageStoreSetItem#51629","MirageStoreSetItem#0",0,0,0
41974,"MirageStoreSetItem#51630","MirageStoreSetItem#0",0,0,0
41975,"MirageStoreSetItem#51624","MirageStoreSetItem#0",0,0,0
41976,"MirageStoreSetItem#51625","MirageStoreSetItem#51626",0,0,0
41977,"MirageStoreSetItem#51627","MirageStoreSetItem#51628",0,0,0
41978,"MirageStoreSetItem#51629","MirageStoreSetItem#0",0,0,0
41979,"MirageStoreSetItem#51630","MirageStoreSetItem#0",0,0,0
41980,"MirageStoreSetItem#51624","MirageStoreSetItem#0",0,0,0
41981,"MirageStoreSetItem#51625","MirageStoreSetItem#51626",0,0,0
41982,"MirageStoreSetItem#51627","MirageStoreSetItem#51628",0,0,0
41983,"MirageStoreSetItem#51629","MirageStoreSetItem#0",0,0,0
41984,"MirageStoreSetItem#51630","MirageStoreSetItem#0",0,0,0
41985,"MirageStoreSetItem#51624","MirageStoreSetItem#0",0,0,0
41986,"MirageStoreSetItem#51625","MirageStoreSetItem#51626",0,0,0
41987,"MirageStoreSetItem#51627","MirageStoreSetItem#51628",0,0,0
41988,"MirageStoreSetItem#51629","MirageStoreSetItem#0",0,0,0
41989,"MirageStoreSetItem#51630","MirageStoreSetItem#0",0,0,0
42089,"MirageStoreSetItem#51631","MirageStoreSetItem#0",0,0,0
42090,"MirageStoreSetItem#51631","MirageStoreSetItem#0",0,0,0
42091,"MirageStoreSetItem#51631","MirageStoreSetItem#0",0,0,0
42092,"MirageStoreSetItem#51631","MirageStoreSetItem#0",0,0,0
42093,"MirageStoreSetItem#51631","MirageStoreSetItem#0",0,0,0
42094,"MirageStoreSetItem#51632","MirageStoreSetItem#0",0,0,0
42095,"MirageStoreSetItem#51632","MirageStoreSetItem#0",0,0,0
42096,"MirageStoreSetItem#51632","MirageStoreSetItem#0",0,0,0
42097,"MirageStoreSetItem#51632","MirageStoreSetItem#0",0,0,0
42098,"MirageStoreSetItem#51632","MirageStoreSetItem#0",0,0,0
42099,"MirageStoreSetItem#51633","MirageStoreSetItem#0",0,0,0
42100,"MirageStoreSetItem#51633","MirageStoreSetItem#0",0,0,0
42101,"MirageStoreSetItem#51633","MirageStoreSetItem#0",0,0,0
42102,"MirageStoreSetItem#51633","MirageStoreSetItem#0",0,0,0
42103,"MirageStoreSetItem#51633","MirageStoreSetItem#0",0,0,0
42104,"MirageStoreSetItem#51634","MirageStoreSetItem#0",0,0,0
42105,"MirageStoreSetItem#51634","MirageStoreSetItem#0",0,0,0
42106,"MirageStoreSetItem#51634","MirageStoreSetItem#0",0,0,0
42107,"MirageStoreSetItem#51634","MirageStoreSetItem#0",0,0,0
42108,"MirageStoreSetItem#51634","MirageStoreSetItem#0",0,0,0
42109,"MirageStoreSetItem#51635","MirageStoreSetItem#0",0,0,0
42110,"MirageStoreSetItem#51635","MirageStoreSetItem#0",0,0,0
42111,"MirageStoreSetItem#51635","MirageStoreSetItem#0",0,0,0
42112,"MirageStoreSetItem#51635","MirageStoreSetItem#0",0,0,0
42113,"MirageStoreSetItem#51635","MirageStoreSetItem#0",0,0,0
42114,"MirageStoreSetItem#51636","MirageStoreSetItem#0",0,0,0
42115,"MirageStoreSetItem#51636","MirageStoreSetItem#0",0,0,0
42116,"MirageStoreSetItem#51636","MirageStoreSetItem#0",0,0,0
42117,"MirageStoreSetItem#51636","MirageStoreSetItem#0",0,0,0
42118,"MirageStoreSetItem#51636","MirageStoreSetItem#0",0,0,0
42119,"MirageStoreSetItem#51637","MirageStoreSetItem#0",0,0,0
42120,"MirageStoreSetItem#51637","MirageStoreSetItem#0",0,0,0
42121,"MirageStoreSetItem#51637","MirageStoreSetItem#0",0,0,0
42122,"MirageStoreSetItem#51637","MirageStoreSetItem#0",0,0,0
42123,"MirageStoreSetItem#51637","MirageStoreSetItem#0",0,0,0
42124,"MirageStoreSetItem#51631","MirageStoreSetItem#0",0,0,0
42125,"MirageStoreSetItem#51632","MirageStoreSetItem#51633",0,0,0
42126,"MirageStoreSetItem#51634","MirageStoreSetItem#51635",0,0,0
42127,"MirageStoreSetItem#51636","MirageStoreSetItem#0",0,0,0
42128,"MirageStoreSetItem#51637","MirageStoreSetItem#0",0,0,0
42129,"MirageStoreSetItem#51631","MirageStoreSetItem#0",0,0,0
42130,"MirageStoreSetItem#51632","MirageStoreSetItem#51633",0,0,0
42131,"MirageStoreSetItem#51634","MirageStoreSetItem#51635",0,0,0
42132,"MirageStoreSetItem#51636","MirageStoreSetItem#0",0,0,0
42133,"MirageStoreSetItem#51637","MirageStoreSetItem#0",0,0,0
42134,"MirageStoreSetItem#51631","MirageStoreSetItem#0",0,0,0
42135,"MirageStoreSetItem#51632","MirageStoreSetItem#51633",0,0,0
42136,"MirageStoreSetItem#51634","MirageStoreSetItem#51635",0,0,0
42137,"MirageStoreSetItem#51636","MirageStoreSetItem#0",0,0,0
42138,"MirageStoreSetItem#51637","MirageStoreSetItem#0",0,0,0
42139,"MirageStoreSetItem#51631","MirageStoreSetItem#0",0,0,0
42140,"MirageStoreSetItem#51632","MirageStoreSetItem#51633",0,0,0
42141,"MirageStoreSetItem#51634","MirageStoreSetItem#51635",0,0,0
42142,"MirageStoreSetItem#51636","MirageStoreSetItem#0",0,0,0
42143,"MirageStoreSetItem#51637","MirageStoreSetItem#0",0,0,0
42243,"MirageStoreSetItem#51638","MirageStoreSetItem#0",0,0,0
42244,"MirageStoreSetItem#51638","MirageStoreSetItem#0",0,0,0
42245,"MirageStoreSetItem#51638","MirageStoreSetItem#0",0,0,0
42246,"MirageStoreSetItem#51638","MirageStoreSetItem#0",0,0,0
42247,"MirageStoreSetItem#51638","MirageStoreSetItem#0",0,0,0
42248,"MirageStoreSetItem#51639","MirageStoreSetItem#0",0,0,0
42249,"MirageStoreSetItem#51639","MirageStoreSetItem#0",0,0,0
42250,"MirageStoreSetItem#51639","MirageStoreSetItem#0",0,0,0
42251,"MirageStoreSetItem#51639","MirageStoreSetItem#0",0,0,0
42252,"MirageStoreSetItem#51639","MirageStoreSetItem#0",0,0,0
42253,"MirageStoreSetItem#51640","MirageStoreSetItem#0",0,0,0
42254,"MirageStoreSetItem#51640","MirageStoreSetItem#0",0,0,0
42255,"MirageStoreSetItem#51640","MirageStoreSetItem#0",0,0,0
42256,"MirageStoreSetItem#51640","MirageStoreSetItem#0",0,0,0
42257,"MirageStoreSetItem#51640","MirageStoreSetItem#0",0,0,0
42258,"MirageStoreSetItem#51641","MirageStoreSetItem#0",0,0,0
42259,"MirageStoreSetItem#51641","MirageStoreSetItem#0",0,0,0
42260,"MirageStoreSetItem#51641","MirageStoreSetItem#0",0,0,0
42261,"MirageStoreSetItem#51641","MirageStoreSetItem#0",0,0,0
42262,"MirageStoreSetItem#51641","MirageStoreSetItem#0",0,0,0
42263,"MirageStoreSetItem#51642","MirageStoreSetItem#0",0,0,0
42264,"MirageStoreSetItem#51642","MirageStoreSetItem#0",0,0,0
42265,"MirageStoreSetItem#51642","MirageStoreSetItem#0",0,0,0
42266,"MirageStoreSetItem#51642","MirageStoreSetItem#0",0,0,0
42267,"MirageStoreSetItem#51642","MirageStoreSetItem#0",0,0,0
42268,"MirageStoreSetItem#51643","MirageStoreSetItem#0",0,0,0
42269,"MirageStoreSetItem#51643","MirageStoreSetItem#0",0,0,0
42270,"MirageStoreSetItem#51643","MirageStoreSetItem#0",0,0,0
42271,"MirageStoreSetItem#51643","MirageStoreSetItem#0",0,0,0
42272,"MirageStoreSetItem#51643","MirageStoreSetItem#0",0,0,0
42273,"MirageStoreSetItem#51644","MirageStoreSetItem#0",0,0,0
42274,"MirageStoreSetItem#51644","MirageStoreSetItem#0",0,0,0
42275,"MirageStoreSetItem#51644","MirageStoreSetItem#0",0,0,0
42276,"MirageStoreSetItem#51644","MirageStoreSetItem#0",0,0,0
42277,"MirageStoreSetItem#51644","MirageStoreSetItem#0",0,0,0
42278,"MirageStoreSetItem#51638","MirageStoreSetItem#0",0,0,0
42279,"MirageStoreSetItem#51639","MirageStoreSetItem#51640",0,0,0
42280,"MirageStoreSetItem#51641","MirageStoreSetItem#51642",0,0,0
42281,"MirageStoreSetItem#51643","MirageStoreSetItem#0",0,0,0
42282,"MirageStoreSetItem#51644","MirageStoreSetItem#0",0,0,0
42283,"MirageStoreSetItem#51638","MirageStoreSetItem#0",0,0,0
42284,"MirageStoreSetItem#51639","MirageStoreSetItem#51640",0,0,0
42285,"MirageStoreSetItem#51641","MirageStoreSetItem#51642",0,0,0
42286,"MirageStoreSetItem#51643","MirageStoreSetItem#0",0,0,0
42287,"MirageStoreSetItem#51644","MirageStoreSetItem#0",0,0,0
42288,"MirageStoreSetItem#51638","MirageStoreSetItem#0",0,0,0
42289,"MirageStoreSetItem#51639","MirageStoreSetItem#51640",0,0,0
42290,"MirageStoreSetItem#51641","MirageStoreSetItem#51642",0,0,0
42291,"MirageStoreSetItem#51643","MirageStoreSetItem#0",0,0,0
42292,"MirageStoreSetItem#51644","MirageStoreSetItem#0",0,0,0
42293,"MirageStoreSetItem#51638","MirageStoreSetItem#0",0,0,0
42294,"MirageStoreSetItem#51639","MirageStoreSetItem#51640",0,0,0
42295,"MirageStoreSetItem#51641","MirageStoreSetItem#51642",0,0,0
42296,"MirageStoreSetItem#51643","MirageStoreSetItem#0",0,0,0
42297,"MirageStoreSetItem#51644","MirageStoreSetItem#0",0,0,0
42397,"MirageStoreSetItem#51645","MirageStoreSetItem#0",0,0,0
42398,"MirageStoreSetItem#51645","MirageStoreSetItem#0",0,0,0
42399,"MirageStoreSetItem#51645","MirageStoreSetItem#0",0,0,0
42400,"MirageStoreSetItem#51645","MirageStoreSetItem#0",0,0,0
42401,"MirageStoreSetItem#51645","MirageStoreSetItem#0",0,0,0
42402,"MirageStoreSetItem#51646","MirageStoreSetItem#0",0,0,0
42403,"MirageStoreSetItem#51646","MirageStoreSetItem#0",0,0,0
42404,"MirageStoreSetItem#51646","MirageStoreSetItem#0",0,0,0
42405,"MirageStoreSetItem#51646","MirageStoreSetItem#0",0,0,0
42406,"MirageStoreSetItem#51646","MirageStoreSetItem#0",0,0,0
42407,"MirageStoreSetItem#51647","MirageStoreSetItem#0",0,0,0
42408,"MirageStoreSetItem#51647","MirageStoreSetItem#0",0,0,0
42409,"MirageStoreSetItem#51647","MirageStoreSetItem#0",0,0,0
42410,"MirageStoreSetItem#51647","MirageStoreSetItem#0",0,0,0
42411,"MirageStoreSetItem#51647","MirageStoreSetItem#0",0,0,0
42412,"MirageStoreSetItem#51648","MirageStoreSetItem#0",0,0,0
42413,"MirageStoreSetItem#51648","MirageStoreSetItem#0",0,0,0
42414,"MirageStoreSetItem#51648","MirageStoreSetItem#0",0,0,0
42415,"MirageStoreSetItem#51648","MirageStoreSetItem#0",0,0,0
42416,"MirageStoreSetItem#51648","MirageStoreSetItem#0",0,0,0
42417,"MirageStoreSetItem#51649","MirageStoreSetItem#0",0,0,0
42418,"MirageStoreSetItem#51649","MirageStoreSetItem#0",0,0,0
42419,"MirageStoreSetItem#51649","MirageStoreSetItem#0",0,0,0
42420,"MirageStoreSetItem#51649","MirageStoreSetItem#0",0,0,0
42421,"MirageStoreSetItem#51649","MirageStoreSetItem#0",0,0,0
42422,"MirageStoreSetItem#51650","MirageStoreSetItem#0",0,0,0
42423,"MirageStoreSetItem#51650","MirageStoreSetItem#0",0,0,0
42424,"MirageStoreSetItem#51650","MirageStoreSetItem#0",0,0,0
42425,"MirageStoreSetItem#51650","MirageStoreSetItem#0",0,0,0
42426,"MirageStoreSetItem#51650","MirageStoreSetItem#0",0,0,0
42427,"MirageStoreSetItem#51651","MirageStoreSetItem#0",0,0,0
42428,"MirageStoreSetItem#51651","MirageStoreSetItem#0",0,0,0
42429,"MirageStoreSetItem#51651","MirageStoreSetItem#0",0,0,0
42430,"MirageStoreSetItem#51651","MirageStoreSetItem#0",0,0,0
42431,"MirageStoreSetItem#51651","MirageStoreSetItem#0",0,0,0
42432,"MirageStoreSetItem#51645","MirageStoreSetItem#0",0,0,0
42433,"MirageStoreSetItem#51646","MirageStoreSetItem#51647",0,0,0
42434,"MirageStoreSetItem#51648","MirageStoreSetItem#51649",0,0,0
42435,"MirageStoreSetItem#51650","MirageStoreSetItem#0",0,0,0
42436,"MirageStoreSetItem#51651","MirageStoreSetItem#0",0,0,0
42437,"MirageStoreSetItem#51645","MirageStoreSetItem#0",0,0,0
42438,"MirageStoreSetItem#51646","MirageStoreSetItem#51647",0,0,0
42439,"MirageStoreSetItem#51648","MirageStoreSetItem#51649",0,0,0
42440,"MirageStoreSetItem#51650","MirageStoreSetItem#0",0,0,0
42441,"MirageStoreSetItem#51651","MirageStoreSetItem#0",0,0,0
42442,"MirageStoreSetItem#51645","MirageStoreSetItem#0",0,0,0
42443,"MirageStoreSetItem#51646","MirageStoreSetItem#51647",0,0,0
42444,"MirageStoreSetItem#51648","MirageStoreSetItem#51649",0,0,0
42445,"MirageStoreSetItem#51650","MirageStoreSetItem#0",0,0,0
42446,"MirageStoreSetItem#51651","MirageStoreSetItem#0",0,0,0
42447,"MirageStoreSetItem#51645","MirageStoreSetItem#0",0,0,0
42448,"MirageStoreSetItem#51646","MirageStoreSetItem#51647",0,0,0
42449,"MirageStoreSetItem#51648","MirageStoreSetItem#51649",0,0,0
42450,"MirageStoreSetItem#51650","MirageStoreSetItem#0",0,0,0
42451,"MirageStoreSetItem#51651","MirageStoreSetItem#0",0,0,0
42591,"MirageStoreSetItem#50609","MirageStoreSetItem#0",0,0,0
42592,"MirageStoreSetItem#50609","MirageStoreSetItem#0",0,0,0
42593,"MirageStoreSetItem#50609","MirageStoreSetItem#0",0,0,0
42594,"MirageStoreSetItem#50609","MirageStoreSetItem#0",0,0,0
42595,"MirageStoreSetItem#50609","MirageStoreSetItem#0",0,0,0
42596,"MirageStoreSetItem#50610","MirageStoreSetItem#0",0,0,0
42597,"MirageStoreSetItem#50610","MirageStoreSetItem#0",0,0,0
42598,"MirageStoreSetItem#50610","MirageStoreSetItem#0",0,0,0
42599,"MirageStoreSetItem#50610","MirageStoreSetItem#0",0,0,0
42600,"MirageStoreSetItem#50610","MirageStoreSetItem#0",0,0,0
42601,"MirageStoreSetItem#50611","MirageStoreSetItem#0",0,0,0
42602,"MirageStoreSetItem#50611","MirageStoreSetItem#0",0,0,0
42603,"MirageStoreSetItem#50611","MirageStoreSetItem#0",0,0,0
42604,"MirageStoreSetItem#50611","MirageStoreSetItem#0",0,0,0
42605,"MirageStoreSetItem#50611","MirageStoreSetItem#0",0,0,0
42606,"MirageStoreSetItem#50612","MirageStoreSetItem#0",0,0,0
42607,"MirageStoreSetItem#50612","MirageStoreSetItem#0",0,0,0
42608,"MirageStoreSetItem#50612","MirageStoreSetItem#0",0,0,0
42609,"MirageStoreSetItem#50612","MirageStoreSetItem#0",0,0,0
42610,"MirageStoreSetItem#50612","MirageStoreSetItem#0",0,0,0
42611,"MirageStoreSetItem#50613","MirageStoreSetItem#0",0,0,0
42612,"MirageStoreSetItem#50613","MirageStoreSetItem#0",0,0,0
42613,"MirageStoreSetItem#50613","MirageStoreSetItem#0",0,0,0
42614,"MirageStoreSetItem#50613","MirageStoreSetItem#0",0,0,0
42615,"MirageStoreSetItem#50613","MirageStoreSetItem#0",0,0,0
42616,"MirageStoreSetItem#50614","MirageStoreSetItem#0",0,0,0
42617,"MirageStoreSetItem#50614","MirageStoreSetItem#0",0,0,0
42618,"MirageStoreSetItem#50614","MirageStoreSetItem#0",0,0,0
42619,"MirageStoreSetItem#50614","MirageStoreSetItem#0",0,0,0
42620,"MirageStoreSetItem#50614","MirageStoreSetItem#0",0,0,0
42621,"MirageStoreSetItem#50615","MirageStoreSetItem#0",0,0,0
42622,"MirageStoreSetItem#50615","MirageStoreSetItem#0",0,0,0
42623,"MirageStoreSetItem#50615","MirageStoreSetItem#0",0,0,0
42624,"MirageStoreSetItem#50615","MirageStoreSetItem#0",0,0,0
42625,"MirageStoreSetItem#50615","MirageStoreSetItem#0",0,0,0
42626,"MirageStoreSetItem#50616","MirageStoreSetItem#0",0,0,0
42627,"MirageStoreSetItem#50616","MirageStoreSetItem#0",0,0,0
42628,"MirageStoreSetItem#50616","MirageStoreSetItem#0",0,0,0
42629,"MirageStoreSetItem#50616","MirageStoreSetItem#0",0,0,0
42630,"MirageStoreSetItem#50616","MirageStoreSetItem#0",0,0,0
42631,"MirageStoreSetItem#50617","MirageStoreSetItem#0",0,0,0
42632,"MirageStoreSetItem#50617","MirageStoreSetItem#0",0,0,0
42633,"MirageStoreSetItem#50617","MirageStoreSetItem#0",0,0,0
42634,"MirageStoreSetItem#50617","MirageStoreSetItem#0",0,0,0
42635,"MirageStoreSetItem#50617","MirageStoreSetItem#0",0,0,0
42636,"MirageStoreSetItem#50618","MirageStoreSetItem#0",0,0,0
42637,"MirageStoreSetItem#50618","MirageStoreSetItem#0",0,0,0
42638,"MirageStoreSetItem#50618","MirageStoreSetItem#0",0,0,0
42639,"MirageStoreSetItem#50618","MirageStoreSetItem#0",0,0,0
42640,"MirageStoreSetItem#50618","MirageStoreSetItem#0",0,0,0
42641,"MirageStoreSetItem#50619","MirageStoreSetItem#0",0,0,0
42642,"MirageStoreSetItem#50619","MirageStoreSetItem#0",0,0,0
42643,"MirageStoreSetItem#50619","MirageStoreSetItem#0",0,0,0
42644,"MirageStoreSetItem#50619","MirageStoreSetItem#0",0,0,0
42645,"MirageStoreSetItem#50619","MirageStoreSetItem#0",0,0,0
42646,"MirageStoreSetItem#50620","MirageStoreSetItem#0",0,0,0
42647,"MirageStoreSetItem#50620","MirageStoreSetItem#0",0,0,0
42648,"MirageStoreSetItem#50620","MirageStoreSetItem#0",0,0,0
42649,"MirageStoreSetItem#50620","MirageStoreSetItem#0",0,0,0
42650,"MirageStoreSetItem#50620","MirageStoreSetItem#0",0,0,0
42651,"MirageStoreSetItem#50621","MirageStoreSetItem#0",0,0,0
42652,"MirageStoreSetItem#50621","MirageStoreSetItem#0",0,0,0
42653,"MirageStoreSetItem#50621","MirageStoreSetItem#0",0,0,0
42654,"MirageStoreSetItem#50621","MirageStoreSetItem#0",0,0,0
42655,"MirageStoreSetItem#50621","MirageStoreSetItem#0",0,0,0
42656,"MirageStoreSetItem#50622","MirageStoreSetItem#0",0,0,0
42657,"MirageStoreSetItem#50622","MirageStoreSetItem#0",0,0,0
42658,"MirageStoreSetItem#50622","MirageStoreSetItem#0",0,0,0
42659,"MirageStoreSetItem#50622","MirageStoreSetItem#0",0,0,0
42660,"MirageStoreSetItem#50622","MirageStoreSetItem#0",0,0,0
42661,"MirageStoreSetItem#50623","MirageStoreSetItem#0",0,0,0
42662,"MirageStoreSetItem#50623","MirageStoreSetItem#0",0,0,0
42663,"MirageStoreSetItem#50623","MirageStoreSetItem#0",0,0,0
42664,"MirageStoreSetItem#50623","MirageStoreSetItem#0",0,0,0
42665,"MirageStoreSetItem#50623","MirageStoreSetItem#0",0,0,0
42666,"MirageStoreSetItem#50624","MirageStoreSetItem#0",0,0,0
42667,"MirageStoreSetItem#50624","MirageStoreSetItem#0",0,0,0
42668,"MirageStoreSetItem#50624","MirageStoreSetItem#0",0,0,0
42669,"MirageStoreSetItem#50624","MirageStoreSetItem#0",0,0,0
42670,"MirageStoreSetItem#50624","MirageStoreSetItem#0",0,0,0
42671,"MirageStoreSetItem#50625","MirageStoreSetItem#0",0,0,0
42672,"MirageStoreSetItem#50625","MirageStoreSetItem#0",0,0,0
42673,"MirageStoreSetItem#50625","MirageStoreSetItem#0",0,0,0
42674,"MirageStoreSetItem#50625","MirageStoreSetItem#0",0,0,0
42675,"MirageStoreSetItem#50625","MirageStoreSetItem#0",0,0,0
42676,"MirageStoreSetItem#50626","MirageStoreSetItem#0",0,0,0
42677,"MirageStoreSetItem#50626","MirageStoreSetItem#0",0,0,0
42678,"MirageStoreSetItem#50626","MirageStoreSetItem#0",0,0,0
42679,"MirageStoreSetItem#50626","MirageStoreSetItem#0",0,0,0
42680,"MirageStoreSetItem#50626","MirageStoreSetItem#0",0,0,0
42681,"MirageStoreSetItem#50627","MirageStoreSetItem#0",0,0,0
42682,"MirageStoreSetItem#50627","MirageStoreSetItem#0",0,0,0
42683,"MirageStoreSetItem#50627","MirageStoreSetItem#0",0,0,0
42684,"MirageStoreSetItem#50627","MirageStoreSetItem#0",0,0,0
42685,"MirageStoreSetItem#50627","MirageStoreSetItem#0",0,0,0
42686,"MirageStoreSetItem#50628","MirageStoreSetItem#0",0,0,0
42687,"MirageStoreSetItem#50628","MirageStoreSetItem#0",0,0,0
42688,"MirageStoreSetItem#50628","MirageStoreSetItem#0",0,0,0
42689,"MirageStoreSetItem#50628","MirageStoreSetItem#0",0,0,0
42690,"MirageStoreSetItem#50628","MirageStoreSetItem#0",0,0,0
42691,"MirageStoreSetItem#50629","MirageStoreSetItem#0",0,0,0
42692,"MirageStoreSetItem#50629","MirageStoreSetItem#0",0,0,0
42693,"MirageStoreSetItem#50629","MirageStoreSetItem#0",0,0,0
42694,"MirageStoreSetItem#50629","MirageStoreSetItem#0",0,0,0
42695,"MirageStoreSetItem#50629","MirageStoreSetItem#0",0,0,0
43359,"MirageStoreSetItem#50703","MirageStoreSetItem#0",0,0,0
43360,"MirageStoreSetItem#50703","MirageStoreSetItem#0",0,0,0
43361,"MirageStoreSetItem#50703","MirageStoreSetItem#0",0,0,0
43362,"MirageStoreSetItem#50703","MirageStoreSetItem#0",0,0,0
43363,"MirageStoreSetItem#50703","MirageStoreSetItem#0",0,0,0
43364,"MirageStoreSetItem#50704","MirageStoreSetItem#0",0,0,0
43365,"MirageStoreSetItem#50704","MirageStoreSetItem#0",0,0,0
43366,"MirageStoreSetItem#50704","MirageStoreSetItem#0",0,0,0
43367,"MirageStoreSetItem#50704","MirageStoreSetItem#0",0,0,0
43368,"MirageStoreSetItem#50704","MirageStoreSetItem#0",0,0,0
43369,"MirageStoreSetItem#50705","MirageStoreSetItem#0",0,0,0
43370,"MirageStoreSetItem#50705","MirageStoreSetItem#0",0,0,0
43371,"MirageStoreSetItem#50705","MirageStoreSetItem#0",0,0,0
43372,"MirageStoreSetItem#50705","MirageStoreSetItem#0",0,0,0
43373,"MirageStoreSetItem#50705","MirageStoreSetItem#0",0,0,0
43374,"MirageStoreSetItem#50706","MirageStoreSetItem#0",0,0,0
43375,"MirageStoreSetItem#50706","MirageStoreSetItem#0",0,0,0
43376,"MirageStoreSetItem#50706","MirageStoreSetItem#0",0,0,0
43377,"MirageStoreSetItem#50706","MirageStoreSetItem#0",0,0,0
43378,"MirageStoreSetItem#50706","MirageStoreSetItem#0",0,0,0
43379,"MirageStoreSetItem#50707","MirageStoreSetItem#0",0,0,0
43380,"MirageStoreSetItem#50707","MirageStoreSetItem#0",0,0,0
43381,"MirageStoreSetItem#50707","MirageStoreSetItem#0",0,0,0
43382,"MirageStoreSetItem#50707","MirageStoreSetItem#0",0,0,0
43383,"MirageStoreSetItem#50707","MirageStoreSetItem#0",0,0,0
43384,"MirageStoreSetItem#50708","MirageStoreSetItem#0",0,0,0
43385,"MirageStoreSetItem#50708","MirageStoreSetItem#0",0,0,0
43386,"MirageStoreSetItem#50708","MirageStoreSetItem#0",0,0,0
43387,"MirageStoreSetItem#50708","MirageStoreSetItem#0",0,0,0
43388,"MirageStoreSetItem#50708","MirageStoreSetItem#0",0,0,0
43389,"MirageStoreSetItem#50709","MirageStoreSetItem#0",0,0,0
43390,"MirageStoreSetItem#50709","MirageStoreSetItem#0",0,0,0
43391,"MirageStoreSetItem#50709","MirageStoreSetItem#0",0,0,0
43392,"MirageStoreSetItem#50709","MirageStoreSetItem#0",0,0,0
43393,"MirageStoreSetItem#50709","MirageStoreSetItem#0",0,0,0
43394,"MirageStoreSetItem#50710","MirageStoreSetItem#0",0,0,0
43395,"MirageStoreSetItem#50710","MirageStoreSetItem#0",0,0,0
43396,"MirageStoreSetItem#50710","MirageStoreSetItem#0",0,0,0
43397,"MirageStoreSetItem#50710","MirageStoreSetItem#0",0,0,0
43398,"MirageStoreSetItem#50710","MirageStoreSetItem#0",0,0,0
43399,"MirageStoreSetItem#50711","MirageStoreSetItem#0",0,0,0
43400,"MirageStoreSetItem#50711","MirageStoreSetItem#0",0,0,0
43401,"MirageStoreSetItem#50711","MirageStoreSetItem#0",0,0,0
43402,"MirageStoreSetItem#50711","MirageStoreSetItem#0",0,0,0
43403,"MirageStoreSetItem#50711","MirageStoreSetItem#0",0,0,0
43404,"MirageStoreSetItem#50712","MirageStoreSetItem#0",0,0,0
43405,"MirageStoreSetItem#50712","MirageStoreSetItem#0",0,0,0
43406,"MirageStoreSetItem#50712","MirageStoreSetItem#0",0,0,0
43407,"MirageStoreSetItem#50712","MirageStoreSetItem#0",0,0,0
43408,"MirageStoreSetItem#50712","MirageStoreSetItem#0",0,0,0
43409,"MirageStoreSetItem#50713","MirageStoreSetItem#0",0,0,0
43410,"MirageStoreSetItem#50713","MirageStoreSetItem#0",0,0,0
43411,"MirageStoreSetItem#50713","MirageStoreSetItem#0",0,0,0
43412,"MirageStoreSetItem#50713","MirageStoreSetItem#0",0,0,0
43413,"MirageStoreSetItem#50713","MirageStoreSetItem#0",0,0,0
43469,"MirageStoreSetItem#45559","MirageStoreSetItem#0",0,0,0
43470,"MirageStoreSetItem#45559","MirageStoreSetItem#0",0,0,0
43471,"MirageStoreSetItem#45560","MirageStoreSetItem#0",0,0,0
43472,"MirageStoreSetItem#45560","MirageStoreSetItem#0",0,0,0
43473,"MirageStoreSetItem#45560","MirageStoreSetItem#0",0,0,0
43474,"MirageStoreSetItem#45560","MirageStoreSetItem#0",0,0,0
43475,"MirageStoreSetItem#45560","MirageStoreSetItem#0",0,0,0
44246,"MirageStoreSetItem#45561","MirageStoreSetItem#0",0,0,0
44247,"MirageStoreSetItem#45561","MirageStoreSetItem#45562",0,0,0
44248,"MirageStoreSetItem#45561","MirageStoreSetItem#0",0,0,0
44249,"MirageStoreSetItem#45562","MirageStoreSetItem#0",0,0,0
44250,"MirageStoreSetItem#45562","MirageStoreSetItem#0",0,0,0
44251,"MirageStoreSetItem#45563","MirageStoreSetItem#0",0,0,0
44252,"MirageStoreSetItem#45563","MirageStoreSetItem#0",0,0,0
44253,"MirageStoreSetItem#45563","MirageStoreSetItem#0",0,0,0
44254,"MirageStoreSetItem#45563","MirageStoreSetItem#0",0,0,0
44255,"MirageStoreSetItem#45563","MirageStoreSetItem#0",0,0,0
44550,"MirageStoreSetItem#51652","MirageStoreSetItem#0",0,0,0
44551,"MirageStoreSetItem#51652","MirageStoreSetItem#0",0,0,0
44552,"MirageStoreSetItem#51652","MirageStoreSetItem#0",0,0,0
44553,"MirageStoreSetItem#51652","MirageStoreSetItem#0",0,0,0
44554,"MirageStoreSetItem#51652","MirageStoreSetItem#0",0,0,0
44555,"MirageStoreSetItem#51653","MirageStoreSetItem#0",0,0,0
44556,"MirageStoreSetItem#51653","MirageStoreSetItem#0",0,0,0
44557,"MirageStoreSetItem#51653","MirageStoreSetItem#0",0,0,0
44558,"MirageStoreSetItem#51653","MirageStoreSetItem#0",0,0,0
44559,"MirageStoreSetItem#51653","MirageStoreSetItem#0",0,0,0
44560,"MirageStoreSetItem#51654","MirageStoreSetItem#0",0,0,0
44561,"MirageStoreSetItem#51654","MirageStoreSetItem#0",0,0,0
44562,"MirageStoreSetItem#51654","MirageStoreSetItem#0",0,0,0
44563,"MirageStoreSetItem#51654","MirageStoreSetItem#0",0,0,0
44564,"MirageStoreSetItem#51654","MirageStoreSetItem#0",0,0,0
44565,"MirageStoreSetItem#51655","MirageStoreSetItem#0",0,0,0
44566,"MirageStoreSetItem#51655","MirageStoreSetItem#0",0,0,0
44567,"MirageStoreSetItem#51655","MirageStoreSetItem#0",0,0,0
44568,"MirageStoreSetItem#51655","MirageStoreSetItem#0",0,0,0
44569,"MirageStoreSetItem#51655","MirageStoreSetItem#0",0,0,0
44570,"MirageStoreSetItem#51656","MirageStoreSetItem#0",0,0,0
44571,"MirageStoreSetItem#51656","MirageStoreSetItem#0",0,0,0
44572,"MirageStoreSetItem#51656","MirageStoreSetItem#0",0,0,0
44573,"MirageStoreSetItem#51656","MirageStoreSetItem#0",0,0,0
44574,"MirageStoreSetItem#51656","MirageStoreSetItem#0",0,0,0
44575,"MirageStoreSetItem#51657","MirageStoreSetItem#0",0,0,0
44576,"MirageStoreSetItem#51657","MirageStoreSetItem#0",0,0,0
44577,"MirageStoreSetItem#51657","MirageStoreSetItem#0",0,0,0
44578,"MirageStoreSetItem#51657","MirageStoreSetItem#0",0,0,0
44579,"MirageStoreSetItem#51657","MirageStoreSetItem#0",0,0,0
44580,"MirageStoreSetItem#51658","MirageStoreSetItem#0",0,0,0
44581,"MirageStoreSetItem#51658","MirageStoreSetItem#0",0,0,0
44582,"MirageStoreSetItem#51658","MirageStoreSetItem#0",0,0,0
44583,"MirageStoreSetItem#51658","MirageStoreSetItem#0",0,0,0
44584,"MirageStoreSetItem#51658","MirageStoreSetItem#0",0,0,0
44585,"MirageStoreSetItem#51652","MirageStoreSetItem#0",0,0,0
44586,"MirageStoreSetItem#51653","MirageStoreSetItem#51654",0,0,0
44587,"MirageStoreSetItem#51655","MirageStoreSetItem#51656",0,0,0
44588,"MirageStoreSetItem#51657","MirageStoreSetItem#0",0,0,0
44589,"MirageStoreSetItem#51658","MirageStoreSetItem#0",0,0,0
44590,"MirageStoreSetItem#51652","MirageStoreSetItem#0",0,0,0
44591,"MirageStoreSetItem#51653","MirageStoreSetItem#51654",0,0,0
44592,"MirageStoreSetItem#51655","MirageStoreSetItem#51656",0,0,0
44593,"MirageStoreSetItem#51657","MirageStoreSetItem#0",0,0,0
44594,"MirageStoreSetItem#51658","MirageStoreSetItem#0",0,0,0
44595,"MirageStoreSetItem#51652","MirageStoreSetItem#0",0,0,0
44596,"MirageStoreSetItem#51653","MirageStoreSetItem#51654",0,0,0
44597,"MirageStoreSetItem#51655","MirageStoreSetItem#51656",0,0,0
44598,"MirageStoreSetItem#51657","MirageStoreSetItem#0",0,0,0
44599,"MirageStoreSetItem#51658","MirageStoreSetItem#0",0,0,0
44600,"MirageStoreSetItem#51652","MirageStoreSetItem#0",0,0,0
44601,"MirageStoreSetItem#51653","MirageStoreSetItem#51654",0,0,0
44602,"MirageStoreSetItem#51655","MirageStoreSetItem#51656",0,0,0
44603,"MirageStoreSetItem#51657","MirageStoreSetItem#0",0,0,0
44604,"MirageStoreSetItem#51658","MirageStoreSetItem#0",0,0,0
44640,"MirageStoreSetItem#45564","MirageStoreSetItem#0",0,0,0
44641,"MirageStoreSetItem#45564","MirageStoreSetItem#0",0,0,0
44642,"MirageStoreSetItem#45564","MirageStoreSetItem#0",0,0,0
44643,"MirageStoreSetItem#45564","MirageStoreSetItem#0",0,0,0
44644,"MirageStoreSetItem#45564","MirageStoreSetItem#0",0,0,0
44645,"MirageStoreSetItem#45565","MirageStoreSetItem#0",0,0,0
44646,"MirageStoreSetItem#45565","MirageStoreSetItem#0",0,0,0
44647,"MirageStoreSetItem#45565","MirageStoreSetItem#0",0,0,0
44648,"MirageStoreSetItem#45565","MirageStoreSetItem#0",0,0,0
44649,"MirageStoreSetItem#45565","MirageStoreSetItem#0",0,0,0
44650,"MirageStoreSetItem#45566","MirageStoreSetItem#45567",0,0,0
44651,"MirageStoreSetItem#45566","MirageStoreSetItem#45567",0,0,0
44652,"MirageStoreSetItem#45566","MirageStoreSetItem#0",0,0,0
44653,"MirageStoreSetItem#45566","MirageStoreSetItem#45567",0,0,0
44654,"MirageStoreSetItem#45567","MirageStoreSetItem#0",0,0,0
44655,"MirageStoreSetItem#45568","MirageStoreSetItem#0",0,0,0
44656,"MirageStoreSetItem#45568","MirageStoreSetItem#0",0,0,0
44657,"MirageStoreSetItem#45568","MirageStoreSetItem#0",0,0,0
44658,"MirageStoreSetItem#45568","MirageStoreSetItem#0",0,0,0
44659,"MirageStoreSetItem#45568","MirageStoreSetItem#0",0,0,0
44661,"MirageStoreSetItem#45569","MirageStoreSetItem#45570",0,0,0
44662,"MirageStoreSetItem#45569","MirageStoreSetItem#0",0,0,0
44664,"MirageStoreSetItem#45569","MirageStoreSetItem#45570",0,0,0
44665,"MirageStoreSetItem#45569","MirageStoreSetItem#45570",0,0,0
44666,"MirageStoreSetItem#45570","MirageStoreSetItem#0",0,0,0
44668,"MirageStoreSetItem#45571","MirageStoreSetItem#45572",0,0,0
44669,"MirageStoreSetItem#45571","MirageStoreSetItem#0",0,0,0
44670,"MirageStoreSetItem#45571","MirageStoreSetItem#45572",0,0,0
44671,"MirageStoreSetItem#45571","MirageStoreSetItem#0",0,0,0
44672,"MirageStoreSetItem#45571","MirageStoreSetItem#0",0,0,0
44673,"MirageStoreSetItem#45572","MirageStoreSetItem#0",0,0,0
44674,"MirageStoreSetItem#45572","MirageStoreSetItem#0",0,0,0
44675,"MirageStoreSetItem#45572","MirageStoreSetItem#0",0,0,0
44676,"MirageStoreSetItem#45573","MirageStoreSetItem#0",0,0,0
44677,"MirageStoreSetItem#45573","MirageStoreSetItem#0",0,0,0
44678,"MirageStoreSetItem#45573","MirageStoreSetItem#0",0,0,0
44679,"MirageStoreSetItem#45573","MirageStoreSetItem#0",0,0,0
44680,"MirageStoreSetItem#45574","MirageStoreSetItem#0",0,0,0
44681,"MirageStoreSetItem#45574","MirageStoreSetItem#0",0,0,0
44682,"MirageStoreSetItem#45574","MirageStoreSetItem#0",0,0,0
44683,"MirageStoreSetItem#45574","MirageStoreSetItem#0",0,0,0
44684,"MirageStoreSetItem#45575","MirageStoreSetItem#0",0,0,0
44685,"MirageStoreSetItem#45575","MirageStoreSetItem#0",0,0,0
44686,"MirageStoreSetItem#45575","MirageStoreSetItem#0",0,0,0
44687,"MirageStoreSetItem#45575","MirageStoreSetItem#0",0,0,0
44688,"MirageStoreSetItem#45576","MirageStoreSetItem#0",0,0,0
44690,"MirageStoreSetItem#45576","MirageStoreSetItem#0",0,0,0
44691,"MirageStoreSetItem#45576","MirageStoreSetItem#0",0,0,0
46344,"MirageStoreSetItem#51659","MirageStoreSetItem#0",0,0,0
46345,"MirageStoreSetItem#51659","MirageStoreSetItem#0",0,0,0
46346,"MirageStoreSetItem#51659","MirageStoreSetItem#0",0,0,0
46347,"MirageStoreSetItem#51659","MirageStoreSetItem#0",0,0,0
46348,"MirageStoreSetItem#51659","MirageStoreSetItem#0",0,0,0
46349,"MirageStoreSetItem#51660","MirageStoreSetItem#0",0,0,0
46350,"MirageStoreSetItem#51660","MirageStoreSetItem#0",0,0,0
46351,"MirageStoreSetItem#51660","MirageStoreSetItem#0",0,0,0
46352,"MirageStoreSetItem#51660","MirageStoreSetItem#0",0,0,0
46353,"MirageStoreSetItem#51660","MirageStoreSetItem#0",0,0,0
46354,"MirageStoreSetItem#51661","MirageStoreSetItem#0",0,0,0
46355,"MirageStoreSetItem#51661","MirageStoreSetItem#0",0,0,0
46356,"MirageStoreSetItem#51661","MirageStoreSetItem#0",0,0,0
46357,"MirageStoreSetItem#51661","MirageStoreSetItem#0",0,0,0
46358,"MirageStoreSetItem#51661","MirageStoreSetItem#0",0,0,0
46359,"MirageStoreSetItem#51662","MirageStoreSetItem#0",0,0,0
46360,"MirageStoreSetItem#51662","MirageStoreSetItem#0",0,0,0
46361,"MirageStoreSetItem#51662","MirageStoreSetItem#0",0,0,0
46362,"MirageStoreSetItem#51662","MirageStoreSetItem#0",0,0,0
46363,"MirageStoreSetItem#51662","MirageStoreSetItem#0",0,0,0
46364,"MirageStoreSetItem#51663","MirageStoreSetItem#0",0,0,0
46365,"MirageStoreSetItem#51663","MirageStoreSetItem#0",0,0,0
46366,"MirageStoreSetItem#51663","MirageStoreSetItem#0",0,0,0
46367,"MirageStoreSetItem#51663","MirageStoreSetItem#0",0,0,0
46368,"MirageStoreSetItem#51663","MirageStoreSetItem#0",0,0,0
46369,"MirageStoreSetItem#51664","MirageStoreSetItem#0",0,0,0
46370,"MirageStoreSetItem#51664","MirageStoreSetItem#0",0,0,0
46371,"MirageStoreSetItem#51664","MirageStoreSetItem#0",0,0,0
46372,"MirageStoreSetItem#51664","MirageStoreSetItem#0",0,0,0
46373,"MirageStoreSetItem#51664","MirageStoreSetItem#0",0,0,0
46374,"MirageStoreSetItem#51665","MirageStoreSetItem#0",0,0,0
46375,"MirageStoreSetItem#51665","MirageStoreSetItem#0",0,0,0
46376,"MirageStoreSetItem#51665","MirageStoreSetItem#0",0,0,0
46377,"MirageStoreSetItem#51665","MirageStoreSetItem#0",0,0,0
46378,"MirageStoreSetItem#51665","MirageStoreSetItem#0",0,0,0
46379,"MirageStoreSetItem#51659","MirageStoreSetItem#0",0,0,0
46380,"MirageStoreSetItem#51660","MirageStoreSetItem#51661",0,0,0
46381,"MirageStoreSetItem#51662","MirageStoreSetItem#51663",0,0,0
46382,"MirageStoreSetItem#51664","MirageStoreSetItem#0",0,0,0
46383,"MirageStoreSetItem#51665","MirageStoreSetItem#0",0,0,0
46384,"MirageStoreSetItem#51659","MirageStoreSetItem#0",0,0,0
46385,"MirageStoreSetItem#51660","MirageStoreSetItem#51661",0,0,0
46386,"MirageStoreSetItem#51662","MirageStoreSetItem#51663",0,0,0
46387,"MirageStoreSetItem#51664","MirageStoreSetItem#0",0,0,0
46388,"MirageStoreSetItem#51665","MirageStoreSetItem#0",0,0,0
46389,"MirageStoreSetItem#51659","MirageStoreSetItem#0",0,0,0
46390,"MirageStoreSetItem#51660","MirageStoreSetItem#51661",0,0,0
46391,"MirageStoreSetItem#51662","MirageStoreSetItem#51663",0,0,0
46392,"MirageStoreSetItem#51664","MirageStoreSetItem#0",0,0,0
46393,"MirageStoreSetItem#51665","MirageStoreSetItem#0",0,0,0
46394,"MirageStoreSetItem#51659","MirageStoreSetItem#0",0,0,0
46395,"MirageStoreSetItem#51660","MirageStoreSetItem#51661",0,0,0
46396,"MirageStoreSetItem#51662","MirageStoreSetItem#51663",0,0,0
46397,"MirageStoreSetItem#51664","MirageStoreSetItem#0",0,0,0
46398,"MirageStoreSetItem#51665","MirageStoreSetItem#0",0,0,0
47108,"MirageStoreSetItem#51666","MirageStoreSetItem#0",0,0,0
47109,"MirageStoreSetItem#51666","MirageStoreSetItem#0",0,0,0
47110,"MirageStoreSetItem#51666","MirageStoreSetItem#0",0,0,0
47111,"MirageStoreSetItem#51666","MirageStoreSetItem#0",0,0,0
47112,"MirageStoreSetItem#51666","MirageStoreSetItem#0",0,0,0
47113,"MirageStoreSetItem#51667","MirageStoreSetItem#0",0,0,0
47114,"MirageStoreSetItem#51667","MirageStoreSetItem#0",0,0,0
47115,"MirageStoreSetItem#51667","MirageStoreSetItem#0",0,0,0
47116,"MirageStoreSetItem#51667","MirageStoreSetItem#0",0,0,0
47117,"MirageStoreSetItem#51667","MirageStoreSetItem#0",0,0,0
47118,"MirageStoreSetItem#51668","MirageStoreSetItem#0",0,0,0
47119,"MirageStoreSetItem#51668","MirageStoreSetItem#0",0,0,0
47120,"MirageStoreSetItem#51668","MirageStoreSetItem#0",0,0,0
47121,"MirageStoreSetItem#51668","MirageStoreSetItem#0",0,0,0
47122,"MirageStoreSetItem#51668","MirageStoreSetItem#0",0,0,0
47123,"MirageStoreSetItem#51669","MirageStoreSetItem#0",0,0,0
47124,"MirageStoreSetItem#51669","MirageStoreSetItem#0",0,0,0
47125,"MirageStoreSetItem#51669","MirageStoreSetItem#0",0,0,0
47126,"MirageStoreSetItem#51669","MirageStoreSetItem#0",0,0,0
47127,"MirageStoreSetItem#51669","MirageStoreSetItem#0",0,0,0
47128,"MirageStoreSetItem#51670","MirageStoreSetItem#0",0,0,0
47129,"MirageStoreSetItem#51670","MirageStoreSetItem#0",0,0,0
47130,"MirageStoreSetItem#51670","MirageStoreSetItem#0",0,0,0
47131,"MirageStoreSetItem#51670","MirageStoreSetItem#0",0,0,0
47132,"MirageStoreSetItem#51670","MirageStoreSetItem#0",0,0,0
47133,"MirageStoreSetItem#51671","MirageStoreSetItem#0",0,0,0
47134,"MirageStoreSetItem#51671","MirageStoreSetItem#0",0,0,0
47135,"MirageStoreSetItem#51671","MirageStoreSetItem#0",0,0,0
47136,"MirageStoreSetItem#51671","MirageStoreSetItem#0",0,0,0
47137,"MirageStoreSetItem#51671","MirageStoreSetItem#0",0,0,0
47138,"MirageStoreSetItem#51672","MirageStoreSetItem#0",0,0,0
47139,"MirageStoreSetItem#51672","MirageStoreSetItem#0",0,0,0
47140,"MirageStoreSetItem#51672","MirageStoreSetItem#0",0,0,0
47141,"MirageStoreSetItem#51672","MirageStoreSetItem#0",0,0,0
47142,"MirageStoreSetItem#51672","MirageStoreSetItem#0",0,0,0
47143,"MirageStoreSetItem#51666","MirageStoreSetItem#0",0,0,0
47144,"MirageStoreSetItem#51667","MirageStoreSetItem#51668",0,0,0
47145,"MirageStoreSetItem#51669","MirageStoreSetItem#51670",0,0,0
47146,"MirageStoreSetItem#51671","MirageStoreSetItem#0",0,0,0
47147,"MirageStoreSetItem#51672","MirageStoreSetItem#0",0,0,0
47148,"MirageStoreSetItem#51666","MirageStoreSetItem#0",0,0,0
47149,"MirageStoreSetItem#51667","MirageStoreSetItem#51668",0,0,0
47150,"MirageStoreSetItem#51669","MirageStoreSetItem#51670",0,0,0
47151,"MirageStoreSetItem#51671","MirageStoreSetItem#0",0,0,0
47152,"MirageStoreSetItem#51672","MirageStoreSetItem#0",0,0,0
47153,"MirageStoreSetItem#51666","MirageStoreSetItem#0",0,0,0
47154,"MirageStoreSetItem#51667","MirageStoreSetItem#51668",0,0,0
47155,"MirageStoreSetItem#51669","MirageStoreSetItem#51670",0,0,0
47156,"MirageStoreSetItem#51671","MirageStoreSetItem#0",0,0,0
47157,"MirageStoreSetItem#51672","MirageStoreSetItem#0",0,0,0
47158,"MirageStoreSetItem#51666","MirageStoreSetItem#0",0,0,0
47159,"MirageStoreSetItem#51667","MirageStoreSetItem#51668",0,0,0
47160,"MirageStoreSetItem#51669","MirageStoreSetItem#51670",0,0,0
47161,"MirageStoreSetItem#51671","MirageStoreSetItem#0",0,0,0
47162,"MirageStoreSetItem#51672","MirageStoreSetItem#0",0,0,0
47202,"MirageStoreSetItem#47704","MirageStoreSetItem#0",0,0,0
47203,"MirageStoreSetItem#47704","MirageStoreSetItem#0",0,0,0
47204,"MirageStoreSetItem#47704","MirageStoreSetItem#0",0,0,0
47205,"MirageStoreSetItem#47704","MirageStoreSetItem#0",0,0,0
47206,"MirageStoreSetItem#47704","MirageStoreSetItem#0",0,0,0
47207,"MirageStoreSetItem#47705","MirageStoreSetItem#0",0,0,0
47208,"MirageStoreSetItem#47705","MirageStoreSetItem#0",0,0,0
47209,"MirageStoreSetItem#47705","MirageStoreSetItem#0",0,0,0
47210,"MirageStoreSetItem#47705","MirageStoreSetItem#0",0,0,0
47211,"MirageStoreSetItem#47705","MirageStoreSetItem#0",0,0,0
47230,"MirageStoreSetItem#47706","MirageStoreSetItem#0",0,0,0
47231,"MirageStoreSetItem#47706","MirageStoreSetItem#0",0,0,0
47232,"MirageStoreSetItem#47706","MirageStoreSetItem#0",0,0,0
47233,"MirageStoreSetItem#47706","MirageStoreSetItem#0",0,0,0
47234,"MirageStoreSetItem#47706","MirageStoreSetItem#0",0,0,0
47235,"MirageStoreSetItem#47707","MirageStoreSetItem#0",0,0,0
47236,"MirageStoreSetItem#47707","MirageStoreSetItem#0",0,0,0
47237,"MirageStoreSetItem#47707","MirageStoreSetItem#0",0,0,0
47238,"MirageStoreSetItem#47707","MirageStoreSetItem#0",0,0,0
47239,"MirageStoreSetItem#47707","MirageStoreSetItem#0",0,0,0
47240,"MirageStoreSetItem#47708","MirageStoreSetItem#0",0,0,0
47241,"MirageStoreSetItem#47708","MirageStoreSetItem#0",0,0,0
47242,"MirageStoreSetItem#47708","MirageStoreSetItem#0",0,0,0
47243,"MirageStoreSetItem#47708","MirageStoreSetItem#0",0,0,0
47244,"MirageStoreSetItem#47708","MirageStoreSetItem#0",0,0,0
47245,"MirageStoreSetItem#47709","MirageStoreSetItem#0",0,0,0
47246,"MirageStoreSetItem#47709","MirageStoreSetItem#0",0,0,0
47247,"MirageStoreSetItem#47709","MirageStoreSetItem#0",0,0,0
47248,"MirageStoreSetItem#47709","MirageStoreSetItem#0",0,0,0
47249,"MirageStoreSetItem#47709","MirageStoreSetItem#0",0,0,0
47250,"MirageStoreSetItem#47710","MirageStoreSetItem#0",0,0,0
47251,"MirageStoreSetItem#47710","MirageStoreSetItem#0",0,0,0
47252,"MirageStoreSetItem#47710","MirageStoreSetItem#0",0,0,0
47253,"MirageStoreSetItem#47710","MirageStoreSetItem#0",0,0,0
47254,"MirageStoreSetItem#47711","MirageStoreSetItem#0",0,0,0
47255,"MirageStoreSetItem#47711","MirageStoreSetItem#0",0,0,0
47256,"MirageStoreSetItem#47711","MirageStoreSetItem#0",0,0,0
47257,"MirageStoreSetItem#47711","MirageStoreSetItem#0",0,0,0
47258,"MirageStoreSetItem#47712","MirageStoreSetItem#0",0,0,0
47259,"MirageStoreSetItem#47712","MirageStoreSetItem#0",0,0,0
47260,"MirageStoreSetItem#47712","MirageStoreSetItem#0",0,0,0
47261,"MirageStoreSetItem#47713","MirageStoreSetItem#0",0,0,0
47262,"MirageStoreSetItem#47713","MirageStoreSetItem#0",0,0,0
47263,"MirageStoreSetItem#50714","MirageStoreSetItem#0",0,0,0
47264,"MirageStoreSetItem#50714","MirageStoreSetItem#0",0,0,0
47265,"MirageStoreSetItem#50714","MirageStoreSetItem#0",0,0,0
47266,"MirageStoreSetItem#50714","MirageStoreSetItem#50715",0,0,0
47267,"MirageStoreSetItem#50715","MirageStoreSetItem#0",0,0,0
47268,"MirageStoreSetItem#50715","MirageStoreSetItem#0",0,0,0
47269,"MirageStoreSetItem#50715","MirageStoreSetItem#0",0,0,0
47270,"MirageStoreSetItem#47714","MirageStoreSetItem#0",0,0,0
47271,"MirageStoreSetItem#47714","MirageStoreSetItem#0",0,0,0
47272,"MirageStoreSetItem#47714","MirageStoreSetItem#0",0,0,0
47273,"MirageStoreSetItem#47714","MirageStoreSetItem#0",0,0,0
47274,"MirageStoreSetItem#47714","MirageStoreSetItem#0",0,0,0
47275,"MirageStoreSetItem#47715","MirageStoreSetItem#0",0,0,0
47276,"MirageStoreSetItem#47715","MirageStoreSetItem#0",0,0,0
47277,"MirageStoreSetItem#47715","MirageStoreSetItem#0",0,0,0
47278,"MirageStoreSetItem#47715","MirageStoreSetItem#0",0,0,0
47279,"MirageStoreSetItem#47718","MirageStoreSetItem#0",0,0,0
47280,"MirageStoreSetItem#47718","MirageStoreSetItem#0",0,0,0
47281,"MirageStoreSetItem#47718","MirageStoreSetItem#0",0,0,0
47282,"MirageStoreSetItem#47718","MirageStoreSetItem#0",0,0,0
47283,"MirageStoreSetItem#47718","MirageStoreSetItem#0",0,0,0
47284,"MirageStoreSetItem#47720","MirageStoreSetItem#0",0,0,0
47285,"MirageStoreSetItem#47720","MirageStoreSetItem#0",0,0,0
47286,"MirageStoreSetItem#47720","MirageStoreSetItem#0",0,0,0
47287,"MirageStoreSetItem#47720","MirageStoreSetItem#0",0,0,0
47288,"MirageStoreSetItem#47722","MirageStoreSetItem#0",0,0,0
47289,"MirageStoreSetItem#47722","MirageStoreSetItem#0",0,0,0
47290,"MirageStoreSetItem#47722","MirageStoreSetItem#0",0,0,0
47291,"MirageStoreSetItem#47722","MirageStoreSetItem#0",0,0,0
47292,"MirageStoreSetItem#47722","MirageStoreSetItem#0",0,0,0
47293,"MirageStoreSetItem#47724","MirageStoreSetItem#0",0,0,0
47294,"MirageStoreSetItem#47724","MirageStoreSetItem#0",0,0,0
47295,"MirageStoreSetItem#47724","MirageStoreSetItem#0",0,0,0
47296,"MirageStoreSetItem#47724","MirageStoreSetItem#0",0,0,0
47301,"MirageStoreSetItem#47725","MirageStoreSetItem#0",0,0,0
47302,"MirageStoreSetItem#47725","MirageStoreSetItem#0",0,0,0
47303,"MirageStoreSetItem#47725","MirageStoreSetItem#0",0,0,0
47304,"MirageStoreSetItem#47726","MirageStoreSetItem#0",0,0,0
47305,"MirageStoreSetItem#47726","MirageStoreSetItem#0",0,0,0
47306,"MirageStoreSetItem#47726","MirageStoreSetItem#0",0,0,0
47307,"MirageStoreSetItem#47727","MirageStoreSetItem#0",0,0,0
47308,"MirageStoreSetItem#47727","MirageStoreSetItem#0",0,0,0
47309,"MirageStoreSetItem#47727","MirageStoreSetItem#0",0,0,0
47310,"MirageStoreSetItem#47727","MirageStoreSetItem#0",0,0,0
47311,"MirageStoreSetItem#47727","MirageStoreSetItem#0",0,0,0
47341,"MirageStoreSetItem#47724","MirageStoreSetItem#0",0,0,0
47891,"MirageStoreSetItem#48745","MirageStoreSetItem#0",0,0,0
47892,"MirageStoreSetItem#48745","MirageStoreSetItem#0",0,0,0
47893,"MirageStoreSetItem#48745","MirageStoreSetItem#0",0,0,0
47894,"MirageStoreSetItem#48745","MirageStoreSetItem#0",0,0,0
47895,"MirageStoreSetItem#48745","MirageStoreSetItem#0",0,0,0
47896,"MirageStoreSetItem#48746","MirageStoreSetItem#0",0,0,0
47897,"MirageStoreSetItem#48746","MirageStoreSetItem#0",0,0,0
47898,"MirageStoreSetItem#48746","MirageStoreSetItem#0",0,0,0
47899,"MirageStoreSetItem#48746","MirageStoreSetItem#0",0,0,0
47900,"MirageStoreSetItem#48746","MirageStoreSetItem#0",0,0,0
47901,"MirageStoreSetItem#48747","MirageStoreSetItem#0",0,0,0
47902,"MirageStoreSetItem#48747","MirageStoreSetItem#0",0,0,0
47903,"MirageStoreSetItem#48747","MirageStoreSetItem#0",0,0,0
47904,"MirageStoreSetItem#48747","MirageStoreSetItem#0",0,0,0
47905,"MirageStoreSetItem#48747","MirageStoreSetItem#0",0,0,0
47906,"MirageStoreSetItem#48737","MirageStoreSetItem#0",0,0,0
47907,"MirageStoreSetItem#48737","MirageStoreSetItem#0",0,0,0
47908,"MirageStoreSetItem#48737","MirageStoreSetItem#0",0,0,0
47909,"MirageStoreSetItem#48737","MirageStoreSetItem#0",0,0,0
47910,"MirageStoreSetItem#48737","MirageStoreSetItem#0",0,0,0
47911,"MirageStoreSetItem#48738","MirageStoreSetItem#0",0,0,0
47912,"MirageStoreSetItem#48738","MirageStoreSetItem#0",0,0,0
47913,"MirageStoreSetItem#48738","MirageStoreSetItem#0",0,0,0
47914,"MirageStoreSetItem#48738","MirageStoreSetItem#0",0,0,0
47915,"MirageStoreSetItem#48739","MirageStoreSetItem#0",0,0,0
47916,"MirageStoreSetItem#48739","MirageStoreSetItem#0",0,0,0
47917,"MirageStoreSetItem#48739","MirageStoreSetItem#0",0,0,0
47918,"MirageStoreSetItem#48739","MirageStoreSetItem#0",0,0,0
47919,"MirageStoreSetItem#48740","MirageStoreSetItem#0",0,0,0
47920,"MirageStoreSetItem#48741","MirageStoreSetItem#0",0,0,0
47921,"MirageStoreSetItem#48740","MirageStoreSetItem#48741",0,0,0
47922,"MirageStoreSetItem#48741","MirageStoreSetItem#0",0,0,0
47923,"MirageStoreSetItem#48740","MirageStoreSetItem#48741",0,0,0
47924,"MirageStoreSetItem#48742","MirageStoreSetItem#0",0,0,0
47925,"MirageStoreSetItem#48742","MirageStoreSetItem#0",0,0,0
47926,"MirageStoreSetItem#48742","MirageStoreSetItem#0",0,0,0
47927,"MirageStoreSetItem#48742","MirageStoreSetItem#0",0,0,0
47928,"MirageStoreSetItem#48740","MirageStoreSetItem#0",0,0,0
47929,"MirageStoreSetItem#48743","MirageStoreSetItem#0",0,0,0
47930,"MirageStoreSetItem#48743","MirageStoreSetItem#0",0,0,0
47931,"MirageStoreSetItem#48743","MirageStoreSetItem#0",0,0,0
47932,"MirageStoreSetItem#48743","MirageStoreSetItem#0",0,0,0
47933,"MirageStoreSetItem#48744","MirageStoreSetItem#0",0,0,0
47934,"MirageStoreSetItem#48744","MirageStoreSetItem#0",0,0,0
47935,"MirageStoreSetItem#48744","MirageStoreSetItem#0",0,0,0
47936,"MirageStoreSetItem#48744","MirageStoreSetItem#0",0,0,0
48727,"MirageStoreSetItem#48737","MirageStoreSetItem#0",0,0,0
49372,"MirageStoreSetItem#51673","MirageStoreSetItem#0",0,0,0
49373,"MirageStoreSetItem#51673","MirageStoreSetItem#0",0,0,0
49374,"MirageStoreSetItem#51673","MirageStoreSetItem#0",0,0,0
49375,"MirageStoreSetItem#51673","MirageStoreSetItem#0",0,0,0
49376,"MirageStoreSetItem#51673","MirageStoreSetItem#0",0,0,0
49377,"MirageStoreSetItem#51674","MirageStoreSetItem#0",0,0,0
49378,"MirageStoreSetItem#51674","MirageStoreSetItem#0",0,0,0
49379,"MirageStoreSetItem#51674","MirageStoreSetItem#0",0,0,0
49380,"MirageStoreSetItem#51674","MirageStoreSetItem#0",0,0,0
49381,"MirageStoreSetItem#51674","MirageStoreSetItem#0",0,0,0
49382,"MirageStoreSetItem#51675","MirageStoreSetItem#0",0,0,0
49383,"MirageStoreSetItem#51675","MirageStoreSetItem#0",0,0,0
49384,"MirageStoreSetItem#51675","MirageStoreSetItem#0",0,0,0
49385,"MirageStoreSetItem#51675","MirageStoreSetItem#0",0,0,0
49386,"MirageStoreSetItem#51675","MirageStoreSetItem#0",0,0,0
49387,"MirageStoreSetItem#51676","MirageStoreSetItem#0",0,0,0
49388,"MirageStoreSetItem#51676","MirageStoreSetItem#0",0,0,0
49389,"MirageStoreSetItem#51676","MirageStoreSetItem#0",0,0,0
49390,"MirageStoreSetItem#51676","MirageStoreSetItem#0",0,0,0
49391,"MirageStoreSetItem#51676","MirageStoreSetItem#0",0,0,0
49392,"MirageStoreSetItem#51677","MirageStoreSetItem#0",0,0,0
49393,"MirageStoreSetItem#51677","MirageStoreSetItem#0",0,0,0
49394,"MirageStoreSetItem#51677","MirageStoreSetItem#0",0,0,0
49395,"MirageStoreSetItem#51677","MirageStoreSetItem#0",0,0,0
49396,"MirageStoreSetItem#51677","MirageStoreSetItem#0",0,0,0
49397,"MirageStoreSetItem#51678","MirageStoreSetItem#0",0,0,0
49398,"MirageStoreSetItem#51678","MirageStoreSetItem#0",0,0,0
49399,"MirageStoreSetItem#51678","MirageStoreSetItem#0",0,0,0
49400,"MirageStoreSetItem#51678","MirageStoreSetItem#0",0,0,0
49401,"MirageStoreSetItem#51678","MirageStoreSetItem#0",0,0,0
49402,"MirageStoreSetItem#51679","MirageStoreSetItem#0",0,0,0
49403,"MirageStoreSetItem#51679","MirageStoreSetItem#0",0,0,0
49404,"MirageStoreSetItem#51679","MirageStoreSetItem#0",0,0,0
49405,"MirageStoreSetItem#51679","MirageStoreSetItem#0",0,0,0
49406,"MirageStoreSetItem#51679","MirageStoreSetItem#0",0,0,0
49407,"MirageStoreSetItem#51673","MirageStoreSetItem#0",0,0,0
49408,"MirageStoreSetItem#51674","MirageStoreSetItem#51675",0,0,0
49409,"MirageStoreSetItem#51676","MirageStoreSetItem#51677",0,0,0
49410,"MirageStoreSetItem#51678","MirageStoreSetItem#0",0,0,0
49411,"MirageStoreSetItem#51679","MirageStoreSetItem#0",0,0,0
49412,"MirageStoreSetItem#51673","MirageStoreSetItem#0",0,0,0
49413,"MirageStoreSetItem#51674","MirageStoreSetItem#51675",0,0,0
49414,"MirageStoreSetItem#51676","MirageStoreSetItem#51677",0,0,0
49415,"MirageStoreSetItem#51678","MirageStoreSetItem#0",0,0,0
49416,"MirageStoreSetItem#51679","MirageStoreSetItem#0",0,0,0
49417,"MirageStoreSetItem#51673","MirageStoreSetItem#0",0,0,0
49418,"MirageStoreSetItem#51674","MirageStoreSetItem#51675",0,0,0
49419,"MirageStoreSetItem#51676","MirageStoreSetItem#51677",0,0,0
49420,"MirageStoreSetItem#51678","MirageStoreSetItem#0",0,0,0
49421,"MirageStoreSetItem#51679","MirageStoreSetItem#0",0,0,0
49422,"MirageStoreSetItem#51673","MirageStoreSetItem#0",0,0,0
49423,"MirageStoreSetItem#51674","MirageStoreSetItem#51675",0,0,0
49424,"MirageStoreSetItem#51676","MirageStoreSetItem#51677",0,0,0
49425,"MirageStoreSetItem#51678","MirageStoreSetItem#0",0,0,0
49426,"MirageStoreSetItem#51679","MirageStoreSetItem#0",0,0,0
50252,"MirageStoreSetItem#50716","MirageStoreSetItem#0",0,0,0
50253,"MirageStoreSetItem#50716","MirageStoreSetItem#0",0,0,0
50254,"MirageStoreSetItem#50716","MirageStoreSetItem#0",0,0,0
50255,"MirageStoreSetItem#50716","MirageStoreSetItem#0",0,0,0
50256,"MirageStoreSetItem#50716","MirageStoreSetItem#0",0,0,0
50257,"MirageStoreSetItem#50717","MirageStoreSetItem#0",0,0,0
50258,"MirageStoreSetItem#50717","MirageStoreSetItem#0",0,0,0
50259,"MirageStoreSetItem#50717","MirageStoreSetItem#0",0,0,0
50260,"MirageStoreSetItem#50717","MirageStoreSetItem#0",0,0,0
50261,"MirageStoreSetItem#50717","MirageStoreSetItem#0",0,0,0
50262,"MirageStoreSetItem#50718","MirageStoreSetItem#0",0,0,0
50263,"MirageStoreSetItem#50718","MirageStoreSetItem#0",0,0,0
50264,"MirageStoreSetItem#50718","MirageStoreSetItem#0",0,0,0
50265,"MirageStoreSetItem#50718","MirageStoreSetItem#0",0,0,0
50266,"MirageStoreSetItem#50718","MirageStoreSetItem#0",0,0,0
50267,"MirageStoreSetItem#50719","MirageStoreSetItem#0",0,0,0
50268,"MirageStoreSetItem#50719","MirageStoreSetItem#0",0,0,0
50269,"MirageStoreSetItem#50719","MirageStoreSetItem#0",0,0,0
50270,"MirageStoreSetItem#50719","MirageStoreSetItem#0",0,0,0
50271,"MirageStoreSetItem#50719","MirageStoreSetItem#0",0,0,0
50272,"MirageStoreSetItem#50720","MirageStoreSetItem#0",0,0,0
50273,"MirageStoreSetItem#50720","MirageStoreSetItem#0",0,0,0
50274,"MirageStoreSetItem#50720","MirageStoreSetItem#0",0,0,0
50275,"MirageStoreSetItem#50720","MirageStoreSetItem#0",0,0,0
50276,"MirageStoreSetItem#50720","MirageStoreSetItem#0",0,0,0
50277,"MirageStoreSetItem#50721","MirageStoreSetItem#0",0,0,0
50278,"MirageStoreSetItem#50721","MirageStoreSetItem#0",0,0,0
50279,"MirageStoreSetItem#50721","MirageStoreSetItem#0",0,0,0
50280,"MirageStoreSetItem#50722","MirageStoreSetItem#0",0,0,0
50281,"MirageStoreSetItem#50722","MirageStoreSetItem#0",0,0,0
50282,"MirageStoreSetItem#50722","MirageStoreSetItem#0",0,0,0
50283,"MirageStoreSetItem#50722","MirageStoreSetItem#0",0,0,0
50284,"MirageStoreSetItem#50722","MirageStoreSetItem#0",0,0,0
50291,"MirageStoreSetItem#50723","MirageStoreSetItem#0",0,0,0
50292,"MirageStoreSetItem#50723","MirageStoreSetItem#0",0,0,0
50293,"MirageStoreSetItem#50723","MirageStoreSetItem#0",0,0,0
50294,"MirageStoreSetItem#50723","MirageStoreSetItem#0",0,0,0
50295,"MirageStoreSetItem#50723","MirageStoreSetItem#0",0,0,0
50296,"MirageStoreSetItem#50724","MirageStoreSetItem#0",0,0,0
50297,"MirageStoreSetItem#50724","MirageStoreSetItem#0",0,0,0
50298,"MirageStoreSetItem#50724","MirageStoreSetItem#0",0,0,0
50299,"MirageStoreSetItem#50724","MirageStoreSetItem#0",0,0,0
50300,"MirageStoreSetItem#50724","MirageStoreSetItem#0",0,0,0
50301,"MirageStoreSetItem#50725","MirageStoreSetItem#0",0,0,0
50302,"MirageStoreSetItem#50725","MirageStoreSetItem#0",0,0,0
50303,"MirageStoreSetItem#50726","MirageStoreSetItem#0",0,0,0
50304,"MirageStoreSetItem#50726","MirageStoreSetItem#0",0,0,0
50305,"MirageStoreSetItem#50726","MirageStoreSetItem#0",0,0,0
50306,"MirageStoreSetItem#50726","MirageStoreSetItem#0",0,0,0
50307,"MirageStoreSetItem#50726","MirageStoreSetItem#0",0,0,0
50811,"MirageStoreSetItem#50822","MirageStoreSetItem#0",0,0,0
50812,"MirageStoreSetItem#50822","MirageStoreSetItem#0",0,0,0
50813,"MirageStoreSetItem#50822","MirageStoreSetItem#0",0,0,0
50814,"MirageStoreSetItem#50822","MirageStoreSetItem#0",0,0,0
50815,"MirageStoreSetItem#50822","MirageStoreSetItem#0",0,0,0
50816,"MirageStoreSetItem#50822","MirageStoreSetItem#0",0,0,0
50817,"MirageStoreSetItem#50822","MirageStoreSetItem#0",0,0,0
50818,"MirageStoreSetItem#50822","MirageStoreSetItem#0",0,0,0
50819,"MirageStoreSetItem#50822","MirageStoreSetItem#0",0,0,0
50820,"MirageStoreSetItem#50823","MirageStoreSetItem#0",0,0,0
50821,"MirageStoreSetItem#50823","MirageStoreSetItem#0",0,0,0
50915,"MirageStoreSetItem#51680","MirageStoreSetItem#0",0,0,0
50916,"MirageStoreSetItem#51680","MirageStoreSetItem#0",0,0,0
50917,"MirageStoreSetItem#51680","MirageStoreSetItem#0",0,0,0
50918,"MirageStoreSetItem#51680","MirageStoreSetItem#0",0,0,0
50919,"MirageStoreSetItem#51680","MirageStoreSetItem#0",0,0,0
50920,"MirageStoreSetItem#51681","MirageStoreSetItem#0",0,0,0
50921,"MirageStoreSetItem#51681","MirageStoreSetItem#0",0,0,0
50922,"MirageStoreSetItem#51681","MirageStoreSetItem#0",0,0,0
50923,"MirageStoreSetItem#51681","MirageStoreSetItem#0",0,0,0
50924,"MirageStoreSetItem#51681","MirageStoreSetItem#0",0,0,0
50925,"MirageStoreSetItem#51682","MirageStoreSetItem#0",0,0,0
50926,"MirageStoreSetItem#51682","MirageStoreSetItem#0",0,0,0
50927,"MirageStoreSetItem#51682","MirageStoreSetItem#0",0,0,0
50928,"MirageStoreSetItem#51682","MirageStoreSetItem#0",0,0,0
50929,"MirageStoreSetItem#51682","MirageStoreSetItem#0",0,0,0
50930,"MirageStoreSetItem#51683","MirageStoreSetItem#0",0,0,0
50931,"MirageStoreSetItem#51683","MirageStoreSetItem#0",0,0,0
50932,"MirageStoreSetItem#51683","MirageStoreSetItem#0",0,0,0
50933,"MirageStoreSetItem#51683","MirageStoreSetItem#0",0,0,0
50934,"MirageStoreSetItem#51683","MirageStoreSetItem#0",0,0,0
50935,"MirageStoreSetItem#51684","MirageStoreSetItem#0",0,0,0
50936,"MirageStoreSetItem#51684","MirageStoreSetItem#0",0,0,0
50937,"MirageStoreSetItem#51684","MirageStoreSetItem#0",0,0,0
50938,"MirageStoreSetItem#51684","MirageStoreSetItem#0",0,0,0
50939,"MirageStoreSetItem#51684","MirageStoreSetItem#0",0,0,0
50940,"MirageStoreSetItem#51685","MirageStoreSetItem#0",0,0,0
50941,"MirageStoreSetItem#51685","MirageStoreSetItem#0",0,0,0
50942,"MirageStoreSetItem#51685","MirageStoreSetItem#0",0,0,0
50943,"MirageStoreSetItem#51685","MirageStoreSetItem#0",0,0,0
50944,"MirageStoreSetItem#51685","MirageStoreSetItem#0",0,0,0
50945,"MirageStoreSetItem#51686","MirageStoreSetItem#0",0,0,0
50946,"MirageStoreSetItem#51686","MirageStoreSetItem#0",0,0,0
50947,"MirageStoreSetItem#51686","MirageStoreSetItem#0",0,0,0
50948,"MirageStoreSetItem#51686","MirageStoreSetItem#0",0,0,0
50949,"MirageStoreSetItem#51686","MirageStoreSetItem#0",0,0,0
50950,"MirageStoreSetItem#51680","MirageStoreSetItem#0",0,0,0
50951,"MirageStoreSetItem#51681","MirageStoreSetItem#51682",0,0,0
50952,"MirageStoreSetItem#51683","MirageStoreSetItem#51684",0,0,0
50953,"MirageStoreSetItem#51685","MirageStoreSetItem#0",0,0,0
50954,"MirageStoreSetItem#51686","MirageStoreSetItem#0",0,0,0
50955,"MirageStoreSetItem#51680","MirageStoreSetItem#0",0,0,0
50956,"MirageStoreSetItem#51681","MirageStoreSetItem#51682",0,0,0
50957,"MirageStoreSetItem#51683","MirageStoreSetItem#51684",0,0,0
50958,"MirageStoreSetItem#51685","MirageStoreSetItem#0",0,0,0
50959,"MirageStoreSetItem#51686","MirageStoreSetItem#0",0,0,0
50960,"MirageStoreSetItem#51680","MirageStoreSetItem#0",0,0,0
50961,"MirageStoreSetItem#51681","MirageStoreSetItem#51682",0,0,0
50962,"MirageStoreSetItem#51683","MirageStoreSetItem#51684",0,0,0
50963,"MirageStoreSetItem#51685","MirageStoreSetItem#0",0,0,0
50964,"MirageStoreSetItem#51686","MirageStoreSetItem#0",0,0,0
50965,"MirageStoreSetItem#51680","MirageStoreSetItem#0",0,0,0
50966,"MirageStoreSetItem#51681","MirageStoreSetItem#51682",0,0,0
50967,"MirageStoreSetItem#51683","MirageStoreSetItem#51684",0,0,0
50968,"MirageStoreSetItem#51685","MirageStoreSetItem#0",0,0,0
50969,"MirageStoreSetItem#51686","MirageStoreSetItem#0",0,0,0
52387,"MirageStoreSetItem#52591","MirageStoreSetItem#0",0,0,0
52388,"MirageStoreSetItem#52591","MirageStoreSetItem#0",0,0,0
52389,"MirageStoreSetItem#52591","MirageStoreSetItem#0",0,0,0
52390,"MirageStoreSetItem#52591","MirageStoreSetItem#0",0,0,0
52391,"MirageStoreSetItem#52591","MirageStoreSetItem#0",0,0,0
52392,"MirageStoreSetItem#52592","MirageStoreSetItem#0",0,0,0
52393,"MirageStoreSetItem#52592","MirageStoreSetItem#0",0,0,0
52394,"MirageStoreSetItem#52592","MirageStoreSetItem#0",0,0,0
52395,"MirageStoreSetItem#52592","MirageStoreSetItem#0",0,0,0
52396,"MirageStoreSetItem#52592","MirageStoreSetItem#0",0,0,0
52397,"MirageStoreSetItem#52593","MirageStoreSetItem#0",0,0,0
52398,"MirageStoreSetItem#52593","MirageStoreSetItem#0",0,0,0
52399,"MirageStoreSetItem#52593","MirageStoreSetItem#0",0,0,0
52400,"MirageStoreSetItem#52593","MirageStoreSetItem#0",0,0,0
52401,"MirageStoreSetItem#52593","MirageStoreSetItem#0",0,0,0
52402,"MirageStoreSetItem#52594","MirageStoreSetItem#0",0,0,0
52403,"MirageStoreSetItem#52594","MirageStoreSetItem#0",0,0,0
52404,"MirageStoreSetItem#52595","MirageStoreSetItem#0",0,0,0
52405,"MirageStoreSetItem#52595","MirageStoreSetItem#0",0,0,0
52406,"MirageStoreSetItem#52596","MirageStoreSetItem#0",0,0,0
52407,"MirageStoreSetItem#52596","MirageStoreSetItem#0",0,0,0
52408,"MirageStoreSetItem#52596","MirageStoreSetItem#0",0,0,0
52409,"MirageStoreSetItem#52597","MirageStoreSetItem#0",0,0,0
52410,"MirageStoreSetItem#52597","MirageStoreSetItem#0",0,0,0
52411,"MirageStoreSetItem#52597","MirageStoreSetItem#0",0,0,0
52412,"MirageStoreSetItem#52597","MirageStoreSetItem#0",0,0,0
52413,"MirageStoreSetItem#52598","MirageStoreSetItem#0",0,0,0
52414,"MirageStoreSetItem#52598","MirageStoreSetItem#0",0,0,0
52415,"MirageStoreSetItem#52598","MirageStoreSetItem#0",0,0,0
52416,"MirageStoreSetItem#52598","MirageStoreSetItem#0",0,0,0
52417,"MirageStoreSetItem#52598","MirageStoreSetItem#0",0,0,0
52418,"MirageStoreSetItem#52599","MirageStoreSetItem#52603",0,0,0
52419,"MirageStoreSetItem#52599","MirageStoreSetItem#52603",0,0,0
52420,"MirageStoreSetItem#52599","MirageStoreSetItem#52603",0,0,0
52421,"MirageStoreSetItem#52599","MirageStoreSetItem#0",0,0,0
52422,"MirageStoreSetItem#52599","MirageStoreSetItem#52603",0,0,0
52423,"MirageStoreSetItem#52603","MirageStoreSetItem#0",0,0,0
52424,"MirageStoreSetItem#52600","MirageStoreSetItem#0",0,0,0
52425,"MirageStoreSetItem#52600","MirageStoreSetItem#0",0,0,0
52426,"MirageStoreSetItem#52600","MirageStoreSetItem#0",0,0,0
52427,"MirageStoreSetItem#52600","MirageStoreSetItem#0",0,0,0
52656,"MirageStoreSetItem#52660","MirageStoreSetItem#0",0,0,0
52657,"MirageStoreSetItem#52660","MirageStoreSetItem#0",0,0,0
52658,"MirageStoreSetItem#52660","MirageStoreSetItem#0",0,0,0
52659,"MirageStoreSetItem#52660","MirageStoreSetItem#0",0,0,0
